feature_set,run,scenario,training_seed,classifier_left,classifier_right,matched_flows,agreement_percentage,cohen_kappa,agreement_with_ensemble
4,seed104729,DNSAmplification,104729,hybrid,mlp,60,100.0,1.0,100.0
4,seed104729,DNSAmplification,104729,hybrid,rf,60,100.0,1.0,100.0
4,seed104729,DNSAmplification,104729,hybrid,xgboost,60,100.0,1.0,100.0
4,seed104729,DNSAmplification,104729,mlp,rf,60,100.0,1.0,not applicable
4,seed104729,DNSAmplification,104729,mlp,xgboost,60,100.0,1.0,not applicable
4,seed104729,DNSAmplification,104729,rf,xgboost,60,100.0,1.0,not applicable
4,seed104729,DNSAmplification,130363,hybrid,mlp,60,100.0,1.0,100.0
4,seed104729,DNSAmplification,130363,hybrid,rf,60,100.0,1.0,100.0
4,seed104729,DNSAmplification,130363,hybrid,xgboost,60,100.0,1.0,100.0
4,seed104729,DNSAmplification,130363,mlp,rf,60,100.0,1.0,not applicable
4,seed104729,DNSAmplification,130363,mlp,xgboost,60,100.0,1.0,not applicable
4,seed104729,DNSAmplification,130363,rf,xgboost,60,100.0,1.0,not applicable
4,seed104729,DNSAmplification,155921,hybrid,mlp,60,83.33333333333334,0.0,83.33333333333334
4,seed104729,DNSAmplification,155921,hybrid,rf,60,100.0,1.0,100.0
4,seed104729,DNSAmplification,155921,hybrid,xgboost,60,100.0,1.0,100.0
4,seed104729,DNSAmplification,155921,mlp,rf,60,83.33333333333334,0.0,not applicable
4,seed104729,DNSAmplification,155921,mlp,xgboost,60,83.33333333333334,0.0,not applicable
4,seed104729,DNSAmplification,155921,rf,xgboost,60,100.0,1.0,not applicable
4,seed104729,DNSAmplification,181081,hybrid,mlp,60,83.33333333333334,0.0,83.33333333333334
4,seed104729,DNSAmplification,181081,hybrid,rf,60,100.0,1.0,100.0
4,seed104729,DNSAmplification,181081,hybrid,xgboost,60,100.0,1.0,100.0
4,seed104729,DNSAmplification,181081,mlp,rf,60,83.33333333333334,0.0,not applicable
4,seed104729,DNSAmplification,181081,mlp,xgboost,60,83.33333333333334,0.0,not applicable
4,seed104729,DNSAmplification,181081,rf,xgboost,60,100.0,1.0,not applicable
4,seed104729,DNSAmplification,206369,hybrid,mlp,60,100.0,1.0,100.0
4,seed104729,DNSAmplification,206369,hybrid,rf,60,100.0,1.0,100.0
4,seed104729,DNSAmplification,206369,hybrid,xgboost,60,100.0,1.0,100.0
4,seed104729,DNSAmplification,206369,mlp,rf,60,100.0,1.0,not applicable
4,seed104729,DNSAmplification,206369,mlp,xgboost,60,100.0,1.0,not applicable
4,seed104729,DNSAmplification,206369,rf,xgboost,60,100.0,1.0,not applicable
4,seed104729,DNSAmplification,231701,hybrid,mlp,60,83.33333333333334,0.0,83.33333333333334
4,seed104729,DNSAmplification,231701,hybrid,rf,60,100.0,1.0,100.0
4,seed104729,DNSAmplification,231701,hybrid,xgboost,60,100.0,1.0,100.0
4,seed104729,DNSAmplification,231701,mlp,rf,60,83.33333333333334,0.0,not applicable
4,seed104729,DNSAmplification,231701,mlp,xgboost,60,83.33333333333334,0.0,not applicable
4,seed104729,DNSAmplification,231701,rf,xgboost,60,100.0,1.0,not applicable
4,seed104729,DNSAmplification,257053,hybrid,mlp,60,83.33333333333334,0.0,83.33333333333334
4,seed104729,DNSAmplification,257053,hybrid,rf,60,100.0,1.0,100.0
4,seed104729,DNSAmplification,257053,hybrid,xgboost,60,100.0,1.0,100.0
4,seed104729,DNSAmplification,257053,mlp,rf,60,83.33333333333334,0.0,not applicable
4,seed104729,DNSAmplification,257053,mlp,xgboost,60,83.33333333333334,0.0,not applicable
4,seed104729,DNSAmplification,257053,rf,xgboost,60,100.0,1.0,not applicable
4,seed104729,DNSAmplification,282427,hybrid,mlp,60,83.33333333333334,0.0,83.33333333333334
4,seed104729,DNSAmplification,282427,hybrid,rf,60,100.0,1.0,100.0
4,seed104729,DNSAmplification,282427,hybrid,xgboost,60,100.0,1.0,100.0
4,seed104729,DNSAmplification,282427,mlp,rf,60,83.33333333333334,0.0,not applicable
4,seed104729,DNSAmplification,282427,mlp,xgboost,60,83.33333333333334,0.0,not applicable
4,seed104729,DNSAmplification,282427,rf,xgboost,60,100.0,1.0,not applicable
4,seed104729,DNSAmplification,307759,hybrid,mlp,60,100.0,1.0,100.0
4,seed104729,DNSAmplification,307759,hybrid,rf,60,100.0,1.0,100.0
4,seed104729,DNSAmplification,307759,hybrid,xgboost,60,100.0,1.0,100.0
4,seed104729,DNSAmplification,307759,mlp,rf,60,100.0,1.0,not applicable
4,seed104729,DNSAmplification,307759,mlp,xgboost,60,100.0,1.0,not applicable
4,seed104729,DNSAmplification,307759,rf,xgboost,60,100.0,1.0,not applicable
4,seed104729,DNSAmplification,333019,hybrid,mlp,60,100.0,1.0,100.0
4,seed104729,DNSAmplification,333019,hybrid,rf,60,100.0,1.0,100.0
4,seed104729,DNSAmplification,333019,hybrid,xgboost,60,100.0,1.0,100.0
4,seed104729,DNSAmplification,333019,mlp,rf,60,100.0,1.0,not applicable
4,seed104729,DNSAmplification,333019,mlp,xgboost,60,100.0,1.0,not applicable
4,seed104729,DNSAmplification,333019,rf,xgboost,60,100.0,1.0,not applicable
4,seed104729,Normal,104729,hybrid,mlp,50,100.0,not estimable,100.0
4,seed104729,Normal,104729,hybrid,rf,50,100.0,not estimable,100.0
4,seed104729,Normal,104729,hybrid,xgboost,50,100.0,not estimable,100.0
4,seed104729,Normal,104729,mlp,rf,50,100.0,not estimable,not applicable
4,seed104729,Normal,104729,mlp,xgboost,50,100.0,not estimable,not applicable
4,seed104729,Normal,104729,rf,xgboost,50,100.0,not estimable,not applicable
4,seed104729,Normal,130363,hybrid,mlp,50,100.0,not estimable,100.0
4,seed104729,Normal,130363,hybrid,rf,50,100.0,not estimable,100.0
4,seed104729,Normal,130363,hybrid,xgboost,50,100.0,not estimable,100.0
4,seed104729,Normal,130363,mlp,rf,50,100.0,not estimable,not applicable
4,seed104729,Normal,130363,mlp,xgboost,50,100.0,not estimable,not applicable
4,seed104729,Normal,130363,rf,xgboost,50,100.0,not estimable,not applicable
4,seed104729,Normal,155921,hybrid,mlp,50,100.0,not estimable,100.0
4,seed104729,Normal,155921,hybrid,rf,50,100.0,not estimable,100.0
4,seed104729,Normal,155921,hybrid,xgboost,50,100.0,not estimable,100.0
4,seed104729,Normal,155921,mlp,rf,50,100.0,not estimable,not applicable
4,seed104729,Normal,155921,mlp,xgboost,50,100.0,not estimable,not applicable
4,seed104729,Normal,155921,rf,xgboost,50,100.0,not estimable,not applicable
4,seed104729,Normal,181081,hybrid,mlp,50,100.0,not estimable,100.0
4,seed104729,Normal,181081,hybrid,rf,50,100.0,not estimable,100.0
4,seed104729,Normal,181081,hybrid,xgboost,50,100.0,not estimable,100.0
4,seed104729,Normal,181081,mlp,rf,50,100.0,not estimable,not applicable
4,seed104729,Normal,181081,mlp,xgboost,50,100.0,not estimable,not applicable
4,seed104729,Normal,181081,rf,xgboost,50,100.0,not estimable,not applicable
4,seed104729,Normal,206369,hybrid,mlp,50,100.0,not estimable,100.0
4,seed104729,Normal,206369,hybrid,rf,50,100.0,not estimable,100.0
4,seed104729,Normal,206369,hybrid,xgboost,50,100.0,not estimable,100.0
4,seed104729,Normal,206369,mlp,rf,50,100.0,not estimable,not applicable
4,seed104729,Normal,206369,mlp,xgboost,50,100.0,not estimable,not applicable
4,seed104729,Normal,206369,rf,xgboost,50,100.0,not estimable,not applicable
4,seed104729,Normal,231701,hybrid,mlp,50,100.0,not estimable,100.0
4,seed104729,Normal,231701,hybrid,rf,50,100.0,not estimable,100.0
4,seed104729,Normal,231701,hybrid,xgboost,50,100.0,not estimable,100.0
4,seed104729,Normal,231701,mlp,rf,50,100.0,not estimable,not applicable
4,seed104729,Normal,231701,mlp,xgboost,50,100.0,not estimable,not applicable
4,seed104729,Normal,231701,rf,xgboost,50,100.0,not estimable,not applicable
4,seed104729,Normal,257053,hybrid,mlp,50,100.0,not estimable,100.0
4,seed104729,Normal,257053,hybrid,rf,50,100.0,not estimable,100.0
4,seed104729,Normal,257053,hybrid,xgboost,50,100.0,not estimable,100.0
4,seed104729,Normal,257053,mlp,rf,50,100.0,not estimable,not applicable
4,seed104729,Normal,257053,mlp,xgboost,50,100.0,not estimable,not applicable
4,seed104729,Normal,257053,rf,xgboost,50,100.0,not estimable,not applicable
4,seed104729,Normal,282427,hybrid,mlp,50,100.0,not estimable,100.0
4,seed104729,Normal,282427,hybrid,rf,50,100.0,not estimable,100.0
4,seed104729,Normal,282427,hybrid,xgboost,50,100.0,not estimable,100.0
4,seed104729,Normal,282427,mlp,rf,50,100.0,not estimable,not applicable
4,seed104729,Normal,282427,mlp,xgboost,50,100.0,not estimable,not applicable
4,seed104729,Normal,282427,rf,xgboost,50,100.0,not estimable,not applicable
4,seed104729,Normal,307759,hybrid,mlp,50,100.0,not estimable,100.0
4,seed104729,Normal,307759,hybrid,rf,50,100.0,not estimable,100.0
4,seed104729,Normal,307759,hybrid,xgboost,50,100.0,not estimable,100.0
4,seed104729,Normal,307759,mlp,rf,50,100.0,not estimable,not applicable
4,seed104729,Normal,307759,mlp,xgboost,50,100.0,not estimable,not applicable
4,seed104729,Normal,307759,rf,xgboost,50,100.0,not estimable,not applicable
4,seed104729,Normal,333019,hybrid,mlp,50,100.0,not estimable,100.0
4,seed104729,Normal,333019,hybrid,rf,50,100.0,not estimable,100.0
4,seed104729,Normal,333019,hybrid,xgboost,50,100.0,not estimable,100.0
4,seed104729,Normal,333019,mlp,rf,50,100.0,not estimable,not applicable
4,seed104729,Normal,333019,mlp,xgboost,50,100.0,not estimable,not applicable
4,seed104729,Normal,333019,rf,xgboost,50,100.0,not estimable,not applicable
4,seed104729,SYNFlood,104729,hybrid,mlp,850,100.0,not estimable,100.0
4,seed104729,SYNFlood,104729,hybrid,rf,850,100.0,not estimable,100.0
4,seed104729,SYNFlood,104729,hybrid,xgboost,850,100.0,not estimable,100.0
4,seed104729,SYNFlood,104729,mlp,rf,850,100.0,not estimable,not applicable
4,seed104729,SYNFlood,104729,mlp,xgboost,850,100.0,not estimable,not applicable
4,seed104729,SYNFlood,104729,rf,xgboost,850,100.0,not estimable,not applicable
4,seed104729,SYNFlood,130363,hybrid,mlp,850,100.0,not estimable,100.0
4,seed104729,SYNFlood,130363,hybrid,rf,850,100.0,not estimable,100.0
4,seed104729,SYNFlood,130363,hybrid,xgboost,850,100.0,not estimable,100.0
4,seed104729,SYNFlood,130363,mlp,rf,850,100.0,not estimable,not applicable
4,seed104729,SYNFlood,130363,mlp,xgboost,850,100.0,not estimable,not applicable
4,seed104729,SYNFlood,130363,rf,xgboost,850,100.0,not estimable,not applicable
4,seed104729,SYNFlood,155921,hybrid,mlp,850,100.0,not estimable,100.0
4,seed104729,SYNFlood,155921,hybrid,rf,850,100.0,not estimable,100.0
4,seed104729,SYNFlood,155921,hybrid,xgboost,850,100.0,not estimable,100.0
4,seed104729,SYNFlood,155921,mlp,rf,850,100.0,not estimable,not applicable
4,seed104729,SYNFlood,155921,mlp,xgboost,850,100.0,not estimable,not applicable
4,seed104729,SYNFlood,155921,rf,xgboost,850,100.0,not estimable,not applicable
4,seed104729,SYNFlood,181081,hybrid,mlp,850,100.0,not estimable,100.0
4,seed104729,SYNFlood,181081,hybrid,rf,850,100.0,not estimable,100.0
4,seed104729,SYNFlood,181081,hybrid,xgboost,850,100.0,not estimable,100.0
4,seed104729,SYNFlood,181081,mlp,rf,850,100.0,not estimable,not applicable
4,seed104729,SYNFlood,181081,mlp,xgboost,850,100.0,not estimable,not applicable
4,seed104729,SYNFlood,181081,rf,xgboost,850,100.0,not estimable,not applicable
4,seed104729,SYNFlood,206369,hybrid,mlp,850,100.0,not estimable,100.0
4,seed104729,SYNFlood,206369,hybrid,rf,850,100.0,not estimable,100.0
4,seed104729,SYNFlood,206369,hybrid,xgboost,850,100.0,not estimable,100.0
4,seed104729,SYNFlood,206369,mlp,rf,850,100.0,not estimable,not applicable
4,seed104729,SYNFlood,206369,mlp,xgboost,850,100.0,not estimable,not applicable
4,seed104729,SYNFlood,206369,rf,xgboost,850,100.0,not estimable,not applicable
4,seed104729,SYNFlood,231701,hybrid,mlp,850,99.76470588235294,0.0,99.76470588235294
4,seed104729,SYNFlood,231701,hybrid,rf,850,100.0,not estimable,100.0
4,seed104729,SYNFlood,231701,hybrid,xgboost,850,100.0,not estimable,100.0
4,seed104729,SYNFlood,231701,mlp,rf,850,99.76470588235294,0.0,not applicable
4,seed104729,SYNFlood,231701,mlp,xgboost,850,99.76470588235294,0.0,not applicable
4,seed104729,SYNFlood,231701,rf,xgboost,850,100.0,not estimable,not applicable
4,seed104729,SYNFlood,257053,hybrid,mlp,850,100.0,not estimable,100.0
4,seed104729,SYNFlood,257053,hybrid,rf,850,100.0,not estimable,100.0
4,seed104729,SYNFlood,257053,hybrid,xgboost,850,100.0,not estimable,100.0
4,seed104729,SYNFlood,257053,mlp,rf,850,100.0,not estimable,not applicable
4,seed104729,SYNFlood,257053,mlp,xgboost,850,100.0,not estimable,not applicable
4,seed104729,SYNFlood,257053,rf,xgboost,850,100.0,not estimable,not applicable
4,seed104729,SYNFlood,282427,hybrid,mlp,850,100.0,not estimable,100.0
4,seed104729,SYNFlood,282427,hybrid,rf,850,100.0,not estimable,100.0
4,seed104729,SYNFlood,282427,hybrid,xgboost,850,100.0,not estimable,100.0
4,seed104729,SYNFlood,282427,mlp,rf,850,100.0,not estimable,not applicable
4,seed104729,SYNFlood,282427,mlp,xgboost,850,100.0,not estimable,not applicable
4,seed104729,SYNFlood,282427,rf,xgboost,850,100.0,not estimable,not applicable
4,seed104729,SYNFlood,307759,hybrid,mlp,850,100.0,not estimable,100.0
4,seed104729,SYNFlood,307759,hybrid,rf,850,100.0,not estimable,100.0
4,seed104729,SYNFlood,307759,hybrid,xgboost,850,100.0,not estimable,100.0
4,seed104729,SYNFlood,307759,mlp,rf,850,100.0,not estimable,not applicable
4,seed104729,SYNFlood,307759,mlp,xgboost,850,100.0,not estimable,not applicable
4,seed104729,SYNFlood,307759,rf,xgboost,850,100.0,not estimable,not applicable
4,seed104729,SYNFlood,333019,hybrid,mlp,850,100.0,not estimable,100.0
4,seed104729,SYNFlood,333019,hybrid,rf,850,100.0,not estimable,100.0
4,seed104729,SYNFlood,333019,hybrid,xgboost,850,100.0,not estimable,100.0
4,seed104729,SYNFlood,333019,mlp,rf,850,100.0,not estimable,not applicable
4,seed104729,SYNFlood,333019,mlp,xgboost,850,100.0,not estimable,not applicable
4,seed104729,SYNFlood,333019,rf,xgboost,850,100.0,not estimable,not applicable
4,seed104729,UDPFlood,104729,hybrid,mlp,70,100.0,1.0,100.0
4,seed104729,UDPFlood,104729,hybrid,rf,70,100.0,1.0,100.0
4,seed104729,UDPFlood,104729,hybrid,xgboost,70,100.0,1.0,100.0
4,seed104729,UDPFlood,104729,mlp,rf,70,100.0,1.0,not applicable
4,seed104729,UDPFlood,104729,mlp,xgboost,70,100.0,1.0,not applicable
4,seed104729,UDPFlood,104729,rf,xgboost,70,100.0,1.0,not applicable
4,seed104729,UDPFlood,130363,hybrid,mlp,70,100.0,1.0,100.0
4,seed104729,UDPFlood,130363,hybrid,rf,70,100.0,1.0,100.0
4,seed104729,UDPFlood,130363,hybrid,xgboost,70,100.0,1.0,100.0
4,seed104729,UDPFlood,130363,mlp,rf,70,100.0,1.0,not applicable
4,seed104729,UDPFlood,130363,mlp,xgboost,70,100.0,1.0,not applicable
4,seed104729,UDPFlood,130363,rf,xgboost,70,100.0,1.0,not applicable
4,seed104729,UDPFlood,155921,hybrid,mlp,70,71.42857142857143,0.0,71.42857142857143
4,seed104729,UDPFlood,155921,hybrid,rf,70,100.0,1.0,100.0
4,seed104729,UDPFlood,155921,hybrid,xgboost,70,100.0,1.0,100.0
4,seed104729,UDPFlood,155921,mlp,rf,70,71.42857142857143,0.0,not applicable
4,seed104729,UDPFlood,155921,mlp,xgboost,70,71.42857142857143,0.0,not applicable
4,seed104729,UDPFlood,155921,rf,xgboost,70,100.0,1.0,not applicable
4,seed104729,UDPFlood,181081,hybrid,mlp,70,71.42857142857143,0.0,71.42857142857143
4,seed104729,UDPFlood,181081,hybrid,rf,70,100.0,1.0,100.0
4,seed104729,UDPFlood,181081,hybrid,xgboost,70,100.0,1.0,100.0
4,seed104729,UDPFlood,181081,mlp,rf,70,71.42857142857143,0.0,not applicable
4,seed104729,UDPFlood,181081,mlp,xgboost,70,71.42857142857143,0.0,not applicable
4,seed104729,UDPFlood,181081,rf,xgboost,70,100.0,1.0,not applicable
4,seed104729,UDPFlood,206369,hybrid,mlp,70,100.0,1.0,100.0
4,seed104729,UDPFlood,206369,hybrid,rf,70,100.0,1.0,100.0
4,seed104729,UDPFlood,206369,hybrid,xgboost,70,100.0,1.0,100.0
4,seed104729,UDPFlood,206369,mlp,rf,70,100.0,1.0,not applicable
4,seed104729,UDPFlood,206369,mlp,xgboost,70,100.0,1.0,not applicable
4,seed104729,UDPFlood,206369,rf,xgboost,70,100.0,1.0,not applicable
4,seed104729,UDPFlood,231701,hybrid,mlp,70,71.42857142857143,0.0,71.42857142857143
4,seed104729,UDPFlood,231701,hybrid,rf,70,100.0,1.0,100.0
4,seed104729,UDPFlood,231701,hybrid,xgboost,70,100.0,1.0,100.0
4,seed104729,UDPFlood,231701,mlp,rf,70,71.42857142857143,0.0,not applicable
4,seed104729,UDPFlood,231701,mlp,xgboost,70,71.42857142857143,0.0,not applicable
4,seed104729,UDPFlood,231701,rf,xgboost,70,100.0,1.0,not applicable
4,seed104729,UDPFlood,257053,hybrid,mlp,70,71.42857142857143,0.0,71.42857142857143
4,seed104729,UDPFlood,257053,hybrid,rf,70,100.0,1.0,100.0
4,seed104729,UDPFlood,257053,hybrid,xgboost,70,100.0,1.0,100.0
4,seed104729,UDPFlood,257053,mlp,rf,70,71.42857142857143,0.0,not applicable
4,seed104729,UDPFlood,257053,mlp,xgboost,70,71.42857142857143,0.0,not applicable
4,seed104729,UDPFlood,257053,rf,xgboost,70,100.0,1.0,not applicable
4,seed104729,UDPFlood,282427,hybrid,mlp,70,71.42857142857143,0.0,71.42857142857143
4,seed104729,UDPFlood,282427,hybrid,rf,70,100.0,1.0,100.0
4,seed104729,UDPFlood,282427,hybrid,xgboost,70,100.0,1.0,100.0
4,seed104729,UDPFlood,282427,mlp,rf,70,71.42857142857143,0.0,not applicable
4,seed104729,UDPFlood,282427,mlp,xgboost,70,71.42857142857143,0.0,not applicable
4,seed104729,UDPFlood,282427,rf,xgboost,70,100.0,1.0,not applicable
4,seed104729,UDPFlood,307759,hybrid,mlp,70,100.0,1.0,100.0
4,seed104729,UDPFlood,307759,hybrid,rf,70,100.0,1.0,100.0
4,seed104729,UDPFlood,307759,hybrid,xgboost,70,100.0,1.0,100.0
4,seed104729,UDPFlood,307759,mlp,rf,70,100.0,1.0,not applicable
4,seed104729,UDPFlood,307759,mlp,xgboost,70,100.0,1.0,not applicable
4,seed104729,UDPFlood,307759,rf,xgboost,70,100.0,1.0,not applicable
4,seed104729,UDPFlood,333019,hybrid,mlp,70,100.0,1.0,100.0
4,seed104729,UDPFlood,333019,hybrid,rf,70,100.0,1.0,100.0
4,seed104729,UDPFlood,333019,hybrid,xgboost,70,100.0,1.0,100.0
4,seed104729,UDPFlood,333019,mlp,rf,70,100.0,1.0,not applicable
4,seed104729,UDPFlood,333019,mlp,xgboost,70,100.0,1.0,not applicable
4,seed104729,UDPFlood,333019,rf,xgboost,70,100.0,1.0,not applicable
4,seed130363,DNSAmplification,104729,hybrid,mlp,60,100.0,1.0,100.0
4,seed130363,DNSAmplification,104729,hybrid,rf,60,100.0,1.0,100.0
4,seed130363,DNSAmplification,104729,hybrid,xgboost,60,100.0,1.0,100.0
4,seed130363,DNSAmplification,104729,mlp,rf,60,100.0,1.0,not applicable
4,seed130363,DNSAmplification,104729,mlp,xgboost,60,100.0,1.0,not applicable
4,seed130363,DNSAmplification,104729,rf,xgboost,60,100.0,1.0,not applicable
4,seed130363,DNSAmplification,130363,hybrid,mlp,60,100.0,1.0,100.0
4,seed130363,DNSAmplification,130363,hybrid,rf,60,100.0,1.0,100.0
4,seed130363,DNSAmplification,130363,hybrid,xgboost,60,100.0,1.0,100.0
4,seed130363,DNSAmplification,130363,mlp,rf,60,100.0,1.0,not applicable
4,seed130363,DNSAmplification,130363,mlp,xgboost,60,100.0,1.0,not applicable
4,seed130363,DNSAmplification,130363,rf,xgboost,60,100.0,1.0,not applicable
4,seed130363,DNSAmplification,155921,hybrid,mlp,60,83.33333333333334,0.0,83.33333333333334
4,seed130363,DNSAmplification,155921,hybrid,rf,60,100.0,1.0,100.0
4,seed130363,DNSAmplification,155921,hybrid,xgboost,60,100.0,1.0,100.0
4,seed130363,DNSAmplification,155921,mlp,rf,60,83.33333333333334,0.0,not applicable
4,seed130363,DNSAmplification,155921,mlp,xgboost,60,83.33333333333334,0.0,not applicable
4,seed130363,DNSAmplification,155921,rf,xgboost,60,100.0,1.0,not applicable
4,seed130363,DNSAmplification,181081,hybrid,mlp,60,83.33333333333334,0.0,83.33333333333334
4,seed130363,DNSAmplification,181081,hybrid,rf,60,100.0,1.0,100.0
4,seed130363,DNSAmplification,181081,hybrid,xgboost,60,100.0,1.0,100.0
4,seed130363,DNSAmplification,181081,mlp,rf,60,83.33333333333334,0.0,not applicable
4,seed130363,DNSAmplification,181081,mlp,xgboost,60,83.33333333333334,0.0,not applicable
4,seed130363,DNSAmplification,181081,rf,xgboost,60,100.0,1.0,not applicable
4,seed130363,DNSAmplification,206369,hybrid,mlp,60,100.0,1.0,100.0
4,seed130363,DNSAmplification,206369,hybrid,rf,60,100.0,1.0,100.0
4,seed130363,DNSAmplification,206369,hybrid,xgboost,60,100.0,1.0,100.0
4,seed130363,DNSAmplification,206369,mlp,rf,60,100.0,1.0,not applicable
4,seed130363,DNSAmplification,206369,mlp,xgboost,60,100.0,1.0,not applicable
4,seed130363,DNSAmplification,206369,rf,xgboost,60,100.0,1.0,not applicable
4,seed130363,DNSAmplification,231701,hybrid,mlp,60,83.33333333333334,0.0,83.33333333333334
4,seed130363,DNSAmplification,231701,hybrid,rf,60,100.0,1.0,100.0
4,seed130363,DNSAmplification,231701,hybrid,xgboost,60,100.0,1.0,100.0
4,seed130363,DNSAmplification,231701,mlp,rf,60,83.33333333333334,0.0,not applicable
4,seed130363,DNSAmplification,231701,mlp,xgboost,60,83.33333333333334,0.0,not applicable
4,seed130363,DNSAmplification,231701,rf,xgboost,60,100.0,1.0,not applicable
4,seed130363,DNSAmplification,257053,hybrid,mlp,60,83.33333333333334,0.0,83.33333333333334
4,seed130363,DNSAmplification,257053,hybrid,rf,60,100.0,1.0,100.0
4,seed130363,DNSAmplification,257053,hybrid,xgboost,60,100.0,1.0,100.0
4,seed130363,DNSAmplification,257053,mlp,rf,60,83.33333333333334,0.0,not applicable
4,seed130363,DNSAmplification,257053,mlp,xgboost,60,83.33333333333334,0.0,not applicable
4,seed130363,DNSAmplification,257053,rf,xgboost,60,100.0,1.0,not applicable
4,seed130363,DNSAmplification,282427,hybrid,mlp,60,83.33333333333334,0.0,83.33333333333334
4,seed130363,DNSAmplification,282427,hybrid,rf,60,100.0,1.0,100.0
4,seed130363,DNSAmplification,282427,hybrid,xgboost,60,100.0,1.0,100.0
4,seed130363,DNSAmplification,282427,mlp,rf,60,83.33333333333334,0.0,not applicable
4,seed130363,DNSAmplification,282427,mlp,xgboost,60,83.33333333333334,0.0,not applicable
4,seed130363,DNSAmplification,282427,rf,xgboost,60,100.0,1.0,not applicable
4,seed130363,DNSAmplification,307759,hybrid,mlp,60,100.0,1.0,100.0
4,seed130363,DNSAmplification,307759,hybrid,rf,60,100.0,1.0,100.0
4,seed130363,DNSAmplification,307759,hybrid,xgboost,60,100.0,1.0,100.0
4,seed130363,DNSAmplification,307759,mlp,rf,60,100.0,1.0,not applicable
4,seed130363,DNSAmplification,307759,mlp,xgboost,60,100.0,1.0,not applicable
4,seed130363,DNSAmplification,307759,rf,xgboost,60,100.0,1.0,not applicable
4,seed130363,DNSAmplification,333019,hybrid,mlp,60,100.0,1.0,100.0
4,seed130363,DNSAmplification,333019,hybrid,rf,60,100.0,1.0,100.0
4,seed130363,DNSAmplification,333019,hybrid,xgboost,60,100.0,1.0,100.0
4,seed130363,DNSAmplification,333019,mlp,rf,60,100.0,1.0,not applicable
4,seed130363,DNSAmplification,333019,mlp,xgboost,60,100.0,1.0,not applicable
4,seed130363,DNSAmplification,333019,rf,xgboost,60,100.0,1.0,not applicable
4,seed130363,Normal,104729,hybrid,mlp,50,100.0,not estimable,100.0
4,seed130363,Normal,104729,hybrid,rf,50,100.0,not estimable,100.0
4,seed130363,Normal,104729,hybrid,xgboost,50,100.0,not estimable,100.0
4,seed130363,Normal,104729,mlp,rf,50,100.0,not estimable,not applicable
4,seed130363,Normal,104729,mlp,xgboost,50,100.0,not estimable,not applicable
4,seed130363,Normal,104729,rf,xgboost,50,100.0,not estimable,not applicable
4,seed130363,Normal,130363,hybrid,mlp,50,100.0,not estimable,100.0
4,seed130363,Normal,130363,hybrid,rf,50,100.0,not estimable,100.0
4,seed130363,Normal,130363,hybrid,xgboost,50,100.0,not estimable,100.0
4,seed130363,Normal,130363,mlp,rf,50,100.0,not estimable,not applicable
4,seed130363,Normal,130363,mlp,xgboost,50,100.0,not estimable,not applicable
4,seed130363,Normal,130363,rf,xgboost,50,100.0,not estimable,not applicable
4,seed130363,Normal,155921,hybrid,mlp,50,100.0,not estimable,100.0
4,seed130363,Normal,155921,hybrid,rf,50,100.0,not estimable,100.0
4,seed130363,Normal,155921,hybrid,xgboost,50,100.0,not estimable,100.0
4,seed130363,Normal,155921,mlp,rf,50,100.0,not estimable,not applicable
4,seed130363,Normal,155921,mlp,xgboost,50,100.0,not estimable,not applicable
4,seed130363,Normal,155921,rf,xgboost,50,100.0,not estimable,not applicable
4,seed130363,Normal,181081,hybrid,mlp,50,100.0,not estimable,100.0
4,seed130363,Normal,181081,hybrid,rf,50,100.0,not estimable,100.0
4,seed130363,Normal,181081,hybrid,xgboost,50,100.0,not estimable,100.0
4,seed130363,Normal,181081,mlp,rf,50,100.0,not estimable,not applicable
4,seed130363,Normal,181081,mlp,xgboost,50,100.0,not estimable,not applicable
4,seed130363,Normal,181081,rf,xgboost,50,100.0,not estimable,not applicable
4,seed130363,Normal,206369,hybrid,mlp,50,100.0,not estimable,100.0
4,seed130363,Normal,206369,hybrid,rf,50,100.0,not estimable,100.0
4,seed130363,Normal,206369,hybrid,xgboost,50,100.0,not estimable,100.0
4,seed130363,Normal,206369,mlp,rf,50,100.0,not estimable,not applicable
4,seed130363,Normal,206369,mlp,xgboost,50,100.0,not estimable,not applicable
4,seed130363,Normal,206369,rf,xgboost,50,100.0,not estimable,not applicable
4,seed130363,Normal,231701,hybrid,mlp,50,100.0,not estimable,100.0
4,seed130363,Normal,231701,hybrid,rf,50,100.0,not estimable,100.0
4,seed130363,Normal,231701,hybrid,xgboost,50,100.0,not estimable,100.0
4,seed130363,Normal,231701,mlp,rf,50,100.0,not estimable,not applicable
4,seed130363,Normal,231701,mlp,xgboost,50,100.0,not estimable,not applicable
4,seed130363,Normal,231701,rf,xgboost,50,100.0,not estimable,not applicable
4,seed130363,Normal,257053,hybrid,mlp,50,100.0,not estimable,100.0
4,seed130363,Normal,257053,hybrid,rf,50,100.0,not estimable,100.0
4,seed130363,Normal,257053,hybrid,xgboost,50,100.0,not estimable,100.0
4,seed130363,Normal,257053,mlp,rf,50,100.0,not estimable,not applicable
4,seed130363,Normal,257053,mlp,xgboost,50,100.0,not estimable,not applicable
4,seed130363,Normal,257053,rf,xgboost,50,100.0,not estimable,not applicable
4,seed130363,Normal,282427,hybrid,mlp,50,100.0,not estimable,100.0
4,seed130363,Normal,282427,hybrid,rf,50,100.0,not estimable,100.0
4,seed130363,Normal,282427,hybrid,xgboost,50,100.0,not estimable,100.0
4,seed130363,Normal,282427,mlp,rf,50,100.0,not estimable,not applicable
4,seed130363,Normal,282427,mlp,xgboost,50,100.0,not estimable,not applicable
4,seed130363,Normal,282427,rf,xgboost,50,100.0,not estimable,not applicable
4,seed130363,Normal,307759,hybrid,mlp,50,100.0,not estimable,100.0
4,seed130363,Normal,307759,hybrid,rf,50,100.0,not estimable,100.0
4,seed130363,Normal,307759,hybrid,xgboost,50,100.0,not estimable,100.0
4,seed130363,Normal,307759,mlp,rf,50,100.0,not estimable,not applicable
4,seed130363,Normal,307759,mlp,xgboost,50,100.0,not estimable,not applicable
4,seed130363,Normal,307759,rf,xgboost,50,100.0,not estimable,not applicable
4,seed130363,Normal,333019,hybrid,mlp,50,100.0,not estimable,100.0
4,seed130363,Normal,333019,hybrid,rf,50,100.0,not estimable,100.0
4,seed130363,Normal,333019,hybrid,xgboost,50,100.0,not estimable,100.0
4,seed130363,Normal,333019,mlp,rf,50,100.0,not estimable,not applicable
4,seed130363,Normal,333019,mlp,xgboost,50,100.0,not estimable,not applicable
4,seed130363,Normal,333019,rf,xgboost,50,100.0,not estimable,not applicable
4,seed130363,SYNFlood,104729,hybrid,mlp,850,99.88235294117646,0.0,99.88235294117646
4,seed130363,SYNFlood,104729,hybrid,rf,850,100.0,not estimable,100.0
4,seed130363,SYNFlood,104729,hybrid,xgboost,850,100.0,not estimable,100.0
4,seed130363,SYNFlood,104729,mlp,rf,850,99.88235294117646,0.0,not applicable
4,seed130363,SYNFlood,104729,mlp,xgboost,850,99.88235294117646,0.0,not applicable
4,seed130363,SYNFlood,104729,rf,xgboost,850,100.0,not estimable,not applicable
4,seed130363,SYNFlood,130363,hybrid,mlp,850,100.0,not estimable,100.0
4,seed130363,SYNFlood,130363,hybrid,rf,850,100.0,not estimable,100.0
4,seed130363,SYNFlood,130363,hybrid,xgboost,850,100.0,not estimable,100.0
4,seed130363,SYNFlood,130363,mlp,rf,850,100.0,not estimable,not applicable
4,seed130363,SYNFlood,130363,mlp,xgboost,850,100.0,not estimable,not applicable
4,seed130363,SYNFlood,130363,rf,xgboost,850,100.0,not estimable,not applicable
4,seed130363,SYNFlood,155921,hybrid,mlp,850,100.0,not estimable,100.0
4,seed130363,SYNFlood,155921,hybrid,rf,850,100.0,not estimable,100.0
4,seed130363,SYNFlood,155921,hybrid,xgboost,850,100.0,not estimable,100.0
4,seed130363,SYNFlood,155921,mlp,rf,850,100.0,not estimable,not applicable
4,seed130363,SYNFlood,155921,mlp,xgboost,850,100.0,not estimable,not applicable
4,seed130363,SYNFlood,155921,rf,xgboost,850,100.0,not estimable,not applicable
4,seed130363,SYNFlood,181081,hybrid,mlp,850,99.88235294117646,0.0,99.88235294117646
4,seed130363,SYNFlood,181081,hybrid,rf,850,100.0,not estimable,100.0
4,seed130363,SYNFlood,181081,hybrid,xgboost,850,100.0,not estimable,100.0
4,seed130363,SYNFlood,181081,mlp,rf,850,99.88235294117646,0.0,not applicable
4,seed130363,SYNFlood,181081,mlp,xgboost,850,99.88235294117646,0.0,not applicable
4,seed130363,SYNFlood,181081,rf,xgboost,850,100.0,not estimable,not applicable
4,seed130363,SYNFlood,206369,hybrid,mlp,850,99.88235294117646,0.0,99.88235294117646
4,seed130363,SYNFlood,206369,hybrid,rf,850,100.0,not estimable,100.0
4,seed130363,SYNFlood,206369,hybrid,xgboost,850,100.0,not estimable,100.0
4,seed130363,SYNFlood,206369,mlp,rf,850,99.88235294117646,0.0,not applicable
4,seed130363,SYNFlood,206369,mlp,xgboost,850,99.88235294117646,0.0,not applicable
4,seed130363,SYNFlood,206369,rf,xgboost,850,100.0,not estimable,not applicable
4,seed130363,SYNFlood,231701,hybrid,mlp,850,99.6470588235294,0.0,99.6470588235294
4,seed130363,SYNFlood,231701,hybrid,rf,850,100.0,not estimable,100.0
4,seed130363,SYNFlood,231701,hybrid,xgboost,850,100.0,not estimable,100.0
4,seed130363,SYNFlood,231701,mlp,rf,850,99.6470588235294,0.0,not applicable
4,seed130363,SYNFlood,231701,mlp,xgboost,850,99.6470588235294,0.0,not applicable
4,seed130363,SYNFlood,231701,rf,xgboost,850,100.0,not estimable,not applicable
4,seed130363,SYNFlood,257053,hybrid,mlp,850,99.88235294117646,0.0,99.88235294117646
4,seed130363,SYNFlood,257053,hybrid,rf,850,100.0,not estimable,100.0
4,seed130363,SYNFlood,257053,hybrid,xgboost,850,100.0,not estimable,100.0
4,seed130363,SYNFlood,257053,mlp,rf,850,99.88235294117646,0.0,not applicable
4,seed130363,SYNFlood,257053,mlp,xgboost,850,99.88235294117646,0.0,not applicable
4,seed130363,SYNFlood,257053,rf,xgboost,850,100.0,not estimable,not applicable
4,seed130363,SYNFlood,282427,hybrid,mlp,850,99.88235294117646,0.0,99.88235294117646
4,seed130363,SYNFlood,282427,hybrid,rf,850,100.0,not estimable,100.0
4,seed130363,SYNFlood,282427,hybrid,xgboost,850,100.0,not estimable,100.0
4,seed130363,SYNFlood,282427,mlp,rf,850,99.88235294117646,0.0,not applicable
4,seed130363,SYNFlood,282427,mlp,xgboost,850,99.88235294117646,0.0,not applicable
4,seed130363,SYNFlood,282427,rf,xgboost,850,100.0,not estimable,not applicable
4,seed130363,SYNFlood,307759,hybrid,mlp,850,100.0,not estimable,100.0
4,seed130363,SYNFlood,307759,hybrid,rf,850,100.0,not estimable,100.0
4,seed130363,SYNFlood,307759,hybrid,xgboost,850,100.0,not estimable,100.0
4,seed130363,SYNFlood,307759,mlp,rf,850,100.0,not estimable,not applicable
4,seed130363,SYNFlood,307759,mlp,xgboost,850,100.0,not estimable,not applicable
4,seed130363,SYNFlood,307759,rf,xgboost,850,100.0,not estimable,not applicable
4,seed130363,SYNFlood,333019,hybrid,mlp,850,100.0,not estimable,100.0
4,seed130363,SYNFlood,333019,hybrid,rf,850,100.0,not estimable,100.0
4,seed130363,SYNFlood,333019,hybrid,xgboost,850,100.0,not estimable,100.0
4,seed130363,SYNFlood,333019,mlp,rf,850,100.0,not estimable,not applicable
4,seed130363,SYNFlood,333019,mlp,xgboost,850,100.0,not estimable,not applicable
4,seed130363,SYNFlood,333019,rf,xgboost,850,100.0,not estimable,not applicable
4,seed130363,UDPFlood,104729,hybrid,mlp,70,100.0,1.0,100.0
4,seed130363,UDPFlood,104729,hybrid,rf,70,100.0,1.0,100.0
4,seed130363,UDPFlood,104729,hybrid,xgboost,70,100.0,1.0,100.0
4,seed130363,UDPFlood,104729,mlp,rf,70,100.0,1.0,not applicable
4,seed130363,UDPFlood,104729,mlp,xgboost,70,100.0,1.0,not applicable
4,seed130363,UDPFlood,104729,rf,xgboost,70,100.0,1.0,not applicable
4,seed130363,UDPFlood,130363,hybrid,mlp,70,100.0,1.0,100.0
4,seed130363,UDPFlood,130363,hybrid,rf,70,100.0,1.0,100.0
4,seed130363,UDPFlood,130363,hybrid,xgboost,70,100.0,1.0,100.0
4,seed130363,UDPFlood,130363,mlp,rf,70,100.0,1.0,not applicable
4,seed130363,UDPFlood,130363,mlp,xgboost,70,100.0,1.0,not applicable
4,seed130363,UDPFlood,130363,rf,xgboost,70,100.0,1.0,not applicable
4,seed130363,UDPFlood,155921,hybrid,mlp,70,71.42857142857143,0.0,71.42857142857143
4,seed130363,UDPFlood,155921,hybrid,rf,70,100.0,1.0,100.0
4,seed130363,UDPFlood,155921,hybrid,xgboost,70,100.0,1.0,100.0
4,seed130363,UDPFlood,155921,mlp,rf,70,71.42857142857143,0.0,not applicable
4,seed130363,UDPFlood,155921,mlp,xgboost,70,71.42857142857143,0.0,not applicable
4,seed130363,UDPFlood,155921,rf,xgboost,70,100.0,1.0,not applicable
4,seed130363,UDPFlood,181081,hybrid,mlp,70,71.42857142857143,0.0,71.42857142857143
4,seed130363,UDPFlood,181081,hybrid,rf,70,100.0,1.0,100.0
4,seed130363,UDPFlood,181081,hybrid,xgboost,70,100.0,1.0,100.0
4,seed130363,UDPFlood,181081,mlp,rf,70,71.42857142857143,0.0,not applicable
4,seed130363,UDPFlood,181081,mlp,xgboost,70,71.42857142857143,0.0,not applicable
4,seed130363,UDPFlood,181081,rf,xgboost,70,100.0,1.0,not applicable
4,seed130363,UDPFlood,206369,hybrid,mlp,70,100.0,1.0,100.0
4,seed130363,UDPFlood,206369,hybrid,rf,70,100.0,1.0,100.0
4,seed130363,UDPFlood,206369,hybrid,xgboost,70,100.0,1.0,100.0
4,seed130363,UDPFlood,206369,mlp,rf,70,100.0,1.0,not applicable
4,seed130363,UDPFlood,206369,mlp,xgboost,70,100.0,1.0,not applicable
4,seed130363,UDPFlood,206369,rf,xgboost,70,100.0,1.0,not applicable
4,seed130363,UDPFlood,231701,hybrid,mlp,70,71.42857142857143,0.0,71.42857142857143
4,seed130363,UDPFlood,231701,hybrid,rf,70,100.0,1.0,100.0
4,seed130363,UDPFlood,231701,hybrid,xgboost,70,100.0,1.0,100.0
4,seed130363,UDPFlood,231701,mlp,rf,70,71.42857142857143,0.0,not applicable
4,seed130363,UDPFlood,231701,mlp,xgboost,70,71.42857142857143,0.0,not applicable
4,seed130363,UDPFlood,231701,rf,xgboost,70,100.0,1.0,not applicable
4,seed130363,UDPFlood,257053,hybrid,mlp,70,71.42857142857143,0.0,71.42857142857143
4,seed130363,UDPFlood,257053,hybrid,rf,70,100.0,1.0,100.0
4,seed130363,UDPFlood,257053,hybrid,xgboost,70,100.0,1.0,100.0
4,seed130363,UDPFlood,257053,mlp,rf,70,71.42857142857143,0.0,not applicable
4,seed130363,UDPFlood,257053,mlp,xgboost,70,71.42857142857143,0.0,not applicable
4,seed130363,UDPFlood,257053,rf,xgboost,70,100.0,1.0,not applicable
4,seed130363,UDPFlood,282427,hybrid,mlp,70,71.42857142857143,0.0,71.42857142857143
4,seed130363,UDPFlood,282427,hybrid,rf,70,100.0,1.0,100.0
4,seed130363,UDPFlood,282427,hybrid,xgboost,70,100.0,1.0,100.0
4,seed130363,UDPFlood,282427,mlp,rf,70,71.42857142857143,0.0,not applicable
4,seed130363,UDPFlood,282427,mlp,xgboost,70,71.42857142857143,0.0,not applicable
4,seed130363,UDPFlood,282427,rf,xgboost,70,100.0,1.0,not applicable
4,seed130363,UDPFlood,307759,hybrid,mlp,70,100.0,1.0,100.0
4,seed130363,UDPFlood,307759,hybrid,rf,70,100.0,1.0,100.0
4,seed130363,UDPFlood,307759,hybrid,xgboost,70,100.0,1.0,100.0
4,seed130363,UDPFlood,307759,mlp,rf,70,100.0,1.0,not applicable
4,seed130363,UDPFlood,307759,mlp,xgboost,70,100.0,1.0,not applicable
4,seed130363,UDPFlood,307759,rf,xgboost,70,100.0,1.0,not applicable
4,seed130363,UDPFlood,333019,hybrid,mlp,70,100.0,1.0,100.0
4,seed130363,UDPFlood,333019,hybrid,rf,70,100.0,1.0,100.0
4,seed130363,UDPFlood,333019,hybrid,xgboost,70,100.0,1.0,100.0
4,seed130363,UDPFlood,333019,mlp,rf,70,100.0,1.0,not applicable
4,seed130363,UDPFlood,333019,mlp,xgboost,70,100.0,1.0,not applicable
4,seed130363,UDPFlood,333019,rf,xgboost,70,100.0,1.0,not applicable
4,seed155921,DNSAmplification,104729,hybrid,mlp,60,100.0,1.0,100.0
4,seed155921,DNSAmplification,104729,hybrid,rf,60,100.0,1.0,100.0
4,seed155921,DNSAmplification,104729,hybrid,xgboost,60,100.0,1.0,100.0
4,seed155921,DNSAmplification,104729,mlp,rf,60,100.0,1.0,not applicable
4,seed155921,DNSAmplification,104729,mlp,xgboost,60,100.0,1.0,not applicable
4,seed155921,DNSAmplification,104729,rf,xgboost,60,100.0,1.0,not applicable
4,seed155921,DNSAmplification,130363,hybrid,mlp,60,100.0,1.0,100.0
4,seed155921,DNSAmplification,130363,hybrid,rf,60,100.0,1.0,100.0
4,seed155921,DNSAmplification,130363,hybrid,xgboost,60,100.0,1.0,100.0
4,seed155921,DNSAmplification,130363,mlp,rf,60,100.0,1.0,not applicable
4,seed155921,DNSAmplification,130363,mlp,xgboost,60,100.0,1.0,not applicable
4,seed155921,DNSAmplification,130363,rf,xgboost,60,100.0,1.0,not applicable
4,seed155921,DNSAmplification,155921,hybrid,mlp,60,83.33333333333334,0.0,83.33333333333334
4,seed155921,DNSAmplification,155921,hybrid,rf,60,100.0,1.0,100.0
4,seed155921,DNSAmplification,155921,hybrid,xgboost,60,100.0,1.0,100.0
4,seed155921,DNSAmplification,155921,mlp,rf,60,83.33333333333334,0.0,not applicable
4,seed155921,DNSAmplification,155921,mlp,xgboost,60,83.33333333333334,0.0,not applicable
4,seed155921,DNSAmplification,155921,rf,xgboost,60,100.0,1.0,not applicable
4,seed155921,DNSAmplification,181081,hybrid,mlp,60,83.33333333333334,0.0,83.33333333333334
4,seed155921,DNSAmplification,181081,hybrid,rf,60,100.0,1.0,100.0
4,seed155921,DNSAmplification,181081,hybrid,xgboost,60,100.0,1.0,100.0
4,seed155921,DNSAmplification,181081,mlp,rf,60,83.33333333333334,0.0,not applicable
4,seed155921,DNSAmplification,181081,mlp,xgboost,60,83.33333333333334,0.0,not applicable
4,seed155921,DNSAmplification,181081,rf,xgboost,60,100.0,1.0,not applicable
4,seed155921,DNSAmplification,206369,hybrid,mlp,60,100.0,1.0,100.0
4,seed155921,DNSAmplification,206369,hybrid,rf,60,100.0,1.0,100.0
4,seed155921,DNSAmplification,206369,hybrid,xgboost,60,100.0,1.0,100.0
4,seed155921,DNSAmplification,206369,mlp,rf,60,100.0,1.0,not applicable
4,seed155921,DNSAmplification,206369,mlp,xgboost,60,100.0,1.0,not applicable
4,seed155921,DNSAmplification,206369,rf,xgboost,60,100.0,1.0,not applicable
4,seed155921,DNSAmplification,231701,hybrid,mlp,60,83.33333333333334,0.0,83.33333333333334
4,seed155921,DNSAmplification,231701,hybrid,rf,60,100.0,1.0,100.0
4,seed155921,DNSAmplification,231701,hybrid,xgboost,60,100.0,1.0,100.0
4,seed155921,DNSAmplification,231701,mlp,rf,60,83.33333333333334,0.0,not applicable
4,seed155921,DNSAmplification,231701,mlp,xgboost,60,83.33333333333334,0.0,not applicable
4,seed155921,DNSAmplification,231701,rf,xgboost,60,100.0,1.0,not applicable
4,seed155921,DNSAmplification,257053,hybrid,mlp,60,83.33333333333334,0.0,83.33333333333334
4,seed155921,DNSAmplification,257053,hybrid,rf,60,100.0,1.0,100.0
4,seed155921,DNSAmplification,257053,hybrid,xgboost,60,100.0,1.0,100.0
4,seed155921,DNSAmplification,257053,mlp,rf,60,83.33333333333334,0.0,not applicable
4,seed155921,DNSAmplification,257053,mlp,xgboost,60,83.33333333333334,0.0,not applicable
4,seed155921,DNSAmplification,257053,rf,xgboost,60,100.0,1.0,not applicable
4,seed155921,DNSAmplification,282427,hybrid,mlp,60,83.33333333333334,0.0,83.33333333333334
4,seed155921,DNSAmplification,282427,hybrid,rf,60,100.0,1.0,100.0
4,seed155921,DNSAmplification,282427,hybrid,xgboost,60,100.0,1.0,100.0
4,seed155921,DNSAmplification,282427,mlp,rf,60,83.33333333333334,0.0,not applicable
4,seed155921,DNSAmplification,282427,mlp,xgboost,60,83.33333333333334,0.0,not applicable
4,seed155921,DNSAmplification,282427,rf,xgboost,60,100.0,1.0,not applicable
4,seed155921,DNSAmplification,307759,hybrid,mlp,60,100.0,1.0,100.0
4,seed155921,DNSAmplification,307759,hybrid,rf,60,100.0,1.0,100.0
4,seed155921,DNSAmplification,307759,hybrid,xgboost,60,100.0,1.0,100.0
4,seed155921,DNSAmplification,307759,mlp,rf,60,100.0,1.0,not applicable
4,seed155921,DNSAmplification,307759,mlp,xgboost,60,100.0,1.0,not applicable
4,seed155921,DNSAmplification,307759,rf,xgboost,60,100.0,1.0,not applicable
4,seed155921,DNSAmplification,333019,hybrid,mlp,60,100.0,1.0,100.0
4,seed155921,DNSAmplification,333019,hybrid,rf,60,100.0,1.0,100.0
4,seed155921,DNSAmplification,333019,hybrid,xgboost,60,100.0,1.0,100.0
4,seed155921,DNSAmplification,333019,mlp,rf,60,100.0,1.0,not applicable
4,seed155921,DNSAmplification,333019,mlp,xgboost,60,100.0,1.0,not applicable
4,seed155921,DNSAmplification,333019,rf,xgboost,60,100.0,1.0,not applicable
4,seed155921,Normal,104729,hybrid,mlp,50,100.0,not estimable,100.0
4,seed155921,Normal,104729,hybrid,rf,50,100.0,not estimable,100.0
4,seed155921,Normal,104729,hybrid,xgboost,50,100.0,not estimable,100.0
4,seed155921,Normal,104729,mlp,rf,50,100.0,not estimable,not applicable
4,seed155921,Normal,104729,mlp,xgboost,50,100.0,not estimable,not applicable
4,seed155921,Normal,104729,rf,xgboost,50,100.0,not estimable,not applicable
4,seed155921,Normal,130363,hybrid,mlp,50,100.0,not estimable,100.0
4,seed155921,Normal,130363,hybrid,rf,50,100.0,not estimable,100.0
4,seed155921,Normal,130363,hybrid,xgboost,50,100.0,not estimable,100.0
4,seed155921,Normal,130363,mlp,rf,50,100.0,not estimable,not applicable
4,seed155921,Normal,130363,mlp,xgboost,50,100.0,not estimable,not applicable
4,seed155921,Normal,130363,rf,xgboost,50,100.0,not estimable,not applicable
4,seed155921,Normal,155921,hybrid,mlp,50,100.0,not estimable,100.0
4,seed155921,Normal,155921,hybrid,rf,50,100.0,not estimable,100.0
4,seed155921,Normal,155921,hybrid,xgboost,50,100.0,not estimable,100.0
4,seed155921,Normal,155921,mlp,rf,50,100.0,not estimable,not applicable
4,seed155921,Normal,155921,mlp,xgboost,50,100.0,not estimable,not applicable
4,seed155921,Normal,155921,rf,xgboost,50,100.0,not estimable,not applicable
4,seed155921,Normal,181081,hybrid,mlp,50,100.0,not estimable,100.0
4,seed155921,Normal,181081,hybrid,rf,50,100.0,not estimable,100.0
4,seed155921,Normal,181081,hybrid,xgboost,50,100.0,not estimable,100.0
4,seed155921,Normal,181081,mlp,rf,50,100.0,not estimable,not applicable
4,seed155921,Normal,181081,mlp,xgboost,50,100.0,not estimable,not applicable
4,seed155921,Normal,181081,rf,xgboost,50,100.0,not estimable,not applicable
4,seed155921,Normal,206369,hybrid,mlp,50,100.0,not estimable,100.0
4,seed155921,Normal,206369,hybrid,rf,50,100.0,not estimable,100.0
4,seed155921,Normal,206369,hybrid,xgboost,50,100.0,not estimable,100.0
4,seed155921,Normal,206369,mlp,rf,50,100.0,not estimable,not applicable
4,seed155921,Normal,206369,mlp,xgboost,50,100.0,not estimable,not applicable
4,seed155921,Normal,206369,rf,xgboost,50,100.0,not estimable,not applicable
4,seed155921,Normal,231701,hybrid,mlp,50,100.0,not estimable,100.0
4,seed155921,Normal,231701,hybrid,rf,50,100.0,not estimable,100.0
4,seed155921,Normal,231701,hybrid,xgboost,50,100.0,not estimable,100.0
4,seed155921,Normal,231701,mlp,rf,50,100.0,not estimable,not applicable
4,seed155921,Normal,231701,mlp,xgboost,50,100.0,not estimable,not applicable
4,seed155921,Normal,231701,rf,xgboost,50,100.0,not estimable,not applicable
4,seed155921,Normal,257053,hybrid,mlp,50,100.0,not estimable,100.0
4,seed155921,Normal,257053,hybrid,rf,50,100.0,not estimable,100.0
4,seed155921,Normal,257053,hybrid,xgboost,50,100.0,not estimable,100.0
4,seed155921,Normal,257053,mlp,rf,50,100.0,not estimable,not applicable
4,seed155921,Normal,257053,mlp,xgboost,50,100.0,not estimable,not applicable
4,seed155921,Normal,257053,rf,xgboost,50,100.0,not estimable,not applicable
4,seed155921,Normal,282427,hybrid,mlp,50,100.0,not estimable,100.0
4,seed155921,Normal,282427,hybrid,rf,50,100.0,not estimable,100.0
4,seed155921,Normal,282427,hybrid,xgboost,50,100.0,not estimable,100.0
4,seed155921,Normal,282427,mlp,rf,50,100.0,not estimable,not applicable
4,seed155921,Normal,282427,mlp,xgboost,50,100.0,not estimable,not applicable
4,seed155921,Normal,282427,rf,xgboost,50,100.0,not estimable,not applicable
4,seed155921,Normal,307759,hybrid,mlp,50,100.0,not estimable,100.0
4,seed155921,Normal,307759,hybrid,rf,50,100.0,not estimable,100.0
4,seed155921,Normal,307759,hybrid,xgboost,50,100.0,not estimable,100.0
4,seed155921,Normal,307759,mlp,rf,50,100.0,not estimable,not applicable
4,seed155921,Normal,307759,mlp,xgboost,50,100.0,not estimable,not applicable
4,seed155921,Normal,307759,rf,xgboost,50,100.0,not estimable,not applicable
4,seed155921,Normal,333019,hybrid,mlp,50,100.0,not estimable,100.0
4,seed155921,Normal,333019,hybrid,rf,50,100.0,not estimable,100.0
4,seed155921,Normal,333019,hybrid,xgboost,50,100.0,not estimable,100.0
4,seed155921,Normal,333019,mlp,rf,50,100.0,not estimable,not applicable
4,seed155921,Normal,333019,mlp,xgboost,50,100.0,not estimable,not applicable
4,seed155921,Normal,333019,rf,xgboost,50,100.0,not estimable,not applicable
4,seed155921,SYNFlood,104729,hybrid,mlp,850,99.88235294117646,0.0,99.88235294117646
4,seed155921,SYNFlood,104729,hybrid,rf,850,100.0,not estimable,100.0
4,seed155921,SYNFlood,104729,hybrid,xgboost,850,100.0,not estimable,100.0
4,seed155921,SYNFlood,104729,mlp,rf,850,99.88235294117646,0.0,not applicable
4,seed155921,SYNFlood,104729,mlp,xgboost,850,99.88235294117646,0.0,not applicable
4,seed155921,SYNFlood,104729,rf,xgboost,850,100.0,not estimable,not applicable
4,seed155921,SYNFlood,130363,hybrid,mlp,850,100.0,not estimable,100.0
4,seed155921,SYNFlood,130363,hybrid,rf,850,100.0,not estimable,100.0
4,seed155921,SYNFlood,130363,hybrid,xgboost,850,100.0,not estimable,100.0
4,seed155921,SYNFlood,130363,mlp,rf,850,100.0,not estimable,not applicable
4,seed155921,SYNFlood,130363,mlp,xgboost,850,100.0,not estimable,not applicable
4,seed155921,SYNFlood,130363,rf,xgboost,850,100.0,not estimable,not applicable
4,seed155921,SYNFlood,155921,hybrid,mlp,850,100.0,not estimable,100.0
4,seed155921,SYNFlood,155921,hybrid,rf,850,100.0,not estimable,100.0
4,seed155921,SYNFlood,155921,hybrid,xgboost,850,100.0,not estimable,100.0
4,seed155921,SYNFlood,155921,mlp,rf,850,100.0,not estimable,not applicable
4,seed155921,SYNFlood,155921,mlp,xgboost,850,100.0,not estimable,not applicable
4,seed155921,SYNFlood,155921,rf,xgboost,850,100.0,not estimable,not applicable
4,seed155921,SYNFlood,181081,hybrid,mlp,850,99.88235294117646,0.0,99.88235294117646
4,seed155921,SYNFlood,181081,hybrid,rf,850,100.0,not estimable,100.0
4,seed155921,SYNFlood,181081,hybrid,xgboost,850,100.0,not estimable,100.0
4,seed155921,SYNFlood,181081,mlp,rf,850,99.88235294117646,0.0,not applicable
4,seed155921,SYNFlood,181081,mlp,xgboost,850,99.88235294117646,0.0,not applicable
4,seed155921,SYNFlood,181081,rf,xgboost,850,100.0,not estimable,not applicable
4,seed155921,SYNFlood,206369,hybrid,mlp,850,99.88235294117646,0.0,99.88235294117646
4,seed155921,SYNFlood,206369,hybrid,rf,850,100.0,not estimable,100.0
4,seed155921,SYNFlood,206369,hybrid,xgboost,850,100.0,not estimable,100.0
4,seed155921,SYNFlood,206369,mlp,rf,850,99.88235294117646,0.0,not applicable
4,seed155921,SYNFlood,206369,mlp,xgboost,850,99.88235294117646,0.0,not applicable
4,seed155921,SYNFlood,206369,rf,xgboost,850,100.0,not estimable,not applicable
4,seed155921,SYNFlood,231701,hybrid,mlp,850,99.76470588235294,0.0,99.76470588235294
4,seed155921,SYNFlood,231701,hybrid,rf,850,100.0,not estimable,100.0
4,seed155921,SYNFlood,231701,hybrid,xgboost,850,100.0,not estimable,100.0
4,seed155921,SYNFlood,231701,mlp,rf,850,99.76470588235294,0.0,not applicable
4,seed155921,SYNFlood,231701,mlp,xgboost,850,99.76470588235294,0.0,not applicable
4,seed155921,SYNFlood,231701,rf,xgboost,850,100.0,not estimable,not applicable
4,seed155921,SYNFlood,257053,hybrid,mlp,850,99.88235294117646,0.0,99.88235294117646
4,seed155921,SYNFlood,257053,hybrid,rf,850,100.0,not estimable,100.0
4,seed155921,SYNFlood,257053,hybrid,xgboost,850,100.0,not estimable,100.0
4,seed155921,SYNFlood,257053,mlp,rf,850,99.88235294117646,0.0,not applicable
4,seed155921,SYNFlood,257053,mlp,xgboost,850,99.88235294117646,0.0,not applicable
4,seed155921,SYNFlood,257053,rf,xgboost,850,100.0,not estimable,not applicable
4,seed155921,SYNFlood,282427,hybrid,mlp,850,99.88235294117646,0.0,99.88235294117646
4,seed155921,SYNFlood,282427,hybrid,rf,850,100.0,not estimable,100.0
4,seed155921,SYNFlood,282427,hybrid,xgboost,850,100.0,not estimable,100.0
4,seed155921,SYNFlood,282427,mlp,rf,850,99.88235294117646,0.0,not applicable
4,seed155921,SYNFlood,282427,mlp,xgboost,850,99.88235294117646,0.0,not applicable
4,seed155921,SYNFlood,282427,rf,xgboost,850,100.0,not estimable,not applicable
4,seed155921,SYNFlood,307759,hybrid,mlp,850,100.0,not estimable,100.0
4,seed155921,SYNFlood,307759,hybrid,rf,850,100.0,not estimable,100.0
4,seed155921,SYNFlood,307759,hybrid,xgboost,850,100.0,not estimable,100.0
4,seed155921,SYNFlood,307759,mlp,rf,850,100.0,not estimable,not applicable
4,seed155921,SYNFlood,307759,mlp,xgboost,850,100.0,not estimable,not applicable
4,seed155921,SYNFlood,307759,rf,xgboost,850,100.0,not estimable,not applicable
4,seed155921,SYNFlood,333019,hybrid,mlp,850,100.0,not estimable,100.0
4,seed155921,SYNFlood,333019,hybrid,rf,850,100.0,not estimable,100.0
4,seed155921,SYNFlood,333019,hybrid,xgboost,850,100.0,not estimable,100.0
4,seed155921,SYNFlood,333019,mlp,rf,850,100.0,not estimable,not applicable
4,seed155921,SYNFlood,333019,mlp,xgboost,850,100.0,not estimable,not applicable
4,seed155921,SYNFlood,333019,rf,xgboost,850,100.0,not estimable,not applicable
4,seed155921,UDPFlood,104729,hybrid,mlp,73,98.63013698630137,0.9670428893905192,98.63013698630137
4,seed155921,UDPFlood,104729,hybrid,rf,73,100.0,1.0,100.0
4,seed155921,UDPFlood,104729,hybrid,xgboost,73,98.63013698630137,0.9660938225731537,98.63013698630137
4,seed155921,UDPFlood,104729,mlp,rf,73,98.63013698630137,0.9670428893905192,not applicable
4,seed155921,UDPFlood,104729,mlp,xgboost,73,97.26027397260275,0.9332113449222323,not applicable
4,seed155921,UDPFlood,104729,rf,xgboost,73,98.63013698630137,0.9660938225731537,not applicable
4,seed155921,UDPFlood,130363,hybrid,mlp,73,100.0,1.0,100.0
4,seed155921,UDPFlood,130363,hybrid,rf,73,98.63013698630137,0.9660938225731537,98.63013698630137
4,seed155921,UDPFlood,130363,hybrid,xgboost,73,100.0,1.0,100.0
4,seed155921,UDPFlood,130363,mlp,rf,73,98.63013698630137,0.9660938225731537,not applicable
4,seed155921,UDPFlood,130363,mlp,xgboost,73,100.0,1.0,not applicable
4,seed155921,UDPFlood,130363,rf,xgboost,73,98.63013698630137,0.9660938225731537,not applicable
4,seed155921,UDPFlood,155921,hybrid,mlp,73,71.23287671232876,0.0388714733542318,71.23287671232876
4,seed155921,UDPFlood,155921,hybrid,rf,73,100.0,1.0,100.0
4,seed155921,UDPFlood,155921,hybrid,xgboost,73,98.63013698630137,0.9660938225731537,98.63013698630137
4,seed155921,UDPFlood,155921,mlp,rf,73,71.23287671232876,0.0388714733542318,not applicable
4,seed155921,UDPFlood,155921,mlp,xgboost,73,69.86301369863014,-0.05242463958060273,not applicable
4,seed155921,UDPFlood,155921,rf,xgboost,73,98.63013698630137,0.9660938225731537,not applicable
4,seed155921,UDPFlood,181081,hybrid,mlp,73,71.23287671232876,0.0388714733542318,71.23287671232876
4,seed155921,UDPFlood,181081,hybrid,rf,73,100.0,1.0,100.0
4,seed155921,UDPFlood,181081,hybrid,xgboost,73,98.63013698630137,0.9660938225731537,98.63013698630137
4,seed155921,UDPFlood,181081,mlp,rf,73,71.23287671232876,0.0388714733542318,not applicable
4,seed155921,UDPFlood,181081,mlp,xgboost,73,69.86301369863014,-0.05242463958060273,not applicable
4,seed155921,UDPFlood,181081,rf,xgboost,73,98.63013698630137,0.9660938225731537,not applicable
4,seed155921,UDPFlood,206369,hybrid,mlp,73,98.63013698630137,0.9670428893905192,98.63013698630137
4,seed155921,UDPFlood,206369,hybrid,rf,73,100.0,1.0,100.0
4,seed155921,UDPFlood,206369,hybrid,xgboost,73,98.63013698630137,0.9660938225731537,98.63013698630137
4,seed155921,UDPFlood,206369,mlp,rf,73,98.63013698630137,0.9670428893905192,not applicable
4,seed155921,UDPFlood,206369,mlp,xgboost,73,97.26027397260275,0.9332113449222323,not applicable
4,seed155921,UDPFlood,206369,rf,xgboost,73,98.63013698630137,0.9660938225731537,not applicable
4,seed155921,UDPFlood,231701,hybrid,mlp,73,71.23287671232876,0.0388714733542318,71.23287671232876
4,seed155921,UDPFlood,231701,hybrid,rf,73,100.0,1.0,100.0
4,seed155921,UDPFlood,231701,hybrid,xgboost,73,98.63013698630137,0.9660938225731537,98.63013698630137
4,seed155921,UDPFlood,231701,mlp,rf,73,71.23287671232876,0.0388714733542318,not applicable
4,seed155921,UDPFlood,231701,mlp,xgboost,73,69.86301369863014,-0.05242463958060273,not applicable
4,seed155921,UDPFlood,231701,rf,xgboost,73,98.63013698630137,0.9660938225731537,not applicable
4,seed155921,UDPFlood,257053,hybrid,mlp,73,69.86301369863014,0.012300123001229957,69.86301369863014
4,seed155921,UDPFlood,257053,hybrid,rf,73,100.0,1.0,100.0
4,seed155921,UDPFlood,257053,hybrid,xgboost,73,98.63013698630137,0.9660938225731537,98.63013698630137
4,seed155921,UDPFlood,257053,mlp,rf,73,69.86301369863014,0.012300123001229957,not applicable
4,seed155921,UDPFlood,257053,mlp,xgboost,73,68.4931506849315,-0.0769724182168059,not applicable
4,seed155921,UDPFlood,257053,rf,xgboost,73,98.63013698630137,0.9660938225731537,not applicable
4,seed155921,UDPFlood,282427,hybrid,mlp,73,71.23287671232876,0.0388714733542318,71.23287671232876
4,seed155921,UDPFlood,282427,hybrid,rf,73,100.0,1.0,100.0
4,seed155921,UDPFlood,282427,hybrid,xgboost,73,98.63013698630137,0.9660938225731537,98.63013698630137
4,seed155921,UDPFlood,282427,mlp,rf,73,71.23287671232876,0.0388714733542318,not applicable
4,seed155921,UDPFlood,282427,mlp,xgboost,73,69.86301369863014,-0.05242463958060273,not applicable
4,seed155921,UDPFlood,282427,rf,xgboost,73,98.63013698630137,0.9660938225731537,not applicable
4,seed155921,UDPFlood,307759,hybrid,mlp,73,97.26027397260275,0.9349955476402494,97.26027397260275
4,seed155921,UDPFlood,307759,hybrid,rf,73,100.0,1.0,100.0
4,seed155921,UDPFlood,307759,hybrid,xgboost,73,98.63013698630137,0.9660938225731537,98.63013698630137
4,seed155921,UDPFlood,307759,mlp,rf,73,97.26027397260275,0.9349955476402494,not applicable
4,seed155921,UDPFlood,307759,mlp,xgboost,73,95.8904109589041,0.9013068949977467,not applicable
4,seed155921,UDPFlood,307759,rf,xgboost,73,98.63013698630137,0.9660938225731537,not applicable
4,seed155921,UDPFlood,333019,hybrid,mlp,73,100.0,1.0,100.0
4,seed155921,UDPFlood,333019,hybrid,rf,73,98.63013698630137,0.9660938225731537,98.63013698630137
4,seed155921,UDPFlood,333019,hybrid,xgboost,73,100.0,1.0,100.0
4,seed155921,UDPFlood,333019,mlp,rf,73,98.63013698630137,0.9660938225731537,not applicable
4,seed155921,UDPFlood,333019,mlp,xgboost,73,100.0,1.0,not applicable
4,seed155921,UDPFlood,333019,rf,xgboost,73,98.63013698630137,0.9660938225731537,not applicable
4,seed181081,DNSAmplification,104729,hybrid,mlp,60,100.0,1.0,100.0
4,seed181081,DNSAmplification,104729,hybrid,rf,60,100.0,1.0,100.0
4,seed181081,DNSAmplification,104729,hybrid,xgboost,60,100.0,1.0,100.0
4,seed181081,DNSAmplification,104729,mlp,rf,60,100.0,1.0,not applicable
4,seed181081,DNSAmplification,104729,mlp,xgboost,60,100.0,1.0,not applicable
4,seed181081,DNSAmplification,104729,rf,xgboost,60,100.0,1.0,not applicable
4,seed181081,DNSAmplification,130363,hybrid,mlp,60,100.0,1.0,100.0
4,seed181081,DNSAmplification,130363,hybrid,rf,60,100.0,1.0,100.0
4,seed181081,DNSAmplification,130363,hybrid,xgboost,60,100.0,1.0,100.0
4,seed181081,DNSAmplification,130363,mlp,rf,60,100.0,1.0,not applicable
4,seed181081,DNSAmplification,130363,mlp,xgboost,60,100.0,1.0,not applicable
4,seed181081,DNSAmplification,130363,rf,xgboost,60,100.0,1.0,not applicable
4,seed181081,DNSAmplification,155921,hybrid,mlp,60,83.33333333333334,0.0,83.33333333333334
4,seed181081,DNSAmplification,155921,hybrid,rf,60,100.0,1.0,100.0
4,seed181081,DNSAmplification,155921,hybrid,xgboost,60,100.0,1.0,100.0
4,seed181081,DNSAmplification,155921,mlp,rf,60,83.33333333333334,0.0,not applicable
4,seed181081,DNSAmplification,155921,mlp,xgboost,60,83.33333333333334,0.0,not applicable
4,seed181081,DNSAmplification,155921,rf,xgboost,60,100.0,1.0,not applicable
4,seed181081,DNSAmplification,181081,hybrid,mlp,60,83.33333333333334,0.0,83.33333333333334
4,seed181081,DNSAmplification,181081,hybrid,rf,60,100.0,1.0,100.0
4,seed181081,DNSAmplification,181081,hybrid,xgboost,60,100.0,1.0,100.0
4,seed181081,DNSAmplification,181081,mlp,rf,60,83.33333333333334,0.0,not applicable
4,seed181081,DNSAmplification,181081,mlp,xgboost,60,83.33333333333334,0.0,not applicable
4,seed181081,DNSAmplification,181081,rf,xgboost,60,100.0,1.0,not applicable
4,seed181081,DNSAmplification,206369,hybrid,mlp,60,100.0,1.0,100.0
4,seed181081,DNSAmplification,206369,hybrid,rf,60,100.0,1.0,100.0
4,seed181081,DNSAmplification,206369,hybrid,xgboost,60,100.0,1.0,100.0
4,seed181081,DNSAmplification,206369,mlp,rf,60,100.0,1.0,not applicable
4,seed181081,DNSAmplification,206369,mlp,xgboost,60,100.0,1.0,not applicable
4,seed181081,DNSAmplification,206369,rf,xgboost,60,100.0,1.0,not applicable
4,seed181081,DNSAmplification,231701,hybrid,mlp,60,83.33333333333334,0.0,83.33333333333334
4,seed181081,DNSAmplification,231701,hybrid,rf,60,100.0,1.0,100.0
4,seed181081,DNSAmplification,231701,hybrid,xgboost,60,100.0,1.0,100.0
4,seed181081,DNSAmplification,231701,mlp,rf,60,83.33333333333334,0.0,not applicable
4,seed181081,DNSAmplification,231701,mlp,xgboost,60,83.33333333333334,0.0,not applicable
4,seed181081,DNSAmplification,231701,rf,xgboost,60,100.0,1.0,not applicable
4,seed181081,DNSAmplification,257053,hybrid,mlp,60,83.33333333333334,0.0,83.33333333333334
4,seed181081,DNSAmplification,257053,hybrid,rf,60,100.0,1.0,100.0
4,seed181081,DNSAmplification,257053,hybrid,xgboost,60,100.0,1.0,100.0
4,seed181081,DNSAmplification,257053,mlp,rf,60,83.33333333333334,0.0,not applicable
4,seed181081,DNSAmplification,257053,mlp,xgboost,60,83.33333333333334,0.0,not applicable
4,seed181081,DNSAmplification,257053,rf,xgboost,60,100.0,1.0,not applicable
4,seed181081,DNSAmplification,282427,hybrid,mlp,60,83.33333333333334,0.0,83.33333333333334
4,seed181081,DNSAmplification,282427,hybrid,rf,60,100.0,1.0,100.0
4,seed181081,DNSAmplification,282427,hybrid,xgboost,60,100.0,1.0,100.0
4,seed181081,DNSAmplification,282427,mlp,rf,60,83.33333333333334,0.0,not applicable
4,seed181081,DNSAmplification,282427,mlp,xgboost,60,83.33333333333334,0.0,not applicable
4,seed181081,DNSAmplification,282427,rf,xgboost,60,100.0,1.0,not applicable
4,seed181081,DNSAmplification,307759,hybrid,mlp,60,100.0,1.0,100.0
4,seed181081,DNSAmplification,307759,hybrid,rf,60,100.0,1.0,100.0
4,seed181081,DNSAmplification,307759,hybrid,xgboost,60,100.0,1.0,100.0
4,seed181081,DNSAmplification,307759,mlp,rf,60,100.0,1.0,not applicable
4,seed181081,DNSAmplification,307759,mlp,xgboost,60,100.0,1.0,not applicable
4,seed181081,DNSAmplification,307759,rf,xgboost,60,100.0,1.0,not applicable
4,seed181081,DNSAmplification,333019,hybrid,mlp,60,100.0,1.0,100.0
4,seed181081,DNSAmplification,333019,hybrid,rf,60,100.0,1.0,100.0
4,seed181081,DNSAmplification,333019,hybrid,xgboost,60,100.0,1.0,100.0
4,seed181081,DNSAmplification,333019,mlp,rf,60,100.0,1.0,not applicable
4,seed181081,DNSAmplification,333019,mlp,xgboost,60,100.0,1.0,not applicable
4,seed181081,DNSAmplification,333019,rf,xgboost,60,100.0,1.0,not applicable
4,seed181081,Normal,104729,hybrid,mlp,50,100.0,not estimable,100.0
4,seed181081,Normal,104729,hybrid,rf,50,100.0,not estimable,100.0
4,seed181081,Normal,104729,hybrid,xgboost,50,100.0,not estimable,100.0
4,seed181081,Normal,104729,mlp,rf,50,100.0,not estimable,not applicable
4,seed181081,Normal,104729,mlp,xgboost,50,100.0,not estimable,not applicable
4,seed181081,Normal,104729,rf,xgboost,50,100.0,not estimable,not applicable
4,seed181081,Normal,130363,hybrid,mlp,50,100.0,not estimable,100.0
4,seed181081,Normal,130363,hybrid,rf,50,100.0,not estimable,100.0
4,seed181081,Normal,130363,hybrid,xgboost,50,100.0,not estimable,100.0
4,seed181081,Normal,130363,mlp,rf,50,100.0,not estimable,not applicable
4,seed181081,Normal,130363,mlp,xgboost,50,100.0,not estimable,not applicable
4,seed181081,Normal,130363,rf,xgboost,50,100.0,not estimable,not applicable
4,seed181081,Normal,155921,hybrid,mlp,50,100.0,not estimable,100.0
4,seed181081,Normal,155921,hybrid,rf,50,100.0,not estimable,100.0
4,seed181081,Normal,155921,hybrid,xgboost,50,100.0,not estimable,100.0
4,seed181081,Normal,155921,mlp,rf,50,100.0,not estimable,not applicable
4,seed181081,Normal,155921,mlp,xgboost,50,100.0,not estimable,not applicable
4,seed181081,Normal,155921,rf,xgboost,50,100.0,not estimable,not applicable
4,seed181081,Normal,181081,hybrid,mlp,50,100.0,not estimable,100.0
4,seed181081,Normal,181081,hybrid,rf,50,100.0,not estimable,100.0
4,seed181081,Normal,181081,hybrid,xgboost,50,100.0,not estimable,100.0
4,seed181081,Normal,181081,mlp,rf,50,100.0,not estimable,not applicable
4,seed181081,Normal,181081,mlp,xgboost,50,100.0,not estimable,not applicable
4,seed181081,Normal,181081,rf,xgboost,50,100.0,not estimable,not applicable
4,seed181081,Normal,206369,hybrid,mlp,50,100.0,not estimable,100.0
4,seed181081,Normal,206369,hybrid,rf,50,100.0,not estimable,100.0
4,seed181081,Normal,206369,hybrid,xgboost,50,100.0,not estimable,100.0
4,seed181081,Normal,206369,mlp,rf,50,100.0,not estimable,not applicable
4,seed181081,Normal,206369,mlp,xgboost,50,100.0,not estimable,not applicable
4,seed181081,Normal,206369,rf,xgboost,50,100.0,not estimable,not applicable
4,seed181081,Normal,231701,hybrid,mlp,50,100.0,not estimable,100.0
4,seed181081,Normal,231701,hybrid,rf,50,100.0,not estimable,100.0
4,seed181081,Normal,231701,hybrid,xgboost,50,100.0,not estimable,100.0
4,seed181081,Normal,231701,mlp,rf,50,100.0,not estimable,not applicable
4,seed181081,Normal,231701,mlp,xgboost,50,100.0,not estimable,not applicable
4,seed181081,Normal,231701,rf,xgboost,50,100.0,not estimable,not applicable
4,seed181081,Normal,257053,hybrid,mlp,50,100.0,not estimable,100.0
4,seed181081,Normal,257053,hybrid,rf,50,100.0,not estimable,100.0
4,seed181081,Normal,257053,hybrid,xgboost,50,100.0,not estimable,100.0
4,seed181081,Normal,257053,mlp,rf,50,100.0,not estimable,not applicable
4,seed181081,Normal,257053,mlp,xgboost,50,100.0,not estimable,not applicable
4,seed181081,Normal,257053,rf,xgboost,50,100.0,not estimable,not applicable
4,seed181081,Normal,282427,hybrid,mlp,50,100.0,not estimable,100.0
4,seed181081,Normal,282427,hybrid,rf,50,100.0,not estimable,100.0
4,seed181081,Normal,282427,hybrid,xgboost,50,100.0,not estimable,100.0
4,seed181081,Normal,282427,mlp,rf,50,100.0,not estimable,not applicable
4,seed181081,Normal,282427,mlp,xgboost,50,100.0,not estimable,not applicable
4,seed181081,Normal,282427,rf,xgboost,50,100.0,not estimable,not applicable
4,seed181081,Normal,307759,hybrid,mlp,50,100.0,not estimable,100.0
4,seed181081,Normal,307759,hybrid,rf,50,100.0,not estimable,100.0
4,seed181081,Normal,307759,hybrid,xgboost,50,100.0,not estimable,100.0
4,seed181081,Normal,307759,mlp,rf,50,100.0,not estimable,not applicable
4,seed181081,Normal,307759,mlp,xgboost,50,100.0,not estimable,not applicable
4,seed181081,Normal,307759,rf,xgboost,50,100.0,not estimable,not applicable
4,seed181081,Normal,333019,hybrid,mlp,50,100.0,not estimable,100.0
4,seed181081,Normal,333019,hybrid,rf,50,100.0,not estimable,100.0
4,seed181081,Normal,333019,hybrid,xgboost,50,100.0,not estimable,100.0
4,seed181081,Normal,333019,mlp,rf,50,100.0,not estimable,not applicable
4,seed181081,Normal,333019,mlp,xgboost,50,100.0,not estimable,not applicable
4,seed181081,Normal,333019,rf,xgboost,50,100.0,not estimable,not applicable
4,seed181081,SYNFlood,104729,hybrid,mlp,850,99.88235294117646,0.0,99.88235294117646
4,seed181081,SYNFlood,104729,hybrid,rf,850,100.0,not estimable,100.0
4,seed181081,SYNFlood,104729,hybrid,xgboost,850,100.0,not estimable,100.0
4,seed181081,SYNFlood,104729,mlp,rf,850,99.88235294117646,0.0,not applicable
4,seed181081,SYNFlood,104729,mlp,xgboost,850,99.88235294117646,0.0,not applicable
4,seed181081,SYNFlood,104729,rf,xgboost,850,100.0,not estimable,not applicable
4,seed181081,SYNFlood,130363,hybrid,mlp,850,100.0,not estimable,100.0
4,seed181081,SYNFlood,130363,hybrid,rf,850,100.0,not estimable,100.0
4,seed181081,SYNFlood,130363,hybrid,xgboost,850,100.0,not estimable,100.0
4,seed181081,SYNFlood,130363,mlp,rf,850,100.0,not estimable,not applicable
4,seed181081,SYNFlood,130363,mlp,xgboost,850,100.0,not estimable,not applicable
4,seed181081,SYNFlood,130363,rf,xgboost,850,100.0,not estimable,not applicable
4,seed181081,SYNFlood,155921,hybrid,mlp,850,100.0,not estimable,100.0
4,seed181081,SYNFlood,155921,hybrid,rf,850,100.0,not estimable,100.0
4,seed181081,SYNFlood,155921,hybrid,xgboost,850,100.0,not estimable,100.0
4,seed181081,SYNFlood,155921,mlp,rf,850,100.0,not estimable,not applicable
4,seed181081,SYNFlood,155921,mlp,xgboost,850,100.0,not estimable,not applicable
4,seed181081,SYNFlood,155921,rf,xgboost,850,100.0,not estimable,not applicable
4,seed181081,SYNFlood,181081,hybrid,mlp,850,99.88235294117646,0.0,99.88235294117646
4,seed181081,SYNFlood,181081,hybrid,rf,850,100.0,not estimable,100.0
4,seed181081,SYNFlood,181081,hybrid,xgboost,850,100.0,not estimable,100.0
4,seed181081,SYNFlood,181081,mlp,rf,850,99.88235294117646,0.0,not applicable
4,seed181081,SYNFlood,181081,mlp,xgboost,850,99.88235294117646,0.0,not applicable
4,seed181081,SYNFlood,181081,rf,xgboost,850,100.0,not estimable,not applicable
4,seed181081,SYNFlood,206369,hybrid,mlp,850,99.88235294117646,0.0,99.88235294117646
4,seed181081,SYNFlood,206369,hybrid,rf,850,100.0,not estimable,100.0
4,seed181081,SYNFlood,206369,hybrid,xgboost,850,100.0,not estimable,100.0
4,seed181081,SYNFlood,206369,mlp,rf,850,99.88235294117646,0.0,not applicable
4,seed181081,SYNFlood,206369,mlp,xgboost,850,99.88235294117646,0.0,not applicable
4,seed181081,SYNFlood,206369,rf,xgboost,850,100.0,not estimable,not applicable
4,seed181081,SYNFlood,231701,hybrid,mlp,850,99.88235294117646,0.0,99.88235294117646
4,seed181081,SYNFlood,231701,hybrid,rf,850,100.0,not estimable,100.0
4,seed181081,SYNFlood,231701,hybrid,xgboost,850,100.0,not estimable,100.0
4,seed181081,SYNFlood,231701,mlp,rf,850,99.88235294117646,0.0,not applicable
4,seed181081,SYNFlood,231701,mlp,xgboost,850,99.88235294117646,0.0,not applicable
4,seed181081,SYNFlood,231701,rf,xgboost,850,100.0,not estimable,not applicable
4,seed181081,SYNFlood,257053,hybrid,mlp,850,99.88235294117646,0.0,99.88235294117646
4,seed181081,SYNFlood,257053,hybrid,rf,850,100.0,not estimable,100.0
4,seed181081,SYNFlood,257053,hybrid,xgboost,850,100.0,not estimable,100.0
4,seed181081,SYNFlood,257053,mlp,rf,850,99.88235294117646,0.0,not applicable
4,seed181081,SYNFlood,257053,mlp,xgboost,850,99.88235294117646,0.0,not applicable
4,seed181081,SYNFlood,257053,rf,xgboost,850,100.0,not estimable,not applicable
4,seed181081,SYNFlood,282427,hybrid,mlp,850,99.88235294117646,0.0,99.88235294117646
4,seed181081,SYNFlood,282427,hybrid,rf,850,100.0,not estimable,100.0
4,seed181081,SYNFlood,282427,hybrid,xgboost,850,100.0,not estimable,100.0
4,seed181081,SYNFlood,282427,mlp,rf,850,99.88235294117646,0.0,not applicable
4,seed181081,SYNFlood,282427,mlp,xgboost,850,99.88235294117646,0.0,not applicable
4,seed181081,SYNFlood,282427,rf,xgboost,850,100.0,not estimable,not applicable
4,seed181081,SYNFlood,307759,hybrid,mlp,850,100.0,not estimable,100.0
4,seed181081,SYNFlood,307759,hybrid,rf,850,100.0,not estimable,100.0
4,seed181081,SYNFlood,307759,hybrid,xgboost,850,100.0,not estimable,100.0
4,seed181081,SYNFlood,307759,mlp,rf,850,100.0,not estimable,not applicable
4,seed181081,SYNFlood,307759,mlp,xgboost,850,100.0,not estimable,not applicable
4,seed181081,SYNFlood,307759,rf,xgboost,850,100.0,not estimable,not applicable
4,seed181081,SYNFlood,333019,hybrid,mlp,850,100.0,not estimable,100.0
4,seed181081,SYNFlood,333019,hybrid,rf,850,100.0,not estimable,100.0
4,seed181081,SYNFlood,333019,hybrid,xgboost,850,100.0,not estimable,100.0
4,seed181081,SYNFlood,333019,mlp,rf,850,100.0,not estimable,not applicable
4,seed181081,SYNFlood,333019,mlp,xgboost,850,100.0,not estimable,not applicable
4,seed181081,SYNFlood,333019,rf,xgboost,850,100.0,not estimable,not applicable
4,seed181081,UDPFlood,104729,hybrid,mlp,70,100.0,1.0,100.0
4,seed181081,UDPFlood,104729,hybrid,rf,70,100.0,1.0,100.0
4,seed181081,UDPFlood,104729,hybrid,xgboost,70,100.0,1.0,100.0
4,seed181081,UDPFlood,104729,mlp,rf,70,100.0,1.0,not applicable
4,seed181081,UDPFlood,104729,mlp,xgboost,70,100.0,1.0,not applicable
4,seed181081,UDPFlood,104729,rf,xgboost,70,100.0,1.0,not applicable
4,seed181081,UDPFlood,130363,hybrid,mlp,70,100.0,1.0,100.0
4,seed181081,UDPFlood,130363,hybrid,rf,70,100.0,1.0,100.0
4,seed181081,UDPFlood,130363,hybrid,xgboost,70,100.0,1.0,100.0
4,seed181081,UDPFlood,130363,mlp,rf,70,100.0,1.0,not applicable
4,seed181081,UDPFlood,130363,mlp,xgboost,70,100.0,1.0,not applicable
4,seed181081,UDPFlood,130363,rf,xgboost,70,100.0,1.0,not applicable
4,seed181081,UDPFlood,155921,hybrid,mlp,70,71.42857142857143,0.0,71.42857142857143
4,seed181081,UDPFlood,155921,hybrid,rf,70,100.0,1.0,100.0
4,seed181081,UDPFlood,155921,hybrid,xgboost,70,100.0,1.0,100.0
4,seed181081,UDPFlood,155921,mlp,rf,70,71.42857142857143,0.0,not applicable
4,seed181081,UDPFlood,155921,mlp,xgboost,70,71.42857142857143,0.0,not applicable
4,seed181081,UDPFlood,155921,rf,xgboost,70,100.0,1.0,not applicable
4,seed181081,UDPFlood,181081,hybrid,mlp,70,71.42857142857143,0.0,71.42857142857143
4,seed181081,UDPFlood,181081,hybrid,rf,70,100.0,1.0,100.0
4,seed181081,UDPFlood,181081,hybrid,xgboost,70,100.0,1.0,100.0
4,seed181081,UDPFlood,181081,mlp,rf,70,71.42857142857143,0.0,not applicable
4,seed181081,UDPFlood,181081,mlp,xgboost,70,71.42857142857143,0.0,not applicable
4,seed181081,UDPFlood,181081,rf,xgboost,70,100.0,1.0,not applicable
4,seed181081,UDPFlood,206369,hybrid,mlp,70,100.0,1.0,100.0
4,seed181081,UDPFlood,206369,hybrid,rf,70,100.0,1.0,100.0
4,seed181081,UDPFlood,206369,hybrid,xgboost,70,100.0,1.0,100.0
4,seed181081,UDPFlood,206369,mlp,rf,70,100.0,1.0,not applicable
4,seed181081,UDPFlood,206369,mlp,xgboost,70,100.0,1.0,not applicable
4,seed181081,UDPFlood,206369,rf,xgboost,70,100.0,1.0,not applicable
4,seed181081,UDPFlood,231701,hybrid,mlp,70,71.42857142857143,0.0,71.42857142857143
4,seed181081,UDPFlood,231701,hybrid,rf,70,100.0,1.0,100.0
4,seed181081,UDPFlood,231701,hybrid,xgboost,70,100.0,1.0,100.0
4,seed181081,UDPFlood,231701,mlp,rf,70,71.42857142857143,0.0,not applicable
4,seed181081,UDPFlood,231701,mlp,xgboost,70,71.42857142857143,0.0,not applicable
4,seed181081,UDPFlood,231701,rf,xgboost,70,100.0,1.0,not applicable
4,seed181081,UDPFlood,257053,hybrid,mlp,70,71.42857142857143,0.0,71.42857142857143
4,seed181081,UDPFlood,257053,hybrid,rf,70,100.0,1.0,100.0
4,seed181081,UDPFlood,257053,hybrid,xgboost,70,100.0,1.0,100.0
4,seed181081,UDPFlood,257053,mlp,rf,70,71.42857142857143,0.0,not applicable
4,seed181081,UDPFlood,257053,mlp,xgboost,70,71.42857142857143,0.0,not applicable
4,seed181081,UDPFlood,257053,rf,xgboost,70,100.0,1.0,not applicable
4,seed181081,UDPFlood,282427,hybrid,mlp,70,71.42857142857143,0.0,71.42857142857143
4,seed181081,UDPFlood,282427,hybrid,rf,70,100.0,1.0,100.0
4,seed181081,UDPFlood,282427,hybrid,xgboost,70,100.0,1.0,100.0
4,seed181081,UDPFlood,282427,mlp,rf,70,71.42857142857143,0.0,not applicable
4,seed181081,UDPFlood,282427,mlp,xgboost,70,71.42857142857143,0.0,not applicable
4,seed181081,UDPFlood,282427,rf,xgboost,70,100.0,1.0,not applicable
4,seed181081,UDPFlood,307759,hybrid,mlp,70,100.0,1.0,100.0
4,seed181081,UDPFlood,307759,hybrid,rf,70,100.0,1.0,100.0
4,seed181081,UDPFlood,307759,hybrid,xgboost,70,100.0,1.0,100.0
4,seed181081,UDPFlood,307759,mlp,rf,70,100.0,1.0,not applicable
4,seed181081,UDPFlood,307759,mlp,xgboost,70,100.0,1.0,not applicable
4,seed181081,UDPFlood,307759,rf,xgboost,70,100.0,1.0,not applicable
4,seed181081,UDPFlood,333019,hybrid,mlp,70,100.0,1.0,100.0
4,seed181081,UDPFlood,333019,hybrid,rf,70,100.0,1.0,100.0
4,seed181081,UDPFlood,333019,hybrid,xgboost,70,100.0,1.0,100.0
4,seed181081,UDPFlood,333019,mlp,rf,70,100.0,1.0,not applicable
4,seed181081,UDPFlood,333019,mlp,xgboost,70,100.0,1.0,not applicable
4,seed181081,UDPFlood,333019,rf,xgboost,70,100.0,1.0,not applicable
4,seed206369,DNSAmplification,104729,hybrid,mlp,60,100.0,1.0,100.0
4,seed206369,DNSAmplification,104729,hybrid,rf,60,100.0,1.0,100.0
4,seed206369,DNSAmplification,104729,hybrid,xgboost,60,100.0,1.0,100.0
4,seed206369,DNSAmplification,104729,mlp,rf,60,100.0,1.0,not applicable
4,seed206369,DNSAmplification,104729,mlp,xgboost,60,100.0,1.0,not applicable
4,seed206369,DNSAmplification,104729,rf,xgboost,60,100.0,1.0,not applicable
4,seed206369,DNSAmplification,130363,hybrid,mlp,60,100.0,1.0,100.0
4,seed206369,DNSAmplification,130363,hybrid,rf,60,100.0,1.0,100.0
4,seed206369,DNSAmplification,130363,hybrid,xgboost,60,100.0,1.0,100.0
4,seed206369,DNSAmplification,130363,mlp,rf,60,100.0,1.0,not applicable
4,seed206369,DNSAmplification,130363,mlp,xgboost,60,100.0,1.0,not applicable
4,seed206369,DNSAmplification,130363,rf,xgboost,60,100.0,1.0,not applicable
4,seed206369,DNSAmplification,155921,hybrid,mlp,60,83.33333333333334,0.0,83.33333333333334
4,seed206369,DNSAmplification,155921,hybrid,rf,60,100.0,1.0,100.0
4,seed206369,DNSAmplification,155921,hybrid,xgboost,60,100.0,1.0,100.0
4,seed206369,DNSAmplification,155921,mlp,rf,60,83.33333333333334,0.0,not applicable
4,seed206369,DNSAmplification,155921,mlp,xgboost,60,83.33333333333334,0.0,not applicable
4,seed206369,DNSAmplification,155921,rf,xgboost,60,100.0,1.0,not applicable
4,seed206369,DNSAmplification,181081,hybrid,mlp,60,83.33333333333334,0.0,83.33333333333334
4,seed206369,DNSAmplification,181081,hybrid,rf,60,100.0,1.0,100.0
4,seed206369,DNSAmplification,181081,hybrid,xgboost,60,100.0,1.0,100.0
4,seed206369,DNSAmplification,181081,mlp,rf,60,83.33333333333334,0.0,not applicable
4,seed206369,DNSAmplification,181081,mlp,xgboost,60,83.33333333333334,0.0,not applicable
4,seed206369,DNSAmplification,181081,rf,xgboost,60,100.0,1.0,not applicable
4,seed206369,DNSAmplification,206369,hybrid,mlp,60,100.0,1.0,100.0
4,seed206369,DNSAmplification,206369,hybrid,rf,60,100.0,1.0,100.0
4,seed206369,DNSAmplification,206369,hybrid,xgboost,60,100.0,1.0,100.0
4,seed206369,DNSAmplification,206369,mlp,rf,60,100.0,1.0,not applicable
4,seed206369,DNSAmplification,206369,mlp,xgboost,60,100.0,1.0,not applicable
4,seed206369,DNSAmplification,206369,rf,xgboost,60,100.0,1.0,not applicable
4,seed206369,DNSAmplification,231701,hybrid,mlp,60,83.33333333333334,0.0,83.33333333333334
4,seed206369,DNSAmplification,231701,hybrid,rf,60,100.0,1.0,100.0
4,seed206369,DNSAmplification,231701,hybrid,xgboost,60,100.0,1.0,100.0
4,seed206369,DNSAmplification,231701,mlp,rf,60,83.33333333333334,0.0,not applicable
4,seed206369,DNSAmplification,231701,mlp,xgboost,60,83.33333333333334,0.0,not applicable
4,seed206369,DNSAmplification,231701,rf,xgboost,60,100.0,1.0,not applicable
4,seed206369,DNSAmplification,257053,hybrid,mlp,60,83.33333333333334,0.0,83.33333333333334
4,seed206369,DNSAmplification,257053,hybrid,rf,60,100.0,1.0,100.0
4,seed206369,DNSAmplification,257053,hybrid,xgboost,60,100.0,1.0,100.0
4,seed206369,DNSAmplification,257053,mlp,rf,60,83.33333333333334,0.0,not applicable
4,seed206369,DNSAmplification,257053,mlp,xgboost,60,83.33333333333334,0.0,not applicable
4,seed206369,DNSAmplification,257053,rf,xgboost,60,100.0,1.0,not applicable
4,seed206369,DNSAmplification,282427,hybrid,mlp,60,83.33333333333334,0.0,83.33333333333334
4,seed206369,DNSAmplification,282427,hybrid,rf,60,100.0,1.0,100.0
4,seed206369,DNSAmplification,282427,hybrid,xgboost,60,100.0,1.0,100.0
4,seed206369,DNSAmplification,282427,mlp,rf,60,83.33333333333334,0.0,not applicable
4,seed206369,DNSAmplification,282427,mlp,xgboost,60,83.33333333333334,0.0,not applicable
4,seed206369,DNSAmplification,282427,rf,xgboost,60,100.0,1.0,not applicable
4,seed206369,DNSAmplification,307759,hybrid,mlp,60,100.0,1.0,100.0
4,seed206369,DNSAmplification,307759,hybrid,rf,60,100.0,1.0,100.0
4,seed206369,DNSAmplification,307759,hybrid,xgboost,60,100.0,1.0,100.0
4,seed206369,DNSAmplification,307759,mlp,rf,60,100.0,1.0,not applicable
4,seed206369,DNSAmplification,307759,mlp,xgboost,60,100.0,1.0,not applicable
4,seed206369,DNSAmplification,307759,rf,xgboost,60,100.0,1.0,not applicable
4,seed206369,DNSAmplification,333019,hybrid,mlp,60,100.0,1.0,100.0
4,seed206369,DNSAmplification,333019,hybrid,rf,60,100.0,1.0,100.0
4,seed206369,DNSAmplification,333019,hybrid,xgboost,60,100.0,1.0,100.0
4,seed206369,DNSAmplification,333019,mlp,rf,60,100.0,1.0,not applicable
4,seed206369,DNSAmplification,333019,mlp,xgboost,60,100.0,1.0,not applicable
4,seed206369,DNSAmplification,333019,rf,xgboost,60,100.0,1.0,not applicable
4,seed206369,Normal,104729,hybrid,mlp,50,100.0,not estimable,100.0
4,seed206369,Normal,104729,hybrid,rf,50,100.0,not estimable,100.0
4,seed206369,Normal,104729,hybrid,xgboost,50,100.0,not estimable,100.0
4,seed206369,Normal,104729,mlp,rf,50,100.0,not estimable,not applicable
4,seed206369,Normal,104729,mlp,xgboost,50,100.0,not estimable,not applicable
4,seed206369,Normal,104729,rf,xgboost,50,100.0,not estimable,not applicable
4,seed206369,Normal,130363,hybrid,mlp,50,100.0,not estimable,100.0
4,seed206369,Normal,130363,hybrid,rf,50,100.0,not estimable,100.0
4,seed206369,Normal,130363,hybrid,xgboost,50,100.0,not estimable,100.0
4,seed206369,Normal,130363,mlp,rf,50,100.0,not estimable,not applicable
4,seed206369,Normal,130363,mlp,xgboost,50,100.0,not estimable,not applicable
4,seed206369,Normal,130363,rf,xgboost,50,100.0,not estimable,not applicable
4,seed206369,Normal,155921,hybrid,mlp,50,100.0,not estimable,100.0
4,seed206369,Normal,155921,hybrid,rf,50,100.0,not estimable,100.0
4,seed206369,Normal,155921,hybrid,xgboost,50,100.0,not estimable,100.0
4,seed206369,Normal,155921,mlp,rf,50,100.0,not estimable,not applicable
4,seed206369,Normal,155921,mlp,xgboost,50,100.0,not estimable,not applicable
4,seed206369,Normal,155921,rf,xgboost,50,100.0,not estimable,not applicable
4,seed206369,Normal,181081,hybrid,mlp,50,100.0,not estimable,100.0
4,seed206369,Normal,181081,hybrid,rf,50,100.0,not estimable,100.0
4,seed206369,Normal,181081,hybrid,xgboost,50,100.0,not estimable,100.0
4,seed206369,Normal,181081,mlp,rf,50,100.0,not estimable,not applicable
4,seed206369,Normal,181081,mlp,xgboost,50,100.0,not estimable,not applicable
4,seed206369,Normal,181081,rf,xgboost,50,100.0,not estimable,not applicable
4,seed206369,Normal,206369,hybrid,mlp,50,100.0,not estimable,100.0
4,seed206369,Normal,206369,hybrid,rf,50,100.0,not estimable,100.0
4,seed206369,Normal,206369,hybrid,xgboost,50,100.0,not estimable,100.0
4,seed206369,Normal,206369,mlp,rf,50,100.0,not estimable,not applicable
4,seed206369,Normal,206369,mlp,xgboost,50,100.0,not estimable,not applicable
4,seed206369,Normal,206369,rf,xgboost,50,100.0,not estimable,not applicable
4,seed206369,Normal,231701,hybrid,mlp,50,100.0,not estimable,100.0
4,seed206369,Normal,231701,hybrid,rf,50,100.0,not estimable,100.0
4,seed206369,Normal,231701,hybrid,xgboost,50,100.0,not estimable,100.0
4,seed206369,Normal,231701,mlp,rf,50,100.0,not estimable,not applicable
4,seed206369,Normal,231701,mlp,xgboost,50,100.0,not estimable,not applicable
4,seed206369,Normal,231701,rf,xgboost,50,100.0,not estimable,not applicable
4,seed206369,Normal,257053,hybrid,mlp,50,100.0,not estimable,100.0
4,seed206369,Normal,257053,hybrid,rf,50,100.0,not estimable,100.0
4,seed206369,Normal,257053,hybrid,xgboost,50,100.0,not estimable,100.0
4,seed206369,Normal,257053,mlp,rf,50,100.0,not estimable,not applicable
4,seed206369,Normal,257053,mlp,xgboost,50,100.0,not estimable,not applicable
4,seed206369,Normal,257053,rf,xgboost,50,100.0,not estimable,not applicable
4,seed206369,Normal,282427,hybrid,mlp,50,100.0,not estimable,100.0
4,seed206369,Normal,282427,hybrid,rf,50,100.0,not estimable,100.0
4,seed206369,Normal,282427,hybrid,xgboost,50,100.0,not estimable,100.0
4,seed206369,Normal,282427,mlp,rf,50,100.0,not estimable,not applicable
4,seed206369,Normal,282427,mlp,xgboost,50,100.0,not estimable,not applicable
4,seed206369,Normal,282427,rf,xgboost,50,100.0,not estimable,not applicable
4,seed206369,Normal,307759,hybrid,mlp,50,100.0,not estimable,100.0
4,seed206369,Normal,307759,hybrid,rf,50,100.0,not estimable,100.0
4,seed206369,Normal,307759,hybrid,xgboost,50,100.0,not estimable,100.0
4,seed206369,Normal,307759,mlp,rf,50,100.0,not estimable,not applicable
4,seed206369,Normal,307759,mlp,xgboost,50,100.0,not estimable,not applicable
4,seed206369,Normal,307759,rf,xgboost,50,100.0,not estimable,not applicable
4,seed206369,Normal,333019,hybrid,mlp,50,100.0,not estimable,100.0
4,seed206369,Normal,333019,hybrid,rf,50,100.0,not estimable,100.0
4,seed206369,Normal,333019,hybrid,xgboost,50,100.0,not estimable,100.0
4,seed206369,Normal,333019,mlp,rf,50,100.0,not estimable,not applicable
4,seed206369,Normal,333019,mlp,xgboost,50,100.0,not estimable,not applicable
4,seed206369,Normal,333019,rf,xgboost,50,100.0,not estimable,not applicable
4,seed206369,SYNFlood,104729,hybrid,mlp,850,100.0,not estimable,100.0
4,seed206369,SYNFlood,104729,hybrid,rf,850,100.0,not estimable,100.0
4,seed206369,SYNFlood,104729,hybrid,xgboost,850,100.0,not estimable,100.0
4,seed206369,SYNFlood,104729,mlp,rf,850,100.0,not estimable,not applicable
4,seed206369,SYNFlood,104729,mlp,xgboost,850,100.0,not estimable,not applicable
4,seed206369,SYNFlood,104729,rf,xgboost,850,100.0,not estimable,not applicable
4,seed206369,SYNFlood,130363,hybrid,mlp,850,100.0,not estimable,100.0
4,seed206369,SYNFlood,130363,hybrid,rf,850,100.0,not estimable,100.0
4,seed206369,SYNFlood,130363,hybrid,xgboost,850,100.0,not estimable,100.0
4,seed206369,SYNFlood,130363,mlp,rf,850,100.0,not estimable,not applicable
4,seed206369,SYNFlood,130363,mlp,xgboost,850,100.0,not estimable,not applicable
4,seed206369,SYNFlood,130363,rf,xgboost,850,100.0,not estimable,not applicable
4,seed206369,SYNFlood,155921,hybrid,mlp,850,100.0,not estimable,100.0
4,seed206369,SYNFlood,155921,hybrid,rf,850,100.0,not estimable,100.0
4,seed206369,SYNFlood,155921,hybrid,xgboost,850,100.0,not estimable,100.0
4,seed206369,SYNFlood,155921,mlp,rf,850,100.0,not estimable,not applicable
4,seed206369,SYNFlood,155921,mlp,xgboost,850,100.0,not estimable,not applicable
4,seed206369,SYNFlood,155921,rf,xgboost,850,100.0,not estimable,not applicable
4,seed206369,SYNFlood,181081,hybrid,mlp,850,100.0,not estimable,100.0
4,seed206369,SYNFlood,181081,hybrid,rf,850,100.0,not estimable,100.0
4,seed206369,SYNFlood,181081,hybrid,xgboost,850,100.0,not estimable,100.0
4,seed206369,SYNFlood,181081,mlp,rf,850,100.0,not estimable,not applicable
4,seed206369,SYNFlood,181081,mlp,xgboost,850,100.0,not estimable,not applicable
4,seed206369,SYNFlood,181081,rf,xgboost,850,100.0,not estimable,not applicable
4,seed206369,SYNFlood,206369,hybrid,mlp,850,100.0,not estimable,100.0
4,seed206369,SYNFlood,206369,hybrid,rf,850,100.0,not estimable,100.0
4,seed206369,SYNFlood,206369,hybrid,xgboost,850,100.0,not estimable,100.0
4,seed206369,SYNFlood,206369,mlp,rf,850,100.0,not estimable,not applicable
4,seed206369,SYNFlood,206369,mlp,xgboost,850,100.0,not estimable,not applicable
4,seed206369,SYNFlood,206369,rf,xgboost,850,100.0,not estimable,not applicable
4,seed206369,SYNFlood,231701,hybrid,mlp,850,99.41176470588235,0.0,99.41176470588235
4,seed206369,SYNFlood,231701,hybrid,rf,850,100.0,not estimable,100.0
4,seed206369,SYNFlood,231701,hybrid,xgboost,850,100.0,not estimable,100.0
4,seed206369,SYNFlood,231701,mlp,rf,850,99.41176470588235,0.0,not applicable
4,seed206369,SYNFlood,231701,mlp,xgboost,850,99.41176470588235,0.0,not applicable
4,seed206369,SYNFlood,231701,rf,xgboost,850,100.0,not estimable,not applicable
4,seed206369,SYNFlood,257053,hybrid,mlp,850,100.0,not estimable,100.0
4,seed206369,SYNFlood,257053,hybrid,rf,850,100.0,not estimable,100.0
4,seed206369,SYNFlood,257053,hybrid,xgboost,850,100.0,not estimable,100.0
4,seed206369,SYNFlood,257053,mlp,rf,850,100.0,not estimable,not applicable
4,seed206369,SYNFlood,257053,mlp,xgboost,850,100.0,not estimable,not applicable
4,seed206369,SYNFlood,257053,rf,xgboost,850,100.0,not estimable,not applicable
4,seed206369,SYNFlood,282427,hybrid,mlp,850,100.0,not estimable,100.0
4,seed206369,SYNFlood,282427,hybrid,rf,850,100.0,not estimable,100.0
4,seed206369,SYNFlood,282427,hybrid,xgboost,850,100.0,not estimable,100.0
4,seed206369,SYNFlood,282427,mlp,rf,850,100.0,not estimable,not applicable
4,seed206369,SYNFlood,282427,mlp,xgboost,850,100.0,not estimable,not applicable
4,seed206369,SYNFlood,282427,rf,xgboost,850,100.0,not estimable,not applicable
4,seed206369,SYNFlood,307759,hybrid,mlp,850,100.0,not estimable,100.0
4,seed206369,SYNFlood,307759,hybrid,rf,850,100.0,not estimable,100.0
4,seed206369,SYNFlood,307759,hybrid,xgboost,850,100.0,not estimable,100.0
4,seed206369,SYNFlood,307759,mlp,rf,850,100.0,not estimable,not applicable
4,seed206369,SYNFlood,307759,mlp,xgboost,850,100.0,not estimable,not applicable
4,seed206369,SYNFlood,307759,rf,xgboost,850,100.0,not estimable,not applicable
4,seed206369,SYNFlood,333019,hybrid,mlp,850,100.0,not estimable,100.0
4,seed206369,SYNFlood,333019,hybrid,rf,850,100.0,not estimable,100.0
4,seed206369,SYNFlood,333019,hybrid,xgboost,850,100.0,not estimable,100.0
4,seed206369,SYNFlood,333019,mlp,rf,850,100.0,not estimable,not applicable
4,seed206369,SYNFlood,333019,mlp,xgboost,850,100.0,not estimable,not applicable
4,seed206369,SYNFlood,333019,rf,xgboost,850,100.0,not estimable,not applicable
4,seed206369,UDPFlood,104729,hybrid,mlp,70,100.0,1.0,100.0
4,seed206369,UDPFlood,104729,hybrid,rf,70,100.0,1.0,100.0
4,seed206369,UDPFlood,104729,hybrid,xgboost,70,100.0,1.0,100.0
4,seed206369,UDPFlood,104729,mlp,rf,70,100.0,1.0,not applicable
4,seed206369,UDPFlood,104729,mlp,xgboost,70,100.0,1.0,not applicable
4,seed206369,UDPFlood,104729,rf,xgboost,70,100.0,1.0,not applicable
4,seed206369,UDPFlood,130363,hybrid,mlp,70,100.0,1.0,100.0
4,seed206369,UDPFlood,130363,hybrid,rf,70,100.0,1.0,100.0
4,seed206369,UDPFlood,130363,hybrid,xgboost,70,100.0,1.0,100.0
4,seed206369,UDPFlood,130363,mlp,rf,70,100.0,1.0,not applicable
4,seed206369,UDPFlood,130363,mlp,xgboost,70,100.0,1.0,not applicable
4,seed206369,UDPFlood,130363,rf,xgboost,70,100.0,1.0,not applicable
4,seed206369,UDPFlood,155921,hybrid,mlp,70,71.42857142857143,0.0,71.42857142857143
4,seed206369,UDPFlood,155921,hybrid,rf,70,100.0,1.0,100.0
4,seed206369,UDPFlood,155921,hybrid,xgboost,70,100.0,1.0,100.0
4,seed206369,UDPFlood,155921,mlp,rf,70,71.42857142857143,0.0,not applicable
4,seed206369,UDPFlood,155921,mlp,xgboost,70,71.42857142857143,0.0,not applicable
4,seed206369,UDPFlood,155921,rf,xgboost,70,100.0,1.0,not applicable
4,seed206369,UDPFlood,181081,hybrid,mlp,70,71.42857142857143,0.0,71.42857142857143
4,seed206369,UDPFlood,181081,hybrid,rf,70,100.0,1.0,100.0
4,seed206369,UDPFlood,181081,hybrid,xgboost,70,100.0,1.0,100.0
4,seed206369,UDPFlood,181081,mlp,rf,70,71.42857142857143,0.0,not applicable
4,seed206369,UDPFlood,181081,mlp,xgboost,70,71.42857142857143,0.0,not applicable
4,seed206369,UDPFlood,181081,rf,xgboost,70,100.0,1.0,not applicable
4,seed206369,UDPFlood,206369,hybrid,mlp,70,100.0,1.0,100.0
4,seed206369,UDPFlood,206369,hybrid,rf,70,100.0,1.0,100.0
4,seed206369,UDPFlood,206369,hybrid,xgboost,70,100.0,1.0,100.0
4,seed206369,UDPFlood,206369,mlp,rf,70,100.0,1.0,not applicable
4,seed206369,UDPFlood,206369,mlp,xgboost,70,100.0,1.0,not applicable
4,seed206369,UDPFlood,206369,rf,xgboost,70,100.0,1.0,not applicable
4,seed206369,UDPFlood,231701,hybrid,mlp,70,71.42857142857143,0.0,71.42857142857143
4,seed206369,UDPFlood,231701,hybrid,rf,70,100.0,1.0,100.0
4,seed206369,UDPFlood,231701,hybrid,xgboost,70,100.0,1.0,100.0
4,seed206369,UDPFlood,231701,mlp,rf,70,71.42857142857143,0.0,not applicable
4,seed206369,UDPFlood,231701,mlp,xgboost,70,71.42857142857143,0.0,not applicable
4,seed206369,UDPFlood,231701,rf,xgboost,70,100.0,1.0,not applicable
4,seed206369,UDPFlood,257053,hybrid,mlp,70,71.42857142857143,0.0,71.42857142857143
4,seed206369,UDPFlood,257053,hybrid,rf,70,100.0,1.0,100.0
4,seed206369,UDPFlood,257053,hybrid,xgboost,70,100.0,1.0,100.0
4,seed206369,UDPFlood,257053,mlp,rf,70,71.42857142857143,0.0,not applicable
4,seed206369,UDPFlood,257053,mlp,xgboost,70,71.42857142857143,0.0,not applicable
4,seed206369,UDPFlood,257053,rf,xgboost,70,100.0,1.0,not applicable
4,seed206369,UDPFlood,282427,hybrid,mlp,70,71.42857142857143,0.0,71.42857142857143
4,seed206369,UDPFlood,282427,hybrid,rf,70,100.0,1.0,100.0
4,seed206369,UDPFlood,282427,hybrid,xgboost,70,100.0,1.0,100.0
4,seed206369,UDPFlood,282427,mlp,rf,70,71.42857142857143,0.0,not applicable
4,seed206369,UDPFlood,282427,mlp,xgboost,70,71.42857142857143,0.0,not applicable
4,seed206369,UDPFlood,282427,rf,xgboost,70,100.0,1.0,not applicable
4,seed206369,UDPFlood,307759,hybrid,mlp,70,100.0,1.0,100.0
4,seed206369,UDPFlood,307759,hybrid,rf,70,100.0,1.0,100.0
4,seed206369,UDPFlood,307759,hybrid,xgboost,70,100.0,1.0,100.0
4,seed206369,UDPFlood,307759,mlp,rf,70,100.0,1.0,not applicable
4,seed206369,UDPFlood,307759,mlp,xgboost,70,100.0,1.0,not applicable
4,seed206369,UDPFlood,307759,rf,xgboost,70,100.0,1.0,not applicable
4,seed206369,UDPFlood,333019,hybrid,mlp,70,100.0,1.0,100.0
4,seed206369,UDPFlood,333019,hybrid,rf,70,100.0,1.0,100.0
4,seed206369,UDPFlood,333019,hybrid,xgboost,70,100.0,1.0,100.0
4,seed206369,UDPFlood,333019,mlp,rf,70,100.0,1.0,not applicable
4,seed206369,UDPFlood,333019,mlp,xgboost,70,100.0,1.0,not applicable
4,seed206369,UDPFlood,333019,rf,xgboost,70,100.0,1.0,not applicable
4,seed231701,DNSAmplification,104729,hybrid,mlp,60,100.0,1.0,100.0
4,seed231701,DNSAmplification,104729,hybrid,rf,60,100.0,1.0,100.0
4,seed231701,DNSAmplification,104729,hybrid,xgboost,60,100.0,1.0,100.0
4,seed231701,DNSAmplification,104729,mlp,rf,60,100.0,1.0,not applicable
4,seed231701,DNSAmplification,104729,mlp,xgboost,60,100.0,1.0,not applicable
4,seed231701,DNSAmplification,104729,rf,xgboost,60,100.0,1.0,not applicable
4,seed231701,DNSAmplification,130363,hybrid,mlp,60,100.0,1.0,100.0
4,seed231701,DNSAmplification,130363,hybrid,rf,60,100.0,1.0,100.0
4,seed231701,DNSAmplification,130363,hybrid,xgboost,60,100.0,1.0,100.0
4,seed231701,DNSAmplification,130363,mlp,rf,60,100.0,1.0,not applicable
4,seed231701,DNSAmplification,130363,mlp,xgboost,60,100.0,1.0,not applicable
4,seed231701,DNSAmplification,130363,rf,xgboost,60,100.0,1.0,not applicable
4,seed231701,DNSAmplification,155921,hybrid,mlp,60,83.33333333333334,0.0,83.33333333333334
4,seed231701,DNSAmplification,155921,hybrid,rf,60,100.0,1.0,100.0
4,seed231701,DNSAmplification,155921,hybrid,xgboost,60,100.0,1.0,100.0
4,seed231701,DNSAmplification,155921,mlp,rf,60,83.33333333333334,0.0,not applicable
4,seed231701,DNSAmplification,155921,mlp,xgboost,60,83.33333333333334,0.0,not applicable
4,seed231701,DNSAmplification,155921,rf,xgboost,60,100.0,1.0,not applicable
4,seed231701,DNSAmplification,181081,hybrid,mlp,60,83.33333333333334,0.0,83.33333333333334
4,seed231701,DNSAmplification,181081,hybrid,rf,60,100.0,1.0,100.0
4,seed231701,DNSAmplification,181081,hybrid,xgboost,60,100.0,1.0,100.0
4,seed231701,DNSAmplification,181081,mlp,rf,60,83.33333333333334,0.0,not applicable
4,seed231701,DNSAmplification,181081,mlp,xgboost,60,83.33333333333334,0.0,not applicable
4,seed231701,DNSAmplification,181081,rf,xgboost,60,100.0,1.0,not applicable
4,seed231701,DNSAmplification,206369,hybrid,mlp,60,100.0,1.0,100.0
4,seed231701,DNSAmplification,206369,hybrid,rf,60,100.0,1.0,100.0
4,seed231701,DNSAmplification,206369,hybrid,xgboost,60,100.0,1.0,100.0
4,seed231701,DNSAmplification,206369,mlp,rf,60,100.0,1.0,not applicable
4,seed231701,DNSAmplification,206369,mlp,xgboost,60,100.0,1.0,not applicable
4,seed231701,DNSAmplification,206369,rf,xgboost,60,100.0,1.0,not applicable
4,seed231701,DNSAmplification,231701,hybrid,mlp,60,83.33333333333334,0.0,83.33333333333334
4,seed231701,DNSAmplification,231701,hybrid,rf,60,100.0,1.0,100.0
4,seed231701,DNSAmplification,231701,hybrid,xgboost,60,100.0,1.0,100.0
4,seed231701,DNSAmplification,231701,mlp,rf,60,83.33333333333334,0.0,not applicable
4,seed231701,DNSAmplification,231701,mlp,xgboost,60,83.33333333333334,0.0,not applicable
4,seed231701,DNSAmplification,231701,rf,xgboost,60,100.0,1.0,not applicable
4,seed231701,DNSAmplification,257053,hybrid,mlp,60,83.33333333333334,0.0,83.33333333333334
4,seed231701,DNSAmplification,257053,hybrid,rf,60,100.0,1.0,100.0
4,seed231701,DNSAmplification,257053,hybrid,xgboost,60,100.0,1.0,100.0
4,seed231701,DNSAmplification,257053,mlp,rf,60,83.33333333333334,0.0,not applicable
4,seed231701,DNSAmplification,257053,mlp,xgboost,60,83.33333333333334,0.0,not applicable
4,seed231701,DNSAmplification,257053,rf,xgboost,60,100.0,1.0,not applicable
4,seed231701,DNSAmplification,282427,hybrid,mlp,60,83.33333333333334,0.0,83.33333333333334
4,seed231701,DNSAmplification,282427,hybrid,rf,60,100.0,1.0,100.0
4,seed231701,DNSAmplification,282427,hybrid,xgboost,60,100.0,1.0,100.0
4,seed231701,DNSAmplification,282427,mlp,rf,60,83.33333333333334,0.0,not applicable
4,seed231701,DNSAmplification,282427,mlp,xgboost,60,83.33333333333334,0.0,not applicable
4,seed231701,DNSAmplification,282427,rf,xgboost,60,100.0,1.0,not applicable
4,seed231701,DNSAmplification,307759,hybrid,mlp,60,100.0,1.0,100.0
4,seed231701,DNSAmplification,307759,hybrid,rf,60,100.0,1.0,100.0
4,seed231701,DNSAmplification,307759,hybrid,xgboost,60,100.0,1.0,100.0
4,seed231701,DNSAmplification,307759,mlp,rf,60,100.0,1.0,not applicable
4,seed231701,DNSAmplification,307759,mlp,xgboost,60,100.0,1.0,not applicable
4,seed231701,DNSAmplification,307759,rf,xgboost,60,100.0,1.0,not applicable
4,seed231701,DNSAmplification,333019,hybrid,mlp,60,100.0,1.0,100.0
4,seed231701,DNSAmplification,333019,hybrid,rf,60,100.0,1.0,100.0
4,seed231701,DNSAmplification,333019,hybrid,xgboost,60,100.0,1.0,100.0
4,seed231701,DNSAmplification,333019,mlp,rf,60,100.0,1.0,not applicable
4,seed231701,DNSAmplification,333019,mlp,xgboost,60,100.0,1.0,not applicable
4,seed231701,DNSAmplification,333019,rf,xgboost,60,100.0,1.0,not applicable
4,seed231701,Normal,104729,hybrid,mlp,50,100.0,not estimable,100.0
4,seed231701,Normal,104729,hybrid,rf,50,100.0,not estimable,100.0
4,seed231701,Normal,104729,hybrid,xgboost,50,100.0,not estimable,100.0
4,seed231701,Normal,104729,mlp,rf,50,100.0,not estimable,not applicable
4,seed231701,Normal,104729,mlp,xgboost,50,100.0,not estimable,not applicable
4,seed231701,Normal,104729,rf,xgboost,50,100.0,not estimable,not applicable
4,seed231701,Normal,130363,hybrid,mlp,50,100.0,not estimable,100.0
4,seed231701,Normal,130363,hybrid,rf,50,100.0,not estimable,100.0
4,seed231701,Normal,130363,hybrid,xgboost,50,100.0,not estimable,100.0
4,seed231701,Normal,130363,mlp,rf,50,100.0,not estimable,not applicable
4,seed231701,Normal,130363,mlp,xgboost,50,100.0,not estimable,not applicable
4,seed231701,Normal,130363,rf,xgboost,50,100.0,not estimable,not applicable
4,seed231701,Normal,155921,hybrid,mlp,50,100.0,not estimable,100.0
4,seed231701,Normal,155921,hybrid,rf,50,100.0,not estimable,100.0
4,seed231701,Normal,155921,hybrid,xgboost,50,100.0,not estimable,100.0
4,seed231701,Normal,155921,mlp,rf,50,100.0,not estimable,not applicable
4,seed231701,Normal,155921,mlp,xgboost,50,100.0,not estimable,not applicable
4,seed231701,Normal,155921,rf,xgboost,50,100.0,not estimable,not applicable
4,seed231701,Normal,181081,hybrid,mlp,50,100.0,not estimable,100.0
4,seed231701,Normal,181081,hybrid,rf,50,100.0,not estimable,100.0
4,seed231701,Normal,181081,hybrid,xgboost,50,100.0,not estimable,100.0
4,seed231701,Normal,181081,mlp,rf,50,100.0,not estimable,not applicable
4,seed231701,Normal,181081,mlp,xgboost,50,100.0,not estimable,not applicable
4,seed231701,Normal,181081,rf,xgboost,50,100.0,not estimable,not applicable
4,seed231701,Normal,206369,hybrid,mlp,50,100.0,not estimable,100.0
4,seed231701,Normal,206369,hybrid,rf,50,100.0,not estimable,100.0
4,seed231701,Normal,206369,hybrid,xgboost,50,100.0,not estimable,100.0
4,seed231701,Normal,206369,mlp,rf,50,100.0,not estimable,not applicable
4,seed231701,Normal,206369,mlp,xgboost,50,100.0,not estimable,not applicable
4,seed231701,Normal,206369,rf,xgboost,50,100.0,not estimable,not applicable
4,seed231701,Normal,231701,hybrid,mlp,50,100.0,not estimable,100.0
4,seed231701,Normal,231701,hybrid,rf,50,100.0,not estimable,100.0
4,seed231701,Normal,231701,hybrid,xgboost,50,100.0,not estimable,100.0
4,seed231701,Normal,231701,mlp,rf,50,100.0,not estimable,not applicable
4,seed231701,Normal,231701,mlp,xgboost,50,100.0,not estimable,not applicable
4,seed231701,Normal,231701,rf,xgboost,50,100.0,not estimable,not applicable
4,seed231701,Normal,257053,hybrid,mlp,50,100.0,not estimable,100.0
4,seed231701,Normal,257053,hybrid,rf,50,100.0,not estimable,100.0
4,seed231701,Normal,257053,hybrid,xgboost,50,100.0,not estimable,100.0
4,seed231701,Normal,257053,mlp,rf,50,100.0,not estimable,not applicable
4,seed231701,Normal,257053,mlp,xgboost,50,100.0,not estimable,not applicable
4,seed231701,Normal,257053,rf,xgboost,50,100.0,not estimable,not applicable
4,seed231701,Normal,282427,hybrid,mlp,50,100.0,not estimable,100.0
4,seed231701,Normal,282427,hybrid,rf,50,100.0,not estimable,100.0
4,seed231701,Normal,282427,hybrid,xgboost,50,100.0,not estimable,100.0
4,seed231701,Normal,282427,mlp,rf,50,100.0,not estimable,not applicable
4,seed231701,Normal,282427,mlp,xgboost,50,100.0,not estimable,not applicable
4,seed231701,Normal,282427,rf,xgboost,50,100.0,not estimable,not applicable
4,seed231701,Normal,307759,hybrid,mlp,50,100.0,not estimable,100.0
4,seed231701,Normal,307759,hybrid,rf,50,100.0,not estimable,100.0
4,seed231701,Normal,307759,hybrid,xgboost,50,100.0,not estimable,100.0
4,seed231701,Normal,307759,mlp,rf,50,100.0,not estimable,not applicable
4,seed231701,Normal,307759,mlp,xgboost,50,100.0,not estimable,not applicable
4,seed231701,Normal,307759,rf,xgboost,50,100.0,not estimable,not applicable
4,seed231701,Normal,333019,hybrid,mlp,50,100.0,not estimable,100.0
4,seed231701,Normal,333019,hybrid,rf,50,100.0,not estimable,100.0
4,seed231701,Normal,333019,hybrid,xgboost,50,100.0,not estimable,100.0
4,seed231701,Normal,333019,mlp,rf,50,100.0,not estimable,not applicable
4,seed231701,Normal,333019,mlp,xgboost,50,100.0,not estimable,not applicable
4,seed231701,Normal,333019,rf,xgboost,50,100.0,not estimable,not applicable
4,seed231701,SYNFlood,104729,hybrid,mlp,850,99.76470588235294,0.0,99.76470588235294
4,seed231701,SYNFlood,104729,hybrid,rf,850,100.0,not estimable,100.0
4,seed231701,SYNFlood,104729,hybrid,xgboost,850,100.0,not estimable,100.0
4,seed231701,SYNFlood,104729,mlp,rf,850,99.76470588235294,0.0,not applicable
4,seed231701,SYNFlood,104729,mlp,xgboost,850,99.76470588235294,0.0,not applicable
4,seed231701,SYNFlood,104729,rf,xgboost,850,100.0,not estimable,not applicable
4,seed231701,SYNFlood,130363,hybrid,mlp,850,100.0,not estimable,100.0
4,seed231701,SYNFlood,130363,hybrid,rf,850,100.0,not estimable,100.0
4,seed231701,SYNFlood,130363,hybrid,xgboost,850,100.0,not estimable,100.0
4,seed231701,SYNFlood,130363,mlp,rf,850,100.0,not estimable,not applicable
4,seed231701,SYNFlood,130363,mlp,xgboost,850,100.0,not estimable,not applicable
4,seed231701,SYNFlood,130363,rf,xgboost,850,100.0,not estimable,not applicable
4,seed231701,SYNFlood,155921,hybrid,mlp,850,100.0,not estimable,100.0
4,seed231701,SYNFlood,155921,hybrid,rf,850,100.0,not estimable,100.0
4,seed231701,SYNFlood,155921,hybrid,xgboost,850,100.0,not estimable,100.0
4,seed231701,SYNFlood,155921,mlp,rf,850,100.0,not estimable,not applicable
4,seed231701,SYNFlood,155921,mlp,xgboost,850,100.0,not estimable,not applicable
4,seed231701,SYNFlood,155921,rf,xgboost,850,100.0,not estimable,not applicable
4,seed231701,SYNFlood,181081,hybrid,mlp,850,99.76470588235294,0.0,99.76470588235294
4,seed231701,SYNFlood,181081,hybrid,rf,850,100.0,not estimable,100.0
4,seed231701,SYNFlood,181081,hybrid,xgboost,850,100.0,not estimable,100.0
4,seed231701,SYNFlood,181081,mlp,rf,850,99.76470588235294,0.0,not applicable
4,seed231701,SYNFlood,181081,mlp,xgboost,850,99.76470588235294,0.0,not applicable
4,seed231701,SYNFlood,181081,rf,xgboost,850,100.0,not estimable,not applicable
4,seed231701,SYNFlood,206369,hybrid,mlp,850,99.76470588235294,0.0,99.76470588235294
4,seed231701,SYNFlood,206369,hybrid,rf,850,100.0,not estimable,100.0
4,seed231701,SYNFlood,206369,hybrid,xgboost,850,100.0,not estimable,100.0
4,seed231701,SYNFlood,206369,mlp,rf,850,99.76470588235294,0.0,not applicable
4,seed231701,SYNFlood,206369,mlp,xgboost,850,99.76470588235294,0.0,not applicable
4,seed231701,SYNFlood,206369,rf,xgboost,850,100.0,not estimable,not applicable
4,seed231701,SYNFlood,231701,hybrid,mlp,850,99.52941176470588,0.0,99.52941176470588
4,seed231701,SYNFlood,231701,hybrid,rf,850,100.0,not estimable,100.0
4,seed231701,SYNFlood,231701,hybrid,xgboost,850,100.0,not estimable,100.0
4,seed231701,SYNFlood,231701,mlp,rf,850,99.52941176470588,0.0,not applicable
4,seed231701,SYNFlood,231701,mlp,xgboost,850,99.52941176470588,0.0,not applicable
4,seed231701,SYNFlood,231701,rf,xgboost,850,100.0,not estimable,not applicable
4,seed231701,SYNFlood,257053,hybrid,mlp,850,99.76470588235294,0.0,99.76470588235294
4,seed231701,SYNFlood,257053,hybrid,rf,850,100.0,not estimable,100.0
4,seed231701,SYNFlood,257053,hybrid,xgboost,850,100.0,not estimable,100.0
4,seed231701,SYNFlood,257053,mlp,rf,850,99.76470588235294,0.0,not applicable
4,seed231701,SYNFlood,257053,mlp,xgboost,850,99.76470588235294,0.0,not applicable
4,seed231701,SYNFlood,257053,rf,xgboost,850,100.0,not estimable,not applicable
4,seed231701,SYNFlood,282427,hybrid,mlp,850,99.76470588235294,0.0,99.76470588235294
4,seed231701,SYNFlood,282427,hybrid,rf,850,100.0,not estimable,100.0
4,seed231701,SYNFlood,282427,hybrid,xgboost,850,100.0,not estimable,100.0
4,seed231701,SYNFlood,282427,mlp,rf,850,99.76470588235294,0.0,not applicable
4,seed231701,SYNFlood,282427,mlp,xgboost,850,99.76470588235294,0.0,not applicable
4,seed231701,SYNFlood,282427,rf,xgboost,850,100.0,not estimable,not applicable
4,seed231701,SYNFlood,307759,hybrid,mlp,850,100.0,not estimable,100.0
4,seed231701,SYNFlood,307759,hybrid,rf,850,100.0,not estimable,100.0
4,seed231701,SYNFlood,307759,hybrid,xgboost,850,100.0,not estimable,100.0
4,seed231701,SYNFlood,307759,mlp,rf,850,100.0,not estimable,not applicable
4,seed231701,SYNFlood,307759,mlp,xgboost,850,100.0,not estimable,not applicable
4,seed231701,SYNFlood,307759,rf,xgboost,850,100.0,not estimable,not applicable
4,seed231701,SYNFlood,333019,hybrid,mlp,850,100.0,not estimable,100.0
4,seed231701,SYNFlood,333019,hybrid,rf,850,100.0,not estimable,100.0
4,seed231701,SYNFlood,333019,hybrid,xgboost,850,100.0,not estimable,100.0
4,seed231701,SYNFlood,333019,mlp,rf,850,100.0,not estimable,not applicable
4,seed231701,SYNFlood,333019,mlp,xgboost,850,100.0,not estimable,not applicable
4,seed231701,SYNFlood,333019,rf,xgboost,850,100.0,not estimable,not applicable
4,seed231701,UDPFlood,104729,hybrid,mlp,72,97.22222222222221,0.9328358208955224,97.22222222222221
4,seed231701,UDPFlood,104729,hybrid,rf,72,100.0,1.0,100.0
4,seed231701,UDPFlood,104729,hybrid,xgboost,72,100.0,1.0,100.0
4,seed231701,UDPFlood,104729,mlp,rf,72,97.22222222222221,0.9328358208955224,not applicable
4,seed231701,UDPFlood,104729,mlp,xgboost,72,97.22222222222221,0.9328358208955224,not applicable
4,seed231701,UDPFlood,104729,rf,xgboost,72,100.0,1.0,not applicable
4,seed231701,UDPFlood,130363,hybrid,mlp,72,100.0,1.0,100.0
4,seed231701,UDPFlood,130363,hybrid,rf,72,100.0,1.0,100.0
4,seed231701,UDPFlood,130363,hybrid,xgboost,72,100.0,1.0,100.0
4,seed231701,UDPFlood,130363,mlp,rf,72,100.0,1.0,not applicable
4,seed231701,UDPFlood,130363,mlp,xgboost,72,100.0,1.0,not applicable
4,seed231701,UDPFlood,130363,rf,xgboost,72,100.0,1.0,not applicable
4,seed231701,UDPFlood,155921,hybrid,mlp,72,69.44444444444444,-0.05319148936170226,69.44444444444444
4,seed231701,UDPFlood,155921,hybrid,rf,72,100.0,1.0,100.0
4,seed231701,UDPFlood,155921,hybrid,xgboost,72,100.0,1.0,100.0
4,seed231701,UDPFlood,155921,mlp,rf,72,69.44444444444444,-0.05319148936170226,not applicable
4,seed231701,UDPFlood,155921,mlp,xgboost,72,69.44444444444444,-0.05319148936170226,not applicable
4,seed231701,UDPFlood,155921,rf,xgboost,72,100.0,1.0,not applicable
4,seed231701,UDPFlood,181081,hybrid,mlp,72,69.44444444444444,-0.05319148936170226,69.44444444444444
4,seed231701,UDPFlood,181081,hybrid,rf,72,100.0,1.0,100.0
4,seed231701,UDPFlood,181081,hybrid,xgboost,72,100.0,1.0,100.0
4,seed231701,UDPFlood,181081,mlp,rf,72,69.44444444444444,-0.05319148936170226,not applicable
4,seed231701,UDPFlood,181081,mlp,xgboost,72,69.44444444444444,-0.05319148936170226,not applicable
4,seed231701,UDPFlood,181081,rf,xgboost,72,100.0,1.0,not applicable
4,seed231701,UDPFlood,206369,hybrid,mlp,72,97.22222222222221,0.9328358208955224,97.22222222222221
4,seed231701,UDPFlood,206369,hybrid,rf,72,100.0,1.0,100.0
4,seed231701,UDPFlood,206369,hybrid,xgboost,72,100.0,1.0,100.0
4,seed231701,UDPFlood,206369,mlp,rf,72,97.22222222222221,0.9328358208955224,not applicable
4,seed231701,UDPFlood,206369,mlp,xgboost,72,97.22222222222221,0.9328358208955224,not applicable
4,seed231701,UDPFlood,206369,rf,xgboost,72,100.0,1.0,not applicable
4,seed231701,UDPFlood,231701,hybrid,mlp,72,69.44444444444444,-0.05319148936170226,69.44444444444444
4,seed231701,UDPFlood,231701,hybrid,rf,72,100.0,1.0,100.0
4,seed231701,UDPFlood,231701,hybrid,xgboost,72,100.0,1.0,100.0
4,seed231701,UDPFlood,231701,mlp,rf,72,69.44444444444444,-0.05319148936170226,not applicable
4,seed231701,UDPFlood,231701,mlp,xgboost,72,69.44444444444444,-0.05319148936170226,not applicable
4,seed231701,UDPFlood,231701,rf,xgboost,72,100.0,1.0,not applicable
4,seed231701,UDPFlood,257053,hybrid,mlp,72,69.44444444444444,-0.05319148936170226,69.44444444444444
4,seed231701,UDPFlood,257053,hybrid,rf,72,100.0,1.0,100.0
4,seed231701,UDPFlood,257053,hybrid,xgboost,72,100.0,1.0,100.0
4,seed231701,UDPFlood,257053,mlp,rf,72,69.44444444444444,-0.05319148936170226,not applicable
4,seed231701,UDPFlood,257053,mlp,xgboost,72,69.44444444444444,-0.05319148936170226,not applicable
4,seed231701,UDPFlood,257053,rf,xgboost,72,100.0,1.0,not applicable
4,seed231701,UDPFlood,282427,hybrid,mlp,72,69.44444444444444,-0.05319148936170226,69.44444444444444
4,seed231701,UDPFlood,282427,hybrid,rf,72,100.0,1.0,100.0
4,seed231701,UDPFlood,282427,hybrid,xgboost,72,100.0,1.0,100.0
4,seed231701,UDPFlood,282427,mlp,rf,72,69.44444444444444,-0.05319148936170226,not applicable
4,seed231701,UDPFlood,282427,mlp,xgboost,72,69.44444444444444,-0.05319148936170226,not applicable
4,seed231701,UDPFlood,282427,rf,xgboost,72,100.0,1.0,not applicable
4,seed231701,UDPFlood,307759,hybrid,mlp,72,97.22222222222221,0.9328358208955224,97.22222222222221
4,seed231701,UDPFlood,307759,hybrid,rf,72,100.0,1.0,100.0
4,seed231701,UDPFlood,307759,hybrid,xgboost,72,100.0,1.0,100.0
4,seed231701,UDPFlood,307759,mlp,rf,72,97.22222222222221,0.9328358208955224,not applicable
4,seed231701,UDPFlood,307759,mlp,xgboost,72,97.22222222222221,0.9328358208955224,not applicable
4,seed231701,UDPFlood,307759,rf,xgboost,72,100.0,1.0,not applicable
4,seed231701,UDPFlood,333019,hybrid,mlp,72,100.0,1.0,100.0
4,seed231701,UDPFlood,333019,hybrid,rf,72,100.0,1.0,100.0
4,seed231701,UDPFlood,333019,hybrid,xgboost,72,100.0,1.0,100.0
4,seed231701,UDPFlood,333019,mlp,rf,72,100.0,1.0,not applicable
4,seed231701,UDPFlood,333019,mlp,xgboost,72,100.0,1.0,not applicable
4,seed231701,UDPFlood,333019,rf,xgboost,72,100.0,1.0,not applicable
4,seed257053,DNSAmplification,104729,hybrid,mlp,60,100.0,1.0,100.0
4,seed257053,DNSAmplification,104729,hybrid,rf,60,100.0,1.0,100.0
4,seed257053,DNSAmplification,104729,hybrid,xgboost,60,100.0,1.0,100.0
4,seed257053,DNSAmplification,104729,mlp,rf,60,100.0,1.0,not applicable
4,seed257053,DNSAmplification,104729,mlp,xgboost,60,100.0,1.0,not applicable
4,seed257053,DNSAmplification,104729,rf,xgboost,60,100.0,1.0,not applicable
4,seed257053,DNSAmplification,130363,hybrid,mlp,60,100.0,1.0,100.0
4,seed257053,DNSAmplification,130363,hybrid,rf,60,100.0,1.0,100.0
4,seed257053,DNSAmplification,130363,hybrid,xgboost,60,100.0,1.0,100.0
4,seed257053,DNSAmplification,130363,mlp,rf,60,100.0,1.0,not applicable
4,seed257053,DNSAmplification,130363,mlp,xgboost,60,100.0,1.0,not applicable
4,seed257053,DNSAmplification,130363,rf,xgboost,60,100.0,1.0,not applicable
4,seed257053,DNSAmplification,155921,hybrid,mlp,60,83.33333333333334,0.0,83.33333333333334
4,seed257053,DNSAmplification,155921,hybrid,rf,60,100.0,1.0,100.0
4,seed257053,DNSAmplification,155921,hybrid,xgboost,60,100.0,1.0,100.0
4,seed257053,DNSAmplification,155921,mlp,rf,60,83.33333333333334,0.0,not applicable
4,seed257053,DNSAmplification,155921,mlp,xgboost,60,83.33333333333334,0.0,not applicable
4,seed257053,DNSAmplification,155921,rf,xgboost,60,100.0,1.0,not applicable
4,seed257053,DNSAmplification,181081,hybrid,mlp,60,83.33333333333334,0.0,83.33333333333334
4,seed257053,DNSAmplification,181081,hybrid,rf,60,100.0,1.0,100.0
4,seed257053,DNSAmplification,181081,hybrid,xgboost,60,100.0,1.0,100.0
4,seed257053,DNSAmplification,181081,mlp,rf,60,83.33333333333334,0.0,not applicable
4,seed257053,DNSAmplification,181081,mlp,xgboost,60,83.33333333333334,0.0,not applicable
4,seed257053,DNSAmplification,181081,rf,xgboost,60,100.0,1.0,not applicable
4,seed257053,DNSAmplification,206369,hybrid,mlp,60,100.0,1.0,100.0
4,seed257053,DNSAmplification,206369,hybrid,rf,60,100.0,1.0,100.0
4,seed257053,DNSAmplification,206369,hybrid,xgboost,60,100.0,1.0,100.0
4,seed257053,DNSAmplification,206369,mlp,rf,60,100.0,1.0,not applicable
4,seed257053,DNSAmplification,206369,mlp,xgboost,60,100.0,1.0,not applicable
4,seed257053,DNSAmplification,206369,rf,xgboost,60,100.0,1.0,not applicable
4,seed257053,DNSAmplification,231701,hybrid,mlp,60,83.33333333333334,0.0,83.33333333333334
4,seed257053,DNSAmplification,231701,hybrid,rf,60,100.0,1.0,100.0
4,seed257053,DNSAmplification,231701,hybrid,xgboost,60,100.0,1.0,100.0
4,seed257053,DNSAmplification,231701,mlp,rf,60,83.33333333333334,0.0,not applicable
4,seed257053,DNSAmplification,231701,mlp,xgboost,60,83.33333333333334,0.0,not applicable
4,seed257053,DNSAmplification,231701,rf,xgboost,60,100.0,1.0,not applicable
4,seed257053,DNSAmplification,257053,hybrid,mlp,60,83.33333333333334,0.0,83.33333333333334
4,seed257053,DNSAmplification,257053,hybrid,rf,60,100.0,1.0,100.0
4,seed257053,DNSAmplification,257053,hybrid,xgboost,60,100.0,1.0,100.0
4,seed257053,DNSAmplification,257053,mlp,rf,60,83.33333333333334,0.0,not applicable
4,seed257053,DNSAmplification,257053,mlp,xgboost,60,83.33333333333334,0.0,not applicable
4,seed257053,DNSAmplification,257053,rf,xgboost,60,100.0,1.0,not applicable
4,seed257053,DNSAmplification,282427,hybrid,mlp,60,83.33333333333334,0.0,83.33333333333334
4,seed257053,DNSAmplification,282427,hybrid,rf,60,100.0,1.0,100.0
4,seed257053,DNSAmplification,282427,hybrid,xgboost,60,100.0,1.0,100.0
4,seed257053,DNSAmplification,282427,mlp,rf,60,83.33333333333334,0.0,not applicable
4,seed257053,DNSAmplification,282427,mlp,xgboost,60,83.33333333333334,0.0,not applicable
4,seed257053,DNSAmplification,282427,rf,xgboost,60,100.0,1.0,not applicable
4,seed257053,DNSAmplification,307759,hybrid,mlp,60,100.0,1.0,100.0
4,seed257053,DNSAmplification,307759,hybrid,rf,60,100.0,1.0,100.0
4,seed257053,DNSAmplification,307759,hybrid,xgboost,60,100.0,1.0,100.0
4,seed257053,DNSAmplification,307759,mlp,rf,60,100.0,1.0,not applicable
4,seed257053,DNSAmplification,307759,mlp,xgboost,60,100.0,1.0,not applicable
4,seed257053,DNSAmplification,307759,rf,xgboost,60,100.0,1.0,not applicable
4,seed257053,DNSAmplification,333019,hybrid,mlp,60,100.0,1.0,100.0
4,seed257053,DNSAmplification,333019,hybrid,rf,60,100.0,1.0,100.0
4,seed257053,DNSAmplification,333019,hybrid,xgboost,60,100.0,1.0,100.0
4,seed257053,DNSAmplification,333019,mlp,rf,60,100.0,1.0,not applicable
4,seed257053,DNSAmplification,333019,mlp,xgboost,60,100.0,1.0,not applicable
4,seed257053,DNSAmplification,333019,rf,xgboost,60,100.0,1.0,not applicable
4,seed257053,Normal,104729,hybrid,mlp,50,100.0,not estimable,100.0
4,seed257053,Normal,104729,hybrid,rf,50,100.0,not estimable,100.0
4,seed257053,Normal,104729,hybrid,xgboost,50,100.0,not estimable,100.0
4,seed257053,Normal,104729,mlp,rf,50,100.0,not estimable,not applicable
4,seed257053,Normal,104729,mlp,xgboost,50,100.0,not estimable,not applicable
4,seed257053,Normal,104729,rf,xgboost,50,100.0,not estimable,not applicable
4,seed257053,Normal,130363,hybrid,mlp,50,100.0,not estimable,100.0
4,seed257053,Normal,130363,hybrid,rf,50,100.0,not estimable,100.0
4,seed257053,Normal,130363,hybrid,xgboost,50,100.0,not estimable,100.0
4,seed257053,Normal,130363,mlp,rf,50,100.0,not estimable,not applicable
4,seed257053,Normal,130363,mlp,xgboost,50,100.0,not estimable,not applicable
4,seed257053,Normal,130363,rf,xgboost,50,100.0,not estimable,not applicable
4,seed257053,Normal,155921,hybrid,mlp,50,100.0,not estimable,100.0
4,seed257053,Normal,155921,hybrid,rf,50,100.0,not estimable,100.0
4,seed257053,Normal,155921,hybrid,xgboost,50,100.0,not estimable,100.0
4,seed257053,Normal,155921,mlp,rf,50,100.0,not estimable,not applicable
4,seed257053,Normal,155921,mlp,xgboost,50,100.0,not estimable,not applicable
4,seed257053,Normal,155921,rf,xgboost,50,100.0,not estimable,not applicable
4,seed257053,Normal,181081,hybrid,mlp,50,100.0,not estimable,100.0
4,seed257053,Normal,181081,hybrid,rf,50,100.0,not estimable,100.0
4,seed257053,Normal,181081,hybrid,xgboost,50,100.0,not estimable,100.0
4,seed257053,Normal,181081,mlp,rf,50,100.0,not estimable,not applicable
4,seed257053,Normal,181081,mlp,xgboost,50,100.0,not estimable,not applicable
4,seed257053,Normal,181081,rf,xgboost,50,100.0,not estimable,not applicable
4,seed257053,Normal,206369,hybrid,mlp,50,100.0,not estimable,100.0
4,seed257053,Normal,206369,hybrid,rf,50,100.0,not estimable,100.0
4,seed257053,Normal,206369,hybrid,xgboost,50,100.0,not estimable,100.0
4,seed257053,Normal,206369,mlp,rf,50,100.0,not estimable,not applicable
4,seed257053,Normal,206369,mlp,xgboost,50,100.0,not estimable,not applicable
4,seed257053,Normal,206369,rf,xgboost,50,100.0,not estimable,not applicable
4,seed257053,Normal,231701,hybrid,mlp,50,100.0,not estimable,100.0
4,seed257053,Normal,231701,hybrid,rf,50,100.0,not estimable,100.0
4,seed257053,Normal,231701,hybrid,xgboost,50,100.0,not estimable,100.0
4,seed257053,Normal,231701,mlp,rf,50,100.0,not estimable,not applicable
4,seed257053,Normal,231701,mlp,xgboost,50,100.0,not estimable,not applicable
4,seed257053,Normal,231701,rf,xgboost,50,100.0,not estimable,not applicable
4,seed257053,Normal,257053,hybrid,mlp,50,100.0,not estimable,100.0
4,seed257053,Normal,257053,hybrid,rf,50,100.0,not estimable,100.0
4,seed257053,Normal,257053,hybrid,xgboost,50,100.0,not estimable,100.0
4,seed257053,Normal,257053,mlp,rf,50,100.0,not estimable,not applicable
4,seed257053,Normal,257053,mlp,xgboost,50,100.0,not estimable,not applicable
4,seed257053,Normal,257053,rf,xgboost,50,100.0,not estimable,not applicable
4,seed257053,Normal,282427,hybrid,mlp,50,100.0,not estimable,100.0
4,seed257053,Normal,282427,hybrid,rf,50,100.0,not estimable,100.0
4,seed257053,Normal,282427,hybrid,xgboost,50,100.0,not estimable,100.0
4,seed257053,Normal,282427,mlp,rf,50,100.0,not estimable,not applicable
4,seed257053,Normal,282427,mlp,xgboost,50,100.0,not estimable,not applicable
4,seed257053,Normal,282427,rf,xgboost,50,100.0,not estimable,not applicable
4,seed257053,Normal,307759,hybrid,mlp,50,100.0,not estimable,100.0
4,seed257053,Normal,307759,hybrid,rf,50,100.0,not estimable,100.0
4,seed257053,Normal,307759,hybrid,xgboost,50,100.0,not estimable,100.0
4,seed257053,Normal,307759,mlp,rf,50,100.0,not estimable,not applicable
4,seed257053,Normal,307759,mlp,xgboost,50,100.0,not estimable,not applicable
4,seed257053,Normal,307759,rf,xgboost,50,100.0,not estimable,not applicable
4,seed257053,Normal,333019,hybrid,mlp,50,100.0,not estimable,100.0
4,seed257053,Normal,333019,hybrid,rf,50,100.0,not estimable,100.0
4,seed257053,Normal,333019,hybrid,xgboost,50,100.0,not estimable,100.0
4,seed257053,Normal,333019,mlp,rf,50,100.0,not estimable,not applicable
4,seed257053,Normal,333019,mlp,xgboost,50,100.0,not estimable,not applicable
4,seed257053,Normal,333019,rf,xgboost,50,100.0,not estimable,not applicable
4,seed257053,SYNFlood,104729,hybrid,mlp,850,99.88235294117646,0.0,99.88235294117646
4,seed257053,SYNFlood,104729,hybrid,rf,850,100.0,not estimable,100.0
4,seed257053,SYNFlood,104729,hybrid,xgboost,850,100.0,not estimable,100.0
4,seed257053,SYNFlood,104729,mlp,rf,850,99.88235294117646,0.0,not applicable
4,seed257053,SYNFlood,104729,mlp,xgboost,850,99.88235294117646,0.0,not applicable
4,seed257053,SYNFlood,104729,rf,xgboost,850,100.0,not estimable,not applicable
4,seed257053,SYNFlood,130363,hybrid,mlp,850,100.0,not estimable,100.0
4,seed257053,SYNFlood,130363,hybrid,rf,850,100.0,not estimable,100.0
4,seed257053,SYNFlood,130363,hybrid,xgboost,850,100.0,not estimable,100.0
4,seed257053,SYNFlood,130363,mlp,rf,850,100.0,not estimable,not applicable
4,seed257053,SYNFlood,130363,mlp,xgboost,850,100.0,not estimable,not applicable
4,seed257053,SYNFlood,130363,rf,xgboost,850,100.0,not estimable,not applicable
4,seed257053,SYNFlood,155921,hybrid,mlp,850,100.0,not estimable,100.0
4,seed257053,SYNFlood,155921,hybrid,rf,850,100.0,not estimable,100.0
4,seed257053,SYNFlood,155921,hybrid,xgboost,850,100.0,not estimable,100.0
4,seed257053,SYNFlood,155921,mlp,rf,850,100.0,not estimable,not applicable
4,seed257053,SYNFlood,155921,mlp,xgboost,850,100.0,not estimable,not applicable
4,seed257053,SYNFlood,155921,rf,xgboost,850,100.0,not estimable,not applicable
4,seed257053,SYNFlood,181081,hybrid,mlp,850,99.88235294117646,0.0,99.88235294117646
4,seed257053,SYNFlood,181081,hybrid,rf,850,100.0,not estimable,100.0
4,seed257053,SYNFlood,181081,hybrid,xgboost,850,100.0,not estimable,100.0
4,seed257053,SYNFlood,181081,mlp,rf,850,99.88235294117646,0.0,not applicable
4,seed257053,SYNFlood,181081,mlp,xgboost,850,99.88235294117646,0.0,not applicable
4,seed257053,SYNFlood,181081,rf,xgboost,850,100.0,not estimable,not applicable
4,seed257053,SYNFlood,206369,hybrid,mlp,850,99.88235294117646,0.0,99.88235294117646
4,seed257053,SYNFlood,206369,hybrid,rf,850,100.0,not estimable,100.0
4,seed257053,SYNFlood,206369,hybrid,xgboost,850,100.0,not estimable,100.0
4,seed257053,SYNFlood,206369,mlp,rf,850,99.88235294117646,0.0,not applicable
4,seed257053,SYNFlood,206369,mlp,xgboost,850,99.88235294117646,0.0,not applicable
4,seed257053,SYNFlood,206369,rf,xgboost,850,100.0,not estimable,not applicable
4,seed257053,SYNFlood,231701,hybrid,mlp,850,98.94117647058823,0.0,98.94117647058823
4,seed257053,SYNFlood,231701,hybrid,rf,850,100.0,not estimable,100.0
4,seed257053,SYNFlood,231701,hybrid,xgboost,850,100.0,not estimable,100.0
4,seed257053,SYNFlood,231701,mlp,rf,850,98.94117647058823,0.0,not applicable
4,seed257053,SYNFlood,231701,mlp,xgboost,850,98.94117647058823,0.0,not applicable
4,seed257053,SYNFlood,231701,rf,xgboost,850,100.0,not estimable,not applicable
4,seed257053,SYNFlood,257053,hybrid,mlp,850,99.88235294117646,0.0,99.88235294117646
4,seed257053,SYNFlood,257053,hybrid,rf,850,100.0,not estimable,100.0
4,seed257053,SYNFlood,257053,hybrid,xgboost,850,100.0,not estimable,100.0
4,seed257053,SYNFlood,257053,mlp,rf,850,99.88235294117646,0.0,not applicable
4,seed257053,SYNFlood,257053,mlp,xgboost,850,99.88235294117646,0.0,not applicable
4,seed257053,SYNFlood,257053,rf,xgboost,850,100.0,not estimable,not applicable
4,seed257053,SYNFlood,282427,hybrid,mlp,850,99.88235294117646,0.0,99.88235294117646
4,seed257053,SYNFlood,282427,hybrid,rf,850,100.0,not estimable,100.0
4,seed257053,SYNFlood,282427,hybrid,xgboost,850,100.0,not estimable,100.0
4,seed257053,SYNFlood,282427,mlp,rf,850,99.88235294117646,0.0,not applicable
4,seed257053,SYNFlood,282427,mlp,xgboost,850,99.88235294117646,0.0,not applicable
4,seed257053,SYNFlood,282427,rf,xgboost,850,100.0,not estimable,not applicable
4,seed257053,SYNFlood,307759,hybrid,mlp,850,100.0,not estimable,100.0
4,seed257053,SYNFlood,307759,hybrid,rf,850,100.0,not estimable,100.0
4,seed257053,SYNFlood,307759,hybrid,xgboost,850,100.0,not estimable,100.0
4,seed257053,SYNFlood,307759,mlp,rf,850,100.0,not estimable,not applicable
4,seed257053,SYNFlood,307759,mlp,xgboost,850,100.0,not estimable,not applicable
4,seed257053,SYNFlood,307759,rf,xgboost,850,100.0,not estimable,not applicable
4,seed257053,SYNFlood,333019,hybrid,mlp,850,100.0,not estimable,100.0
4,seed257053,SYNFlood,333019,hybrid,rf,850,100.0,not estimable,100.0
4,seed257053,SYNFlood,333019,hybrid,xgboost,850,100.0,not estimable,100.0
4,seed257053,SYNFlood,333019,mlp,rf,850,100.0,not estimable,not applicable
4,seed257053,SYNFlood,333019,mlp,xgboost,850,100.0,not estimable,not applicable
4,seed257053,SYNFlood,333019,rf,xgboost,850,100.0,not estimable,not applicable
4,seed257053,UDPFlood,104729,hybrid,mlp,75,96.0,0.9049429657794676,96.0
4,seed257053,UDPFlood,104729,hybrid,rf,75,100.0,1.0,100.0
4,seed257053,UDPFlood,104729,hybrid,xgboost,75,98.66666666666667,0.9664429530201343,98.66666666666667
4,seed257053,UDPFlood,104729,mlp,rf,75,96.0,0.9049429657794676,not applicable
4,seed257053,UDPFlood,104729,mlp,xgboost,75,94.66666666666667,0.8717948717948718,not applicable
4,seed257053,UDPFlood,104729,rf,xgboost,75,98.66666666666667,0.9664429530201343,not applicable
4,seed257053,UDPFlood,130363,hybrid,mlp,75,98.66666666666667,0.9664429530201343,98.66666666666667
4,seed257053,UDPFlood,130363,hybrid,rf,75,97.33333333333334,0.933920704845815,97.33333333333334
4,seed257053,UDPFlood,130363,hybrid,xgboost,75,100.0,1.0,100.0
4,seed257053,UDPFlood,130363,mlp,rf,75,96.0,0.9022164276401564,not applicable
4,seed257053,UDPFlood,130363,mlp,xgboost,75,98.66666666666667,0.9664429530201343,not applicable
4,seed257053,UDPFlood,130363,rf,xgboost,75,97.33333333333334,0.933920704845815,not applicable
4,seed257053,UDPFlood,155921,hybrid,mlp,75,69.33333333333334,-0.010544815465729496,69.33333333333334
4,seed257053,UDPFlood,155921,hybrid,rf,75,100.0,1.0,100.0
4,seed257053,UDPFlood,155921,hybrid,xgboost,75,98.66666666666667,0.9664429530201343,98.66666666666667
4,seed257053,UDPFlood,155921,mlp,rf,75,69.33333333333334,-0.010544815465729496,not applicable
4,seed257053,UDPFlood,155921,mlp,xgboost,75,68.0,-0.09756097560975618,not applicable
4,seed257053,UDPFlood,155921,rf,xgboost,75,98.66666666666667,0.9664429530201343,not applicable
4,seed257053,UDPFlood,181081,hybrid,mlp,75,69.33333333333334,-0.010544815465729496,69.33333333333334
4,seed257053,UDPFlood,181081,hybrid,rf,75,100.0,1.0,100.0
4,seed257053,UDPFlood,181081,hybrid,xgboost,75,98.66666666666667,0.9664429530201343,98.66666666666667
4,seed257053,UDPFlood,181081,mlp,rf,75,69.33333333333334,-0.010544815465729496,not applicable
4,seed257053,UDPFlood,181081,mlp,xgboost,75,68.0,-0.09756097560975618,not applicable
4,seed257053,UDPFlood,181081,rf,xgboost,75,98.66666666666667,0.9664429530201343,not applicable
4,seed257053,UDPFlood,206369,hybrid,mlp,75,96.0,0.9049429657794676,96.0
4,seed257053,UDPFlood,206369,hybrid,rf,75,100.0,1.0,100.0
4,seed257053,UDPFlood,206369,hybrid,xgboost,75,98.66666666666667,0.9664429530201343,98.66666666666667
4,seed257053,UDPFlood,206369,mlp,rf,75,96.0,0.9049429657794676,not applicable
4,seed257053,UDPFlood,206369,mlp,xgboost,75,94.66666666666667,0.8717948717948718,not applicable
4,seed257053,UDPFlood,206369,rf,xgboost,75,98.66666666666667,0.9664429530201343,not applicable
4,seed257053,UDPFlood,231701,hybrid,mlp,75,69.33333333333334,-0.010544815465729496,69.33333333333334
4,seed257053,UDPFlood,231701,hybrid,rf,75,100.0,1.0,100.0
4,seed257053,UDPFlood,231701,hybrid,xgboost,75,98.66666666666667,0.9664429530201343,98.66666666666667
4,seed257053,UDPFlood,231701,mlp,rf,75,69.33333333333334,-0.010544815465729496,not applicable
4,seed257053,UDPFlood,231701,mlp,xgboost,75,68.0,-0.09756097560975618,not applicable
4,seed257053,UDPFlood,231701,rf,xgboost,75,98.66666666666667,0.9664429530201343,not applicable
4,seed257053,UDPFlood,257053,hybrid,mlp,75,69.33333333333334,-0.010544815465729496,69.33333333333334
4,seed257053,UDPFlood,257053,hybrid,rf,75,100.0,1.0,100.0
4,seed257053,UDPFlood,257053,hybrid,xgboost,75,98.66666666666667,0.9664429530201343,98.66666666666667
4,seed257053,UDPFlood,257053,mlp,rf,75,69.33333333333334,-0.010544815465729496,not applicable
4,seed257053,UDPFlood,257053,mlp,xgboost,75,68.0,-0.09756097560975618,not applicable
4,seed257053,UDPFlood,257053,rf,xgboost,75,98.66666666666667,0.9664429530201343,not applicable
4,seed257053,UDPFlood,282427,hybrid,mlp,75,69.33333333333334,-0.010544815465729496,69.33333333333334
4,seed257053,UDPFlood,282427,hybrid,rf,75,100.0,1.0,100.0
4,seed257053,UDPFlood,282427,hybrid,xgboost,75,98.66666666666667,0.9664429530201343,98.66666666666667
4,seed257053,UDPFlood,282427,mlp,rf,75,69.33333333333334,-0.010544815465729496,not applicable
4,seed257053,UDPFlood,282427,mlp,xgboost,75,68.0,-0.09756097560975618,not applicable
4,seed257053,UDPFlood,282427,rf,xgboost,75,98.66666666666667,0.9664429530201343,not applicable
4,seed257053,UDPFlood,307759,hybrid,mlp,75,96.0,0.9072164948453608,96.0
4,seed257053,UDPFlood,307759,hybrid,rf,75,100.0,1.0,100.0
4,seed257053,UDPFlood,307759,hybrid,xgboost,75,97.33333333333334,0.933920704845815,97.33333333333334
4,seed257053,UDPFlood,307759,mlp,rf,75,96.0,0.9072164948453608,not applicable
4,seed257053,UDPFlood,307759,mlp,xgboost,75,93.33333333333333,0.8421052631578947,not applicable
4,seed257053,UDPFlood,307759,rf,xgboost,75,97.33333333333334,0.933920704845815,not applicable
4,seed257053,UDPFlood,333019,hybrid,mlp,75,98.66666666666667,0.9664429530201343,98.66666666666667
4,seed257053,UDPFlood,333019,hybrid,rf,75,98.66666666666667,0.9664429530201343,98.66666666666667
4,seed257053,UDPFlood,333019,hybrid,xgboost,75,100.0,1.0,100.0
4,seed257053,UDPFlood,333019,mlp,rf,75,97.33333333333334,0.9338624338624338,not applicable
4,seed257053,UDPFlood,333019,mlp,xgboost,75,98.66666666666667,0.9664429530201343,not applicable
4,seed257053,UDPFlood,333019,rf,xgboost,75,98.66666666666667,0.9664429530201343,not applicable
4,seed282427,DNSAmplification,104729,hybrid,mlp,60,100.0,1.0,100.0
4,seed282427,DNSAmplification,104729,hybrid,rf,60,100.0,1.0,100.0
4,seed282427,DNSAmplification,104729,hybrid,xgboost,60,100.0,1.0,100.0
4,seed282427,DNSAmplification,104729,mlp,rf,60,100.0,1.0,not applicable
4,seed282427,DNSAmplification,104729,mlp,xgboost,60,100.0,1.0,not applicable
4,seed282427,DNSAmplification,104729,rf,xgboost,60,100.0,1.0,not applicable
4,seed282427,DNSAmplification,130363,hybrid,mlp,60,100.0,1.0,100.0
4,seed282427,DNSAmplification,130363,hybrid,rf,60,100.0,1.0,100.0
4,seed282427,DNSAmplification,130363,hybrid,xgboost,60,100.0,1.0,100.0
4,seed282427,DNSAmplification,130363,mlp,rf,60,100.0,1.0,not applicable
4,seed282427,DNSAmplification,130363,mlp,xgboost,60,100.0,1.0,not applicable
4,seed282427,DNSAmplification,130363,rf,xgboost,60,100.0,1.0,not applicable
4,seed282427,DNSAmplification,155921,hybrid,mlp,60,83.33333333333334,0.0,83.33333333333334
4,seed282427,DNSAmplification,155921,hybrid,rf,60,100.0,1.0,100.0
4,seed282427,DNSAmplification,155921,hybrid,xgboost,60,100.0,1.0,100.0
4,seed282427,DNSAmplification,155921,mlp,rf,60,83.33333333333334,0.0,not applicable
4,seed282427,DNSAmplification,155921,mlp,xgboost,60,83.33333333333334,0.0,not applicable
4,seed282427,DNSAmplification,155921,rf,xgboost,60,100.0,1.0,not applicable
4,seed282427,DNSAmplification,181081,hybrid,mlp,60,83.33333333333334,0.0,83.33333333333334
4,seed282427,DNSAmplification,181081,hybrid,rf,60,100.0,1.0,100.0
4,seed282427,DNSAmplification,181081,hybrid,xgboost,60,100.0,1.0,100.0
4,seed282427,DNSAmplification,181081,mlp,rf,60,83.33333333333334,0.0,not applicable
4,seed282427,DNSAmplification,181081,mlp,xgboost,60,83.33333333333334,0.0,not applicable
4,seed282427,DNSAmplification,181081,rf,xgboost,60,100.0,1.0,not applicable
4,seed282427,DNSAmplification,206369,hybrid,mlp,60,100.0,1.0,100.0
4,seed282427,DNSAmplification,206369,hybrid,rf,60,100.0,1.0,100.0
4,seed282427,DNSAmplification,206369,hybrid,xgboost,60,100.0,1.0,100.0
4,seed282427,DNSAmplification,206369,mlp,rf,60,100.0,1.0,not applicable
4,seed282427,DNSAmplification,206369,mlp,xgboost,60,100.0,1.0,not applicable
4,seed282427,DNSAmplification,206369,rf,xgboost,60,100.0,1.0,not applicable
4,seed282427,DNSAmplification,231701,hybrid,mlp,60,83.33333333333334,0.0,83.33333333333334
4,seed282427,DNSAmplification,231701,hybrid,rf,60,100.0,1.0,100.0
4,seed282427,DNSAmplification,231701,hybrid,xgboost,60,100.0,1.0,100.0
4,seed282427,DNSAmplification,231701,mlp,rf,60,83.33333333333334,0.0,not applicable
4,seed282427,DNSAmplification,231701,mlp,xgboost,60,83.33333333333334,0.0,not applicable
4,seed282427,DNSAmplification,231701,rf,xgboost,60,100.0,1.0,not applicable
4,seed282427,DNSAmplification,257053,hybrid,mlp,60,83.33333333333334,0.0,83.33333333333334
4,seed282427,DNSAmplification,257053,hybrid,rf,60,100.0,1.0,100.0
4,seed282427,DNSAmplification,257053,hybrid,xgboost,60,100.0,1.0,100.0
4,seed282427,DNSAmplification,257053,mlp,rf,60,83.33333333333334,0.0,not applicable
4,seed282427,DNSAmplification,257053,mlp,xgboost,60,83.33333333333334,0.0,not applicable
4,seed282427,DNSAmplification,257053,rf,xgboost,60,100.0,1.0,not applicable
4,seed282427,DNSAmplification,282427,hybrid,mlp,60,83.33333333333334,0.0,83.33333333333334
4,seed282427,DNSAmplification,282427,hybrid,rf,60,100.0,1.0,100.0
4,seed282427,DNSAmplification,282427,hybrid,xgboost,60,100.0,1.0,100.0
4,seed282427,DNSAmplification,282427,mlp,rf,60,83.33333333333334,0.0,not applicable
4,seed282427,DNSAmplification,282427,mlp,xgboost,60,83.33333333333334,0.0,not applicable
4,seed282427,DNSAmplification,282427,rf,xgboost,60,100.0,1.0,not applicable
4,seed282427,DNSAmplification,307759,hybrid,mlp,60,100.0,1.0,100.0
4,seed282427,DNSAmplification,307759,hybrid,rf,60,100.0,1.0,100.0
4,seed282427,DNSAmplification,307759,hybrid,xgboost,60,100.0,1.0,100.0
4,seed282427,DNSAmplification,307759,mlp,rf,60,100.0,1.0,not applicable
4,seed282427,DNSAmplification,307759,mlp,xgboost,60,100.0,1.0,not applicable
4,seed282427,DNSAmplification,307759,rf,xgboost,60,100.0,1.0,not applicable
4,seed282427,DNSAmplification,333019,hybrid,mlp,60,100.0,1.0,100.0
4,seed282427,DNSAmplification,333019,hybrid,rf,60,100.0,1.0,100.0
4,seed282427,DNSAmplification,333019,hybrid,xgboost,60,100.0,1.0,100.0
4,seed282427,DNSAmplification,333019,mlp,rf,60,100.0,1.0,not applicable
4,seed282427,DNSAmplification,333019,mlp,xgboost,60,100.0,1.0,not applicable
4,seed282427,DNSAmplification,333019,rf,xgboost,60,100.0,1.0,not applicable
4,seed282427,Normal,104729,hybrid,mlp,50,100.0,not estimable,100.0
4,seed282427,Normal,104729,hybrid,rf,50,100.0,not estimable,100.0
4,seed282427,Normal,104729,hybrid,xgboost,50,100.0,not estimable,100.0
4,seed282427,Normal,104729,mlp,rf,50,100.0,not estimable,not applicable
4,seed282427,Normal,104729,mlp,xgboost,50,100.0,not estimable,not applicable
4,seed282427,Normal,104729,rf,xgboost,50,100.0,not estimable,not applicable
4,seed282427,Normal,130363,hybrid,mlp,50,100.0,not estimable,100.0
4,seed282427,Normal,130363,hybrid,rf,50,100.0,not estimable,100.0
4,seed282427,Normal,130363,hybrid,xgboost,50,100.0,not estimable,100.0
4,seed282427,Normal,130363,mlp,rf,50,100.0,not estimable,not applicable
4,seed282427,Normal,130363,mlp,xgboost,50,100.0,not estimable,not applicable
4,seed282427,Normal,130363,rf,xgboost,50,100.0,not estimable,not applicable
4,seed282427,Normal,155921,hybrid,mlp,50,100.0,not estimable,100.0
4,seed282427,Normal,155921,hybrid,rf,50,100.0,not estimable,100.0
4,seed282427,Normal,155921,hybrid,xgboost,50,100.0,not estimable,100.0
4,seed282427,Normal,155921,mlp,rf,50,100.0,not estimable,not applicable
4,seed282427,Normal,155921,mlp,xgboost,50,100.0,not estimable,not applicable
4,seed282427,Normal,155921,rf,xgboost,50,100.0,not estimable,not applicable
4,seed282427,Normal,181081,hybrid,mlp,50,100.0,not estimable,100.0
4,seed282427,Normal,181081,hybrid,rf,50,100.0,not estimable,100.0
4,seed282427,Normal,181081,hybrid,xgboost,50,100.0,not estimable,100.0
4,seed282427,Normal,181081,mlp,rf,50,100.0,not estimable,not applicable
4,seed282427,Normal,181081,mlp,xgboost,50,100.0,not estimable,not applicable
4,seed282427,Normal,181081,rf,xgboost,50,100.0,not estimable,not applicable
4,seed282427,Normal,206369,hybrid,mlp,50,100.0,not estimable,100.0
4,seed282427,Normal,206369,hybrid,rf,50,100.0,not estimable,100.0
4,seed282427,Normal,206369,hybrid,xgboost,50,100.0,not estimable,100.0
4,seed282427,Normal,206369,mlp,rf,50,100.0,not estimable,not applicable
4,seed282427,Normal,206369,mlp,xgboost,50,100.0,not estimable,not applicable
4,seed282427,Normal,206369,rf,xgboost,50,100.0,not estimable,not applicable
4,seed282427,Normal,231701,hybrid,mlp,50,100.0,not estimable,100.0
4,seed282427,Normal,231701,hybrid,rf,50,100.0,not estimable,100.0
4,seed282427,Normal,231701,hybrid,xgboost,50,100.0,not estimable,100.0
4,seed282427,Normal,231701,mlp,rf,50,100.0,not estimable,not applicable
4,seed282427,Normal,231701,mlp,xgboost,50,100.0,not estimable,not applicable
4,seed282427,Normal,231701,rf,xgboost,50,100.0,not estimable,not applicable
4,seed282427,Normal,257053,hybrid,mlp,50,100.0,not estimable,100.0
4,seed282427,Normal,257053,hybrid,rf,50,100.0,not estimable,100.0
4,seed282427,Normal,257053,hybrid,xgboost,50,100.0,not estimable,100.0
4,seed282427,Normal,257053,mlp,rf,50,100.0,not estimable,not applicable
4,seed282427,Normal,257053,mlp,xgboost,50,100.0,not estimable,not applicable
4,seed282427,Normal,257053,rf,xgboost,50,100.0,not estimable,not applicable
4,seed282427,Normal,282427,hybrid,mlp,50,100.0,not estimable,100.0
4,seed282427,Normal,282427,hybrid,rf,50,100.0,not estimable,100.0
4,seed282427,Normal,282427,hybrid,xgboost,50,100.0,not estimable,100.0
4,seed282427,Normal,282427,mlp,rf,50,100.0,not estimable,not applicable
4,seed282427,Normal,282427,mlp,xgboost,50,100.0,not estimable,not applicable
4,seed282427,Normal,282427,rf,xgboost,50,100.0,not estimable,not applicable
4,seed282427,Normal,307759,hybrid,mlp,50,100.0,not estimable,100.0
4,seed282427,Normal,307759,hybrid,rf,50,100.0,not estimable,100.0
4,seed282427,Normal,307759,hybrid,xgboost,50,100.0,not estimable,100.0
4,seed282427,Normal,307759,mlp,rf,50,100.0,not estimable,not applicable
4,seed282427,Normal,307759,mlp,xgboost,50,100.0,not estimable,not applicable
4,seed282427,Normal,307759,rf,xgboost,50,100.0,not estimable,not applicable
4,seed282427,Normal,333019,hybrid,mlp,50,100.0,not estimable,100.0
4,seed282427,Normal,333019,hybrid,rf,50,100.0,not estimable,100.0
4,seed282427,Normal,333019,hybrid,xgboost,50,100.0,not estimable,100.0
4,seed282427,Normal,333019,mlp,rf,50,100.0,not estimable,not applicable
4,seed282427,Normal,333019,mlp,xgboost,50,100.0,not estimable,not applicable
4,seed282427,Normal,333019,rf,xgboost,50,100.0,not estimable,not applicable
4,seed282427,SYNFlood,104729,hybrid,mlp,850,100.0,not estimable,100.0
4,seed282427,SYNFlood,104729,hybrid,rf,850,100.0,not estimable,100.0
4,seed282427,SYNFlood,104729,hybrid,xgboost,850,100.0,not estimable,100.0
4,seed282427,SYNFlood,104729,mlp,rf,850,100.0,not estimable,not applicable
4,seed282427,SYNFlood,104729,mlp,xgboost,850,100.0,not estimable,not applicable
4,seed282427,SYNFlood,104729,rf,xgboost,850,100.0,not estimable,not applicable
4,seed282427,SYNFlood,130363,hybrid,mlp,850,100.0,not estimable,100.0
4,seed282427,SYNFlood,130363,hybrid,rf,850,100.0,not estimable,100.0
4,seed282427,SYNFlood,130363,hybrid,xgboost,850,100.0,not estimable,100.0
4,seed282427,SYNFlood,130363,mlp,rf,850,100.0,not estimable,not applicable
4,seed282427,SYNFlood,130363,mlp,xgboost,850,100.0,not estimable,not applicable
4,seed282427,SYNFlood,130363,rf,xgboost,850,100.0,not estimable,not applicable
4,seed282427,SYNFlood,155921,hybrid,mlp,850,100.0,not estimable,100.0
4,seed282427,SYNFlood,155921,hybrid,rf,850,100.0,not estimable,100.0
4,seed282427,SYNFlood,155921,hybrid,xgboost,850,100.0,not estimable,100.0
4,seed282427,SYNFlood,155921,mlp,rf,850,100.0,not estimable,not applicable
4,seed282427,SYNFlood,155921,mlp,xgboost,850,100.0,not estimable,not applicable
4,seed282427,SYNFlood,155921,rf,xgboost,850,100.0,not estimable,not applicable
4,seed282427,SYNFlood,181081,hybrid,mlp,850,100.0,not estimable,100.0
4,seed282427,SYNFlood,181081,hybrid,rf,850,100.0,not estimable,100.0
4,seed282427,SYNFlood,181081,hybrid,xgboost,850,100.0,not estimable,100.0
4,seed282427,SYNFlood,181081,mlp,rf,850,100.0,not estimable,not applicable
4,seed282427,SYNFlood,181081,mlp,xgboost,850,100.0,not estimable,not applicable
4,seed282427,SYNFlood,181081,rf,xgboost,850,100.0,not estimable,not applicable
4,seed282427,SYNFlood,206369,hybrid,mlp,850,100.0,not estimable,100.0
4,seed282427,SYNFlood,206369,hybrid,rf,850,100.0,not estimable,100.0
4,seed282427,SYNFlood,206369,hybrid,xgboost,850,100.0,not estimable,100.0
4,seed282427,SYNFlood,206369,mlp,rf,850,100.0,not estimable,not applicable
4,seed282427,SYNFlood,206369,mlp,xgboost,850,100.0,not estimable,not applicable
4,seed282427,SYNFlood,206369,rf,xgboost,850,100.0,not estimable,not applicable
4,seed282427,SYNFlood,231701,hybrid,mlp,850,99.52941176470588,0.0,99.52941176470588
4,seed282427,SYNFlood,231701,hybrid,rf,850,100.0,not estimable,100.0
4,seed282427,SYNFlood,231701,hybrid,xgboost,850,100.0,not estimable,100.0
4,seed282427,SYNFlood,231701,mlp,rf,850,99.52941176470588,0.0,not applicable
4,seed282427,SYNFlood,231701,mlp,xgboost,850,99.52941176470588,0.0,not applicable
4,seed282427,SYNFlood,231701,rf,xgboost,850,100.0,not estimable,not applicable
4,seed282427,SYNFlood,257053,hybrid,mlp,850,100.0,not estimable,100.0
4,seed282427,SYNFlood,257053,hybrid,rf,850,100.0,not estimable,100.0
4,seed282427,SYNFlood,257053,hybrid,xgboost,850,100.0,not estimable,100.0
4,seed282427,SYNFlood,257053,mlp,rf,850,100.0,not estimable,not applicable
4,seed282427,SYNFlood,257053,mlp,xgboost,850,100.0,not estimable,not applicable
4,seed282427,SYNFlood,257053,rf,xgboost,850,100.0,not estimable,not applicable
4,seed282427,SYNFlood,282427,hybrid,mlp,850,100.0,not estimable,100.0
4,seed282427,SYNFlood,282427,hybrid,rf,850,100.0,not estimable,100.0
4,seed282427,SYNFlood,282427,hybrid,xgboost,850,100.0,not estimable,100.0
4,seed282427,SYNFlood,282427,mlp,rf,850,100.0,not estimable,not applicable
4,seed282427,SYNFlood,282427,mlp,xgboost,850,100.0,not estimable,not applicable
4,seed282427,SYNFlood,282427,rf,xgboost,850,100.0,not estimable,not applicable
4,seed282427,SYNFlood,307759,hybrid,mlp,850,100.0,not estimable,100.0
4,seed282427,SYNFlood,307759,hybrid,rf,850,100.0,not estimable,100.0
4,seed282427,SYNFlood,307759,hybrid,xgboost,850,100.0,not estimable,100.0
4,seed282427,SYNFlood,307759,mlp,rf,850,100.0,not estimable,not applicable
4,seed282427,SYNFlood,307759,mlp,xgboost,850,100.0,not estimable,not applicable
4,seed282427,SYNFlood,307759,rf,xgboost,850,100.0,not estimable,not applicable
4,seed282427,SYNFlood,333019,hybrid,mlp,850,100.0,not estimable,100.0
4,seed282427,SYNFlood,333019,hybrid,rf,850,100.0,not estimable,100.0
4,seed282427,SYNFlood,333019,hybrid,xgboost,850,100.0,not estimable,100.0
4,seed282427,SYNFlood,333019,mlp,rf,850,100.0,not estimable,not applicable
4,seed282427,SYNFlood,333019,mlp,xgboost,850,100.0,not estimable,not applicable
4,seed282427,SYNFlood,333019,rf,xgboost,850,100.0,not estimable,not applicable
4,seed282427,UDPFlood,104729,hybrid,mlp,70,100.0,1.0,100.0
4,seed282427,UDPFlood,104729,hybrid,rf,70,100.0,1.0,100.0
4,seed282427,UDPFlood,104729,hybrid,xgboost,70,100.0,1.0,100.0
4,seed282427,UDPFlood,104729,mlp,rf,70,100.0,1.0,not applicable
4,seed282427,UDPFlood,104729,mlp,xgboost,70,100.0,1.0,not applicable
4,seed282427,UDPFlood,104729,rf,xgboost,70,100.0,1.0,not applicable
4,seed282427,UDPFlood,130363,hybrid,mlp,70,100.0,1.0,100.0
4,seed282427,UDPFlood,130363,hybrid,rf,70,100.0,1.0,100.0
4,seed282427,UDPFlood,130363,hybrid,xgboost,70,100.0,1.0,100.0
4,seed282427,UDPFlood,130363,mlp,rf,70,100.0,1.0,not applicable
4,seed282427,UDPFlood,130363,mlp,xgboost,70,100.0,1.0,not applicable
4,seed282427,UDPFlood,130363,rf,xgboost,70,100.0,1.0,not applicable
4,seed282427,UDPFlood,155921,hybrid,mlp,70,71.42857142857143,0.0,71.42857142857143
4,seed282427,UDPFlood,155921,hybrid,rf,70,100.0,1.0,100.0
4,seed282427,UDPFlood,155921,hybrid,xgboost,70,100.0,1.0,100.0
4,seed282427,UDPFlood,155921,mlp,rf,70,71.42857142857143,0.0,not applicable
4,seed282427,UDPFlood,155921,mlp,xgboost,70,71.42857142857143,0.0,not applicable
4,seed282427,UDPFlood,155921,rf,xgboost,70,100.0,1.0,not applicable
4,seed282427,UDPFlood,181081,hybrid,mlp,70,71.42857142857143,0.0,71.42857142857143
4,seed282427,UDPFlood,181081,hybrid,rf,70,100.0,1.0,100.0
4,seed282427,UDPFlood,181081,hybrid,xgboost,70,100.0,1.0,100.0
4,seed282427,UDPFlood,181081,mlp,rf,70,71.42857142857143,0.0,not applicable
4,seed282427,UDPFlood,181081,mlp,xgboost,70,71.42857142857143,0.0,not applicable
4,seed282427,UDPFlood,181081,rf,xgboost,70,100.0,1.0,not applicable
4,seed282427,UDPFlood,206369,hybrid,mlp,70,100.0,1.0,100.0
4,seed282427,UDPFlood,206369,hybrid,rf,70,100.0,1.0,100.0
4,seed282427,UDPFlood,206369,hybrid,xgboost,70,100.0,1.0,100.0
4,seed282427,UDPFlood,206369,mlp,rf,70,100.0,1.0,not applicable
4,seed282427,UDPFlood,206369,mlp,xgboost,70,100.0,1.0,not applicable
4,seed282427,UDPFlood,206369,rf,xgboost,70,100.0,1.0,not applicable
4,seed282427,UDPFlood,231701,hybrid,mlp,70,71.42857142857143,0.0,71.42857142857143
4,seed282427,UDPFlood,231701,hybrid,rf,70,100.0,1.0,100.0
4,seed282427,UDPFlood,231701,hybrid,xgboost,70,100.0,1.0,100.0
4,seed282427,UDPFlood,231701,mlp,rf,70,71.42857142857143,0.0,not applicable
4,seed282427,UDPFlood,231701,mlp,xgboost,70,71.42857142857143,0.0,not applicable
4,seed282427,UDPFlood,231701,rf,xgboost,70,100.0,1.0,not applicable
4,seed282427,UDPFlood,257053,hybrid,mlp,70,71.42857142857143,0.0,71.42857142857143
4,seed282427,UDPFlood,257053,hybrid,rf,70,100.0,1.0,100.0
4,seed282427,UDPFlood,257053,hybrid,xgboost,70,100.0,1.0,100.0
4,seed282427,UDPFlood,257053,mlp,rf,70,71.42857142857143,0.0,not applicable
4,seed282427,UDPFlood,257053,mlp,xgboost,70,71.42857142857143,0.0,not applicable
4,seed282427,UDPFlood,257053,rf,xgboost,70,100.0,1.0,not applicable
4,seed282427,UDPFlood,282427,hybrid,mlp,70,71.42857142857143,0.0,71.42857142857143
4,seed282427,UDPFlood,282427,hybrid,rf,70,100.0,1.0,100.0
4,seed282427,UDPFlood,282427,hybrid,xgboost,70,100.0,1.0,100.0
4,seed282427,UDPFlood,282427,mlp,rf,70,71.42857142857143,0.0,not applicable
4,seed282427,UDPFlood,282427,mlp,xgboost,70,71.42857142857143,0.0,not applicable
4,seed282427,UDPFlood,282427,rf,xgboost,70,100.0,1.0,not applicable
4,seed282427,UDPFlood,307759,hybrid,mlp,70,100.0,1.0,100.0
4,seed282427,UDPFlood,307759,hybrid,rf,70,100.0,1.0,100.0
4,seed282427,UDPFlood,307759,hybrid,xgboost,70,100.0,1.0,100.0
4,seed282427,UDPFlood,307759,mlp,rf,70,100.0,1.0,not applicable
4,seed282427,UDPFlood,307759,mlp,xgboost,70,100.0,1.0,not applicable
4,seed282427,UDPFlood,307759,rf,xgboost,70,100.0,1.0,not applicable
4,seed282427,UDPFlood,333019,hybrid,mlp,70,100.0,1.0,100.0
4,seed282427,UDPFlood,333019,hybrid,rf,70,100.0,1.0,100.0
4,seed282427,UDPFlood,333019,hybrid,xgboost,70,100.0,1.0,100.0
4,seed282427,UDPFlood,333019,mlp,rf,70,100.0,1.0,not applicable
4,seed282427,UDPFlood,333019,mlp,xgboost,70,100.0,1.0,not applicable
4,seed282427,UDPFlood,333019,rf,xgboost,70,100.0,1.0,not applicable
4,seed307759,DNSAmplification,104729,hybrid,mlp,60,100.0,1.0,100.0
4,seed307759,DNSAmplification,104729,hybrid,rf,60,100.0,1.0,100.0
4,seed307759,DNSAmplification,104729,hybrid,xgboost,60,100.0,1.0,100.0
4,seed307759,DNSAmplification,104729,mlp,rf,60,100.0,1.0,not applicable
4,seed307759,DNSAmplification,104729,mlp,xgboost,60,100.0,1.0,not applicable
4,seed307759,DNSAmplification,104729,rf,xgboost,60,100.0,1.0,not applicable
4,seed307759,DNSAmplification,130363,hybrid,mlp,60,100.0,1.0,100.0
4,seed307759,DNSAmplification,130363,hybrid,rf,60,100.0,1.0,100.0
4,seed307759,DNSAmplification,130363,hybrid,xgboost,60,100.0,1.0,100.0
4,seed307759,DNSAmplification,130363,mlp,rf,60,100.0,1.0,not applicable
4,seed307759,DNSAmplification,130363,mlp,xgboost,60,100.0,1.0,not applicable
4,seed307759,DNSAmplification,130363,rf,xgboost,60,100.0,1.0,not applicable
4,seed307759,DNSAmplification,155921,hybrid,mlp,60,83.33333333333334,0.0,83.33333333333334
4,seed307759,DNSAmplification,155921,hybrid,rf,60,100.0,1.0,100.0
4,seed307759,DNSAmplification,155921,hybrid,xgboost,60,100.0,1.0,100.0
4,seed307759,DNSAmplification,155921,mlp,rf,60,83.33333333333334,0.0,not applicable
4,seed307759,DNSAmplification,155921,mlp,xgboost,60,83.33333333333334,0.0,not applicable
4,seed307759,DNSAmplification,155921,rf,xgboost,60,100.0,1.0,not applicable
4,seed307759,DNSAmplification,181081,hybrid,mlp,60,83.33333333333334,0.0,83.33333333333334
4,seed307759,DNSAmplification,181081,hybrid,rf,60,100.0,1.0,100.0
4,seed307759,DNSAmplification,181081,hybrid,xgboost,60,100.0,1.0,100.0
4,seed307759,DNSAmplification,181081,mlp,rf,60,83.33333333333334,0.0,not applicable
4,seed307759,DNSAmplification,181081,mlp,xgboost,60,83.33333333333334,0.0,not applicable
4,seed307759,DNSAmplification,181081,rf,xgboost,60,100.0,1.0,not applicable
4,seed307759,DNSAmplification,206369,hybrid,mlp,60,100.0,1.0,100.0
4,seed307759,DNSAmplification,206369,hybrid,rf,60,100.0,1.0,100.0
4,seed307759,DNSAmplification,206369,hybrid,xgboost,60,100.0,1.0,100.0
4,seed307759,DNSAmplification,206369,mlp,rf,60,100.0,1.0,not applicable
4,seed307759,DNSAmplification,206369,mlp,xgboost,60,100.0,1.0,not applicable
4,seed307759,DNSAmplification,206369,rf,xgboost,60,100.0,1.0,not applicable
4,seed307759,DNSAmplification,231701,hybrid,mlp,60,83.33333333333334,0.0,83.33333333333334
4,seed307759,DNSAmplification,231701,hybrid,rf,60,100.0,1.0,100.0
4,seed307759,DNSAmplification,231701,hybrid,xgboost,60,100.0,1.0,100.0
4,seed307759,DNSAmplification,231701,mlp,rf,60,83.33333333333334,0.0,not applicable
4,seed307759,DNSAmplification,231701,mlp,xgboost,60,83.33333333333334,0.0,not applicable
4,seed307759,DNSAmplification,231701,rf,xgboost,60,100.0,1.0,not applicable
4,seed307759,DNSAmplification,257053,hybrid,mlp,60,83.33333333333334,0.0,83.33333333333334
4,seed307759,DNSAmplification,257053,hybrid,rf,60,100.0,1.0,100.0
4,seed307759,DNSAmplification,257053,hybrid,xgboost,60,100.0,1.0,100.0
4,seed307759,DNSAmplification,257053,mlp,rf,60,83.33333333333334,0.0,not applicable
4,seed307759,DNSAmplification,257053,mlp,xgboost,60,83.33333333333334,0.0,not applicable
4,seed307759,DNSAmplification,257053,rf,xgboost,60,100.0,1.0,not applicable
4,seed307759,DNSAmplification,282427,hybrid,mlp,60,83.33333333333334,0.0,83.33333333333334
4,seed307759,DNSAmplification,282427,hybrid,rf,60,100.0,1.0,100.0
4,seed307759,DNSAmplification,282427,hybrid,xgboost,60,100.0,1.0,100.0
4,seed307759,DNSAmplification,282427,mlp,rf,60,83.33333333333334,0.0,not applicable
4,seed307759,DNSAmplification,282427,mlp,xgboost,60,83.33333333333334,0.0,not applicable
4,seed307759,DNSAmplification,282427,rf,xgboost,60,100.0,1.0,not applicable
4,seed307759,DNSAmplification,307759,hybrid,mlp,60,100.0,1.0,100.0
4,seed307759,DNSAmplification,307759,hybrid,rf,60,100.0,1.0,100.0
4,seed307759,DNSAmplification,307759,hybrid,xgboost,60,100.0,1.0,100.0
4,seed307759,DNSAmplification,307759,mlp,rf,60,100.0,1.0,not applicable
4,seed307759,DNSAmplification,307759,mlp,xgboost,60,100.0,1.0,not applicable
4,seed307759,DNSAmplification,307759,rf,xgboost,60,100.0,1.0,not applicable
4,seed307759,DNSAmplification,333019,hybrid,mlp,60,100.0,1.0,100.0
4,seed307759,DNSAmplification,333019,hybrid,rf,60,100.0,1.0,100.0
4,seed307759,DNSAmplification,333019,hybrid,xgboost,60,100.0,1.0,100.0
4,seed307759,DNSAmplification,333019,mlp,rf,60,100.0,1.0,not applicable
4,seed307759,DNSAmplification,333019,mlp,xgboost,60,100.0,1.0,not applicable
4,seed307759,DNSAmplification,333019,rf,xgboost,60,100.0,1.0,not applicable
4,seed307759,Normal,104729,hybrid,mlp,50,100.0,not estimable,100.0
4,seed307759,Normal,104729,hybrid,rf,50,100.0,not estimable,100.0
4,seed307759,Normal,104729,hybrid,xgboost,50,100.0,not estimable,100.0
4,seed307759,Normal,104729,mlp,rf,50,100.0,not estimable,not applicable
4,seed307759,Normal,104729,mlp,xgboost,50,100.0,not estimable,not applicable
4,seed307759,Normal,104729,rf,xgboost,50,100.0,not estimable,not applicable
4,seed307759,Normal,130363,hybrid,mlp,50,100.0,not estimable,100.0
4,seed307759,Normal,130363,hybrid,rf,50,100.0,not estimable,100.0
4,seed307759,Normal,130363,hybrid,xgboost,50,100.0,not estimable,100.0
4,seed307759,Normal,130363,mlp,rf,50,100.0,not estimable,not applicable
4,seed307759,Normal,130363,mlp,xgboost,50,100.0,not estimable,not applicable
4,seed307759,Normal,130363,rf,xgboost,50,100.0,not estimable,not applicable
4,seed307759,Normal,155921,hybrid,mlp,50,100.0,not estimable,100.0
4,seed307759,Normal,155921,hybrid,rf,50,100.0,not estimable,100.0
4,seed307759,Normal,155921,hybrid,xgboost,50,100.0,not estimable,100.0
4,seed307759,Normal,155921,mlp,rf,50,100.0,not estimable,not applicable
4,seed307759,Normal,155921,mlp,xgboost,50,100.0,not estimable,not applicable
4,seed307759,Normal,155921,rf,xgboost,50,100.0,not estimable,not applicable
4,seed307759,Normal,181081,hybrid,mlp,50,100.0,not estimable,100.0
4,seed307759,Normal,181081,hybrid,rf,50,100.0,not estimable,100.0
4,seed307759,Normal,181081,hybrid,xgboost,50,100.0,not estimable,100.0
4,seed307759,Normal,181081,mlp,rf,50,100.0,not estimable,not applicable
4,seed307759,Normal,181081,mlp,xgboost,50,100.0,not estimable,not applicable
4,seed307759,Normal,181081,rf,xgboost,50,100.0,not estimable,not applicable
4,seed307759,Normal,206369,hybrid,mlp,50,100.0,not estimable,100.0
4,seed307759,Normal,206369,hybrid,rf,50,100.0,not estimable,100.0
4,seed307759,Normal,206369,hybrid,xgboost,50,100.0,not estimable,100.0
4,seed307759,Normal,206369,mlp,rf,50,100.0,not estimable,not applicable
4,seed307759,Normal,206369,mlp,xgboost,50,100.0,not estimable,not applicable
4,seed307759,Normal,206369,rf,xgboost,50,100.0,not estimable,not applicable
4,seed307759,Normal,231701,hybrid,mlp,50,100.0,not estimable,100.0
4,seed307759,Normal,231701,hybrid,rf,50,100.0,not estimable,100.0
4,seed307759,Normal,231701,hybrid,xgboost,50,100.0,not estimable,100.0
4,seed307759,Normal,231701,mlp,rf,50,100.0,not estimable,not applicable
4,seed307759,Normal,231701,mlp,xgboost,50,100.0,not estimable,not applicable
4,seed307759,Normal,231701,rf,xgboost,50,100.0,not estimable,not applicable
4,seed307759,Normal,257053,hybrid,mlp,50,100.0,not estimable,100.0
4,seed307759,Normal,257053,hybrid,rf,50,100.0,not estimable,100.0
4,seed307759,Normal,257053,hybrid,xgboost,50,100.0,not estimable,100.0
4,seed307759,Normal,257053,mlp,rf,50,100.0,not estimable,not applicable
4,seed307759,Normal,257053,mlp,xgboost,50,100.0,not estimable,not applicable
4,seed307759,Normal,257053,rf,xgboost,50,100.0,not estimable,not applicable
4,seed307759,Normal,282427,hybrid,mlp,50,100.0,not estimable,100.0
4,seed307759,Normal,282427,hybrid,rf,50,100.0,not estimable,100.0
4,seed307759,Normal,282427,hybrid,xgboost,50,100.0,not estimable,100.0
4,seed307759,Normal,282427,mlp,rf,50,100.0,not estimable,not applicable
4,seed307759,Normal,282427,mlp,xgboost,50,100.0,not estimable,not applicable
4,seed307759,Normal,282427,rf,xgboost,50,100.0,not estimable,not applicable
4,seed307759,Normal,307759,hybrid,mlp,50,100.0,not estimable,100.0
4,seed307759,Normal,307759,hybrid,rf,50,100.0,not estimable,100.0
4,seed307759,Normal,307759,hybrid,xgboost,50,100.0,not estimable,100.0
4,seed307759,Normal,307759,mlp,rf,50,100.0,not estimable,not applicable
4,seed307759,Normal,307759,mlp,xgboost,50,100.0,not estimable,not applicable
4,seed307759,Normal,307759,rf,xgboost,50,100.0,not estimable,not applicable
4,seed307759,Normal,333019,hybrid,mlp,50,100.0,not estimable,100.0
4,seed307759,Normal,333019,hybrid,rf,50,100.0,not estimable,100.0
4,seed307759,Normal,333019,hybrid,xgboost,50,100.0,not estimable,100.0
4,seed307759,Normal,333019,mlp,rf,50,100.0,not estimable,not applicable
4,seed307759,Normal,333019,mlp,xgboost,50,100.0,not estimable,not applicable
4,seed307759,Normal,333019,rf,xgboost,50,100.0,not estimable,not applicable
4,seed307759,SYNFlood,104729,hybrid,mlp,850,100.0,not estimable,100.0
4,seed307759,SYNFlood,104729,hybrid,rf,850,100.0,not estimable,100.0
4,seed307759,SYNFlood,104729,hybrid,xgboost,850,100.0,not estimable,100.0
4,seed307759,SYNFlood,104729,mlp,rf,850,100.0,not estimable,not applicable
4,seed307759,SYNFlood,104729,mlp,xgboost,850,100.0,not estimable,not applicable
4,seed307759,SYNFlood,104729,rf,xgboost,850,100.0,not estimable,not applicable
4,seed307759,SYNFlood,130363,hybrid,mlp,850,100.0,not estimable,100.0
4,seed307759,SYNFlood,130363,hybrid,rf,850,100.0,not estimable,100.0
4,seed307759,SYNFlood,130363,hybrid,xgboost,850,100.0,not estimable,100.0
4,seed307759,SYNFlood,130363,mlp,rf,850,100.0,not estimable,not applicable
4,seed307759,SYNFlood,130363,mlp,xgboost,850,100.0,not estimable,not applicable
4,seed307759,SYNFlood,130363,rf,xgboost,850,100.0,not estimable,not applicable
4,seed307759,SYNFlood,155921,hybrid,mlp,850,100.0,not estimable,100.0
4,seed307759,SYNFlood,155921,hybrid,rf,850,100.0,not estimable,100.0
4,seed307759,SYNFlood,155921,hybrid,xgboost,850,100.0,not estimable,100.0
4,seed307759,SYNFlood,155921,mlp,rf,850,100.0,not estimable,not applicable
4,seed307759,SYNFlood,155921,mlp,xgboost,850,100.0,not estimable,not applicable
4,seed307759,SYNFlood,155921,rf,xgboost,850,100.0,not estimable,not applicable
4,seed307759,SYNFlood,181081,hybrid,mlp,850,100.0,not estimable,100.0
4,seed307759,SYNFlood,181081,hybrid,rf,850,100.0,not estimable,100.0
4,seed307759,SYNFlood,181081,hybrid,xgboost,850,100.0,not estimable,100.0
4,seed307759,SYNFlood,181081,mlp,rf,850,100.0,not estimable,not applicable
4,seed307759,SYNFlood,181081,mlp,xgboost,850,100.0,not estimable,not applicable
4,seed307759,SYNFlood,181081,rf,xgboost,850,100.0,not estimable,not applicable
4,seed307759,SYNFlood,206369,hybrid,mlp,850,100.0,not estimable,100.0
4,seed307759,SYNFlood,206369,hybrid,rf,850,100.0,not estimable,100.0
4,seed307759,SYNFlood,206369,hybrid,xgboost,850,100.0,not estimable,100.0
4,seed307759,SYNFlood,206369,mlp,rf,850,100.0,not estimable,not applicable
4,seed307759,SYNFlood,206369,mlp,xgboost,850,100.0,not estimable,not applicable
4,seed307759,SYNFlood,206369,rf,xgboost,850,100.0,not estimable,not applicable
4,seed307759,SYNFlood,231701,hybrid,mlp,850,99.6470588235294,0.0,99.6470588235294
4,seed307759,SYNFlood,231701,hybrid,rf,850,100.0,not estimable,100.0
4,seed307759,SYNFlood,231701,hybrid,xgboost,850,100.0,not estimable,100.0
4,seed307759,SYNFlood,231701,mlp,rf,850,99.6470588235294,0.0,not applicable
4,seed307759,SYNFlood,231701,mlp,xgboost,850,99.6470588235294,0.0,not applicable
4,seed307759,SYNFlood,231701,rf,xgboost,850,100.0,not estimable,not applicable
4,seed307759,SYNFlood,257053,hybrid,mlp,850,100.0,not estimable,100.0
4,seed307759,SYNFlood,257053,hybrid,rf,850,100.0,not estimable,100.0
4,seed307759,SYNFlood,257053,hybrid,xgboost,850,100.0,not estimable,100.0
4,seed307759,SYNFlood,257053,mlp,rf,850,100.0,not estimable,not applicable
4,seed307759,SYNFlood,257053,mlp,xgboost,850,100.0,not estimable,not applicable
4,seed307759,SYNFlood,257053,rf,xgboost,850,100.0,not estimable,not applicable
4,seed307759,SYNFlood,282427,hybrid,mlp,850,100.0,not estimable,100.0
4,seed307759,SYNFlood,282427,hybrid,rf,850,100.0,not estimable,100.0
4,seed307759,SYNFlood,282427,hybrid,xgboost,850,100.0,not estimable,100.0
4,seed307759,SYNFlood,282427,mlp,rf,850,100.0,not estimable,not applicable
4,seed307759,SYNFlood,282427,mlp,xgboost,850,100.0,not estimable,not applicable
4,seed307759,SYNFlood,282427,rf,xgboost,850,100.0,not estimable,not applicable
4,seed307759,SYNFlood,307759,hybrid,mlp,850,100.0,not estimable,100.0
4,seed307759,SYNFlood,307759,hybrid,rf,850,100.0,not estimable,100.0
4,seed307759,SYNFlood,307759,hybrid,xgboost,850,100.0,not estimable,100.0
4,seed307759,SYNFlood,307759,mlp,rf,850,100.0,not estimable,not applicable
4,seed307759,SYNFlood,307759,mlp,xgboost,850,100.0,not estimable,not applicable
4,seed307759,SYNFlood,307759,rf,xgboost,850,100.0,not estimable,not applicable
4,seed307759,SYNFlood,333019,hybrid,mlp,850,100.0,not estimable,100.0
4,seed307759,SYNFlood,333019,hybrid,rf,850,100.0,not estimable,100.0
4,seed307759,SYNFlood,333019,hybrid,xgboost,850,100.0,not estimable,100.0
4,seed307759,SYNFlood,333019,mlp,rf,850,100.0,not estimable,not applicable
4,seed307759,SYNFlood,333019,mlp,xgboost,850,100.0,not estimable,not applicable
4,seed307759,SYNFlood,333019,rf,xgboost,850,100.0,not estimable,not applicable
4,seed307759,UDPFlood,104729,hybrid,mlp,70,100.0,1.0,100.0
4,seed307759,UDPFlood,104729,hybrid,rf,70,100.0,1.0,100.0
4,seed307759,UDPFlood,104729,hybrid,xgboost,70,100.0,1.0,100.0
4,seed307759,UDPFlood,104729,mlp,rf,70,100.0,1.0,not applicable
4,seed307759,UDPFlood,104729,mlp,xgboost,70,100.0,1.0,not applicable
4,seed307759,UDPFlood,104729,rf,xgboost,70,100.0,1.0,not applicable
4,seed307759,UDPFlood,130363,hybrid,mlp,70,100.0,1.0,100.0
4,seed307759,UDPFlood,130363,hybrid,rf,70,100.0,1.0,100.0
4,seed307759,UDPFlood,130363,hybrid,xgboost,70,100.0,1.0,100.0
4,seed307759,UDPFlood,130363,mlp,rf,70,100.0,1.0,not applicable
4,seed307759,UDPFlood,130363,mlp,xgboost,70,100.0,1.0,not applicable
4,seed307759,UDPFlood,130363,rf,xgboost,70,100.0,1.0,not applicable
4,seed307759,UDPFlood,155921,hybrid,mlp,70,71.42857142857143,0.0,71.42857142857143
4,seed307759,UDPFlood,155921,hybrid,rf,70,100.0,1.0,100.0
4,seed307759,UDPFlood,155921,hybrid,xgboost,70,100.0,1.0,100.0
4,seed307759,UDPFlood,155921,mlp,rf,70,71.42857142857143,0.0,not applicable
4,seed307759,UDPFlood,155921,mlp,xgboost,70,71.42857142857143,0.0,not applicable
4,seed307759,UDPFlood,155921,rf,xgboost,70,100.0,1.0,not applicable
4,seed307759,UDPFlood,181081,hybrid,mlp,70,71.42857142857143,0.0,71.42857142857143
4,seed307759,UDPFlood,181081,hybrid,rf,70,100.0,1.0,100.0
4,seed307759,UDPFlood,181081,hybrid,xgboost,70,100.0,1.0,100.0
4,seed307759,UDPFlood,181081,mlp,rf,70,71.42857142857143,0.0,not applicable
4,seed307759,UDPFlood,181081,mlp,xgboost,70,71.42857142857143,0.0,not applicable
4,seed307759,UDPFlood,181081,rf,xgboost,70,100.0,1.0,not applicable
4,seed307759,UDPFlood,206369,hybrid,mlp,70,100.0,1.0,100.0
4,seed307759,UDPFlood,206369,hybrid,rf,70,100.0,1.0,100.0
4,seed307759,UDPFlood,206369,hybrid,xgboost,70,100.0,1.0,100.0
4,seed307759,UDPFlood,206369,mlp,rf,70,100.0,1.0,not applicable
4,seed307759,UDPFlood,206369,mlp,xgboost,70,100.0,1.0,not applicable
4,seed307759,UDPFlood,206369,rf,xgboost,70,100.0,1.0,not applicable
4,seed307759,UDPFlood,231701,hybrid,mlp,70,71.42857142857143,0.0,71.42857142857143
4,seed307759,UDPFlood,231701,hybrid,rf,70,100.0,1.0,100.0
4,seed307759,UDPFlood,231701,hybrid,xgboost,70,100.0,1.0,100.0
4,seed307759,UDPFlood,231701,mlp,rf,70,71.42857142857143,0.0,not applicable
4,seed307759,UDPFlood,231701,mlp,xgboost,70,71.42857142857143,0.0,not applicable
4,seed307759,UDPFlood,231701,rf,xgboost,70,100.0,1.0,not applicable
4,seed307759,UDPFlood,257053,hybrid,mlp,70,71.42857142857143,0.0,71.42857142857143
4,seed307759,UDPFlood,257053,hybrid,rf,70,100.0,1.0,100.0
4,seed307759,UDPFlood,257053,hybrid,xgboost,70,100.0,1.0,100.0
4,seed307759,UDPFlood,257053,mlp,rf,70,71.42857142857143,0.0,not applicable
4,seed307759,UDPFlood,257053,mlp,xgboost,70,71.42857142857143,0.0,not applicable
4,seed307759,UDPFlood,257053,rf,xgboost,70,100.0,1.0,not applicable
4,seed307759,UDPFlood,282427,hybrid,mlp,70,71.42857142857143,0.0,71.42857142857143
4,seed307759,UDPFlood,282427,hybrid,rf,70,100.0,1.0,100.0
4,seed307759,UDPFlood,282427,hybrid,xgboost,70,100.0,1.0,100.0
4,seed307759,UDPFlood,282427,mlp,rf,70,71.42857142857143,0.0,not applicable
4,seed307759,UDPFlood,282427,mlp,xgboost,70,71.42857142857143,0.0,not applicable
4,seed307759,UDPFlood,282427,rf,xgboost,70,100.0,1.0,not applicable
4,seed307759,UDPFlood,307759,hybrid,mlp,70,100.0,1.0,100.0
4,seed307759,UDPFlood,307759,hybrid,rf,70,100.0,1.0,100.0
4,seed307759,UDPFlood,307759,hybrid,xgboost,70,100.0,1.0,100.0
4,seed307759,UDPFlood,307759,mlp,rf,70,100.0,1.0,not applicable
4,seed307759,UDPFlood,307759,mlp,xgboost,70,100.0,1.0,not applicable
4,seed307759,UDPFlood,307759,rf,xgboost,70,100.0,1.0,not applicable
4,seed307759,UDPFlood,333019,hybrid,mlp,70,100.0,1.0,100.0
4,seed307759,UDPFlood,333019,hybrid,rf,70,100.0,1.0,100.0
4,seed307759,UDPFlood,333019,hybrid,xgboost,70,100.0,1.0,100.0
4,seed307759,UDPFlood,333019,mlp,rf,70,100.0,1.0,not applicable
4,seed307759,UDPFlood,333019,mlp,xgboost,70,100.0,1.0,not applicable
4,seed307759,UDPFlood,333019,rf,xgboost,70,100.0,1.0,not applicable
4,seed333019,DNSAmplification,104729,hybrid,mlp,60,100.0,1.0,100.0
4,seed333019,DNSAmplification,104729,hybrid,rf,60,100.0,1.0,100.0
4,seed333019,DNSAmplification,104729,hybrid,xgboost,60,100.0,1.0,100.0
4,seed333019,DNSAmplification,104729,mlp,rf,60,100.0,1.0,not applicable
4,seed333019,DNSAmplification,104729,mlp,xgboost,60,100.0,1.0,not applicable
4,seed333019,DNSAmplification,104729,rf,xgboost,60,100.0,1.0,not applicable
4,seed333019,DNSAmplification,130363,hybrid,mlp,60,100.0,1.0,100.0
4,seed333019,DNSAmplification,130363,hybrid,rf,60,100.0,1.0,100.0
4,seed333019,DNSAmplification,130363,hybrid,xgboost,60,100.0,1.0,100.0
4,seed333019,DNSAmplification,130363,mlp,rf,60,100.0,1.0,not applicable
4,seed333019,DNSAmplification,130363,mlp,xgboost,60,100.0,1.0,not applicable
4,seed333019,DNSAmplification,130363,rf,xgboost,60,100.0,1.0,not applicable
4,seed333019,DNSAmplification,155921,hybrid,mlp,60,83.33333333333334,0.0,83.33333333333334
4,seed333019,DNSAmplification,155921,hybrid,rf,60,100.0,1.0,100.0
4,seed333019,DNSAmplification,155921,hybrid,xgboost,60,100.0,1.0,100.0
4,seed333019,DNSAmplification,155921,mlp,rf,60,83.33333333333334,0.0,not applicable
4,seed333019,DNSAmplification,155921,mlp,xgboost,60,83.33333333333334,0.0,not applicable
4,seed333019,DNSAmplification,155921,rf,xgboost,60,100.0,1.0,not applicable
4,seed333019,DNSAmplification,181081,hybrid,mlp,60,83.33333333333334,0.0,83.33333333333334
4,seed333019,DNSAmplification,181081,hybrid,rf,60,100.0,1.0,100.0
4,seed333019,DNSAmplification,181081,hybrid,xgboost,60,100.0,1.0,100.0
4,seed333019,DNSAmplification,181081,mlp,rf,60,83.33333333333334,0.0,not applicable
4,seed333019,DNSAmplification,181081,mlp,xgboost,60,83.33333333333334,0.0,not applicable
4,seed333019,DNSAmplification,181081,rf,xgboost,60,100.0,1.0,not applicable
4,seed333019,DNSAmplification,206369,hybrid,mlp,60,100.0,1.0,100.0
4,seed333019,DNSAmplification,206369,hybrid,rf,60,100.0,1.0,100.0
4,seed333019,DNSAmplification,206369,hybrid,xgboost,60,100.0,1.0,100.0
4,seed333019,DNSAmplification,206369,mlp,rf,60,100.0,1.0,not applicable
4,seed333019,DNSAmplification,206369,mlp,xgboost,60,100.0,1.0,not applicable
4,seed333019,DNSAmplification,206369,rf,xgboost,60,100.0,1.0,not applicable
4,seed333019,DNSAmplification,231701,hybrid,mlp,60,83.33333333333334,0.0,83.33333333333334
4,seed333019,DNSAmplification,231701,hybrid,rf,60,100.0,1.0,100.0
4,seed333019,DNSAmplification,231701,hybrid,xgboost,60,100.0,1.0,100.0
4,seed333019,DNSAmplification,231701,mlp,rf,60,83.33333333333334,0.0,not applicable
4,seed333019,DNSAmplification,231701,mlp,xgboost,60,83.33333333333334,0.0,not applicable
4,seed333019,DNSAmplification,231701,rf,xgboost,60,100.0,1.0,not applicable
4,seed333019,DNSAmplification,257053,hybrid,mlp,60,83.33333333333334,0.0,83.33333333333334
4,seed333019,DNSAmplification,257053,hybrid,rf,60,100.0,1.0,100.0
4,seed333019,DNSAmplification,257053,hybrid,xgboost,60,100.0,1.0,100.0
4,seed333019,DNSAmplification,257053,mlp,rf,60,83.33333333333334,0.0,not applicable
4,seed333019,DNSAmplification,257053,mlp,xgboost,60,83.33333333333334,0.0,not applicable
4,seed333019,DNSAmplification,257053,rf,xgboost,60,100.0,1.0,not applicable
4,seed333019,DNSAmplification,282427,hybrid,mlp,60,83.33333333333334,0.0,83.33333333333334
4,seed333019,DNSAmplification,282427,hybrid,rf,60,100.0,1.0,100.0
4,seed333019,DNSAmplification,282427,hybrid,xgboost,60,100.0,1.0,100.0
4,seed333019,DNSAmplification,282427,mlp,rf,60,83.33333333333334,0.0,not applicable
4,seed333019,DNSAmplification,282427,mlp,xgboost,60,83.33333333333334,0.0,not applicable
4,seed333019,DNSAmplification,282427,rf,xgboost,60,100.0,1.0,not applicable
4,seed333019,DNSAmplification,307759,hybrid,mlp,60,100.0,1.0,100.0
4,seed333019,DNSAmplification,307759,hybrid,rf,60,100.0,1.0,100.0
4,seed333019,DNSAmplification,307759,hybrid,xgboost,60,100.0,1.0,100.0
4,seed333019,DNSAmplification,307759,mlp,rf,60,100.0,1.0,not applicable
4,seed333019,DNSAmplification,307759,mlp,xgboost,60,100.0,1.0,not applicable
4,seed333019,DNSAmplification,307759,rf,xgboost,60,100.0,1.0,not applicable
4,seed333019,DNSAmplification,333019,hybrid,mlp,60,100.0,1.0,100.0
4,seed333019,DNSAmplification,333019,hybrid,rf,60,100.0,1.0,100.0
4,seed333019,DNSAmplification,333019,hybrid,xgboost,60,100.0,1.0,100.0
4,seed333019,DNSAmplification,333019,mlp,rf,60,100.0,1.0,not applicable
4,seed333019,DNSAmplification,333019,mlp,xgboost,60,100.0,1.0,not applicable
4,seed333019,DNSAmplification,333019,rf,xgboost,60,100.0,1.0,not applicable
4,seed333019,Normal,104729,hybrid,mlp,50,100.0,not estimable,100.0
4,seed333019,Normal,104729,hybrid,rf,50,100.0,not estimable,100.0
4,seed333019,Normal,104729,hybrid,xgboost,50,100.0,not estimable,100.0
4,seed333019,Normal,104729,mlp,rf,50,100.0,not estimable,not applicable
4,seed333019,Normal,104729,mlp,xgboost,50,100.0,not estimable,not applicable
4,seed333019,Normal,104729,rf,xgboost,50,100.0,not estimable,not applicable
4,seed333019,Normal,130363,hybrid,mlp,50,100.0,not estimable,100.0
4,seed333019,Normal,130363,hybrid,rf,50,100.0,not estimable,100.0
4,seed333019,Normal,130363,hybrid,xgboost,50,100.0,not estimable,100.0
4,seed333019,Normal,130363,mlp,rf,50,100.0,not estimable,not applicable
4,seed333019,Normal,130363,mlp,xgboost,50,100.0,not estimable,not applicable
4,seed333019,Normal,130363,rf,xgboost,50,100.0,not estimable,not applicable
4,seed333019,Normal,155921,hybrid,mlp,50,100.0,not estimable,100.0
4,seed333019,Normal,155921,hybrid,rf,50,100.0,not estimable,100.0
4,seed333019,Normal,155921,hybrid,xgboost,50,100.0,not estimable,100.0
4,seed333019,Normal,155921,mlp,rf,50,100.0,not estimable,not applicable
4,seed333019,Normal,155921,mlp,xgboost,50,100.0,not estimable,not applicable
4,seed333019,Normal,155921,rf,xgboost,50,100.0,not estimable,not applicable
4,seed333019,Normal,181081,hybrid,mlp,50,100.0,not estimable,100.0
4,seed333019,Normal,181081,hybrid,rf,50,100.0,not estimable,100.0
4,seed333019,Normal,181081,hybrid,xgboost,50,100.0,not estimable,100.0
4,seed333019,Normal,181081,mlp,rf,50,100.0,not estimable,not applicable
4,seed333019,Normal,181081,mlp,xgboost,50,100.0,not estimable,not applicable
4,seed333019,Normal,181081,rf,xgboost,50,100.0,not estimable,not applicable
4,seed333019,Normal,206369,hybrid,mlp,50,100.0,not estimable,100.0
4,seed333019,Normal,206369,hybrid,rf,50,100.0,not estimable,100.0
4,seed333019,Normal,206369,hybrid,xgboost,50,100.0,not estimable,100.0
4,seed333019,Normal,206369,mlp,rf,50,100.0,not estimable,not applicable
4,seed333019,Normal,206369,mlp,xgboost,50,100.0,not estimable,not applicable
4,seed333019,Normal,206369,rf,xgboost,50,100.0,not estimable,not applicable
4,seed333019,Normal,231701,hybrid,mlp,50,100.0,not estimable,100.0
4,seed333019,Normal,231701,hybrid,rf,50,100.0,not estimable,100.0
4,seed333019,Normal,231701,hybrid,xgboost,50,100.0,not estimable,100.0
4,seed333019,Normal,231701,mlp,rf,50,100.0,not estimable,not applicable
4,seed333019,Normal,231701,mlp,xgboost,50,100.0,not estimable,not applicable
4,seed333019,Normal,231701,rf,xgboost,50,100.0,not estimable,not applicable
4,seed333019,Normal,257053,hybrid,mlp,50,100.0,not estimable,100.0
4,seed333019,Normal,257053,hybrid,rf,50,100.0,not estimable,100.0
4,seed333019,Normal,257053,hybrid,xgboost,50,100.0,not estimable,100.0
4,seed333019,Normal,257053,mlp,rf,50,100.0,not estimable,not applicable
4,seed333019,Normal,257053,mlp,xgboost,50,100.0,not estimable,not applicable
4,seed333019,Normal,257053,rf,xgboost,50,100.0,not estimable,not applicable
4,seed333019,Normal,282427,hybrid,mlp,50,100.0,not estimable,100.0
4,seed333019,Normal,282427,hybrid,rf,50,100.0,not estimable,100.0
4,seed333019,Normal,282427,hybrid,xgboost,50,100.0,not estimable,100.0
4,seed333019,Normal,282427,mlp,rf,50,100.0,not estimable,not applicable
4,seed333019,Normal,282427,mlp,xgboost,50,100.0,not estimable,not applicable
4,seed333019,Normal,282427,rf,xgboost,50,100.0,not estimable,not applicable
4,seed333019,Normal,307759,hybrid,mlp,50,100.0,not estimable,100.0
4,seed333019,Normal,307759,hybrid,rf,50,100.0,not estimable,100.0
4,seed333019,Normal,307759,hybrid,xgboost,50,100.0,not estimable,100.0
4,seed333019,Normal,307759,mlp,rf,50,100.0,not estimable,not applicable
4,seed333019,Normal,307759,mlp,xgboost,50,100.0,not estimable,not applicable
4,seed333019,Normal,307759,rf,xgboost,50,100.0,not estimable,not applicable
4,seed333019,Normal,333019,hybrid,mlp,50,100.0,not estimable,100.0
4,seed333019,Normal,333019,hybrid,rf,50,100.0,not estimable,100.0
4,seed333019,Normal,333019,hybrid,xgboost,50,100.0,not estimable,100.0
4,seed333019,Normal,333019,mlp,rf,50,100.0,not estimable,not applicable
4,seed333019,Normal,333019,mlp,xgboost,50,100.0,not estimable,not applicable
4,seed333019,Normal,333019,rf,xgboost,50,100.0,not estimable,not applicable
4,seed333019,SYNFlood,104729,hybrid,mlp,850,100.0,not estimable,100.0
4,seed333019,SYNFlood,104729,hybrid,rf,850,100.0,not estimable,100.0
4,seed333019,SYNFlood,104729,hybrid,xgboost,850,100.0,not estimable,100.0
4,seed333019,SYNFlood,104729,mlp,rf,850,100.0,not estimable,not applicable
4,seed333019,SYNFlood,104729,mlp,xgboost,850,100.0,not estimable,not applicable
4,seed333019,SYNFlood,104729,rf,xgboost,850,100.0,not estimable,not applicable
4,seed333019,SYNFlood,130363,hybrid,mlp,850,100.0,not estimable,100.0
4,seed333019,SYNFlood,130363,hybrid,rf,850,100.0,not estimable,100.0
4,seed333019,SYNFlood,130363,hybrid,xgboost,850,100.0,not estimable,100.0
4,seed333019,SYNFlood,130363,mlp,rf,850,100.0,not estimable,not applicable
4,seed333019,SYNFlood,130363,mlp,xgboost,850,100.0,not estimable,not applicable
4,seed333019,SYNFlood,130363,rf,xgboost,850,100.0,not estimable,not applicable
4,seed333019,SYNFlood,155921,hybrid,mlp,850,100.0,not estimable,100.0
4,seed333019,SYNFlood,155921,hybrid,rf,850,100.0,not estimable,100.0
4,seed333019,SYNFlood,155921,hybrid,xgboost,850,100.0,not estimable,100.0
4,seed333019,SYNFlood,155921,mlp,rf,850,100.0,not estimable,not applicable
4,seed333019,SYNFlood,155921,mlp,xgboost,850,100.0,not estimable,not applicable
4,seed333019,SYNFlood,155921,rf,xgboost,850,100.0,not estimable,not applicable
4,seed333019,SYNFlood,181081,hybrid,mlp,850,100.0,not estimable,100.0
4,seed333019,SYNFlood,181081,hybrid,rf,850,100.0,not estimable,100.0
4,seed333019,SYNFlood,181081,hybrid,xgboost,850,100.0,not estimable,100.0
4,seed333019,SYNFlood,181081,mlp,rf,850,100.0,not estimable,not applicable
4,seed333019,SYNFlood,181081,mlp,xgboost,850,100.0,not estimable,not applicable
4,seed333019,SYNFlood,181081,rf,xgboost,850,100.0,not estimable,not applicable
4,seed333019,SYNFlood,206369,hybrid,mlp,850,100.0,not estimable,100.0
4,seed333019,SYNFlood,206369,hybrid,rf,850,100.0,not estimable,100.0
4,seed333019,SYNFlood,206369,hybrid,xgboost,850,100.0,not estimable,100.0
4,seed333019,SYNFlood,206369,mlp,rf,850,100.0,not estimable,not applicable
4,seed333019,SYNFlood,206369,mlp,xgboost,850,100.0,not estimable,not applicable
4,seed333019,SYNFlood,206369,rf,xgboost,850,100.0,not estimable,not applicable
4,seed333019,SYNFlood,231701,hybrid,mlp,850,99.6470588235294,0.0,99.6470588235294
4,seed333019,SYNFlood,231701,hybrid,rf,850,100.0,not estimable,100.0
4,seed333019,SYNFlood,231701,hybrid,xgboost,850,100.0,not estimable,100.0
4,seed333019,SYNFlood,231701,mlp,rf,850,99.6470588235294,0.0,not applicable
4,seed333019,SYNFlood,231701,mlp,xgboost,850,99.6470588235294,0.0,not applicable
4,seed333019,SYNFlood,231701,rf,xgboost,850,100.0,not estimable,not applicable
4,seed333019,SYNFlood,257053,hybrid,mlp,850,100.0,not estimable,100.0
4,seed333019,SYNFlood,257053,hybrid,rf,850,100.0,not estimable,100.0
4,seed333019,SYNFlood,257053,hybrid,xgboost,850,100.0,not estimable,100.0
4,seed333019,SYNFlood,257053,mlp,rf,850,100.0,not estimable,not applicable
4,seed333019,SYNFlood,257053,mlp,xgboost,850,100.0,not estimable,not applicable
4,seed333019,SYNFlood,257053,rf,xgboost,850,100.0,not estimable,not applicable
4,seed333019,SYNFlood,282427,hybrid,mlp,850,100.0,not estimable,100.0
4,seed333019,SYNFlood,282427,hybrid,rf,850,100.0,not estimable,100.0
4,seed333019,SYNFlood,282427,hybrid,xgboost,850,100.0,not estimable,100.0
4,seed333019,SYNFlood,282427,mlp,rf,850,100.0,not estimable,not applicable
4,seed333019,SYNFlood,282427,mlp,xgboost,850,100.0,not estimable,not applicable
4,seed333019,SYNFlood,282427,rf,xgboost,850,100.0,not estimable,not applicable
4,seed333019,SYNFlood,307759,hybrid,mlp,850,100.0,not estimable,100.0
4,seed333019,SYNFlood,307759,hybrid,rf,850,100.0,not estimable,100.0
4,seed333019,SYNFlood,307759,hybrid,xgboost,850,100.0,not estimable,100.0
4,seed333019,SYNFlood,307759,mlp,rf,850,100.0,not estimable,not applicable
4,seed333019,SYNFlood,307759,mlp,xgboost,850,100.0,not estimable,not applicable
4,seed333019,SYNFlood,307759,rf,xgboost,850,100.0,not estimable,not applicable
4,seed333019,SYNFlood,333019,hybrid,mlp,850,100.0,not estimable,100.0
4,seed333019,SYNFlood,333019,hybrid,rf,850,100.0,not estimable,100.0
4,seed333019,SYNFlood,333019,hybrid,xgboost,850,100.0,not estimable,100.0
4,seed333019,SYNFlood,333019,mlp,rf,850,100.0,not estimable,not applicable
4,seed333019,SYNFlood,333019,mlp,xgboost,850,100.0,not estimable,not applicable
4,seed333019,SYNFlood,333019,rf,xgboost,850,100.0,not estimable,not applicable
4,seed333019,UDPFlood,104729,hybrid,mlp,72,97.22222222222221,0.9328358208955224,97.22222222222221
4,seed333019,UDPFlood,104729,hybrid,rf,72,100.0,1.0,100.0
4,seed333019,UDPFlood,104729,hybrid,xgboost,72,100.0,1.0,100.0
4,seed333019,UDPFlood,104729,mlp,rf,72,97.22222222222221,0.9328358208955224,not applicable
4,seed333019,UDPFlood,104729,mlp,xgboost,72,97.22222222222221,0.9328358208955224,not applicable
4,seed333019,UDPFlood,104729,rf,xgboost,72,100.0,1.0,not applicable
4,seed333019,UDPFlood,130363,hybrid,mlp,72,100.0,1.0,100.0
4,seed333019,UDPFlood,130363,hybrid,rf,72,100.0,1.0,100.0
4,seed333019,UDPFlood,130363,hybrid,xgboost,72,98.61111111111111,0.9659090909090909,98.61111111111111
4,seed333019,UDPFlood,130363,mlp,rf,72,100.0,1.0,not applicable
4,seed333019,UDPFlood,130363,mlp,xgboost,72,98.61111111111111,0.9659090909090909,not applicable
4,seed333019,UDPFlood,130363,rf,xgboost,72,98.61111111111111,0.9659090909090909,not applicable
4,seed333019,UDPFlood,155921,hybrid,mlp,72,69.44444444444444,-0.05319148936170226,69.44444444444444
4,seed333019,UDPFlood,155921,hybrid,rf,72,100.0,1.0,100.0
4,seed333019,UDPFlood,155921,hybrid,xgboost,72,100.0,1.0,100.0
4,seed333019,UDPFlood,155921,mlp,rf,72,69.44444444444444,-0.05319148936170226,not applicable
4,seed333019,UDPFlood,155921,mlp,xgboost,72,69.44444444444444,-0.05319148936170226,not applicable
4,seed333019,UDPFlood,155921,rf,xgboost,72,100.0,1.0,not applicable
4,seed333019,UDPFlood,181081,hybrid,mlp,72,69.44444444444444,-0.05319148936170226,69.44444444444444
4,seed333019,UDPFlood,181081,hybrid,rf,72,100.0,1.0,100.0
4,seed333019,UDPFlood,181081,hybrid,xgboost,72,100.0,1.0,100.0
4,seed333019,UDPFlood,181081,mlp,rf,72,69.44444444444444,-0.05319148936170226,not applicable
4,seed333019,UDPFlood,181081,mlp,xgboost,72,69.44444444444444,-0.05319148936170226,not applicable
4,seed333019,UDPFlood,181081,rf,xgboost,72,100.0,1.0,not applicable
4,seed333019,UDPFlood,206369,hybrid,mlp,72,97.22222222222221,0.9328358208955224,97.22222222222221
4,seed333019,UDPFlood,206369,hybrid,rf,72,100.0,1.0,100.0
4,seed333019,UDPFlood,206369,hybrid,xgboost,72,100.0,1.0,100.0
4,seed333019,UDPFlood,206369,mlp,rf,72,97.22222222222221,0.9328358208955224,not applicable
4,seed333019,UDPFlood,206369,mlp,xgboost,72,97.22222222222221,0.9328358208955224,not applicable
4,seed333019,UDPFlood,206369,rf,xgboost,72,100.0,1.0,not applicable
4,seed333019,UDPFlood,231701,hybrid,mlp,72,69.44444444444444,-0.05319148936170226,69.44444444444444
4,seed333019,UDPFlood,231701,hybrid,rf,72,100.0,1.0,100.0
4,seed333019,UDPFlood,231701,hybrid,xgboost,72,100.0,1.0,100.0
4,seed333019,UDPFlood,231701,mlp,rf,72,69.44444444444444,-0.05319148936170226,not applicable
4,seed333019,UDPFlood,231701,mlp,xgboost,72,69.44444444444444,-0.05319148936170226,not applicable
4,seed333019,UDPFlood,231701,rf,xgboost,72,100.0,1.0,not applicable
4,seed333019,UDPFlood,257053,hybrid,mlp,72,69.44444444444444,-0.05319148936170226,69.44444444444444
4,seed333019,UDPFlood,257053,hybrid,rf,72,100.0,1.0,100.0
4,seed333019,UDPFlood,257053,hybrid,xgboost,72,100.0,1.0,100.0
4,seed333019,UDPFlood,257053,mlp,rf,72,69.44444444444444,-0.05319148936170226,not applicable
4,seed333019,UDPFlood,257053,mlp,xgboost,72,69.44444444444444,-0.05319148936170226,not applicable
4,seed333019,UDPFlood,257053,rf,xgboost,72,100.0,1.0,not applicable
4,seed333019,UDPFlood,282427,hybrid,mlp,72,69.44444444444444,-0.05319148936170226,69.44444444444444
4,seed333019,UDPFlood,282427,hybrid,rf,72,100.0,1.0,100.0
4,seed333019,UDPFlood,282427,hybrid,xgboost,72,100.0,1.0,100.0
4,seed333019,UDPFlood,282427,mlp,rf,72,69.44444444444444,-0.05319148936170226,not applicable
4,seed333019,UDPFlood,282427,mlp,xgboost,72,69.44444444444444,-0.05319148936170226,not applicable
4,seed333019,UDPFlood,282427,rf,xgboost,72,100.0,1.0,not applicable
4,seed333019,UDPFlood,307759,hybrid,mlp,72,98.61111111111111,0.9668508287292817,98.61111111111111
4,seed333019,UDPFlood,307759,hybrid,rf,72,100.0,1.0,100.0
4,seed333019,UDPFlood,307759,hybrid,xgboost,72,98.61111111111111,0.9659090909090909,98.61111111111111
4,seed333019,UDPFlood,307759,mlp,rf,72,98.61111111111111,0.9668508287292817,not applicable
4,seed333019,UDPFlood,307759,mlp,xgboost,72,97.22222222222221,0.9328358208955224,not applicable
4,seed333019,UDPFlood,307759,rf,xgboost,72,98.61111111111111,0.9659090909090909,not applicable
4,seed333019,UDPFlood,333019,hybrid,mlp,72,100.0,1.0,100.0
4,seed333019,UDPFlood,333019,hybrid,rf,72,98.61111111111111,0.9659090909090909,98.61111111111111
4,seed333019,UDPFlood,333019,hybrid,xgboost,72,100.0,1.0,100.0
4,seed333019,UDPFlood,333019,mlp,rf,72,98.61111111111111,0.9659090909090909,not applicable
4,seed333019,UDPFlood,333019,mlp,xgboost,72,100.0,1.0,not applicable
4,seed333019,UDPFlood,333019,rf,xgboost,72,98.61111111111111,0.9659090909090909,not applicable
6,seed104729,DNSAmplification,104729,hybrid,mlp,60,83.33333333333334,0.0,83.33333333333334
6,seed104729,DNSAmplification,104729,hybrid,rf,60,100.0,1.0,100.0
6,seed104729,DNSAmplification,104729,hybrid,xgboost,60,100.0,1.0,100.0
6,seed104729,DNSAmplification,104729,mlp,rf,60,83.33333333333334,0.0,not applicable
6,seed104729,DNSAmplification,104729,mlp,xgboost,60,83.33333333333334,0.0,not applicable
6,seed104729,DNSAmplification,104729,rf,xgboost,60,100.0,1.0,not applicable
6,seed104729,DNSAmplification,130363,hybrid,mlp,60,83.33333333333334,0.0,83.33333333333334
6,seed104729,DNSAmplification,130363,hybrid,rf,60,100.0,1.0,100.0
6,seed104729,DNSAmplification,130363,hybrid,xgboost,60,100.0,1.0,100.0
6,seed104729,DNSAmplification,130363,mlp,rf,60,83.33333333333334,0.0,not applicable
6,seed104729,DNSAmplification,130363,mlp,xgboost,60,83.33333333333334,0.0,not applicable
6,seed104729,DNSAmplification,130363,rf,xgboost,60,100.0,1.0,not applicable
6,seed104729,DNSAmplification,155921,hybrid,mlp,60,83.33333333333334,0.0,83.33333333333334
6,seed104729,DNSAmplification,155921,hybrid,rf,60,100.0,1.0,100.0
6,seed104729,DNSAmplification,155921,hybrid,xgboost,60,100.0,1.0,100.0
6,seed104729,DNSAmplification,155921,mlp,rf,60,83.33333333333334,0.0,not applicable
6,seed104729,DNSAmplification,155921,mlp,xgboost,60,83.33333333333334,0.0,not applicable
6,seed104729,DNSAmplification,155921,rf,xgboost,60,100.0,1.0,not applicable
6,seed104729,DNSAmplification,181081,hybrid,mlp,60,83.33333333333334,0.0,83.33333333333334
6,seed104729,DNSAmplification,181081,hybrid,rf,60,100.0,1.0,100.0
6,seed104729,DNSAmplification,181081,hybrid,xgboost,60,100.0,1.0,100.0
6,seed104729,DNSAmplification,181081,mlp,rf,60,83.33333333333334,0.0,not applicable
6,seed104729,DNSAmplification,181081,mlp,xgboost,60,83.33333333333334,0.0,not applicable
6,seed104729,DNSAmplification,181081,rf,xgboost,60,100.0,1.0,not applicable
6,seed104729,DNSAmplification,206369,hybrid,mlp,60,83.33333333333334,0.0,83.33333333333334
6,seed104729,DNSAmplification,206369,hybrid,rf,60,100.0,1.0,100.0
6,seed104729,DNSAmplification,206369,hybrid,xgboost,60,100.0,1.0,100.0
6,seed104729,DNSAmplification,206369,mlp,rf,60,83.33333333333334,0.0,not applicable
6,seed104729,DNSAmplification,206369,mlp,xgboost,60,83.33333333333334,0.0,not applicable
6,seed104729,DNSAmplification,206369,rf,xgboost,60,100.0,1.0,not applicable
6,seed104729,DNSAmplification,231701,hybrid,mlp,60,83.33333333333334,0.0,83.33333333333334
6,seed104729,DNSAmplification,231701,hybrid,rf,60,100.0,1.0,100.0
6,seed104729,DNSAmplification,231701,hybrid,xgboost,60,100.0,1.0,100.0
6,seed104729,DNSAmplification,231701,mlp,rf,60,83.33333333333334,0.0,not applicable
6,seed104729,DNSAmplification,231701,mlp,xgboost,60,83.33333333333334,0.0,not applicable
6,seed104729,DNSAmplification,231701,rf,xgboost,60,100.0,1.0,not applicable
6,seed104729,DNSAmplification,257053,hybrid,mlp,60,81.66666666666667,-0.031249999999999778,81.66666666666667
6,seed104729,DNSAmplification,257053,hybrid,rf,60,100.0,1.0,100.0
6,seed104729,DNSAmplification,257053,hybrid,xgboost,60,100.0,1.0,100.0
6,seed104729,DNSAmplification,257053,mlp,rf,60,81.66666666666667,-0.031249999999999778,not applicable
6,seed104729,DNSAmplification,257053,mlp,xgboost,60,81.66666666666667,-0.031249999999999778,not applicable
6,seed104729,DNSAmplification,257053,rf,xgboost,60,100.0,1.0,not applicable
6,seed104729,DNSAmplification,282427,hybrid,mlp,60,83.33333333333334,0.0,83.33333333333334
6,seed104729,DNSAmplification,282427,hybrid,rf,60,100.0,1.0,100.0
6,seed104729,DNSAmplification,282427,hybrid,xgboost,60,100.0,1.0,100.0
6,seed104729,DNSAmplification,282427,mlp,rf,60,83.33333333333334,0.0,not applicable
6,seed104729,DNSAmplification,282427,mlp,xgboost,60,83.33333333333334,0.0,not applicable
6,seed104729,DNSAmplification,282427,rf,xgboost,60,100.0,1.0,not applicable
6,seed104729,DNSAmplification,307759,hybrid,mlp,60,83.33333333333334,0.0,83.33333333333334
6,seed104729,DNSAmplification,307759,hybrid,rf,60,100.0,1.0,100.0
6,seed104729,DNSAmplification,307759,hybrid,xgboost,60,100.0,1.0,100.0
6,seed104729,DNSAmplification,307759,mlp,rf,60,83.33333333333334,0.0,not applicable
6,seed104729,DNSAmplification,307759,mlp,xgboost,60,83.33333333333334,0.0,not applicable
6,seed104729,DNSAmplification,307759,rf,xgboost,60,100.0,1.0,not applicable
6,seed104729,DNSAmplification,333019,hybrid,mlp,60,83.33333333333334,0.0,83.33333333333334
6,seed104729,DNSAmplification,333019,hybrid,rf,60,100.0,1.0,100.0
6,seed104729,DNSAmplification,333019,hybrid,xgboost,60,100.0,1.0,100.0
6,seed104729,DNSAmplification,333019,mlp,rf,60,83.33333333333334,0.0,not applicable
6,seed104729,DNSAmplification,333019,mlp,xgboost,60,83.33333333333334,0.0,not applicable
6,seed104729,DNSAmplification,333019,rf,xgboost,60,100.0,1.0,not applicable
6,seed104729,Normal,104729,hybrid,mlp,50,100.0,not estimable,100.0
6,seed104729,Normal,104729,hybrid,rf,50,100.0,not estimable,100.0
6,seed104729,Normal,104729,hybrid,xgboost,50,100.0,not estimable,100.0
6,seed104729,Normal,104729,mlp,rf,50,100.0,not estimable,not applicable
6,seed104729,Normal,104729,mlp,xgboost,50,100.0,not estimable,not applicable
6,seed104729,Normal,104729,rf,xgboost,50,100.0,not estimable,not applicable
6,seed104729,Normal,130363,hybrid,mlp,50,100.0,not estimable,100.0
6,seed104729,Normal,130363,hybrid,rf,50,100.0,not estimable,100.0
6,seed104729,Normal,130363,hybrid,xgboost,50,100.0,not estimable,100.0
6,seed104729,Normal,130363,mlp,rf,50,100.0,not estimable,not applicable
6,seed104729,Normal,130363,mlp,xgboost,50,100.0,not estimable,not applicable
6,seed104729,Normal,130363,rf,xgboost,50,100.0,not estimable,not applicable
6,seed104729,Normal,155921,hybrid,mlp,50,100.0,not estimable,100.0
6,seed104729,Normal,155921,hybrid,rf,50,100.0,not estimable,100.0
6,seed104729,Normal,155921,hybrid,xgboost,50,100.0,not estimable,100.0
6,seed104729,Normal,155921,mlp,rf,50,100.0,not estimable,not applicable
6,seed104729,Normal,155921,mlp,xgboost,50,100.0,not estimable,not applicable
6,seed104729,Normal,155921,rf,xgboost,50,100.0,not estimable,not applicable
6,seed104729,Normal,181081,hybrid,mlp,50,100.0,not estimable,100.0
6,seed104729,Normal,181081,hybrid,rf,50,100.0,not estimable,100.0
6,seed104729,Normal,181081,hybrid,xgboost,50,100.0,not estimable,100.0
6,seed104729,Normal,181081,mlp,rf,50,100.0,not estimable,not applicable
6,seed104729,Normal,181081,mlp,xgboost,50,100.0,not estimable,not applicable
6,seed104729,Normal,181081,rf,xgboost,50,100.0,not estimable,not applicable
6,seed104729,Normal,206369,hybrid,mlp,50,100.0,not estimable,100.0
6,seed104729,Normal,206369,hybrid,rf,50,100.0,not estimable,100.0
6,seed104729,Normal,206369,hybrid,xgboost,50,100.0,not estimable,100.0
6,seed104729,Normal,206369,mlp,rf,50,100.0,not estimable,not applicable
6,seed104729,Normal,206369,mlp,xgboost,50,100.0,not estimable,not applicable
6,seed104729,Normal,206369,rf,xgboost,50,100.0,not estimable,not applicable
6,seed104729,Normal,231701,hybrid,mlp,50,100.0,not estimable,100.0
6,seed104729,Normal,231701,hybrid,rf,50,100.0,not estimable,100.0
6,seed104729,Normal,231701,hybrid,xgboost,50,100.0,not estimable,100.0
6,seed104729,Normal,231701,mlp,rf,50,100.0,not estimable,not applicable
6,seed104729,Normal,231701,mlp,xgboost,50,100.0,not estimable,not applicable
6,seed104729,Normal,231701,rf,xgboost,50,100.0,not estimable,not applicable
6,seed104729,Normal,257053,hybrid,mlp,50,100.0,not estimable,100.0
6,seed104729,Normal,257053,hybrid,rf,50,100.0,not estimable,100.0
6,seed104729,Normal,257053,hybrid,xgboost,50,100.0,not estimable,100.0
6,seed104729,Normal,257053,mlp,rf,50,100.0,not estimable,not applicable
6,seed104729,Normal,257053,mlp,xgboost,50,100.0,not estimable,not applicable
6,seed104729,Normal,257053,rf,xgboost,50,100.0,not estimable,not applicable
6,seed104729,Normal,282427,hybrid,mlp,50,100.0,not estimable,100.0
6,seed104729,Normal,282427,hybrid,rf,50,100.0,not estimable,100.0
6,seed104729,Normal,282427,hybrid,xgboost,50,100.0,not estimable,100.0
6,seed104729,Normal,282427,mlp,rf,50,100.0,not estimable,not applicable
6,seed104729,Normal,282427,mlp,xgboost,50,100.0,not estimable,not applicable
6,seed104729,Normal,282427,rf,xgboost,50,100.0,not estimable,not applicable
6,seed104729,Normal,307759,hybrid,mlp,50,100.0,not estimable,100.0
6,seed104729,Normal,307759,hybrid,rf,50,100.0,not estimable,100.0
6,seed104729,Normal,307759,hybrid,xgboost,50,100.0,not estimable,100.0
6,seed104729,Normal,307759,mlp,rf,50,100.0,not estimable,not applicable
6,seed104729,Normal,307759,mlp,xgboost,50,100.0,not estimable,not applicable
6,seed104729,Normal,307759,rf,xgboost,50,100.0,not estimable,not applicable
6,seed104729,Normal,333019,hybrid,mlp,50,100.0,not estimable,100.0
6,seed104729,Normal,333019,hybrid,rf,50,100.0,not estimable,100.0
6,seed104729,Normal,333019,hybrid,xgboost,50,100.0,not estimable,100.0
6,seed104729,Normal,333019,mlp,rf,50,100.0,not estimable,not applicable
6,seed104729,Normal,333019,mlp,xgboost,50,100.0,not estimable,not applicable
6,seed104729,Normal,333019,rf,xgboost,50,100.0,not estimable,not applicable
6,seed104729,SYNFlood,104729,hybrid,mlp,850,100.0,not estimable,100.0
6,seed104729,SYNFlood,104729,hybrid,rf,850,100.0,not estimable,100.0
6,seed104729,SYNFlood,104729,hybrid,xgboost,850,100.0,not estimable,100.0
6,seed104729,SYNFlood,104729,mlp,rf,850,100.0,not estimable,not applicable
6,seed104729,SYNFlood,104729,mlp,xgboost,850,100.0,not estimable,not applicable
6,seed104729,SYNFlood,104729,rf,xgboost,850,100.0,not estimable,not applicable
6,seed104729,SYNFlood,130363,hybrid,mlp,850,52.94117647058824,0.0,52.94117647058824
6,seed104729,SYNFlood,130363,hybrid,rf,850,100.0,not estimable,100.0
6,seed104729,SYNFlood,130363,hybrid,xgboost,850,100.0,not estimable,100.0
6,seed104729,SYNFlood,130363,mlp,rf,850,52.94117647058824,0.0,not applicable
6,seed104729,SYNFlood,130363,mlp,xgboost,850,52.94117647058824,0.0,not applicable
6,seed104729,SYNFlood,130363,rf,xgboost,850,100.0,not estimable,not applicable
6,seed104729,SYNFlood,155921,hybrid,mlp,850,100.0,not estimable,100.0
6,seed104729,SYNFlood,155921,hybrid,rf,850,100.0,not estimable,100.0
6,seed104729,SYNFlood,155921,hybrid,xgboost,850,100.0,not estimable,100.0
6,seed104729,SYNFlood,155921,mlp,rf,850,100.0,not estimable,not applicable
6,seed104729,SYNFlood,155921,mlp,xgboost,850,100.0,not estimable,not applicable
6,seed104729,SYNFlood,155921,rf,xgboost,850,100.0,not estimable,not applicable
6,seed104729,SYNFlood,181081,hybrid,mlp,850,100.0,not estimable,100.0
6,seed104729,SYNFlood,181081,hybrid,rf,850,100.0,not estimable,100.0
6,seed104729,SYNFlood,181081,hybrid,xgboost,850,100.0,not estimable,100.0
6,seed104729,SYNFlood,181081,mlp,rf,850,100.0,not estimable,not applicable
6,seed104729,SYNFlood,181081,mlp,xgboost,850,100.0,not estimable,not applicable
6,seed104729,SYNFlood,181081,rf,xgboost,850,100.0,not estimable,not applicable
6,seed104729,SYNFlood,206369,hybrid,mlp,850,52.94117647058824,0.0,52.94117647058824
6,seed104729,SYNFlood,206369,hybrid,rf,850,100.0,not estimable,100.0
6,seed104729,SYNFlood,206369,hybrid,xgboost,850,100.0,not estimable,100.0
6,seed104729,SYNFlood,206369,mlp,rf,850,52.94117647058824,0.0,not applicable
6,seed104729,SYNFlood,206369,mlp,xgboost,850,52.94117647058824,0.0,not applicable
6,seed104729,SYNFlood,206369,rf,xgboost,850,100.0,not estimable,not applicable
6,seed104729,SYNFlood,231701,hybrid,mlp,850,100.0,not estimable,100.0
6,seed104729,SYNFlood,231701,hybrid,rf,850,100.0,not estimable,100.0
6,seed104729,SYNFlood,231701,hybrid,xgboost,850,100.0,not estimable,100.0
6,seed104729,SYNFlood,231701,mlp,rf,850,100.0,not estimable,not applicable
6,seed104729,SYNFlood,231701,mlp,xgboost,850,100.0,not estimable,not applicable
6,seed104729,SYNFlood,231701,rf,xgboost,850,100.0,not estimable,not applicable
6,seed104729,SYNFlood,257053,hybrid,mlp,850,99.76470588235294,0.0,99.76470588235294
6,seed104729,SYNFlood,257053,hybrid,rf,850,100.0,not estimable,100.0
6,seed104729,SYNFlood,257053,hybrid,xgboost,850,100.0,not estimable,100.0
6,seed104729,SYNFlood,257053,mlp,rf,850,99.76470588235294,0.0,not applicable
6,seed104729,SYNFlood,257053,mlp,xgboost,850,99.76470588235294,0.0,not applicable
6,seed104729,SYNFlood,257053,rf,xgboost,850,100.0,not estimable,not applicable
6,seed104729,SYNFlood,282427,hybrid,mlp,850,100.0,not estimable,100.0
6,seed104729,SYNFlood,282427,hybrid,rf,850,100.0,not estimable,100.0
6,seed104729,SYNFlood,282427,hybrid,xgboost,850,100.0,not estimable,100.0
6,seed104729,SYNFlood,282427,mlp,rf,850,100.0,not estimable,not applicable
6,seed104729,SYNFlood,282427,mlp,xgboost,850,100.0,not estimable,not applicable
6,seed104729,SYNFlood,282427,rf,xgboost,850,100.0,not estimable,not applicable
6,seed104729,SYNFlood,307759,hybrid,mlp,850,100.0,not estimable,100.0
6,seed104729,SYNFlood,307759,hybrid,rf,850,100.0,not estimable,100.0
6,seed104729,SYNFlood,307759,hybrid,xgboost,850,100.0,not estimable,100.0
6,seed104729,SYNFlood,307759,mlp,rf,850,100.0,not estimable,not applicable
6,seed104729,SYNFlood,307759,mlp,xgboost,850,100.0,not estimable,not applicable
6,seed104729,SYNFlood,307759,rf,xgboost,850,100.0,not estimable,not applicable
6,seed104729,SYNFlood,333019,hybrid,mlp,850,99.29411764705883,0.0,99.29411764705883
6,seed104729,SYNFlood,333019,hybrid,rf,850,100.0,not estimable,100.0
6,seed104729,SYNFlood,333019,hybrid,xgboost,850,100.0,not estimable,100.0
6,seed104729,SYNFlood,333019,mlp,rf,850,99.29411764705883,0.0,not applicable
6,seed104729,SYNFlood,333019,mlp,xgboost,850,99.29411764705883,0.0,not applicable
6,seed104729,SYNFlood,333019,rf,xgboost,850,100.0,not estimable,not applicable
6,seed104729,UDPFlood,104729,hybrid,mlp,70,71.42857142857143,0.0,71.42857142857143
6,seed104729,UDPFlood,104729,hybrid,rf,70,100.0,1.0,100.0
6,seed104729,UDPFlood,104729,hybrid,xgboost,70,100.0,1.0,100.0
6,seed104729,UDPFlood,104729,mlp,rf,70,71.42857142857143,0.0,not applicable
6,seed104729,UDPFlood,104729,mlp,xgboost,70,71.42857142857143,0.0,not applicable
6,seed104729,UDPFlood,104729,rf,xgboost,70,100.0,1.0,not applicable
6,seed104729,UDPFlood,130363,hybrid,mlp,70,71.42857142857143,0.0,71.42857142857143
6,seed104729,UDPFlood,130363,hybrid,rf,70,100.0,1.0,100.0
6,seed104729,UDPFlood,130363,hybrid,xgboost,70,100.0,1.0,100.0
6,seed104729,UDPFlood,130363,mlp,rf,70,71.42857142857143,0.0,not applicable
6,seed104729,UDPFlood,130363,mlp,xgboost,70,71.42857142857143,0.0,not applicable
6,seed104729,UDPFlood,130363,rf,xgboost,70,100.0,1.0,not applicable
6,seed104729,UDPFlood,155921,hybrid,mlp,70,71.42857142857143,0.0,71.42857142857143
6,seed104729,UDPFlood,155921,hybrid,rf,70,100.0,1.0,100.0
6,seed104729,UDPFlood,155921,hybrid,xgboost,70,100.0,1.0,100.0
6,seed104729,UDPFlood,155921,mlp,rf,70,71.42857142857143,0.0,not applicable
6,seed104729,UDPFlood,155921,mlp,xgboost,70,71.42857142857143,0.0,not applicable
6,seed104729,UDPFlood,155921,rf,xgboost,70,100.0,1.0,not applicable
6,seed104729,UDPFlood,181081,hybrid,mlp,70,71.42857142857143,0.0,71.42857142857143
6,seed104729,UDPFlood,181081,hybrid,rf,70,100.0,1.0,100.0
6,seed104729,UDPFlood,181081,hybrid,xgboost,70,100.0,1.0,100.0
6,seed104729,UDPFlood,181081,mlp,rf,70,71.42857142857143,0.0,not applicable
6,seed104729,UDPFlood,181081,mlp,xgboost,70,71.42857142857143,0.0,not applicable
6,seed104729,UDPFlood,181081,rf,xgboost,70,100.0,1.0,not applicable
6,seed104729,UDPFlood,206369,hybrid,mlp,70,100.0,1.0,100.0
6,seed104729,UDPFlood,206369,hybrid,rf,70,100.0,1.0,100.0
6,seed104729,UDPFlood,206369,hybrid,xgboost,70,100.0,1.0,100.0
6,seed104729,UDPFlood,206369,mlp,rf,70,100.0,1.0,not applicable
6,seed104729,UDPFlood,206369,mlp,xgboost,70,100.0,1.0,not applicable
6,seed104729,UDPFlood,206369,rf,xgboost,70,100.0,1.0,not applicable
6,seed104729,UDPFlood,231701,hybrid,mlp,70,71.42857142857143,0.0,71.42857142857143
6,seed104729,UDPFlood,231701,hybrid,rf,70,100.0,1.0,100.0
6,seed104729,UDPFlood,231701,hybrid,xgboost,70,100.0,1.0,100.0
6,seed104729,UDPFlood,231701,mlp,rf,70,71.42857142857143,0.0,not applicable
6,seed104729,UDPFlood,231701,mlp,xgboost,70,71.42857142857143,0.0,not applicable
6,seed104729,UDPFlood,231701,rf,xgboost,70,100.0,1.0,not applicable
6,seed104729,UDPFlood,257053,hybrid,mlp,70,71.42857142857143,0.0,71.42857142857143
6,seed104729,UDPFlood,257053,hybrid,rf,70,100.0,1.0,100.0
6,seed104729,UDPFlood,257053,hybrid,xgboost,70,100.0,1.0,100.0
6,seed104729,UDPFlood,257053,mlp,rf,70,71.42857142857143,0.0,not applicable
6,seed104729,UDPFlood,257053,mlp,xgboost,70,71.42857142857143,0.0,not applicable
6,seed104729,UDPFlood,257053,rf,xgboost,70,100.0,1.0,not applicable
6,seed104729,UDPFlood,282427,hybrid,mlp,70,71.42857142857143,0.0,71.42857142857143
6,seed104729,UDPFlood,282427,hybrid,rf,70,100.0,1.0,100.0
6,seed104729,UDPFlood,282427,hybrid,xgboost,70,100.0,1.0,100.0
6,seed104729,UDPFlood,282427,mlp,rf,70,71.42857142857143,0.0,not applicable
6,seed104729,UDPFlood,282427,mlp,xgboost,70,71.42857142857143,0.0,not applicable
6,seed104729,UDPFlood,282427,rf,xgboost,70,100.0,1.0,not applicable
6,seed104729,UDPFlood,307759,hybrid,mlp,70,71.42857142857143,0.0,71.42857142857143
6,seed104729,UDPFlood,307759,hybrid,rf,70,100.0,1.0,100.0
6,seed104729,UDPFlood,307759,hybrid,xgboost,70,100.0,1.0,100.0
6,seed104729,UDPFlood,307759,mlp,rf,70,71.42857142857143,0.0,not applicable
6,seed104729,UDPFlood,307759,mlp,xgboost,70,71.42857142857143,0.0,not applicable
6,seed104729,UDPFlood,307759,rf,xgboost,70,100.0,1.0,not applicable
6,seed104729,UDPFlood,333019,hybrid,mlp,70,71.42857142857143,0.0,71.42857142857143
6,seed104729,UDPFlood,333019,hybrid,rf,70,100.0,1.0,100.0
6,seed104729,UDPFlood,333019,hybrid,xgboost,70,100.0,1.0,100.0
6,seed104729,UDPFlood,333019,mlp,rf,70,71.42857142857143,0.0,not applicable
6,seed104729,UDPFlood,333019,mlp,xgboost,70,71.42857142857143,0.0,not applicable
6,seed104729,UDPFlood,333019,rf,xgboost,70,100.0,1.0,not applicable
6,seed130363,DNSAmplification,104729,hybrid,mlp,60,83.33333333333334,0.0,83.33333333333334
6,seed130363,DNSAmplification,104729,hybrid,rf,60,100.0,1.0,100.0
6,seed130363,DNSAmplification,104729,hybrid,xgboost,60,100.0,1.0,100.0
6,seed130363,DNSAmplification,104729,mlp,rf,60,83.33333333333334,0.0,not applicable
6,seed130363,DNSAmplification,104729,mlp,xgboost,60,83.33333333333334,0.0,not applicable
6,seed130363,DNSAmplification,104729,rf,xgboost,60,100.0,1.0,not applicable
6,seed130363,DNSAmplification,130363,hybrid,mlp,60,83.33333333333334,0.0,83.33333333333334
6,seed130363,DNSAmplification,130363,hybrid,rf,60,100.0,1.0,100.0
6,seed130363,DNSAmplification,130363,hybrid,xgboost,60,100.0,1.0,100.0
6,seed130363,DNSAmplification,130363,mlp,rf,60,83.33333333333334,0.0,not applicable
6,seed130363,DNSAmplification,130363,mlp,xgboost,60,83.33333333333334,0.0,not applicable
6,seed130363,DNSAmplification,130363,rf,xgboost,60,100.0,1.0,not applicable
6,seed130363,DNSAmplification,155921,hybrid,mlp,60,83.33333333333334,0.0,83.33333333333334
6,seed130363,DNSAmplification,155921,hybrid,rf,60,100.0,1.0,100.0
6,seed130363,DNSAmplification,155921,hybrid,xgboost,60,100.0,1.0,100.0
6,seed130363,DNSAmplification,155921,mlp,rf,60,83.33333333333334,0.0,not applicable
6,seed130363,DNSAmplification,155921,mlp,xgboost,60,83.33333333333334,0.0,not applicable
6,seed130363,DNSAmplification,155921,rf,xgboost,60,100.0,1.0,not applicable
6,seed130363,DNSAmplification,181081,hybrid,mlp,60,83.33333333333334,0.0,83.33333333333334
6,seed130363,DNSAmplification,181081,hybrid,rf,60,100.0,1.0,100.0
6,seed130363,DNSAmplification,181081,hybrid,xgboost,60,100.0,1.0,100.0
6,seed130363,DNSAmplification,181081,mlp,rf,60,83.33333333333334,0.0,not applicable
6,seed130363,DNSAmplification,181081,mlp,xgboost,60,83.33333333333334,0.0,not applicable
6,seed130363,DNSAmplification,181081,rf,xgboost,60,100.0,1.0,not applicable
6,seed130363,DNSAmplification,206369,hybrid,mlp,60,83.33333333333334,0.0,83.33333333333334
6,seed130363,DNSAmplification,206369,hybrid,rf,60,100.0,1.0,100.0
6,seed130363,DNSAmplification,206369,hybrid,xgboost,60,100.0,1.0,100.0
6,seed130363,DNSAmplification,206369,mlp,rf,60,83.33333333333334,0.0,not applicable
6,seed130363,DNSAmplification,206369,mlp,xgboost,60,83.33333333333334,0.0,not applicable
6,seed130363,DNSAmplification,206369,rf,xgboost,60,100.0,1.0,not applicable
6,seed130363,DNSAmplification,231701,hybrid,mlp,60,83.33333333333334,0.0,83.33333333333334
6,seed130363,DNSAmplification,231701,hybrid,rf,60,100.0,1.0,100.0
6,seed130363,DNSAmplification,231701,hybrid,xgboost,60,100.0,1.0,100.0
6,seed130363,DNSAmplification,231701,mlp,rf,60,83.33333333333334,0.0,not applicable
6,seed130363,DNSAmplification,231701,mlp,xgboost,60,83.33333333333334,0.0,not applicable
6,seed130363,DNSAmplification,231701,rf,xgboost,60,100.0,1.0,not applicable
6,seed130363,DNSAmplification,257053,hybrid,mlp,60,81.66666666666667,-0.031249999999999778,81.66666666666667
6,seed130363,DNSAmplification,257053,hybrid,rf,60,100.0,1.0,100.0
6,seed130363,DNSAmplification,257053,hybrid,xgboost,60,100.0,1.0,100.0
6,seed130363,DNSAmplification,257053,mlp,rf,60,81.66666666666667,-0.031249999999999778,not applicable
6,seed130363,DNSAmplification,257053,mlp,xgboost,60,81.66666666666667,-0.031249999999999778,not applicable
6,seed130363,DNSAmplification,257053,rf,xgboost,60,100.0,1.0,not applicable
6,seed130363,DNSAmplification,282427,hybrid,mlp,60,83.33333333333334,0.0,83.33333333333334
6,seed130363,DNSAmplification,282427,hybrid,rf,60,100.0,1.0,100.0
6,seed130363,DNSAmplification,282427,hybrid,xgboost,60,100.0,1.0,100.0
6,seed130363,DNSAmplification,282427,mlp,rf,60,83.33333333333334,0.0,not applicable
6,seed130363,DNSAmplification,282427,mlp,xgboost,60,83.33333333333334,0.0,not applicable
6,seed130363,DNSAmplification,282427,rf,xgboost,60,100.0,1.0,not applicable
6,seed130363,DNSAmplification,307759,hybrid,mlp,60,83.33333333333334,0.0,83.33333333333334
6,seed130363,DNSAmplification,307759,hybrid,rf,60,100.0,1.0,100.0
6,seed130363,DNSAmplification,307759,hybrid,xgboost,60,100.0,1.0,100.0
6,seed130363,DNSAmplification,307759,mlp,rf,60,83.33333333333334,0.0,not applicable
6,seed130363,DNSAmplification,307759,mlp,xgboost,60,83.33333333333334,0.0,not applicable
6,seed130363,DNSAmplification,307759,rf,xgboost,60,100.0,1.0,not applicable
6,seed130363,DNSAmplification,333019,hybrid,mlp,60,83.33333333333334,0.0,83.33333333333334
6,seed130363,DNSAmplification,333019,hybrid,rf,60,100.0,1.0,100.0
6,seed130363,DNSAmplification,333019,hybrid,xgboost,60,100.0,1.0,100.0
6,seed130363,DNSAmplification,333019,mlp,rf,60,83.33333333333334,0.0,not applicable
6,seed130363,DNSAmplification,333019,mlp,xgboost,60,83.33333333333334,0.0,not applicable
6,seed130363,DNSAmplification,333019,rf,xgboost,60,100.0,1.0,not applicable
6,seed130363,Normal,104729,hybrid,mlp,50,100.0,not estimable,100.0
6,seed130363,Normal,104729,hybrid,rf,50,100.0,not estimable,100.0
6,seed130363,Normal,104729,hybrid,xgboost,50,100.0,not estimable,100.0
6,seed130363,Normal,104729,mlp,rf,50,100.0,not estimable,not applicable
6,seed130363,Normal,104729,mlp,xgboost,50,100.0,not estimable,not applicable
6,seed130363,Normal,104729,rf,xgboost,50,100.0,not estimable,not applicable
6,seed130363,Normal,130363,hybrid,mlp,50,100.0,not estimable,100.0
6,seed130363,Normal,130363,hybrid,rf,50,100.0,not estimable,100.0
6,seed130363,Normal,130363,hybrid,xgboost,50,100.0,not estimable,100.0
6,seed130363,Normal,130363,mlp,rf,50,100.0,not estimable,not applicable
6,seed130363,Normal,130363,mlp,xgboost,50,100.0,not estimable,not applicable
6,seed130363,Normal,130363,rf,xgboost,50,100.0,not estimable,not applicable
6,seed130363,Normal,155921,hybrid,mlp,50,100.0,not estimable,100.0
6,seed130363,Normal,155921,hybrid,rf,50,100.0,not estimable,100.0
6,seed130363,Normal,155921,hybrid,xgboost,50,100.0,not estimable,100.0
6,seed130363,Normal,155921,mlp,rf,50,100.0,not estimable,not applicable
6,seed130363,Normal,155921,mlp,xgboost,50,100.0,not estimable,not applicable
6,seed130363,Normal,155921,rf,xgboost,50,100.0,not estimable,not applicable
6,seed130363,Normal,181081,hybrid,mlp,50,100.0,not estimable,100.0
6,seed130363,Normal,181081,hybrid,rf,50,100.0,not estimable,100.0
6,seed130363,Normal,181081,hybrid,xgboost,50,100.0,not estimable,100.0
6,seed130363,Normal,181081,mlp,rf,50,100.0,not estimable,not applicable
6,seed130363,Normal,181081,mlp,xgboost,50,100.0,not estimable,not applicable
6,seed130363,Normal,181081,rf,xgboost,50,100.0,not estimable,not applicable
6,seed130363,Normal,206369,hybrid,mlp,50,100.0,not estimable,100.0
6,seed130363,Normal,206369,hybrid,rf,50,100.0,not estimable,100.0
6,seed130363,Normal,206369,hybrid,xgboost,50,100.0,not estimable,100.0
6,seed130363,Normal,206369,mlp,rf,50,100.0,not estimable,not applicable
6,seed130363,Normal,206369,mlp,xgboost,50,100.0,not estimable,not applicable
6,seed130363,Normal,206369,rf,xgboost,50,100.0,not estimable,not applicable
6,seed130363,Normal,231701,hybrid,mlp,50,100.0,not estimable,100.0
6,seed130363,Normal,231701,hybrid,rf,50,100.0,not estimable,100.0
6,seed130363,Normal,231701,hybrid,xgboost,50,100.0,not estimable,100.0
6,seed130363,Normal,231701,mlp,rf,50,100.0,not estimable,not applicable
6,seed130363,Normal,231701,mlp,xgboost,50,100.0,not estimable,not applicable
6,seed130363,Normal,231701,rf,xgboost,50,100.0,not estimable,not applicable
6,seed130363,Normal,257053,hybrid,mlp,50,100.0,not estimable,100.0
6,seed130363,Normal,257053,hybrid,rf,50,100.0,not estimable,100.0
6,seed130363,Normal,257053,hybrid,xgboost,50,100.0,not estimable,100.0
6,seed130363,Normal,257053,mlp,rf,50,100.0,not estimable,not applicable
6,seed130363,Normal,257053,mlp,xgboost,50,100.0,not estimable,not applicable
6,seed130363,Normal,257053,rf,xgboost,50,100.0,not estimable,not applicable
6,seed130363,Normal,282427,hybrid,mlp,50,100.0,not estimable,100.0
6,seed130363,Normal,282427,hybrid,rf,50,100.0,not estimable,100.0
6,seed130363,Normal,282427,hybrid,xgboost,50,100.0,not estimable,100.0
6,seed130363,Normal,282427,mlp,rf,50,100.0,not estimable,not applicable
6,seed130363,Normal,282427,mlp,xgboost,50,100.0,not estimable,not applicable
6,seed130363,Normal,282427,rf,xgboost,50,100.0,not estimable,not applicable
6,seed130363,Normal,307759,hybrid,mlp,50,100.0,not estimable,100.0
6,seed130363,Normal,307759,hybrid,rf,50,100.0,not estimable,100.0
6,seed130363,Normal,307759,hybrid,xgboost,50,100.0,not estimable,100.0
6,seed130363,Normal,307759,mlp,rf,50,100.0,not estimable,not applicable
6,seed130363,Normal,307759,mlp,xgboost,50,100.0,not estimable,not applicable
6,seed130363,Normal,307759,rf,xgboost,50,100.0,not estimable,not applicable
6,seed130363,Normal,333019,hybrid,mlp,50,100.0,not estimable,100.0
6,seed130363,Normal,333019,hybrid,rf,50,100.0,not estimable,100.0
6,seed130363,Normal,333019,hybrid,xgboost,50,100.0,not estimable,100.0
6,seed130363,Normal,333019,mlp,rf,50,100.0,not estimable,not applicable
6,seed130363,Normal,333019,mlp,xgboost,50,100.0,not estimable,not applicable
6,seed130363,Normal,333019,rf,xgboost,50,100.0,not estimable,not applicable
6,seed130363,SYNFlood,104729,hybrid,mlp,850,100.0,not estimable,100.0
6,seed130363,SYNFlood,104729,hybrid,rf,850,100.0,not estimable,100.0
6,seed130363,SYNFlood,104729,hybrid,xgboost,850,100.0,not estimable,100.0
6,seed130363,SYNFlood,104729,mlp,rf,850,100.0,not estimable,not applicable
6,seed130363,SYNFlood,104729,mlp,xgboost,850,100.0,not estimable,not applicable
6,seed130363,SYNFlood,104729,rf,xgboost,850,100.0,not estimable,not applicable
6,seed130363,SYNFlood,130363,hybrid,mlp,850,52.94117647058824,0.0,52.94117647058824
6,seed130363,SYNFlood,130363,hybrid,rf,850,100.0,not estimable,100.0
6,seed130363,SYNFlood,130363,hybrid,xgboost,850,100.0,not estimable,100.0
6,seed130363,SYNFlood,130363,mlp,rf,850,52.94117647058824,0.0,not applicable
6,seed130363,SYNFlood,130363,mlp,xgboost,850,52.94117647058824,0.0,not applicable
6,seed130363,SYNFlood,130363,rf,xgboost,850,100.0,not estimable,not applicable
6,seed130363,SYNFlood,155921,hybrid,mlp,850,100.0,not estimable,100.0
6,seed130363,SYNFlood,155921,hybrid,rf,850,100.0,not estimable,100.0
6,seed130363,SYNFlood,155921,hybrid,xgboost,850,100.0,not estimable,100.0
6,seed130363,SYNFlood,155921,mlp,rf,850,100.0,not estimable,not applicable
6,seed130363,SYNFlood,155921,mlp,xgboost,850,100.0,not estimable,not applicable
6,seed130363,SYNFlood,155921,rf,xgboost,850,100.0,not estimable,not applicable
6,seed130363,SYNFlood,181081,hybrid,mlp,850,100.0,not estimable,100.0
6,seed130363,SYNFlood,181081,hybrid,rf,850,100.0,not estimable,100.0
6,seed130363,SYNFlood,181081,hybrid,xgboost,850,100.0,not estimable,100.0
6,seed130363,SYNFlood,181081,mlp,rf,850,100.0,not estimable,not applicable
6,seed130363,SYNFlood,181081,mlp,xgboost,850,100.0,not estimable,not applicable
6,seed130363,SYNFlood,181081,rf,xgboost,850,100.0,not estimable,not applicable
6,seed130363,SYNFlood,206369,hybrid,mlp,850,53.05882352941177,0.0,53.05882352941177
6,seed130363,SYNFlood,206369,hybrid,rf,850,100.0,not estimable,100.0
6,seed130363,SYNFlood,206369,hybrid,xgboost,850,100.0,not estimable,100.0
6,seed130363,SYNFlood,206369,mlp,rf,850,53.05882352941177,0.0,not applicable
6,seed130363,SYNFlood,206369,mlp,xgboost,850,53.05882352941177,0.0,not applicable
6,seed130363,SYNFlood,206369,rf,xgboost,850,100.0,not estimable,not applicable
6,seed130363,SYNFlood,231701,hybrid,mlp,850,100.0,not estimable,100.0
6,seed130363,SYNFlood,231701,hybrid,rf,850,100.0,not estimable,100.0
6,seed130363,SYNFlood,231701,hybrid,xgboost,850,100.0,not estimable,100.0
6,seed130363,SYNFlood,231701,mlp,rf,850,100.0,not estimable,not applicable
6,seed130363,SYNFlood,231701,mlp,xgboost,850,100.0,not estimable,not applicable
6,seed130363,SYNFlood,231701,rf,xgboost,850,100.0,not estimable,not applicable
6,seed130363,SYNFlood,257053,hybrid,mlp,850,100.0,not estimable,100.0
6,seed130363,SYNFlood,257053,hybrid,rf,850,100.0,not estimable,100.0
6,seed130363,SYNFlood,257053,hybrid,xgboost,850,100.0,not estimable,100.0
6,seed130363,SYNFlood,257053,mlp,rf,850,100.0,not estimable,not applicable
6,seed130363,SYNFlood,257053,mlp,xgboost,850,100.0,not estimable,not applicable
6,seed130363,SYNFlood,257053,rf,xgboost,850,100.0,not estimable,not applicable
6,seed130363,SYNFlood,282427,hybrid,mlp,850,100.0,not estimable,100.0
6,seed130363,SYNFlood,282427,hybrid,rf,850,100.0,not estimable,100.0
6,seed130363,SYNFlood,282427,hybrid,xgboost,850,100.0,not estimable,100.0
6,seed130363,SYNFlood,282427,mlp,rf,850,100.0,not estimable,not applicable
6,seed130363,SYNFlood,282427,mlp,xgboost,850,100.0,not estimable,not applicable
6,seed130363,SYNFlood,282427,rf,xgboost,850,100.0,not estimable,not applicable
6,seed130363,SYNFlood,307759,hybrid,mlp,850,99.88235294117646,0.0,99.88235294117646
6,seed130363,SYNFlood,307759,hybrid,rf,850,100.0,not estimable,100.0
6,seed130363,SYNFlood,307759,hybrid,xgboost,850,100.0,not estimable,100.0
6,seed130363,SYNFlood,307759,mlp,rf,850,99.88235294117646,0.0,not applicable
6,seed130363,SYNFlood,307759,mlp,xgboost,850,99.88235294117646,0.0,not applicable
6,seed130363,SYNFlood,307759,rf,xgboost,850,100.0,not estimable,not applicable
6,seed130363,SYNFlood,333019,hybrid,mlp,850,99.6470588235294,0.0,99.6470588235294
6,seed130363,SYNFlood,333019,hybrid,rf,850,100.0,not estimable,100.0
6,seed130363,SYNFlood,333019,hybrid,xgboost,850,100.0,not estimable,100.0
6,seed130363,SYNFlood,333019,mlp,rf,850,99.6470588235294,0.0,not applicable
6,seed130363,SYNFlood,333019,mlp,xgboost,850,99.6470588235294,0.0,not applicable
6,seed130363,SYNFlood,333019,rf,xgboost,850,100.0,not estimable,not applicable
6,seed130363,UDPFlood,104729,hybrid,mlp,70,71.42857142857143,0.0,71.42857142857143
6,seed130363,UDPFlood,104729,hybrid,rf,70,100.0,1.0,100.0
6,seed130363,UDPFlood,104729,hybrid,xgboost,70,100.0,1.0,100.0
6,seed130363,UDPFlood,104729,mlp,rf,70,71.42857142857143,0.0,not applicable
6,seed130363,UDPFlood,104729,mlp,xgboost,70,71.42857142857143,0.0,not applicable
6,seed130363,UDPFlood,104729,rf,xgboost,70,100.0,1.0,not applicable
6,seed130363,UDPFlood,130363,hybrid,mlp,70,71.42857142857143,0.0,71.42857142857143
6,seed130363,UDPFlood,130363,hybrid,rf,70,100.0,1.0,100.0
6,seed130363,UDPFlood,130363,hybrid,xgboost,70,100.0,1.0,100.0
6,seed130363,UDPFlood,130363,mlp,rf,70,71.42857142857143,0.0,not applicable
6,seed130363,UDPFlood,130363,mlp,xgboost,70,71.42857142857143,0.0,not applicable
6,seed130363,UDPFlood,130363,rf,xgboost,70,100.0,1.0,not applicable
6,seed130363,UDPFlood,155921,hybrid,mlp,70,71.42857142857143,0.0,71.42857142857143
6,seed130363,UDPFlood,155921,hybrid,rf,70,100.0,1.0,100.0
6,seed130363,UDPFlood,155921,hybrid,xgboost,70,100.0,1.0,100.0
6,seed130363,UDPFlood,155921,mlp,rf,70,71.42857142857143,0.0,not applicable
6,seed130363,UDPFlood,155921,mlp,xgboost,70,71.42857142857143,0.0,not applicable
6,seed130363,UDPFlood,155921,rf,xgboost,70,100.0,1.0,not applicable
6,seed130363,UDPFlood,181081,hybrid,mlp,70,71.42857142857143,0.0,71.42857142857143
6,seed130363,UDPFlood,181081,hybrid,rf,70,100.0,1.0,100.0
6,seed130363,UDPFlood,181081,hybrid,xgboost,70,100.0,1.0,100.0
6,seed130363,UDPFlood,181081,mlp,rf,70,71.42857142857143,0.0,not applicable
6,seed130363,UDPFlood,181081,mlp,xgboost,70,71.42857142857143,0.0,not applicable
6,seed130363,UDPFlood,181081,rf,xgboost,70,100.0,1.0,not applicable
6,seed130363,UDPFlood,206369,hybrid,mlp,70,100.0,1.0,100.0
6,seed130363,UDPFlood,206369,hybrid,rf,70,100.0,1.0,100.0
6,seed130363,UDPFlood,206369,hybrid,xgboost,70,100.0,1.0,100.0
6,seed130363,UDPFlood,206369,mlp,rf,70,100.0,1.0,not applicable
6,seed130363,UDPFlood,206369,mlp,xgboost,70,100.0,1.0,not applicable
6,seed130363,UDPFlood,206369,rf,xgboost,70,100.0,1.0,not applicable
6,seed130363,UDPFlood,231701,hybrid,mlp,70,71.42857142857143,0.0,71.42857142857143
6,seed130363,UDPFlood,231701,hybrid,rf,70,100.0,1.0,100.0
6,seed130363,UDPFlood,231701,hybrid,xgboost,70,100.0,1.0,100.0
6,seed130363,UDPFlood,231701,mlp,rf,70,71.42857142857143,0.0,not applicable
6,seed130363,UDPFlood,231701,mlp,xgboost,70,71.42857142857143,0.0,not applicable
6,seed130363,UDPFlood,231701,rf,xgboost,70,100.0,1.0,not applicable
6,seed130363,UDPFlood,257053,hybrid,mlp,70,71.42857142857143,0.0,71.42857142857143
6,seed130363,UDPFlood,257053,hybrid,rf,70,100.0,1.0,100.0
6,seed130363,UDPFlood,257053,hybrid,xgboost,70,100.0,1.0,100.0
6,seed130363,UDPFlood,257053,mlp,rf,70,71.42857142857143,0.0,not applicable
6,seed130363,UDPFlood,257053,mlp,xgboost,70,71.42857142857143,0.0,not applicable
6,seed130363,UDPFlood,257053,rf,xgboost,70,100.0,1.0,not applicable
6,seed130363,UDPFlood,282427,hybrid,mlp,70,71.42857142857143,0.0,71.42857142857143
6,seed130363,UDPFlood,282427,hybrid,rf,70,100.0,1.0,100.0
6,seed130363,UDPFlood,282427,hybrid,xgboost,70,100.0,1.0,100.0
6,seed130363,UDPFlood,282427,mlp,rf,70,71.42857142857143,0.0,not applicable
6,seed130363,UDPFlood,282427,mlp,xgboost,70,71.42857142857143,0.0,not applicable
6,seed130363,UDPFlood,282427,rf,xgboost,70,100.0,1.0,not applicable
6,seed130363,UDPFlood,307759,hybrid,mlp,70,71.42857142857143,0.0,71.42857142857143
6,seed130363,UDPFlood,307759,hybrid,rf,70,100.0,1.0,100.0
6,seed130363,UDPFlood,307759,hybrid,xgboost,70,100.0,1.0,100.0
6,seed130363,UDPFlood,307759,mlp,rf,70,71.42857142857143,0.0,not applicable
6,seed130363,UDPFlood,307759,mlp,xgboost,70,71.42857142857143,0.0,not applicable
6,seed130363,UDPFlood,307759,rf,xgboost,70,100.0,1.0,not applicable
6,seed130363,UDPFlood,333019,hybrid,mlp,70,71.42857142857143,0.0,71.42857142857143
6,seed130363,UDPFlood,333019,hybrid,rf,70,100.0,1.0,100.0
6,seed130363,UDPFlood,333019,hybrid,xgboost,70,100.0,1.0,100.0
6,seed130363,UDPFlood,333019,mlp,rf,70,71.42857142857143,0.0,not applicable
6,seed130363,UDPFlood,333019,mlp,xgboost,70,71.42857142857143,0.0,not applicable
6,seed130363,UDPFlood,333019,rf,xgboost,70,100.0,1.0,not applicable
6,seed155921,DNSAmplification,104729,hybrid,mlp,60,83.33333333333334,0.0,83.33333333333334
6,seed155921,DNSAmplification,104729,hybrid,rf,60,100.0,1.0,100.0
6,seed155921,DNSAmplification,104729,hybrid,xgboost,60,100.0,1.0,100.0
6,seed155921,DNSAmplification,104729,mlp,rf,60,83.33333333333334,0.0,not applicable
6,seed155921,DNSAmplification,104729,mlp,xgboost,60,83.33333333333334,0.0,not applicable
6,seed155921,DNSAmplification,104729,rf,xgboost,60,100.0,1.0,not applicable
6,seed155921,DNSAmplification,130363,hybrid,mlp,60,83.33333333333334,0.0,83.33333333333334
6,seed155921,DNSAmplification,130363,hybrid,rf,60,100.0,1.0,100.0
6,seed155921,DNSAmplification,130363,hybrid,xgboost,60,100.0,1.0,100.0
6,seed155921,DNSAmplification,130363,mlp,rf,60,83.33333333333334,0.0,not applicable
6,seed155921,DNSAmplification,130363,mlp,xgboost,60,83.33333333333334,0.0,not applicable
6,seed155921,DNSAmplification,130363,rf,xgboost,60,100.0,1.0,not applicable
6,seed155921,DNSAmplification,155921,hybrid,mlp,60,83.33333333333334,0.0,83.33333333333334
6,seed155921,DNSAmplification,155921,hybrid,rf,60,100.0,1.0,100.0
6,seed155921,DNSAmplification,155921,hybrid,xgboost,60,100.0,1.0,100.0
6,seed155921,DNSAmplification,155921,mlp,rf,60,83.33333333333334,0.0,not applicable
6,seed155921,DNSAmplification,155921,mlp,xgboost,60,83.33333333333334,0.0,not applicable
6,seed155921,DNSAmplification,155921,rf,xgboost,60,100.0,1.0,not applicable
6,seed155921,DNSAmplification,181081,hybrid,mlp,60,83.33333333333334,0.0,83.33333333333334
6,seed155921,DNSAmplification,181081,hybrid,rf,60,100.0,1.0,100.0
6,seed155921,DNSAmplification,181081,hybrid,xgboost,60,100.0,1.0,100.0
6,seed155921,DNSAmplification,181081,mlp,rf,60,83.33333333333334,0.0,not applicable
6,seed155921,DNSAmplification,181081,mlp,xgboost,60,83.33333333333334,0.0,not applicable
6,seed155921,DNSAmplification,181081,rf,xgboost,60,100.0,1.0,not applicable
6,seed155921,DNSAmplification,206369,hybrid,mlp,60,83.33333333333334,0.0,83.33333333333334
6,seed155921,DNSAmplification,206369,hybrid,rf,60,100.0,1.0,100.0
6,seed155921,DNSAmplification,206369,hybrid,xgboost,60,100.0,1.0,100.0
6,seed155921,DNSAmplification,206369,mlp,rf,60,83.33333333333334,0.0,not applicable
6,seed155921,DNSAmplification,206369,mlp,xgboost,60,83.33333333333334,0.0,not applicable
6,seed155921,DNSAmplification,206369,rf,xgboost,60,100.0,1.0,not applicable
6,seed155921,DNSAmplification,231701,hybrid,mlp,60,83.33333333333334,0.0,83.33333333333334
6,seed155921,DNSAmplification,231701,hybrid,rf,60,100.0,1.0,100.0
6,seed155921,DNSAmplification,231701,hybrid,xgboost,60,100.0,1.0,100.0
6,seed155921,DNSAmplification,231701,mlp,rf,60,83.33333333333334,0.0,not applicable
6,seed155921,DNSAmplification,231701,mlp,xgboost,60,83.33333333333334,0.0,not applicable
6,seed155921,DNSAmplification,231701,rf,xgboost,60,100.0,1.0,not applicable
6,seed155921,DNSAmplification,257053,hybrid,mlp,60,81.66666666666667,-0.031249999999999778,81.66666666666667
6,seed155921,DNSAmplification,257053,hybrid,rf,60,100.0,1.0,100.0
6,seed155921,DNSAmplification,257053,hybrid,xgboost,60,100.0,1.0,100.0
6,seed155921,DNSAmplification,257053,mlp,rf,60,81.66666666666667,-0.031249999999999778,not applicable
6,seed155921,DNSAmplification,257053,mlp,xgboost,60,81.66666666666667,-0.031249999999999778,not applicable
6,seed155921,DNSAmplification,257053,rf,xgboost,60,100.0,1.0,not applicable
6,seed155921,DNSAmplification,282427,hybrid,mlp,60,83.33333333333334,0.0,83.33333333333334
6,seed155921,DNSAmplification,282427,hybrid,rf,60,100.0,1.0,100.0
6,seed155921,DNSAmplification,282427,hybrid,xgboost,60,100.0,1.0,100.0
6,seed155921,DNSAmplification,282427,mlp,rf,60,83.33333333333334,0.0,not applicable
6,seed155921,DNSAmplification,282427,mlp,xgboost,60,83.33333333333334,0.0,not applicable
6,seed155921,DNSAmplification,282427,rf,xgboost,60,100.0,1.0,not applicable
6,seed155921,DNSAmplification,307759,hybrid,mlp,60,83.33333333333334,0.0,83.33333333333334
6,seed155921,DNSAmplification,307759,hybrid,rf,60,100.0,1.0,100.0
6,seed155921,DNSAmplification,307759,hybrid,xgboost,60,100.0,1.0,100.0
6,seed155921,DNSAmplification,307759,mlp,rf,60,83.33333333333334,0.0,not applicable
6,seed155921,DNSAmplification,307759,mlp,xgboost,60,83.33333333333334,0.0,not applicable
6,seed155921,DNSAmplification,307759,rf,xgboost,60,100.0,1.0,not applicable
6,seed155921,DNSAmplification,333019,hybrid,mlp,60,83.33333333333334,0.0,83.33333333333334
6,seed155921,DNSAmplification,333019,hybrid,rf,60,100.0,1.0,100.0
6,seed155921,DNSAmplification,333019,hybrid,xgboost,60,100.0,1.0,100.0
6,seed155921,DNSAmplification,333019,mlp,rf,60,83.33333333333334,0.0,not applicable
6,seed155921,DNSAmplification,333019,mlp,xgboost,60,83.33333333333334,0.0,not applicable
6,seed155921,DNSAmplification,333019,rf,xgboost,60,100.0,1.0,not applicable
6,seed155921,Normal,104729,hybrid,mlp,50,100.0,not estimable,100.0
6,seed155921,Normal,104729,hybrid,rf,50,100.0,not estimable,100.0
6,seed155921,Normal,104729,hybrid,xgboost,50,100.0,not estimable,100.0
6,seed155921,Normal,104729,mlp,rf,50,100.0,not estimable,not applicable
6,seed155921,Normal,104729,mlp,xgboost,50,100.0,not estimable,not applicable
6,seed155921,Normal,104729,rf,xgboost,50,100.0,not estimable,not applicable
6,seed155921,Normal,130363,hybrid,mlp,50,100.0,not estimable,100.0
6,seed155921,Normal,130363,hybrid,rf,50,100.0,not estimable,100.0
6,seed155921,Normal,130363,hybrid,xgboost,50,100.0,not estimable,100.0
6,seed155921,Normal,130363,mlp,rf,50,100.0,not estimable,not applicable
6,seed155921,Normal,130363,mlp,xgboost,50,100.0,not estimable,not applicable
6,seed155921,Normal,130363,rf,xgboost,50,100.0,not estimable,not applicable
6,seed155921,Normal,155921,hybrid,mlp,50,100.0,not estimable,100.0
6,seed155921,Normal,155921,hybrid,rf,50,100.0,not estimable,100.0
6,seed155921,Normal,155921,hybrid,xgboost,50,100.0,not estimable,100.0
6,seed155921,Normal,155921,mlp,rf,50,100.0,not estimable,not applicable
6,seed155921,Normal,155921,mlp,xgboost,50,100.0,not estimable,not applicable
6,seed155921,Normal,155921,rf,xgboost,50,100.0,not estimable,not applicable
6,seed155921,Normal,181081,hybrid,mlp,50,100.0,not estimable,100.0
6,seed155921,Normal,181081,hybrid,rf,50,100.0,not estimable,100.0
6,seed155921,Normal,181081,hybrid,xgboost,50,100.0,not estimable,100.0
6,seed155921,Normal,181081,mlp,rf,50,100.0,not estimable,not applicable
6,seed155921,Normal,181081,mlp,xgboost,50,100.0,not estimable,not applicable
6,seed155921,Normal,181081,rf,xgboost,50,100.0,not estimable,not applicable
6,seed155921,Normal,206369,hybrid,mlp,50,100.0,not estimable,100.0
6,seed155921,Normal,206369,hybrid,rf,50,100.0,not estimable,100.0
6,seed155921,Normal,206369,hybrid,xgboost,50,100.0,not estimable,100.0
6,seed155921,Normal,206369,mlp,rf,50,100.0,not estimable,not applicable
6,seed155921,Normal,206369,mlp,xgboost,50,100.0,not estimable,not applicable
6,seed155921,Normal,206369,rf,xgboost,50,100.0,not estimable,not applicable
6,seed155921,Normal,231701,hybrid,mlp,50,100.0,not estimable,100.0
6,seed155921,Normal,231701,hybrid,rf,50,100.0,not estimable,100.0
6,seed155921,Normal,231701,hybrid,xgboost,50,100.0,not estimable,100.0
6,seed155921,Normal,231701,mlp,rf,50,100.0,not estimable,not applicable
6,seed155921,Normal,231701,mlp,xgboost,50,100.0,not estimable,not applicable
6,seed155921,Normal,231701,rf,xgboost,50,100.0,not estimable,not applicable
6,seed155921,Normal,257053,hybrid,mlp,50,98.0,0.0,98.0
6,seed155921,Normal,257053,hybrid,rf,50,100.0,not estimable,100.0
6,seed155921,Normal,257053,hybrid,xgboost,50,100.0,not estimable,100.0
6,seed155921,Normal,257053,mlp,rf,50,98.0,0.0,not applicable
6,seed155921,Normal,257053,mlp,xgboost,50,98.0,0.0,not applicable
6,seed155921,Normal,257053,rf,xgboost,50,100.0,not estimable,not applicable
6,seed155921,Normal,282427,hybrid,mlp,50,100.0,not estimable,100.0
6,seed155921,Normal,282427,hybrid,rf,50,100.0,not estimable,100.0
6,seed155921,Normal,282427,hybrid,xgboost,50,100.0,not estimable,100.0
6,seed155921,Normal,282427,mlp,rf,50,100.0,not estimable,not applicable
6,seed155921,Normal,282427,mlp,xgboost,50,100.0,not estimable,not applicable
6,seed155921,Normal,282427,rf,xgboost,50,100.0,not estimable,not applicable
6,seed155921,Normal,307759,hybrid,mlp,50,100.0,not estimable,100.0
6,seed155921,Normal,307759,hybrid,rf,50,100.0,not estimable,100.0
6,seed155921,Normal,307759,hybrid,xgboost,50,100.0,not estimable,100.0
6,seed155921,Normal,307759,mlp,rf,50,100.0,not estimable,not applicable
6,seed155921,Normal,307759,mlp,xgboost,50,100.0,not estimable,not applicable
6,seed155921,Normal,307759,rf,xgboost,50,100.0,not estimable,not applicable
6,seed155921,Normal,333019,hybrid,mlp,50,100.0,not estimable,100.0
6,seed155921,Normal,333019,hybrid,rf,50,100.0,not estimable,100.0
6,seed155921,Normal,333019,hybrid,xgboost,50,100.0,not estimable,100.0
6,seed155921,Normal,333019,mlp,rf,50,100.0,not estimable,not applicable
6,seed155921,Normal,333019,mlp,xgboost,50,100.0,not estimable,not applicable
6,seed155921,Normal,333019,rf,xgboost,50,100.0,not estimable,not applicable
6,seed155921,SYNFlood,104729,hybrid,mlp,850,100.0,not estimable,100.0
6,seed155921,SYNFlood,104729,hybrid,rf,850,100.0,not estimable,100.0
6,seed155921,SYNFlood,104729,hybrid,xgboost,850,100.0,not estimable,100.0
6,seed155921,SYNFlood,104729,mlp,rf,850,100.0,not estimable,not applicable
6,seed155921,SYNFlood,104729,mlp,xgboost,850,100.0,not estimable,not applicable
6,seed155921,SYNFlood,104729,rf,xgboost,850,100.0,not estimable,not applicable
6,seed155921,SYNFlood,130363,hybrid,mlp,850,52.94117647058824,0.0,52.94117647058824
6,seed155921,SYNFlood,130363,hybrid,rf,850,100.0,not estimable,100.0
6,seed155921,SYNFlood,130363,hybrid,xgboost,850,100.0,not estimable,100.0
6,seed155921,SYNFlood,130363,mlp,rf,850,52.94117647058824,0.0,not applicable
6,seed155921,SYNFlood,130363,mlp,xgboost,850,52.94117647058824,0.0,not applicable
6,seed155921,SYNFlood,130363,rf,xgboost,850,100.0,not estimable,not applicable
6,seed155921,SYNFlood,155921,hybrid,mlp,850,100.0,not estimable,100.0
6,seed155921,SYNFlood,155921,hybrid,rf,850,100.0,not estimable,100.0
6,seed155921,SYNFlood,155921,hybrid,xgboost,850,100.0,not estimable,100.0
6,seed155921,SYNFlood,155921,mlp,rf,850,100.0,not estimable,not applicable
6,seed155921,SYNFlood,155921,mlp,xgboost,850,100.0,not estimable,not applicable
6,seed155921,SYNFlood,155921,rf,xgboost,850,100.0,not estimable,not applicable
6,seed155921,SYNFlood,181081,hybrid,mlp,850,100.0,not estimable,100.0
6,seed155921,SYNFlood,181081,hybrid,rf,850,100.0,not estimable,100.0
6,seed155921,SYNFlood,181081,hybrid,xgboost,850,100.0,not estimable,100.0
6,seed155921,SYNFlood,181081,mlp,rf,850,100.0,not estimable,not applicable
6,seed155921,SYNFlood,181081,mlp,xgboost,850,100.0,not estimable,not applicable
6,seed155921,SYNFlood,181081,rf,xgboost,850,100.0,not estimable,not applicable
6,seed155921,SYNFlood,206369,hybrid,mlp,850,52.94117647058824,0.0,52.94117647058824
6,seed155921,SYNFlood,206369,hybrid,rf,850,100.0,not estimable,100.0
6,seed155921,SYNFlood,206369,hybrid,xgboost,850,100.0,not estimable,100.0
6,seed155921,SYNFlood,206369,mlp,rf,850,52.94117647058824,0.0,not applicable
6,seed155921,SYNFlood,206369,mlp,xgboost,850,52.94117647058824,0.0,not applicable
6,seed155921,SYNFlood,206369,rf,xgboost,850,100.0,not estimable,not applicable
6,seed155921,SYNFlood,231701,hybrid,mlp,850,100.0,not estimable,100.0
6,seed155921,SYNFlood,231701,hybrid,rf,850,100.0,not estimable,100.0
6,seed155921,SYNFlood,231701,hybrid,xgboost,850,100.0,not estimable,100.0
6,seed155921,SYNFlood,231701,mlp,rf,850,100.0,not estimable,not applicable
6,seed155921,SYNFlood,231701,mlp,xgboost,850,100.0,not estimable,not applicable
6,seed155921,SYNFlood,231701,rf,xgboost,850,100.0,not estimable,not applicable
6,seed155921,SYNFlood,257053,hybrid,mlp,850,100.0,not estimable,100.0
6,seed155921,SYNFlood,257053,hybrid,rf,850,100.0,not estimable,100.0
6,seed155921,SYNFlood,257053,hybrid,xgboost,850,100.0,not estimable,100.0
6,seed155921,SYNFlood,257053,mlp,rf,850,100.0,not estimable,not applicable
6,seed155921,SYNFlood,257053,mlp,xgboost,850,100.0,not estimable,not applicable
6,seed155921,SYNFlood,257053,rf,xgboost,850,100.0,not estimable,not applicable
6,seed155921,SYNFlood,282427,hybrid,mlp,850,100.0,not estimable,100.0
6,seed155921,SYNFlood,282427,hybrid,rf,850,100.0,not estimable,100.0
6,seed155921,SYNFlood,282427,hybrid,xgboost,850,100.0,not estimable,100.0
6,seed155921,SYNFlood,282427,mlp,rf,850,100.0,not estimable,not applicable
6,seed155921,SYNFlood,282427,mlp,xgboost,850,100.0,not estimable,not applicable
6,seed155921,SYNFlood,282427,rf,xgboost,850,100.0,not estimable,not applicable
6,seed155921,SYNFlood,307759,hybrid,mlp,850,99.88235294117646,0.0,99.88235294117646
6,seed155921,SYNFlood,307759,hybrid,rf,850,100.0,not estimable,100.0
6,seed155921,SYNFlood,307759,hybrid,xgboost,850,100.0,not estimable,100.0
6,seed155921,SYNFlood,307759,mlp,rf,850,99.88235294117646,0.0,not applicable
6,seed155921,SYNFlood,307759,mlp,xgboost,850,99.88235294117646,0.0,not applicable
6,seed155921,SYNFlood,307759,rf,xgboost,850,100.0,not estimable,not applicable
6,seed155921,SYNFlood,333019,hybrid,mlp,850,99.6470588235294,0.0,99.6470588235294
6,seed155921,SYNFlood,333019,hybrid,rf,850,100.0,not estimable,100.0
6,seed155921,SYNFlood,333019,hybrid,xgboost,850,100.0,not estimable,100.0
6,seed155921,SYNFlood,333019,mlp,rf,850,99.6470588235294,0.0,not applicable
6,seed155921,SYNFlood,333019,mlp,xgboost,850,99.6470588235294,0.0,not applicable
6,seed155921,SYNFlood,333019,rf,xgboost,850,100.0,not estimable,not applicable
6,seed155921,UDPFlood,104729,hybrid,mlp,73,69.86301369863014,0.012300123001229957,69.86301369863014
6,seed155921,UDPFlood,104729,hybrid,rf,73,100.0,1.0,100.0
6,seed155921,UDPFlood,104729,hybrid,xgboost,73,98.63013698630137,0.9660938225731537,98.63013698630137
6,seed155921,UDPFlood,104729,mlp,rf,73,69.86301369863014,0.012300123001229957,not applicable
6,seed155921,UDPFlood,104729,mlp,xgboost,73,68.4931506849315,-0.0769724182168059,not applicable
6,seed155921,UDPFlood,104729,rf,xgboost,73,98.63013698630137,0.9660938225731537,not applicable
6,seed155921,UDPFlood,130363,hybrid,mlp,73,69.86301369863014,-0.05242463958060273,69.86301369863014
6,seed155921,UDPFlood,130363,hybrid,rf,73,100.0,1.0,100.0
6,seed155921,UDPFlood,130363,hybrid,xgboost,73,100.0,1.0,100.0
6,seed155921,UDPFlood,130363,mlp,rf,73,69.86301369863014,-0.05242463958060273,not applicable
6,seed155921,UDPFlood,130363,mlp,xgboost,73,69.86301369863014,-0.05242463958060273,not applicable
6,seed155921,UDPFlood,130363,rf,xgboost,73,100.0,1.0,not applicable
6,seed155921,UDPFlood,155921,hybrid,mlp,73,72.6027397260274,0.0664961636828646,72.6027397260274
6,seed155921,UDPFlood,155921,hybrid,rf,73,100.0,1.0,100.0
6,seed155921,UDPFlood,155921,hybrid,xgboost,73,98.63013698630137,0.9660938225731537,98.63013698630137
6,seed155921,UDPFlood,155921,mlp,rf,73,72.6027397260274,0.0664961636828646,not applicable
6,seed155921,UDPFlood,155921,mlp,xgboost,73,71.23287671232876,-0.02679169457468178,not applicable
6,seed155921,UDPFlood,155921,rf,xgboost,73,98.63013698630137,0.9660938225731537,not applicable
6,seed155921,UDPFlood,181081,hybrid,mlp,73,72.6027397260274,0.0,72.6027397260274
6,seed155921,UDPFlood,181081,hybrid,rf,73,98.63013698630137,0.9660938225731537,98.63013698630137
6,seed155921,UDPFlood,181081,hybrid,xgboost,73,100.0,1.0,100.0
6,seed155921,UDPFlood,181081,mlp,rf,73,71.23287671232876,0.0,not applicable
6,seed155921,UDPFlood,181081,mlp,xgboost,73,72.6027397260274,0.0,not applicable
6,seed155921,UDPFlood,181081,rf,xgboost,73,98.63013698630137,0.9660938225731537,not applicable
6,seed155921,UDPFlood,206369,hybrid,mlp,73,100.0,1.0,100.0
6,seed155921,UDPFlood,206369,hybrid,rf,73,98.63013698630137,0.9660938225731537,98.63013698630137
6,seed155921,UDPFlood,206369,hybrid,xgboost,73,100.0,1.0,100.0
6,seed155921,UDPFlood,206369,mlp,rf,73,98.63013698630137,0.9660938225731537,not applicable
6,seed155921,UDPFlood,206369,mlp,xgboost,73,100.0,1.0,not applicable
6,seed155921,UDPFlood,206369,rf,xgboost,73,98.63013698630137,0.9660938225731537,not applicable
6,seed155921,UDPFlood,231701,hybrid,mlp,73,71.23287671232876,0.0388714733542318,71.23287671232876
6,seed155921,UDPFlood,231701,hybrid,rf,73,100.0,1.0,100.0
6,seed155921,UDPFlood,231701,hybrid,xgboost,73,98.63013698630137,0.9660938225731537,98.63013698630137
6,seed155921,UDPFlood,231701,mlp,rf,73,71.23287671232876,0.0388714733542318,not applicable
6,seed155921,UDPFlood,231701,mlp,xgboost,73,69.86301369863014,-0.05242463958060273,not applicable
6,seed155921,UDPFlood,231701,rf,xgboost,73,98.63013698630137,0.9660938225731537,not applicable
6,seed155921,UDPFlood,257053,hybrid,mlp,73,72.6027397260274,0.0,72.6027397260274
6,seed155921,UDPFlood,257053,hybrid,rf,73,98.63013698630137,0.9660938225731537,98.63013698630137
6,seed155921,UDPFlood,257053,hybrid,xgboost,73,100.0,1.0,100.0
6,seed155921,UDPFlood,257053,mlp,rf,73,71.23287671232876,0.0,not applicable
6,seed155921,UDPFlood,257053,mlp,xgboost,73,72.6027397260274,0.0,not applicable
6,seed155921,UDPFlood,257053,rf,xgboost,73,98.63013698630137,0.9660938225731537,not applicable
6,seed155921,UDPFlood,282427,hybrid,mlp,73,72.6027397260274,0.0664961636828646,72.6027397260274
6,seed155921,UDPFlood,282427,hybrid,rf,73,100.0,1.0,100.0
6,seed155921,UDPFlood,282427,hybrid,xgboost,73,98.63013698630137,0.9660938225731537,98.63013698630137
6,seed155921,UDPFlood,282427,mlp,rf,73,72.6027397260274,0.0664961636828646,not applicable
6,seed155921,UDPFlood,282427,mlp,xgboost,73,71.23287671232876,-0.02679169457468178,not applicable
6,seed155921,UDPFlood,282427,rf,xgboost,73,98.63013698630137,0.9660938225731537,not applicable
6,seed155921,UDPFlood,307759,hybrid,mlp,73,68.4931506849315,-0.0769724182168059,68.4931506849315
6,seed155921,UDPFlood,307759,hybrid,rf,73,100.0,1.0,100.0
6,seed155921,UDPFlood,307759,hybrid,xgboost,73,100.0,1.0,100.0
6,seed155921,UDPFlood,307759,mlp,rf,73,68.4931506849315,-0.0769724182168059,not applicable
6,seed155921,UDPFlood,307759,mlp,xgboost,73,68.4931506849315,-0.0769724182168059,not applicable
6,seed155921,UDPFlood,307759,rf,xgboost,73,100.0,1.0,not applicable
6,seed155921,UDPFlood,333019,hybrid,mlp,73,69.86301369863014,-0.05242463958060273,69.86301369863014
6,seed155921,UDPFlood,333019,hybrid,rf,73,100.0,1.0,100.0
6,seed155921,UDPFlood,333019,hybrid,xgboost,73,98.63013698630137,0.9660938225731537,98.63013698630137
6,seed155921,UDPFlood,333019,mlp,rf,73,69.86301369863014,-0.05242463958060273,not applicable
6,seed155921,UDPFlood,333019,mlp,xgboost,73,68.4931506849315,-0.05266457680250802,not applicable
6,seed155921,UDPFlood,333019,rf,xgboost,73,98.63013698630137,0.9660938225731537,not applicable
6,seed181081,DNSAmplification,104729,hybrid,mlp,60,83.33333333333334,0.0,83.33333333333334
6,seed181081,DNSAmplification,104729,hybrid,rf,60,100.0,1.0,100.0
6,seed181081,DNSAmplification,104729,hybrid,xgboost,60,100.0,1.0,100.0
6,seed181081,DNSAmplification,104729,mlp,rf,60,83.33333333333334,0.0,not applicable
6,seed181081,DNSAmplification,104729,mlp,xgboost,60,83.33333333333334,0.0,not applicable
6,seed181081,DNSAmplification,104729,rf,xgboost,60,100.0,1.0,not applicable
6,seed181081,DNSAmplification,130363,hybrid,mlp,60,83.33333333333334,0.0,83.33333333333334
6,seed181081,DNSAmplification,130363,hybrid,rf,60,100.0,1.0,100.0
6,seed181081,DNSAmplification,130363,hybrid,xgboost,60,100.0,1.0,100.0
6,seed181081,DNSAmplification,130363,mlp,rf,60,83.33333333333334,0.0,not applicable
6,seed181081,DNSAmplification,130363,mlp,xgboost,60,83.33333333333334,0.0,not applicable
6,seed181081,DNSAmplification,130363,rf,xgboost,60,100.0,1.0,not applicable
6,seed181081,DNSAmplification,155921,hybrid,mlp,60,83.33333333333334,0.0,83.33333333333334
6,seed181081,DNSAmplification,155921,hybrid,rf,60,100.0,1.0,100.0
6,seed181081,DNSAmplification,155921,hybrid,xgboost,60,100.0,1.0,100.0
6,seed181081,DNSAmplification,155921,mlp,rf,60,83.33333333333334,0.0,not applicable
6,seed181081,DNSAmplification,155921,mlp,xgboost,60,83.33333333333334,0.0,not applicable
6,seed181081,DNSAmplification,155921,rf,xgboost,60,100.0,1.0,not applicable
6,seed181081,DNSAmplification,181081,hybrid,mlp,60,83.33333333333334,0.0,83.33333333333334
6,seed181081,DNSAmplification,181081,hybrid,rf,60,100.0,1.0,100.0
6,seed181081,DNSAmplification,181081,hybrid,xgboost,60,100.0,1.0,100.0
6,seed181081,DNSAmplification,181081,mlp,rf,60,83.33333333333334,0.0,not applicable
6,seed181081,DNSAmplification,181081,mlp,xgboost,60,83.33333333333334,0.0,not applicable
6,seed181081,DNSAmplification,181081,rf,xgboost,60,100.0,1.0,not applicable
6,seed181081,DNSAmplification,206369,hybrid,mlp,60,83.33333333333334,0.0,83.33333333333334
6,seed181081,DNSAmplification,206369,hybrid,rf,60,100.0,1.0,100.0
6,seed181081,DNSAmplification,206369,hybrid,xgboost,60,100.0,1.0,100.0
6,seed181081,DNSAmplification,206369,mlp,rf,60,83.33333333333334,0.0,not applicable
6,seed181081,DNSAmplification,206369,mlp,xgboost,60,83.33333333333334,0.0,not applicable
6,seed181081,DNSAmplification,206369,rf,xgboost,60,100.0,1.0,not applicable
6,seed181081,DNSAmplification,231701,hybrid,mlp,60,83.33333333333334,0.0,83.33333333333334
6,seed181081,DNSAmplification,231701,hybrid,rf,60,100.0,1.0,100.0
6,seed181081,DNSAmplification,231701,hybrid,xgboost,60,100.0,1.0,100.0
6,seed181081,DNSAmplification,231701,mlp,rf,60,83.33333333333334,0.0,not applicable
6,seed181081,DNSAmplification,231701,mlp,xgboost,60,83.33333333333334,0.0,not applicable
6,seed181081,DNSAmplification,231701,rf,xgboost,60,100.0,1.0,not applicable
6,seed181081,DNSAmplification,257053,hybrid,mlp,60,83.33333333333334,0.0,83.33333333333334
6,seed181081,DNSAmplification,257053,hybrid,rf,60,100.0,1.0,100.0
6,seed181081,DNSAmplification,257053,hybrid,xgboost,60,100.0,1.0,100.0
6,seed181081,DNSAmplification,257053,mlp,rf,60,83.33333333333334,0.0,not applicable
6,seed181081,DNSAmplification,257053,mlp,xgboost,60,83.33333333333334,0.0,not applicable
6,seed181081,DNSAmplification,257053,rf,xgboost,60,100.0,1.0,not applicable
6,seed181081,DNSAmplification,282427,hybrid,mlp,60,83.33333333333334,0.0,83.33333333333334
6,seed181081,DNSAmplification,282427,hybrid,rf,60,100.0,1.0,100.0
6,seed181081,DNSAmplification,282427,hybrid,xgboost,60,100.0,1.0,100.0
6,seed181081,DNSAmplification,282427,mlp,rf,60,83.33333333333334,0.0,not applicable
6,seed181081,DNSAmplification,282427,mlp,xgboost,60,83.33333333333334,0.0,not applicable
6,seed181081,DNSAmplification,282427,rf,xgboost,60,100.0,1.0,not applicable
6,seed181081,DNSAmplification,307759,hybrid,mlp,60,83.33333333333334,0.0,83.33333333333334
6,seed181081,DNSAmplification,307759,hybrid,rf,60,100.0,1.0,100.0
6,seed181081,DNSAmplification,307759,hybrid,xgboost,60,100.0,1.0,100.0
6,seed181081,DNSAmplification,307759,mlp,rf,60,83.33333333333334,0.0,not applicable
6,seed181081,DNSAmplification,307759,mlp,xgboost,60,83.33333333333334,0.0,not applicable
6,seed181081,DNSAmplification,307759,rf,xgboost,60,100.0,1.0,not applicable
6,seed181081,DNSAmplification,333019,hybrid,mlp,60,83.33333333333334,0.0,83.33333333333334
6,seed181081,DNSAmplification,333019,hybrid,rf,60,100.0,1.0,100.0
6,seed181081,DNSAmplification,333019,hybrid,xgboost,60,100.0,1.0,100.0
6,seed181081,DNSAmplification,333019,mlp,rf,60,83.33333333333334,0.0,not applicable
6,seed181081,DNSAmplification,333019,mlp,xgboost,60,83.33333333333334,0.0,not applicable
6,seed181081,DNSAmplification,333019,rf,xgboost,60,100.0,1.0,not applicable
6,seed181081,Normal,104729,hybrid,mlp,50,100.0,not estimable,100.0
6,seed181081,Normal,104729,hybrid,rf,50,100.0,not estimable,100.0
6,seed181081,Normal,104729,hybrid,xgboost,50,100.0,not estimable,100.0
6,seed181081,Normal,104729,mlp,rf,50,100.0,not estimable,not applicable
6,seed181081,Normal,104729,mlp,xgboost,50,100.0,not estimable,not applicable
6,seed181081,Normal,104729,rf,xgboost,50,100.0,not estimable,not applicable
6,seed181081,Normal,130363,hybrid,mlp,50,100.0,not estimable,100.0
6,seed181081,Normal,130363,hybrid,rf,50,100.0,not estimable,100.0
6,seed181081,Normal,130363,hybrid,xgboost,50,100.0,not estimable,100.0
6,seed181081,Normal,130363,mlp,rf,50,100.0,not estimable,not applicable
6,seed181081,Normal,130363,mlp,xgboost,50,100.0,not estimable,not applicable
6,seed181081,Normal,130363,rf,xgboost,50,100.0,not estimable,not applicable
6,seed181081,Normal,155921,hybrid,mlp,50,100.0,not estimable,100.0
6,seed181081,Normal,155921,hybrid,rf,50,100.0,not estimable,100.0
6,seed181081,Normal,155921,hybrid,xgboost,50,100.0,not estimable,100.0
6,seed181081,Normal,155921,mlp,rf,50,100.0,not estimable,not applicable
6,seed181081,Normal,155921,mlp,xgboost,50,100.0,not estimable,not applicable
6,seed181081,Normal,155921,rf,xgboost,50,100.0,not estimable,not applicable
6,seed181081,Normal,181081,hybrid,mlp,50,100.0,not estimable,100.0
6,seed181081,Normal,181081,hybrid,rf,50,100.0,not estimable,100.0
6,seed181081,Normal,181081,hybrid,xgboost,50,100.0,not estimable,100.0
6,seed181081,Normal,181081,mlp,rf,50,100.0,not estimable,not applicable
6,seed181081,Normal,181081,mlp,xgboost,50,100.0,not estimable,not applicable
6,seed181081,Normal,181081,rf,xgboost,50,100.0,not estimable,not applicable
6,seed181081,Normal,206369,hybrid,mlp,50,100.0,not estimable,100.0
6,seed181081,Normal,206369,hybrid,rf,50,100.0,not estimable,100.0
6,seed181081,Normal,206369,hybrid,xgboost,50,100.0,not estimable,100.0
6,seed181081,Normal,206369,mlp,rf,50,100.0,not estimable,not applicable
6,seed181081,Normal,206369,mlp,xgboost,50,100.0,not estimable,not applicable
6,seed181081,Normal,206369,rf,xgboost,50,100.0,not estimable,not applicable
6,seed181081,Normal,231701,hybrid,mlp,50,100.0,not estimable,100.0
6,seed181081,Normal,231701,hybrid,rf,50,100.0,not estimable,100.0
6,seed181081,Normal,231701,hybrid,xgboost,50,100.0,not estimable,100.0
6,seed181081,Normal,231701,mlp,rf,50,100.0,not estimable,not applicable
6,seed181081,Normal,231701,mlp,xgboost,50,100.0,not estimable,not applicable
6,seed181081,Normal,231701,rf,xgboost,50,100.0,not estimable,not applicable
6,seed181081,Normal,257053,hybrid,mlp,50,100.0,not estimable,100.0
6,seed181081,Normal,257053,hybrid,rf,50,100.0,not estimable,100.0
6,seed181081,Normal,257053,hybrid,xgboost,50,100.0,not estimable,100.0
6,seed181081,Normal,257053,mlp,rf,50,100.0,not estimable,not applicable
6,seed181081,Normal,257053,mlp,xgboost,50,100.0,not estimable,not applicable
6,seed181081,Normal,257053,rf,xgboost,50,100.0,not estimable,not applicable
6,seed181081,Normal,282427,hybrid,mlp,50,100.0,not estimable,100.0
6,seed181081,Normal,282427,hybrid,rf,50,100.0,not estimable,100.0
6,seed181081,Normal,282427,hybrid,xgboost,50,100.0,not estimable,100.0
6,seed181081,Normal,282427,mlp,rf,50,100.0,not estimable,not applicable
6,seed181081,Normal,282427,mlp,xgboost,50,100.0,not estimable,not applicable
6,seed181081,Normal,282427,rf,xgboost,50,100.0,not estimable,not applicable
6,seed181081,Normal,307759,hybrid,mlp,50,100.0,not estimable,100.0
6,seed181081,Normal,307759,hybrid,rf,50,100.0,not estimable,100.0
6,seed181081,Normal,307759,hybrid,xgboost,50,100.0,not estimable,100.0
6,seed181081,Normal,307759,mlp,rf,50,100.0,not estimable,not applicable
6,seed181081,Normal,307759,mlp,xgboost,50,100.0,not estimable,not applicable
6,seed181081,Normal,307759,rf,xgboost,50,100.0,not estimable,not applicable
6,seed181081,Normal,333019,hybrid,mlp,50,100.0,not estimable,100.0
6,seed181081,Normal,333019,hybrid,rf,50,100.0,not estimable,100.0
6,seed181081,Normal,333019,hybrid,xgboost,50,100.0,not estimable,100.0
6,seed181081,Normal,333019,mlp,rf,50,100.0,not estimable,not applicable
6,seed181081,Normal,333019,mlp,xgboost,50,100.0,not estimable,not applicable
6,seed181081,Normal,333019,rf,xgboost,50,100.0,not estimable,not applicable
6,seed181081,SYNFlood,104729,hybrid,mlp,850,100.0,not estimable,100.0
6,seed181081,SYNFlood,104729,hybrid,rf,850,100.0,not estimable,100.0
6,seed181081,SYNFlood,104729,hybrid,xgboost,850,100.0,not estimable,100.0
6,seed181081,SYNFlood,104729,mlp,rf,850,100.0,not estimable,not applicable
6,seed181081,SYNFlood,104729,mlp,xgboost,850,100.0,not estimable,not applicable
6,seed181081,SYNFlood,104729,rf,xgboost,850,100.0,not estimable,not applicable
6,seed181081,SYNFlood,130363,hybrid,mlp,850,52.94117647058824,0.0,52.94117647058824
6,seed181081,SYNFlood,130363,hybrid,rf,850,100.0,not estimable,100.0
6,seed181081,SYNFlood,130363,hybrid,xgboost,850,100.0,not estimable,100.0
6,seed181081,SYNFlood,130363,mlp,rf,850,52.94117647058824,0.0,not applicable
6,seed181081,SYNFlood,130363,mlp,xgboost,850,52.94117647058824,0.0,not applicable
6,seed181081,SYNFlood,130363,rf,xgboost,850,100.0,not estimable,not applicable
6,seed181081,SYNFlood,155921,hybrid,mlp,850,100.0,not estimable,100.0
6,seed181081,SYNFlood,155921,hybrid,rf,850,100.0,not estimable,100.0
6,seed181081,SYNFlood,155921,hybrid,xgboost,850,100.0,not estimable,100.0
6,seed181081,SYNFlood,155921,mlp,rf,850,100.0,not estimable,not applicable
6,seed181081,SYNFlood,155921,mlp,xgboost,850,100.0,not estimable,not applicable
6,seed181081,SYNFlood,155921,rf,xgboost,850,100.0,not estimable,not applicable
6,seed181081,SYNFlood,181081,hybrid,mlp,850,100.0,not estimable,100.0
6,seed181081,SYNFlood,181081,hybrid,rf,850,100.0,not estimable,100.0
6,seed181081,SYNFlood,181081,hybrid,xgboost,850,100.0,not estimable,100.0
6,seed181081,SYNFlood,181081,mlp,rf,850,100.0,not estimable,not applicable
6,seed181081,SYNFlood,181081,mlp,xgboost,850,100.0,not estimable,not applicable
6,seed181081,SYNFlood,181081,rf,xgboost,850,100.0,not estimable,not applicable
6,seed181081,SYNFlood,206369,hybrid,mlp,850,53.05882352941177,0.0,53.05882352941177
6,seed181081,SYNFlood,206369,hybrid,rf,850,100.0,not estimable,100.0
6,seed181081,SYNFlood,206369,hybrid,xgboost,850,100.0,not estimable,100.0
6,seed181081,SYNFlood,206369,mlp,rf,850,53.05882352941177,0.0,not applicable
6,seed181081,SYNFlood,206369,mlp,xgboost,850,53.05882352941177,0.0,not applicable
6,seed181081,SYNFlood,206369,rf,xgboost,850,100.0,not estimable,not applicable
6,seed181081,SYNFlood,231701,hybrid,mlp,850,100.0,not estimable,100.0
6,seed181081,SYNFlood,231701,hybrid,rf,850,100.0,not estimable,100.0
6,seed181081,SYNFlood,231701,hybrid,xgboost,850,100.0,not estimable,100.0
6,seed181081,SYNFlood,231701,mlp,rf,850,100.0,not estimable,not applicable
6,seed181081,SYNFlood,231701,mlp,xgboost,850,100.0,not estimable,not applicable
6,seed181081,SYNFlood,231701,rf,xgboost,850,100.0,not estimable,not applicable
6,seed181081,SYNFlood,257053,hybrid,mlp,850,100.0,not estimable,100.0
6,seed181081,SYNFlood,257053,hybrid,rf,850,100.0,not estimable,100.0
6,seed181081,SYNFlood,257053,hybrid,xgboost,850,100.0,not estimable,100.0
6,seed181081,SYNFlood,257053,mlp,rf,850,100.0,not estimable,not applicable
6,seed181081,SYNFlood,257053,mlp,xgboost,850,100.0,not estimable,not applicable
6,seed181081,SYNFlood,257053,rf,xgboost,850,100.0,not estimable,not applicable
6,seed181081,SYNFlood,282427,hybrid,mlp,850,100.0,not estimable,100.0
6,seed181081,SYNFlood,282427,hybrid,rf,850,100.0,not estimable,100.0
6,seed181081,SYNFlood,282427,hybrid,xgboost,850,100.0,not estimable,100.0
6,seed181081,SYNFlood,282427,mlp,rf,850,100.0,not estimable,not applicable
6,seed181081,SYNFlood,282427,mlp,xgboost,850,100.0,not estimable,not applicable
6,seed181081,SYNFlood,282427,rf,xgboost,850,100.0,not estimable,not applicable
6,seed181081,SYNFlood,307759,hybrid,mlp,850,99.88235294117646,0.0,99.88235294117646
6,seed181081,SYNFlood,307759,hybrid,rf,850,100.0,not estimable,100.0
6,seed181081,SYNFlood,307759,hybrid,xgboost,850,100.0,not estimable,100.0
6,seed181081,SYNFlood,307759,mlp,rf,850,99.88235294117646,0.0,not applicable
6,seed181081,SYNFlood,307759,mlp,xgboost,850,99.88235294117646,0.0,not applicable
6,seed181081,SYNFlood,307759,rf,xgboost,850,100.0,not estimable,not applicable
6,seed181081,SYNFlood,333019,hybrid,mlp,850,99.76470588235294,0.0,99.76470588235294
6,seed181081,SYNFlood,333019,hybrid,rf,850,100.0,not estimable,100.0
6,seed181081,SYNFlood,333019,hybrid,xgboost,850,100.0,not estimable,100.0
6,seed181081,SYNFlood,333019,mlp,rf,850,99.76470588235294,0.0,not applicable
6,seed181081,SYNFlood,333019,mlp,xgboost,850,99.76470588235294,0.0,not applicable
6,seed181081,SYNFlood,333019,rf,xgboost,850,100.0,not estimable,not applicable
6,seed181081,UDPFlood,104729,hybrid,mlp,70,71.42857142857143,0.0,71.42857142857143
6,seed181081,UDPFlood,104729,hybrid,rf,70,100.0,1.0,100.0
6,seed181081,UDPFlood,104729,hybrid,xgboost,70,100.0,1.0,100.0
6,seed181081,UDPFlood,104729,mlp,rf,70,71.42857142857143,0.0,not applicable
6,seed181081,UDPFlood,104729,mlp,xgboost,70,71.42857142857143,0.0,not applicable
6,seed181081,UDPFlood,104729,rf,xgboost,70,100.0,1.0,not applicable
6,seed181081,UDPFlood,130363,hybrid,mlp,70,71.42857142857143,0.0,71.42857142857143
6,seed181081,UDPFlood,130363,hybrid,rf,70,100.0,1.0,100.0
6,seed181081,UDPFlood,130363,hybrid,xgboost,70,100.0,1.0,100.0
6,seed181081,UDPFlood,130363,mlp,rf,70,71.42857142857143,0.0,not applicable
6,seed181081,UDPFlood,130363,mlp,xgboost,70,71.42857142857143,0.0,not applicable
6,seed181081,UDPFlood,130363,rf,xgboost,70,100.0,1.0,not applicable
6,seed181081,UDPFlood,155921,hybrid,mlp,70,71.42857142857143,0.0,71.42857142857143
6,seed181081,UDPFlood,155921,hybrid,rf,70,100.0,1.0,100.0
6,seed181081,UDPFlood,155921,hybrid,xgboost,70,100.0,1.0,100.0
6,seed181081,UDPFlood,155921,mlp,rf,70,71.42857142857143,0.0,not applicable
6,seed181081,UDPFlood,155921,mlp,xgboost,70,71.42857142857143,0.0,not applicable
6,seed181081,UDPFlood,155921,rf,xgboost,70,100.0,1.0,not applicable
6,seed181081,UDPFlood,181081,hybrid,mlp,70,71.42857142857143,0.0,71.42857142857143
6,seed181081,UDPFlood,181081,hybrid,rf,70,100.0,1.0,100.0
6,seed181081,UDPFlood,181081,hybrid,xgboost,70,100.0,1.0,100.0
6,seed181081,UDPFlood,181081,mlp,rf,70,71.42857142857143,0.0,not applicable
6,seed181081,UDPFlood,181081,mlp,xgboost,70,71.42857142857143,0.0,not applicable
6,seed181081,UDPFlood,181081,rf,xgboost,70,100.0,1.0,not applicable
6,seed181081,UDPFlood,206369,hybrid,mlp,70,100.0,1.0,100.0
6,seed181081,UDPFlood,206369,hybrid,rf,70,100.0,1.0,100.0
6,seed181081,UDPFlood,206369,hybrid,xgboost,70,100.0,1.0,100.0
6,seed181081,UDPFlood,206369,mlp,rf,70,100.0,1.0,not applicable
6,seed181081,UDPFlood,206369,mlp,xgboost,70,100.0,1.0,not applicable
6,seed181081,UDPFlood,206369,rf,xgboost,70,100.0,1.0,not applicable
6,seed181081,UDPFlood,231701,hybrid,mlp,70,71.42857142857143,0.0,71.42857142857143
6,seed181081,UDPFlood,231701,hybrid,rf,70,100.0,1.0,100.0
6,seed181081,UDPFlood,231701,hybrid,xgboost,70,100.0,1.0,100.0
6,seed181081,UDPFlood,231701,mlp,rf,70,71.42857142857143,0.0,not applicable
6,seed181081,UDPFlood,231701,mlp,xgboost,70,71.42857142857143,0.0,not applicable
6,seed181081,UDPFlood,231701,rf,xgboost,70,100.0,1.0,not applicable
6,seed181081,UDPFlood,257053,hybrid,mlp,70,71.42857142857143,0.0,71.42857142857143
6,seed181081,UDPFlood,257053,hybrid,rf,70,100.0,1.0,100.0
6,seed181081,UDPFlood,257053,hybrid,xgboost,70,100.0,1.0,100.0
6,seed181081,UDPFlood,257053,mlp,rf,70,71.42857142857143,0.0,not applicable
6,seed181081,UDPFlood,257053,mlp,xgboost,70,71.42857142857143,0.0,not applicable
6,seed181081,UDPFlood,257053,rf,xgboost,70,100.0,1.0,not applicable
6,seed181081,UDPFlood,282427,hybrid,mlp,70,71.42857142857143,0.0,71.42857142857143
6,seed181081,UDPFlood,282427,hybrid,rf,70,100.0,1.0,100.0
6,seed181081,UDPFlood,282427,hybrid,xgboost,70,100.0,1.0,100.0
6,seed181081,UDPFlood,282427,mlp,rf,70,71.42857142857143,0.0,not applicable
6,seed181081,UDPFlood,282427,mlp,xgboost,70,71.42857142857143,0.0,not applicable
6,seed181081,UDPFlood,282427,rf,xgboost,70,100.0,1.0,not applicable
6,seed181081,UDPFlood,307759,hybrid,mlp,70,71.42857142857143,0.0,71.42857142857143
6,seed181081,UDPFlood,307759,hybrid,rf,70,100.0,1.0,100.0
6,seed181081,UDPFlood,307759,hybrid,xgboost,70,100.0,1.0,100.0
6,seed181081,UDPFlood,307759,mlp,rf,70,71.42857142857143,0.0,not applicable
6,seed181081,UDPFlood,307759,mlp,xgboost,70,71.42857142857143,0.0,not applicable
6,seed181081,UDPFlood,307759,rf,xgboost,70,100.0,1.0,not applicable
6,seed181081,UDPFlood,333019,hybrid,mlp,70,71.42857142857143,0.0,71.42857142857143
6,seed181081,UDPFlood,333019,hybrid,rf,70,100.0,1.0,100.0
6,seed181081,UDPFlood,333019,hybrid,xgboost,70,100.0,1.0,100.0
6,seed181081,UDPFlood,333019,mlp,rf,70,71.42857142857143,0.0,not applicable
6,seed181081,UDPFlood,333019,mlp,xgboost,70,71.42857142857143,0.0,not applicable
6,seed181081,UDPFlood,333019,rf,xgboost,70,100.0,1.0,not applicable
6,seed206369,DNSAmplification,104729,hybrid,mlp,60,83.33333333333334,0.0,83.33333333333334
6,seed206369,DNSAmplification,104729,hybrid,rf,60,100.0,1.0,100.0
6,seed206369,DNSAmplification,104729,hybrid,xgboost,60,100.0,1.0,100.0
6,seed206369,DNSAmplification,104729,mlp,rf,60,83.33333333333334,0.0,not applicable
6,seed206369,DNSAmplification,104729,mlp,xgboost,60,83.33333333333334,0.0,not applicable
6,seed206369,DNSAmplification,104729,rf,xgboost,60,100.0,1.0,not applicable
6,seed206369,DNSAmplification,130363,hybrid,mlp,60,83.33333333333334,0.0,83.33333333333334
6,seed206369,DNSAmplification,130363,hybrid,rf,60,100.0,1.0,100.0
6,seed206369,DNSAmplification,130363,hybrid,xgboost,60,100.0,1.0,100.0
6,seed206369,DNSAmplification,130363,mlp,rf,60,83.33333333333334,0.0,not applicable
6,seed206369,DNSAmplification,130363,mlp,xgboost,60,83.33333333333334,0.0,not applicable
6,seed206369,DNSAmplification,130363,rf,xgboost,60,100.0,1.0,not applicable
6,seed206369,DNSAmplification,155921,hybrid,mlp,60,83.33333333333334,0.0,83.33333333333334
6,seed206369,DNSAmplification,155921,hybrid,rf,60,100.0,1.0,100.0
6,seed206369,DNSAmplification,155921,hybrid,xgboost,60,100.0,1.0,100.0
6,seed206369,DNSAmplification,155921,mlp,rf,60,83.33333333333334,0.0,not applicable
6,seed206369,DNSAmplification,155921,mlp,xgboost,60,83.33333333333334,0.0,not applicable
6,seed206369,DNSAmplification,155921,rf,xgboost,60,100.0,1.0,not applicable
6,seed206369,DNSAmplification,181081,hybrid,mlp,60,83.33333333333334,0.0,83.33333333333334
6,seed206369,DNSAmplification,181081,hybrid,rf,60,100.0,1.0,100.0
6,seed206369,DNSAmplification,181081,hybrid,xgboost,60,100.0,1.0,100.0
6,seed206369,DNSAmplification,181081,mlp,rf,60,83.33333333333334,0.0,not applicable
6,seed206369,DNSAmplification,181081,mlp,xgboost,60,83.33333333333334,0.0,not applicable
6,seed206369,DNSAmplification,181081,rf,xgboost,60,100.0,1.0,not applicable
6,seed206369,DNSAmplification,206369,hybrid,mlp,60,83.33333333333334,0.0,83.33333333333334
6,seed206369,DNSAmplification,206369,hybrid,rf,60,100.0,1.0,100.0
6,seed206369,DNSAmplification,206369,hybrid,xgboost,60,100.0,1.0,100.0
6,seed206369,DNSAmplification,206369,mlp,rf,60,83.33333333333334,0.0,not applicable
6,seed206369,DNSAmplification,206369,mlp,xgboost,60,83.33333333333334,0.0,not applicable
6,seed206369,DNSAmplification,206369,rf,xgboost,60,100.0,1.0,not applicable
6,seed206369,DNSAmplification,231701,hybrid,mlp,60,83.33333333333334,0.0,83.33333333333334
6,seed206369,DNSAmplification,231701,hybrid,rf,60,100.0,1.0,100.0
6,seed206369,DNSAmplification,231701,hybrid,xgboost,60,100.0,1.0,100.0
6,seed206369,DNSAmplification,231701,mlp,rf,60,83.33333333333334,0.0,not applicable
6,seed206369,DNSAmplification,231701,mlp,xgboost,60,83.33333333333334,0.0,not applicable
6,seed206369,DNSAmplification,231701,rf,xgboost,60,100.0,1.0,not applicable
6,seed206369,DNSAmplification,257053,hybrid,mlp,60,83.33333333333334,0.0,83.33333333333334
6,seed206369,DNSAmplification,257053,hybrid,rf,60,100.0,1.0,100.0
6,seed206369,DNSAmplification,257053,hybrid,xgboost,60,100.0,1.0,100.0
6,seed206369,DNSAmplification,257053,mlp,rf,60,83.33333333333334,0.0,not applicable
6,seed206369,DNSAmplification,257053,mlp,xgboost,60,83.33333333333334,0.0,not applicable
6,seed206369,DNSAmplification,257053,rf,xgboost,60,100.0,1.0,not applicable
6,seed206369,DNSAmplification,282427,hybrid,mlp,60,83.33333333333334,0.0,83.33333333333334
6,seed206369,DNSAmplification,282427,hybrid,rf,60,100.0,1.0,100.0
6,seed206369,DNSAmplification,282427,hybrid,xgboost,60,100.0,1.0,100.0
6,seed206369,DNSAmplification,282427,mlp,rf,60,83.33333333333334,0.0,not applicable
6,seed206369,DNSAmplification,282427,mlp,xgboost,60,83.33333333333334,0.0,not applicable
6,seed206369,DNSAmplification,282427,rf,xgboost,60,100.0,1.0,not applicable
6,seed206369,DNSAmplification,307759,hybrid,mlp,60,83.33333333333334,0.0,83.33333333333334
6,seed206369,DNSAmplification,307759,hybrid,rf,60,100.0,1.0,100.0
6,seed206369,DNSAmplification,307759,hybrid,xgboost,60,100.0,1.0,100.0
6,seed206369,DNSAmplification,307759,mlp,rf,60,83.33333333333334,0.0,not applicable
6,seed206369,DNSAmplification,307759,mlp,xgboost,60,83.33333333333334,0.0,not applicable
6,seed206369,DNSAmplification,307759,rf,xgboost,60,100.0,1.0,not applicable
6,seed206369,DNSAmplification,333019,hybrid,mlp,60,83.33333333333334,0.0,83.33333333333334
6,seed206369,DNSAmplification,333019,hybrid,rf,60,100.0,1.0,100.0
6,seed206369,DNSAmplification,333019,hybrid,xgboost,60,100.0,1.0,100.0
6,seed206369,DNSAmplification,333019,mlp,rf,60,83.33333333333334,0.0,not applicable
6,seed206369,DNSAmplification,333019,mlp,xgboost,60,83.33333333333334,0.0,not applicable
6,seed206369,DNSAmplification,333019,rf,xgboost,60,100.0,1.0,not applicable
6,seed206369,Normal,104729,hybrid,mlp,50,100.0,not estimable,100.0
6,seed206369,Normal,104729,hybrid,rf,50,100.0,not estimable,100.0
6,seed206369,Normal,104729,hybrid,xgboost,50,100.0,not estimable,100.0
6,seed206369,Normal,104729,mlp,rf,50,100.0,not estimable,not applicable
6,seed206369,Normal,104729,mlp,xgboost,50,100.0,not estimable,not applicable
6,seed206369,Normal,104729,rf,xgboost,50,100.0,not estimable,not applicable
6,seed206369,Normal,130363,hybrid,mlp,50,100.0,not estimable,100.0
6,seed206369,Normal,130363,hybrid,rf,50,100.0,not estimable,100.0
6,seed206369,Normal,130363,hybrid,xgboost,50,100.0,not estimable,100.0
6,seed206369,Normal,130363,mlp,rf,50,100.0,not estimable,not applicable
6,seed206369,Normal,130363,mlp,xgboost,50,100.0,not estimable,not applicable
6,seed206369,Normal,130363,rf,xgboost,50,100.0,not estimable,not applicable
6,seed206369,Normal,155921,hybrid,mlp,50,100.0,not estimable,100.0
6,seed206369,Normal,155921,hybrid,rf,50,100.0,not estimable,100.0
6,seed206369,Normal,155921,hybrid,xgboost,50,100.0,not estimable,100.0
6,seed206369,Normal,155921,mlp,rf,50,100.0,not estimable,not applicable
6,seed206369,Normal,155921,mlp,xgboost,50,100.0,not estimable,not applicable
6,seed206369,Normal,155921,rf,xgboost,50,100.0,not estimable,not applicable
6,seed206369,Normal,181081,hybrid,mlp,50,100.0,not estimable,100.0
6,seed206369,Normal,181081,hybrid,rf,50,100.0,not estimable,100.0
6,seed206369,Normal,181081,hybrid,xgboost,50,100.0,not estimable,100.0
6,seed206369,Normal,181081,mlp,rf,50,100.0,not estimable,not applicable
6,seed206369,Normal,181081,mlp,xgboost,50,100.0,not estimable,not applicable
6,seed206369,Normal,181081,rf,xgboost,50,100.0,not estimable,not applicable
6,seed206369,Normal,206369,hybrid,mlp,50,100.0,not estimable,100.0
6,seed206369,Normal,206369,hybrid,rf,50,100.0,not estimable,100.0
6,seed206369,Normal,206369,hybrid,xgboost,50,100.0,not estimable,100.0
6,seed206369,Normal,206369,mlp,rf,50,100.0,not estimable,not applicable
6,seed206369,Normal,206369,mlp,xgboost,50,100.0,not estimable,not applicable
6,seed206369,Normal,206369,rf,xgboost,50,100.0,not estimable,not applicable
6,seed206369,Normal,231701,hybrid,mlp,50,100.0,not estimable,100.0
6,seed206369,Normal,231701,hybrid,rf,50,100.0,not estimable,100.0
6,seed206369,Normal,231701,hybrid,xgboost,50,100.0,not estimable,100.0
6,seed206369,Normal,231701,mlp,rf,50,100.0,not estimable,not applicable
6,seed206369,Normal,231701,mlp,xgboost,50,100.0,not estimable,not applicable
6,seed206369,Normal,231701,rf,xgboost,50,100.0,not estimable,not applicable
6,seed206369,Normal,257053,hybrid,mlp,50,98.0,0.0,98.0
6,seed206369,Normal,257053,hybrid,rf,50,100.0,not estimable,100.0
6,seed206369,Normal,257053,hybrid,xgboost,50,100.0,not estimable,100.0
6,seed206369,Normal,257053,mlp,rf,50,98.0,0.0,not applicable
6,seed206369,Normal,257053,mlp,xgboost,50,98.0,0.0,not applicable
6,seed206369,Normal,257053,rf,xgboost,50,100.0,not estimable,not applicable
6,seed206369,Normal,282427,hybrid,mlp,50,100.0,not estimable,100.0
6,seed206369,Normal,282427,hybrid,rf,50,100.0,not estimable,100.0
6,seed206369,Normal,282427,hybrid,xgboost,50,100.0,not estimable,100.0
6,seed206369,Normal,282427,mlp,rf,50,100.0,not estimable,not applicable
6,seed206369,Normal,282427,mlp,xgboost,50,100.0,not estimable,not applicable
6,seed206369,Normal,282427,rf,xgboost,50,100.0,not estimable,not applicable
6,seed206369,Normal,307759,hybrid,mlp,50,100.0,not estimable,100.0
6,seed206369,Normal,307759,hybrid,rf,50,100.0,not estimable,100.0
6,seed206369,Normal,307759,hybrid,xgboost,50,100.0,not estimable,100.0
6,seed206369,Normal,307759,mlp,rf,50,100.0,not estimable,not applicable
6,seed206369,Normal,307759,mlp,xgboost,50,100.0,not estimable,not applicable
6,seed206369,Normal,307759,rf,xgboost,50,100.0,not estimable,not applicable
6,seed206369,Normal,333019,hybrid,mlp,50,100.0,not estimable,100.0
6,seed206369,Normal,333019,hybrid,rf,50,100.0,not estimable,100.0
6,seed206369,Normal,333019,hybrid,xgboost,50,100.0,not estimable,100.0
6,seed206369,Normal,333019,mlp,rf,50,100.0,not estimable,not applicable
6,seed206369,Normal,333019,mlp,xgboost,50,100.0,not estimable,not applicable
6,seed206369,Normal,333019,rf,xgboost,50,100.0,not estimable,not applicable
6,seed206369,SYNFlood,104729,hybrid,mlp,850,100.0,not estimable,100.0
6,seed206369,SYNFlood,104729,hybrid,rf,850,100.0,not estimable,100.0
6,seed206369,SYNFlood,104729,hybrid,xgboost,850,100.0,not estimable,100.0
6,seed206369,SYNFlood,104729,mlp,rf,850,100.0,not estimable,not applicable
6,seed206369,SYNFlood,104729,mlp,xgboost,850,100.0,not estimable,not applicable
6,seed206369,SYNFlood,104729,rf,xgboost,850,100.0,not estimable,not applicable
6,seed206369,SYNFlood,130363,hybrid,mlp,850,52.94117647058824,0.0,52.94117647058824
6,seed206369,SYNFlood,130363,hybrid,rf,850,100.0,not estimable,100.0
6,seed206369,SYNFlood,130363,hybrid,xgboost,850,100.0,not estimable,100.0
6,seed206369,SYNFlood,130363,mlp,rf,850,52.94117647058824,0.0,not applicable
6,seed206369,SYNFlood,130363,mlp,xgboost,850,52.94117647058824,0.0,not applicable
6,seed206369,SYNFlood,130363,rf,xgboost,850,100.0,not estimable,not applicable
6,seed206369,SYNFlood,155921,hybrid,mlp,850,100.0,not estimable,100.0
6,seed206369,SYNFlood,155921,hybrid,rf,850,100.0,not estimable,100.0
6,seed206369,SYNFlood,155921,hybrid,xgboost,850,100.0,not estimable,100.0
6,seed206369,SYNFlood,155921,mlp,rf,850,100.0,not estimable,not applicable
6,seed206369,SYNFlood,155921,mlp,xgboost,850,100.0,not estimable,not applicable
6,seed206369,SYNFlood,155921,rf,xgboost,850,100.0,not estimable,not applicable
6,seed206369,SYNFlood,181081,hybrid,mlp,850,100.0,not estimable,100.0
6,seed206369,SYNFlood,181081,hybrid,rf,850,100.0,not estimable,100.0
6,seed206369,SYNFlood,181081,hybrid,xgboost,850,100.0,not estimable,100.0
6,seed206369,SYNFlood,181081,mlp,rf,850,100.0,not estimable,not applicable
6,seed206369,SYNFlood,181081,mlp,xgboost,850,100.0,not estimable,not applicable
6,seed206369,SYNFlood,181081,rf,xgboost,850,100.0,not estimable,not applicable
6,seed206369,SYNFlood,206369,hybrid,mlp,850,52.94117647058824,0.0,52.94117647058824
6,seed206369,SYNFlood,206369,hybrid,rf,850,100.0,not estimable,100.0
6,seed206369,SYNFlood,206369,hybrid,xgboost,850,100.0,not estimable,100.0
6,seed206369,SYNFlood,206369,mlp,rf,850,52.94117647058824,0.0,not applicable
6,seed206369,SYNFlood,206369,mlp,xgboost,850,52.94117647058824,0.0,not applicable
6,seed206369,SYNFlood,206369,rf,xgboost,850,100.0,not estimable,not applicable
6,seed206369,SYNFlood,231701,hybrid,mlp,850,100.0,not estimable,100.0
6,seed206369,SYNFlood,231701,hybrid,rf,850,100.0,not estimable,100.0
6,seed206369,SYNFlood,231701,hybrid,xgboost,850,100.0,not estimable,100.0
6,seed206369,SYNFlood,231701,mlp,rf,850,100.0,not estimable,not applicable
6,seed206369,SYNFlood,231701,mlp,xgboost,850,100.0,not estimable,not applicable
6,seed206369,SYNFlood,231701,rf,xgboost,850,100.0,not estimable,not applicable
6,seed206369,SYNFlood,257053,hybrid,mlp,850,100.0,not estimable,100.0
6,seed206369,SYNFlood,257053,hybrid,rf,850,100.0,not estimable,100.0
6,seed206369,SYNFlood,257053,hybrid,xgboost,850,100.0,not estimable,100.0
6,seed206369,SYNFlood,257053,mlp,rf,850,100.0,not estimable,not applicable
6,seed206369,SYNFlood,257053,mlp,xgboost,850,100.0,not estimable,not applicable
6,seed206369,SYNFlood,257053,rf,xgboost,850,100.0,not estimable,not applicable
6,seed206369,SYNFlood,282427,hybrid,mlp,850,100.0,not estimable,100.0
6,seed206369,SYNFlood,282427,hybrid,rf,850,100.0,not estimable,100.0
6,seed206369,SYNFlood,282427,hybrid,xgboost,850,100.0,not estimable,100.0
6,seed206369,SYNFlood,282427,mlp,rf,850,100.0,not estimable,not applicable
6,seed206369,SYNFlood,282427,mlp,xgboost,850,100.0,not estimable,not applicable
6,seed206369,SYNFlood,282427,rf,xgboost,850,100.0,not estimable,not applicable
6,seed206369,SYNFlood,307759,hybrid,mlp,850,100.0,not estimable,100.0
6,seed206369,SYNFlood,307759,hybrid,rf,850,100.0,not estimable,100.0
6,seed206369,SYNFlood,307759,hybrid,xgboost,850,100.0,not estimable,100.0
6,seed206369,SYNFlood,307759,mlp,rf,850,100.0,not estimable,not applicable
6,seed206369,SYNFlood,307759,mlp,xgboost,850,100.0,not estimable,not applicable
6,seed206369,SYNFlood,307759,rf,xgboost,850,100.0,not estimable,not applicable
6,seed206369,SYNFlood,333019,hybrid,mlp,850,99.29411764705883,0.0,99.29411764705883
6,seed206369,SYNFlood,333019,hybrid,rf,850,100.0,not estimable,100.0
6,seed206369,SYNFlood,333019,hybrid,xgboost,850,100.0,not estimable,100.0
6,seed206369,SYNFlood,333019,mlp,rf,850,99.29411764705883,0.0,not applicable
6,seed206369,SYNFlood,333019,mlp,xgboost,850,99.29411764705883,0.0,not applicable
6,seed206369,SYNFlood,333019,rf,xgboost,850,100.0,not estimable,not applicable
6,seed206369,UDPFlood,104729,hybrid,mlp,70,71.42857142857143,0.0,71.42857142857143
6,seed206369,UDPFlood,104729,hybrid,rf,70,100.0,1.0,100.0
6,seed206369,UDPFlood,104729,hybrid,xgboost,70,100.0,1.0,100.0
6,seed206369,UDPFlood,104729,mlp,rf,70,71.42857142857143,0.0,not applicable
6,seed206369,UDPFlood,104729,mlp,xgboost,70,71.42857142857143,0.0,not applicable
6,seed206369,UDPFlood,104729,rf,xgboost,70,100.0,1.0,not applicable
6,seed206369,UDPFlood,130363,hybrid,mlp,70,71.42857142857143,0.0,71.42857142857143
6,seed206369,UDPFlood,130363,hybrid,rf,70,100.0,1.0,100.0
6,seed206369,UDPFlood,130363,hybrid,xgboost,70,100.0,1.0,100.0
6,seed206369,UDPFlood,130363,mlp,rf,70,71.42857142857143,0.0,not applicable
6,seed206369,UDPFlood,130363,mlp,xgboost,70,71.42857142857143,0.0,not applicable
6,seed206369,UDPFlood,130363,rf,xgboost,70,100.0,1.0,not applicable
6,seed206369,UDPFlood,155921,hybrid,mlp,70,71.42857142857143,0.0,71.42857142857143
6,seed206369,UDPFlood,155921,hybrid,rf,70,100.0,1.0,100.0
6,seed206369,UDPFlood,155921,hybrid,xgboost,70,100.0,1.0,100.0
6,seed206369,UDPFlood,155921,mlp,rf,70,71.42857142857143,0.0,not applicable
6,seed206369,UDPFlood,155921,mlp,xgboost,70,71.42857142857143,0.0,not applicable
6,seed206369,UDPFlood,155921,rf,xgboost,70,100.0,1.0,not applicable
6,seed206369,UDPFlood,181081,hybrid,mlp,70,71.42857142857143,0.0,71.42857142857143
6,seed206369,UDPFlood,181081,hybrid,rf,70,100.0,1.0,100.0
6,seed206369,UDPFlood,181081,hybrid,xgboost,70,100.0,1.0,100.0
6,seed206369,UDPFlood,181081,mlp,rf,70,71.42857142857143,0.0,not applicable
6,seed206369,UDPFlood,181081,mlp,xgboost,70,71.42857142857143,0.0,not applicable
6,seed206369,UDPFlood,181081,rf,xgboost,70,100.0,1.0,not applicable
6,seed206369,UDPFlood,206369,hybrid,mlp,70,100.0,1.0,100.0
6,seed206369,UDPFlood,206369,hybrid,rf,70,100.0,1.0,100.0
6,seed206369,UDPFlood,206369,hybrid,xgboost,70,100.0,1.0,100.0
6,seed206369,UDPFlood,206369,mlp,rf,70,100.0,1.0,not applicable
6,seed206369,UDPFlood,206369,mlp,xgboost,70,100.0,1.0,not applicable
6,seed206369,UDPFlood,206369,rf,xgboost,70,100.0,1.0,not applicable
6,seed206369,UDPFlood,231701,hybrid,mlp,70,71.42857142857143,0.0,71.42857142857143
6,seed206369,UDPFlood,231701,hybrid,rf,70,100.0,1.0,100.0
6,seed206369,UDPFlood,231701,hybrid,xgboost,70,100.0,1.0,100.0
6,seed206369,UDPFlood,231701,mlp,rf,70,71.42857142857143,0.0,not applicable
6,seed206369,UDPFlood,231701,mlp,xgboost,70,71.42857142857143,0.0,not applicable
6,seed206369,UDPFlood,231701,rf,xgboost,70,100.0,1.0,not applicable
6,seed206369,UDPFlood,257053,hybrid,mlp,70,71.42857142857143,0.0,71.42857142857143
6,seed206369,UDPFlood,257053,hybrid,rf,70,100.0,1.0,100.0
6,seed206369,UDPFlood,257053,hybrid,xgboost,70,100.0,1.0,100.0
6,seed206369,UDPFlood,257053,mlp,rf,70,71.42857142857143,0.0,not applicable
6,seed206369,UDPFlood,257053,mlp,xgboost,70,71.42857142857143,0.0,not applicable
6,seed206369,UDPFlood,257053,rf,xgboost,70,100.0,1.0,not applicable
6,seed206369,UDPFlood,282427,hybrid,mlp,70,71.42857142857143,0.0,71.42857142857143
6,seed206369,UDPFlood,282427,hybrid,rf,70,100.0,1.0,100.0
6,seed206369,UDPFlood,282427,hybrid,xgboost,70,100.0,1.0,100.0
6,seed206369,UDPFlood,282427,mlp,rf,70,71.42857142857143,0.0,not applicable
6,seed206369,UDPFlood,282427,mlp,xgboost,70,71.42857142857143,0.0,not applicable
6,seed206369,UDPFlood,282427,rf,xgboost,70,100.0,1.0,not applicable
6,seed206369,UDPFlood,307759,hybrid,mlp,70,71.42857142857143,0.0,71.42857142857143
6,seed206369,UDPFlood,307759,hybrid,rf,70,100.0,1.0,100.0
6,seed206369,UDPFlood,307759,hybrid,xgboost,70,100.0,1.0,100.0
6,seed206369,UDPFlood,307759,mlp,rf,70,71.42857142857143,0.0,not applicable
6,seed206369,UDPFlood,307759,mlp,xgboost,70,71.42857142857143,0.0,not applicable
6,seed206369,UDPFlood,307759,rf,xgboost,70,100.0,1.0,not applicable
6,seed206369,UDPFlood,333019,hybrid,mlp,70,71.42857142857143,0.0,71.42857142857143
6,seed206369,UDPFlood,333019,hybrid,rf,70,100.0,1.0,100.0
6,seed206369,UDPFlood,333019,hybrid,xgboost,70,100.0,1.0,100.0
6,seed206369,UDPFlood,333019,mlp,rf,70,71.42857142857143,0.0,not applicable
6,seed206369,UDPFlood,333019,mlp,xgboost,70,71.42857142857143,0.0,not applicable
6,seed206369,UDPFlood,333019,rf,xgboost,70,100.0,1.0,not applicable
6,seed231701,DNSAmplification,104729,hybrid,mlp,60,83.33333333333334,0.0,83.33333333333334
6,seed231701,DNSAmplification,104729,hybrid,rf,60,100.0,1.0,100.0
6,seed231701,DNSAmplification,104729,hybrid,xgboost,60,100.0,1.0,100.0
6,seed231701,DNSAmplification,104729,mlp,rf,60,83.33333333333334,0.0,not applicable
6,seed231701,DNSAmplification,104729,mlp,xgboost,60,83.33333333333334,0.0,not applicable
6,seed231701,DNSAmplification,104729,rf,xgboost,60,100.0,1.0,not applicable
6,seed231701,DNSAmplification,130363,hybrid,mlp,60,83.33333333333334,0.0,83.33333333333334
6,seed231701,DNSAmplification,130363,hybrid,rf,60,100.0,1.0,100.0
6,seed231701,DNSAmplification,130363,hybrid,xgboost,60,100.0,1.0,100.0
6,seed231701,DNSAmplification,130363,mlp,rf,60,83.33333333333334,0.0,not applicable
6,seed231701,DNSAmplification,130363,mlp,xgboost,60,83.33333333333334,0.0,not applicable
6,seed231701,DNSAmplification,130363,rf,xgboost,60,100.0,1.0,not applicable
6,seed231701,DNSAmplification,155921,hybrid,mlp,60,83.33333333333334,0.0,83.33333333333334
6,seed231701,DNSAmplification,155921,hybrid,rf,60,100.0,1.0,100.0
6,seed231701,DNSAmplification,155921,hybrid,xgboost,60,100.0,1.0,100.0
6,seed231701,DNSAmplification,155921,mlp,rf,60,83.33333333333334,0.0,not applicable
6,seed231701,DNSAmplification,155921,mlp,xgboost,60,83.33333333333334,0.0,not applicable
6,seed231701,DNSAmplification,155921,rf,xgboost,60,100.0,1.0,not applicable
6,seed231701,DNSAmplification,181081,hybrid,mlp,60,83.33333333333334,0.0,83.33333333333334
6,seed231701,DNSAmplification,181081,hybrid,rf,60,100.0,1.0,100.0
6,seed231701,DNSAmplification,181081,hybrid,xgboost,60,100.0,1.0,100.0
6,seed231701,DNSAmplification,181081,mlp,rf,60,83.33333333333334,0.0,not applicable
6,seed231701,DNSAmplification,181081,mlp,xgboost,60,83.33333333333334,0.0,not applicable
6,seed231701,DNSAmplification,181081,rf,xgboost,60,100.0,1.0,not applicable
6,seed231701,DNSAmplification,206369,hybrid,mlp,60,83.33333333333334,0.0,83.33333333333334
6,seed231701,DNSAmplification,206369,hybrid,rf,60,100.0,1.0,100.0
6,seed231701,DNSAmplification,206369,hybrid,xgboost,60,100.0,1.0,100.0
6,seed231701,DNSAmplification,206369,mlp,rf,60,83.33333333333334,0.0,not applicable
6,seed231701,DNSAmplification,206369,mlp,xgboost,60,83.33333333333334,0.0,not applicable
6,seed231701,DNSAmplification,206369,rf,xgboost,60,100.0,1.0,not applicable
6,seed231701,DNSAmplification,231701,hybrid,mlp,60,83.33333333333334,0.0,83.33333333333334
6,seed231701,DNSAmplification,231701,hybrid,rf,60,100.0,1.0,100.0
6,seed231701,DNSAmplification,231701,hybrid,xgboost,60,100.0,1.0,100.0
6,seed231701,DNSAmplification,231701,mlp,rf,60,83.33333333333334,0.0,not applicable
6,seed231701,DNSAmplification,231701,mlp,xgboost,60,83.33333333333334,0.0,not applicable
6,seed231701,DNSAmplification,231701,rf,xgboost,60,100.0,1.0,not applicable
6,seed231701,DNSAmplification,257053,hybrid,mlp,60,83.33333333333334,0.0,83.33333333333334
6,seed231701,DNSAmplification,257053,hybrid,rf,60,100.0,1.0,100.0
6,seed231701,DNSAmplification,257053,hybrid,xgboost,60,100.0,1.0,100.0
6,seed231701,DNSAmplification,257053,mlp,rf,60,83.33333333333334,0.0,not applicable
6,seed231701,DNSAmplification,257053,mlp,xgboost,60,83.33333333333334,0.0,not applicable
6,seed231701,DNSAmplification,257053,rf,xgboost,60,100.0,1.0,not applicable
6,seed231701,DNSAmplification,282427,hybrid,mlp,60,83.33333333333334,0.0,83.33333333333334
6,seed231701,DNSAmplification,282427,hybrid,rf,60,100.0,1.0,100.0
6,seed231701,DNSAmplification,282427,hybrid,xgboost,60,100.0,1.0,100.0
6,seed231701,DNSAmplification,282427,mlp,rf,60,83.33333333333334,0.0,not applicable
6,seed231701,DNSAmplification,282427,mlp,xgboost,60,83.33333333333334,0.0,not applicable
6,seed231701,DNSAmplification,282427,rf,xgboost,60,100.0,1.0,not applicable
6,seed231701,DNSAmplification,307759,hybrid,mlp,60,83.33333333333334,0.0,83.33333333333334
6,seed231701,DNSAmplification,307759,hybrid,rf,60,100.0,1.0,100.0
6,seed231701,DNSAmplification,307759,hybrid,xgboost,60,100.0,1.0,100.0
6,seed231701,DNSAmplification,307759,mlp,rf,60,83.33333333333334,0.0,not applicable
6,seed231701,DNSAmplification,307759,mlp,xgboost,60,83.33333333333334,0.0,not applicable
6,seed231701,DNSAmplification,307759,rf,xgboost,60,100.0,1.0,not applicable
6,seed231701,DNSAmplification,333019,hybrid,mlp,60,83.33333333333334,0.0,83.33333333333334
6,seed231701,DNSAmplification,333019,hybrid,rf,60,100.0,1.0,100.0
6,seed231701,DNSAmplification,333019,hybrid,xgboost,60,100.0,1.0,100.0
6,seed231701,DNSAmplification,333019,mlp,rf,60,83.33333333333334,0.0,not applicable
6,seed231701,DNSAmplification,333019,mlp,xgboost,60,83.33333333333334,0.0,not applicable
6,seed231701,DNSAmplification,333019,rf,xgboost,60,100.0,1.0,not applicable
6,seed231701,Normal,104729,hybrid,mlp,50,100.0,not estimable,100.0
6,seed231701,Normal,104729,hybrid,rf,50,100.0,not estimable,100.0
6,seed231701,Normal,104729,hybrid,xgboost,50,100.0,not estimable,100.0
6,seed231701,Normal,104729,mlp,rf,50,100.0,not estimable,not applicable
6,seed231701,Normal,104729,mlp,xgboost,50,100.0,not estimable,not applicable
6,seed231701,Normal,104729,rf,xgboost,50,100.0,not estimable,not applicable
6,seed231701,Normal,130363,hybrid,mlp,50,100.0,not estimable,100.0
6,seed231701,Normal,130363,hybrid,rf,50,100.0,not estimable,100.0
6,seed231701,Normal,130363,hybrid,xgboost,50,100.0,not estimable,100.0
6,seed231701,Normal,130363,mlp,rf,50,100.0,not estimable,not applicable
6,seed231701,Normal,130363,mlp,xgboost,50,100.0,not estimable,not applicable
6,seed231701,Normal,130363,rf,xgboost,50,100.0,not estimable,not applicable
6,seed231701,Normal,155921,hybrid,mlp,50,100.0,not estimable,100.0
6,seed231701,Normal,155921,hybrid,rf,50,100.0,not estimable,100.0
6,seed231701,Normal,155921,hybrid,xgboost,50,100.0,not estimable,100.0
6,seed231701,Normal,155921,mlp,rf,50,100.0,not estimable,not applicable
6,seed231701,Normal,155921,mlp,xgboost,50,100.0,not estimable,not applicable
6,seed231701,Normal,155921,rf,xgboost,50,100.0,not estimable,not applicable
6,seed231701,Normal,181081,hybrid,mlp,50,100.0,not estimable,100.0
6,seed231701,Normal,181081,hybrid,rf,50,100.0,not estimable,100.0
6,seed231701,Normal,181081,hybrid,xgboost,50,100.0,not estimable,100.0
6,seed231701,Normal,181081,mlp,rf,50,100.0,not estimable,not applicable
6,seed231701,Normal,181081,mlp,xgboost,50,100.0,not estimable,not applicable
6,seed231701,Normal,181081,rf,xgboost,50,100.0,not estimable,not applicable
6,seed231701,Normal,206369,hybrid,mlp,50,100.0,not estimable,100.0
6,seed231701,Normal,206369,hybrid,rf,50,100.0,not estimable,100.0
6,seed231701,Normal,206369,hybrid,xgboost,50,100.0,not estimable,100.0
6,seed231701,Normal,206369,mlp,rf,50,100.0,not estimable,not applicable
6,seed231701,Normal,206369,mlp,xgboost,50,100.0,not estimable,not applicable
6,seed231701,Normal,206369,rf,xgboost,50,100.0,not estimable,not applicable
6,seed231701,Normal,231701,hybrid,mlp,50,100.0,not estimable,100.0
6,seed231701,Normal,231701,hybrid,rf,50,100.0,not estimable,100.0
6,seed231701,Normal,231701,hybrid,xgboost,50,100.0,not estimable,100.0
6,seed231701,Normal,231701,mlp,rf,50,100.0,not estimable,not applicable
6,seed231701,Normal,231701,mlp,xgboost,50,100.0,not estimable,not applicable
6,seed231701,Normal,231701,rf,xgboost,50,100.0,not estimable,not applicable
6,seed231701,Normal,257053,hybrid,mlp,50,100.0,not estimable,100.0
6,seed231701,Normal,257053,hybrid,rf,50,100.0,not estimable,100.0
6,seed231701,Normal,257053,hybrid,xgboost,50,100.0,not estimable,100.0
6,seed231701,Normal,257053,mlp,rf,50,100.0,not estimable,not applicable
6,seed231701,Normal,257053,mlp,xgboost,50,100.0,not estimable,not applicable
6,seed231701,Normal,257053,rf,xgboost,50,100.0,not estimable,not applicable
6,seed231701,Normal,282427,hybrid,mlp,50,100.0,not estimable,100.0
6,seed231701,Normal,282427,hybrid,rf,50,100.0,not estimable,100.0
6,seed231701,Normal,282427,hybrid,xgboost,50,100.0,not estimable,100.0
6,seed231701,Normal,282427,mlp,rf,50,100.0,not estimable,not applicable
6,seed231701,Normal,282427,mlp,xgboost,50,100.0,not estimable,not applicable
6,seed231701,Normal,282427,rf,xgboost,50,100.0,not estimable,not applicable
6,seed231701,Normal,307759,hybrid,mlp,50,100.0,not estimable,100.0
6,seed231701,Normal,307759,hybrid,rf,50,100.0,not estimable,100.0
6,seed231701,Normal,307759,hybrid,xgboost,50,100.0,not estimable,100.0
6,seed231701,Normal,307759,mlp,rf,50,100.0,not estimable,not applicable
6,seed231701,Normal,307759,mlp,xgboost,50,100.0,not estimable,not applicable
6,seed231701,Normal,307759,rf,xgboost,50,100.0,not estimable,not applicable
6,seed231701,Normal,333019,hybrid,mlp,50,100.0,not estimable,100.0
6,seed231701,Normal,333019,hybrid,rf,50,100.0,not estimable,100.0
6,seed231701,Normal,333019,hybrid,xgboost,50,100.0,not estimable,100.0
6,seed231701,Normal,333019,mlp,rf,50,100.0,not estimable,not applicable
6,seed231701,Normal,333019,mlp,xgboost,50,100.0,not estimable,not applicable
6,seed231701,Normal,333019,rf,xgboost,50,100.0,not estimable,not applicable
6,seed231701,SYNFlood,104729,hybrid,mlp,850,100.0,not estimable,100.0
6,seed231701,SYNFlood,104729,hybrid,rf,850,100.0,not estimable,100.0
6,seed231701,SYNFlood,104729,hybrid,xgboost,850,100.0,not estimable,100.0
6,seed231701,SYNFlood,104729,mlp,rf,850,100.0,not estimable,not applicable
6,seed231701,SYNFlood,104729,mlp,xgboost,850,100.0,not estimable,not applicable
6,seed231701,SYNFlood,104729,rf,xgboost,850,100.0,not estimable,not applicable
6,seed231701,SYNFlood,130363,hybrid,mlp,850,52.94117647058824,0.0,52.94117647058824
6,seed231701,SYNFlood,130363,hybrid,rf,850,100.0,not estimable,100.0
6,seed231701,SYNFlood,130363,hybrid,xgboost,850,100.0,not estimable,100.0
6,seed231701,SYNFlood,130363,mlp,rf,850,52.94117647058824,0.0,not applicable
6,seed231701,SYNFlood,130363,mlp,xgboost,850,52.94117647058824,0.0,not applicable
6,seed231701,SYNFlood,130363,rf,xgboost,850,100.0,not estimable,not applicable
6,seed231701,SYNFlood,155921,hybrid,mlp,850,100.0,not estimable,100.0
6,seed231701,SYNFlood,155921,hybrid,rf,850,100.0,not estimable,100.0
6,seed231701,SYNFlood,155921,hybrid,xgboost,850,100.0,not estimable,100.0
6,seed231701,SYNFlood,155921,mlp,rf,850,100.0,not estimable,not applicable
6,seed231701,SYNFlood,155921,mlp,xgboost,850,100.0,not estimable,not applicable
6,seed231701,SYNFlood,155921,rf,xgboost,850,100.0,not estimable,not applicable
6,seed231701,SYNFlood,181081,hybrid,mlp,850,100.0,not estimable,100.0
6,seed231701,SYNFlood,181081,hybrid,rf,850,100.0,not estimable,100.0
6,seed231701,SYNFlood,181081,hybrid,xgboost,850,100.0,not estimable,100.0
6,seed231701,SYNFlood,181081,mlp,rf,850,100.0,not estimable,not applicable
6,seed231701,SYNFlood,181081,mlp,xgboost,850,100.0,not estimable,not applicable
6,seed231701,SYNFlood,181081,rf,xgboost,850,100.0,not estimable,not applicable
6,seed231701,SYNFlood,206369,hybrid,mlp,850,53.17647058823529,0.0,53.17647058823529
6,seed231701,SYNFlood,206369,hybrid,rf,850,100.0,not estimable,100.0
6,seed231701,SYNFlood,206369,hybrid,xgboost,850,100.0,not estimable,100.0
6,seed231701,SYNFlood,206369,mlp,rf,850,53.17647058823529,0.0,not applicable
6,seed231701,SYNFlood,206369,mlp,xgboost,850,53.17647058823529,0.0,not applicable
6,seed231701,SYNFlood,206369,rf,xgboost,850,100.0,not estimable,not applicable
6,seed231701,SYNFlood,231701,hybrid,mlp,850,100.0,not estimable,100.0
6,seed231701,SYNFlood,231701,hybrid,rf,850,100.0,not estimable,100.0
6,seed231701,SYNFlood,231701,hybrid,xgboost,850,100.0,not estimable,100.0
6,seed231701,SYNFlood,231701,mlp,rf,850,100.0,not estimable,not applicable
6,seed231701,SYNFlood,231701,mlp,xgboost,850,100.0,not estimable,not applicable
6,seed231701,SYNFlood,231701,rf,xgboost,850,100.0,not estimable,not applicable
6,seed231701,SYNFlood,257053,hybrid,mlp,850,100.0,not estimable,100.0
6,seed231701,SYNFlood,257053,hybrid,rf,850,100.0,not estimable,100.0
6,seed231701,SYNFlood,257053,hybrid,xgboost,850,100.0,not estimable,100.0
6,seed231701,SYNFlood,257053,mlp,rf,850,100.0,not estimable,not applicable
6,seed231701,SYNFlood,257053,mlp,xgboost,850,100.0,not estimable,not applicable
6,seed231701,SYNFlood,257053,rf,xgboost,850,100.0,not estimable,not applicable
6,seed231701,SYNFlood,282427,hybrid,mlp,850,100.0,not estimable,100.0
6,seed231701,SYNFlood,282427,hybrid,rf,850,100.0,not estimable,100.0
6,seed231701,SYNFlood,282427,hybrid,xgboost,850,100.0,not estimable,100.0
6,seed231701,SYNFlood,282427,mlp,rf,850,100.0,not estimable,not applicable
6,seed231701,SYNFlood,282427,mlp,xgboost,850,100.0,not estimable,not applicable
6,seed231701,SYNFlood,282427,rf,xgboost,850,100.0,not estimable,not applicable
6,seed231701,SYNFlood,307759,hybrid,mlp,850,99.76470588235294,0.0,99.76470588235294
6,seed231701,SYNFlood,307759,hybrid,rf,850,100.0,not estimable,100.0
6,seed231701,SYNFlood,307759,hybrid,xgboost,850,100.0,not estimable,100.0
6,seed231701,SYNFlood,307759,mlp,rf,850,99.76470588235294,0.0,not applicable
6,seed231701,SYNFlood,307759,mlp,xgboost,850,99.76470588235294,0.0,not applicable
6,seed231701,SYNFlood,307759,rf,xgboost,850,100.0,not estimable,not applicable
6,seed231701,SYNFlood,333019,hybrid,mlp,850,99.41176470588235,0.0,99.41176470588235
6,seed231701,SYNFlood,333019,hybrid,rf,850,100.0,not estimable,100.0
6,seed231701,SYNFlood,333019,hybrid,xgboost,850,100.0,not estimable,100.0
6,seed231701,SYNFlood,333019,mlp,rf,850,99.41176470588235,0.0,not applicable
6,seed231701,SYNFlood,333019,mlp,xgboost,850,99.41176470588235,0.0,not applicable
6,seed231701,SYNFlood,333019,rf,xgboost,850,100.0,not estimable,not applicable
6,seed231701,UDPFlood,104729,hybrid,mlp,72,69.44444444444444,-0.05319148936170226,69.44444444444444
6,seed231701,UDPFlood,104729,hybrid,rf,72,100.0,1.0,100.0
6,seed231701,UDPFlood,104729,hybrid,xgboost,72,100.0,1.0,100.0
6,seed231701,UDPFlood,104729,mlp,rf,72,69.44444444444444,-0.05319148936170226,not applicable
6,seed231701,UDPFlood,104729,mlp,xgboost,72,69.44444444444444,-0.05319148936170226,not applicable
6,seed231701,UDPFlood,104729,rf,xgboost,72,100.0,1.0,not applicable
6,seed231701,UDPFlood,130363,hybrid,mlp,72,70.83333333333334,-0.02717391304347827,70.83333333333334
6,seed231701,UDPFlood,130363,hybrid,rf,72,100.0,1.0,100.0
6,seed231701,UDPFlood,130363,hybrid,xgboost,72,100.0,1.0,100.0
6,seed231701,UDPFlood,130363,mlp,rf,72,70.83333333333334,-0.02717391304347827,not applicable
6,seed231701,UDPFlood,130363,mlp,xgboost,72,70.83333333333334,-0.02717391304347827,not applicable
6,seed231701,UDPFlood,130363,rf,xgboost,72,100.0,1.0,not applicable
6,seed231701,UDPFlood,155921,hybrid,mlp,72,72.22222222222221,0.0,72.22222222222221
6,seed231701,UDPFlood,155921,hybrid,rf,72,100.0,1.0,100.0
6,seed231701,UDPFlood,155921,hybrid,xgboost,72,100.0,1.0,100.0
6,seed231701,UDPFlood,155921,mlp,rf,72,72.22222222222221,0.0,not applicable
6,seed231701,UDPFlood,155921,mlp,xgboost,72,72.22222222222221,0.0,not applicable
6,seed231701,UDPFlood,155921,rf,xgboost,72,100.0,1.0,not applicable
6,seed231701,UDPFlood,181081,hybrid,mlp,72,72.22222222222221,0.0,72.22222222222221
6,seed231701,UDPFlood,181081,hybrid,rf,72,100.0,1.0,100.0
6,seed231701,UDPFlood,181081,hybrid,xgboost,72,100.0,1.0,100.0
6,seed231701,UDPFlood,181081,mlp,rf,72,72.22222222222221,0.0,not applicable
6,seed231701,UDPFlood,181081,mlp,xgboost,72,72.22222222222221,0.0,not applicable
6,seed231701,UDPFlood,181081,rf,xgboost,72,100.0,1.0,not applicable
6,seed231701,UDPFlood,206369,hybrid,mlp,72,100.0,1.0,100.0
6,seed231701,UDPFlood,206369,hybrid,rf,72,100.0,1.0,100.0
6,seed231701,UDPFlood,206369,hybrid,xgboost,72,100.0,1.0,100.0
6,seed231701,UDPFlood,206369,mlp,rf,72,100.0,1.0,not applicable
6,seed231701,UDPFlood,206369,mlp,xgboost,72,100.0,1.0,not applicable
6,seed231701,UDPFlood,206369,rf,xgboost,72,100.0,1.0,not applicable
6,seed231701,UDPFlood,231701,hybrid,mlp,72,72.22222222222221,0.0,72.22222222222221
6,seed231701,UDPFlood,231701,hybrid,rf,72,100.0,1.0,100.0
6,seed231701,UDPFlood,231701,hybrid,xgboost,72,100.0,1.0,100.0
6,seed231701,UDPFlood,231701,mlp,rf,72,72.22222222222221,0.0,not applicable
6,seed231701,UDPFlood,231701,mlp,xgboost,72,72.22222222222221,0.0,not applicable
6,seed231701,UDPFlood,231701,rf,xgboost,72,100.0,1.0,not applicable
6,seed231701,UDPFlood,257053,hybrid,mlp,72,72.22222222222221,0.0,72.22222222222221
6,seed231701,UDPFlood,257053,hybrid,rf,72,100.0,1.0,100.0
6,seed231701,UDPFlood,257053,hybrid,xgboost,72,100.0,1.0,100.0
6,seed231701,UDPFlood,257053,mlp,rf,72,72.22222222222221,0.0,not applicable
6,seed231701,UDPFlood,257053,mlp,xgboost,72,72.22222222222221,0.0,not applicable
6,seed231701,UDPFlood,257053,rf,xgboost,72,100.0,1.0,not applicable
6,seed231701,UDPFlood,282427,hybrid,mlp,72,72.22222222222221,0.0,72.22222222222221
6,seed231701,UDPFlood,282427,hybrid,rf,72,100.0,1.0,100.0
6,seed231701,UDPFlood,282427,hybrid,xgboost,72,100.0,1.0,100.0
6,seed231701,UDPFlood,282427,mlp,rf,72,72.22222222222221,0.0,not applicable
6,seed231701,UDPFlood,282427,mlp,xgboost,72,72.22222222222221,0.0,not applicable
6,seed231701,UDPFlood,282427,rf,xgboost,72,100.0,1.0,not applicable
6,seed231701,UDPFlood,307759,hybrid,mlp,72,69.44444444444444,-0.05319148936170226,69.44444444444444
6,seed231701,UDPFlood,307759,hybrid,rf,72,100.0,1.0,100.0
6,seed231701,UDPFlood,307759,hybrid,xgboost,72,100.0,1.0,100.0
6,seed231701,UDPFlood,307759,mlp,rf,72,69.44444444444444,-0.05319148936170226,not applicable
6,seed231701,UDPFlood,307759,mlp,xgboost,72,69.44444444444444,-0.05319148936170226,not applicable
6,seed231701,UDPFlood,307759,rf,xgboost,72,100.0,1.0,not applicable
6,seed231701,UDPFlood,333019,hybrid,mlp,72,70.83333333333334,0.038167938931297773,70.83333333333334
6,seed231701,UDPFlood,333019,hybrid,rf,72,98.61111111111111,0.9659090909090909,98.61111111111111
6,seed231701,UDPFlood,333019,hybrid,xgboost,72,100.0,1.0,100.0
6,seed231701,UDPFlood,333019,mlp,rf,72,69.44444444444444,-0.05319148936170226,not applicable
6,seed231701,UDPFlood,333019,mlp,xgboost,72,70.83333333333334,0.038167938931297773,not applicable
6,seed231701,UDPFlood,333019,rf,xgboost,72,98.61111111111111,0.9659090909090909,not applicable
6,seed257053,DNSAmplification,104729,hybrid,mlp,60,83.33333333333334,0.0,83.33333333333334
6,seed257053,DNSAmplification,104729,hybrid,rf,60,100.0,1.0,100.0
6,seed257053,DNSAmplification,104729,hybrid,xgboost,60,100.0,1.0,100.0
6,seed257053,DNSAmplification,104729,mlp,rf,60,83.33333333333334,0.0,not applicable
6,seed257053,DNSAmplification,104729,mlp,xgboost,60,83.33333333333334,0.0,not applicable
6,seed257053,DNSAmplification,104729,rf,xgboost,60,100.0,1.0,not applicable
6,seed257053,DNSAmplification,130363,hybrid,mlp,60,83.33333333333334,0.0,83.33333333333334
6,seed257053,DNSAmplification,130363,hybrid,rf,60,100.0,1.0,100.0
6,seed257053,DNSAmplification,130363,hybrid,xgboost,60,100.0,1.0,100.0
6,seed257053,DNSAmplification,130363,mlp,rf,60,83.33333333333334,0.0,not applicable
6,seed257053,DNSAmplification,130363,mlp,xgboost,60,83.33333333333334,0.0,not applicable
6,seed257053,DNSAmplification,130363,rf,xgboost,60,100.0,1.0,not applicable
6,seed257053,DNSAmplification,155921,hybrid,mlp,60,83.33333333333334,0.0,83.33333333333334
6,seed257053,DNSAmplification,155921,hybrid,rf,60,100.0,1.0,100.0
6,seed257053,DNSAmplification,155921,hybrid,xgboost,60,100.0,1.0,100.0
6,seed257053,DNSAmplification,155921,mlp,rf,60,83.33333333333334,0.0,not applicable
6,seed257053,DNSAmplification,155921,mlp,xgboost,60,83.33333333333334,0.0,not applicable
6,seed257053,DNSAmplification,155921,rf,xgboost,60,100.0,1.0,not applicable
6,seed257053,DNSAmplification,181081,hybrid,mlp,60,83.33333333333334,0.0,83.33333333333334
6,seed257053,DNSAmplification,181081,hybrid,rf,60,100.0,1.0,100.0
6,seed257053,DNSAmplification,181081,hybrid,xgboost,60,100.0,1.0,100.0
6,seed257053,DNSAmplification,181081,mlp,rf,60,83.33333333333334,0.0,not applicable
6,seed257053,DNSAmplification,181081,mlp,xgboost,60,83.33333333333334,0.0,not applicable
6,seed257053,DNSAmplification,181081,rf,xgboost,60,100.0,1.0,not applicable
6,seed257053,DNSAmplification,206369,hybrid,mlp,60,83.33333333333334,0.0,83.33333333333334
6,seed257053,DNSAmplification,206369,hybrid,rf,60,100.0,1.0,100.0
6,seed257053,DNSAmplification,206369,hybrid,xgboost,60,100.0,1.0,100.0
6,seed257053,DNSAmplification,206369,mlp,rf,60,83.33333333333334,0.0,not applicable
6,seed257053,DNSAmplification,206369,mlp,xgboost,60,83.33333333333334,0.0,not applicable
6,seed257053,DNSAmplification,206369,rf,xgboost,60,100.0,1.0,not applicable
6,seed257053,DNSAmplification,231701,hybrid,mlp,60,83.33333333333334,0.0,83.33333333333334
6,seed257053,DNSAmplification,231701,hybrid,rf,60,100.0,1.0,100.0
6,seed257053,DNSAmplification,231701,hybrid,xgboost,60,100.0,1.0,100.0
6,seed257053,DNSAmplification,231701,mlp,rf,60,83.33333333333334,0.0,not applicable
6,seed257053,DNSAmplification,231701,mlp,xgboost,60,83.33333333333334,0.0,not applicable
6,seed257053,DNSAmplification,231701,rf,xgboost,60,100.0,1.0,not applicable
6,seed257053,DNSAmplification,257053,hybrid,mlp,60,83.33333333333334,0.0,83.33333333333334
6,seed257053,DNSAmplification,257053,hybrid,rf,60,100.0,1.0,100.0
6,seed257053,DNSAmplification,257053,hybrid,xgboost,60,100.0,1.0,100.0
6,seed257053,DNSAmplification,257053,mlp,rf,60,83.33333333333334,0.0,not applicable
6,seed257053,DNSAmplification,257053,mlp,xgboost,60,83.33333333333334,0.0,not applicable
6,seed257053,DNSAmplification,257053,rf,xgboost,60,100.0,1.0,not applicable
6,seed257053,DNSAmplification,282427,hybrid,mlp,60,83.33333333333334,0.0,83.33333333333334
6,seed257053,DNSAmplification,282427,hybrid,rf,60,100.0,1.0,100.0
6,seed257053,DNSAmplification,282427,hybrid,xgboost,60,100.0,1.0,100.0
6,seed257053,DNSAmplification,282427,mlp,rf,60,83.33333333333334,0.0,not applicable
6,seed257053,DNSAmplification,282427,mlp,xgboost,60,83.33333333333334,0.0,not applicable
6,seed257053,DNSAmplification,282427,rf,xgboost,60,100.0,1.0,not applicable
6,seed257053,DNSAmplification,307759,hybrid,mlp,60,83.33333333333334,0.0,83.33333333333334
6,seed257053,DNSAmplification,307759,hybrid,rf,60,100.0,1.0,100.0
6,seed257053,DNSAmplification,307759,hybrid,xgboost,60,100.0,1.0,100.0
6,seed257053,DNSAmplification,307759,mlp,rf,60,83.33333333333334,0.0,not applicable
6,seed257053,DNSAmplification,307759,mlp,xgboost,60,83.33333333333334,0.0,not applicable
6,seed257053,DNSAmplification,307759,rf,xgboost,60,100.0,1.0,not applicable
6,seed257053,DNSAmplification,333019,hybrid,mlp,60,83.33333333333334,0.0,83.33333333333334
6,seed257053,DNSAmplification,333019,hybrid,rf,60,100.0,1.0,100.0
6,seed257053,DNSAmplification,333019,hybrid,xgboost,60,100.0,1.0,100.0
6,seed257053,DNSAmplification,333019,mlp,rf,60,83.33333333333334,0.0,not applicable
6,seed257053,DNSAmplification,333019,mlp,xgboost,60,83.33333333333334,0.0,not applicable
6,seed257053,DNSAmplification,333019,rf,xgboost,60,100.0,1.0,not applicable
6,seed257053,Normal,104729,hybrid,mlp,50,100.0,not estimable,100.0
6,seed257053,Normal,104729,hybrid,rf,50,100.0,not estimable,100.0
6,seed257053,Normal,104729,hybrid,xgboost,50,100.0,not estimable,100.0
6,seed257053,Normal,104729,mlp,rf,50,100.0,not estimable,not applicable
6,seed257053,Normal,104729,mlp,xgboost,50,100.0,not estimable,not applicable
6,seed257053,Normal,104729,rf,xgboost,50,100.0,not estimable,not applicable
6,seed257053,Normal,130363,hybrid,mlp,50,100.0,not estimable,100.0
6,seed257053,Normal,130363,hybrid,rf,50,100.0,not estimable,100.0
6,seed257053,Normal,130363,hybrid,xgboost,50,100.0,not estimable,100.0
6,seed257053,Normal,130363,mlp,rf,50,100.0,not estimable,not applicable
6,seed257053,Normal,130363,mlp,xgboost,50,100.0,not estimable,not applicable
6,seed257053,Normal,130363,rf,xgboost,50,100.0,not estimable,not applicable
6,seed257053,Normal,155921,hybrid,mlp,50,100.0,not estimable,100.0
6,seed257053,Normal,155921,hybrid,rf,50,100.0,not estimable,100.0
6,seed257053,Normal,155921,hybrid,xgboost,50,100.0,not estimable,100.0
6,seed257053,Normal,155921,mlp,rf,50,100.0,not estimable,not applicable
6,seed257053,Normal,155921,mlp,xgboost,50,100.0,not estimable,not applicable
6,seed257053,Normal,155921,rf,xgboost,50,100.0,not estimable,not applicable
6,seed257053,Normal,181081,hybrid,mlp,50,100.0,not estimable,100.0
6,seed257053,Normal,181081,hybrid,rf,50,100.0,not estimable,100.0
6,seed257053,Normal,181081,hybrid,xgboost,50,100.0,not estimable,100.0
6,seed257053,Normal,181081,mlp,rf,50,100.0,not estimable,not applicable
6,seed257053,Normal,181081,mlp,xgboost,50,100.0,not estimable,not applicable
6,seed257053,Normal,181081,rf,xgboost,50,100.0,not estimable,not applicable
6,seed257053,Normal,206369,hybrid,mlp,50,100.0,not estimable,100.0
6,seed257053,Normal,206369,hybrid,rf,50,100.0,not estimable,100.0
6,seed257053,Normal,206369,hybrid,xgboost,50,100.0,not estimable,100.0
6,seed257053,Normal,206369,mlp,rf,50,100.0,not estimable,not applicable
6,seed257053,Normal,206369,mlp,xgboost,50,100.0,not estimable,not applicable
6,seed257053,Normal,206369,rf,xgboost,50,100.0,not estimable,not applicable
6,seed257053,Normal,231701,hybrid,mlp,50,100.0,not estimable,100.0
6,seed257053,Normal,231701,hybrid,rf,50,100.0,not estimable,100.0
6,seed257053,Normal,231701,hybrid,xgboost,50,100.0,not estimable,100.0
6,seed257053,Normal,231701,mlp,rf,50,100.0,not estimable,not applicable
6,seed257053,Normal,231701,mlp,xgboost,50,100.0,not estimable,not applicable
6,seed257053,Normal,231701,rf,xgboost,50,100.0,not estimable,not applicable
6,seed257053,Normal,257053,hybrid,mlp,50,100.0,not estimable,100.0
6,seed257053,Normal,257053,hybrid,rf,50,100.0,not estimable,100.0
6,seed257053,Normal,257053,hybrid,xgboost,50,100.0,not estimable,100.0
6,seed257053,Normal,257053,mlp,rf,50,100.0,not estimable,not applicable
6,seed257053,Normal,257053,mlp,xgboost,50,100.0,not estimable,not applicable
6,seed257053,Normal,257053,rf,xgboost,50,100.0,not estimable,not applicable
6,seed257053,Normal,282427,hybrid,mlp,50,100.0,not estimable,100.0
6,seed257053,Normal,282427,hybrid,rf,50,100.0,not estimable,100.0
6,seed257053,Normal,282427,hybrid,xgboost,50,100.0,not estimable,100.0
6,seed257053,Normal,282427,mlp,rf,50,100.0,not estimable,not applicable
6,seed257053,Normal,282427,mlp,xgboost,50,100.0,not estimable,not applicable
6,seed257053,Normal,282427,rf,xgboost,50,100.0,not estimable,not applicable
6,seed257053,Normal,307759,hybrid,mlp,50,100.0,not estimable,100.0
6,seed257053,Normal,307759,hybrid,rf,50,100.0,not estimable,100.0
6,seed257053,Normal,307759,hybrid,xgboost,50,100.0,not estimable,100.0
6,seed257053,Normal,307759,mlp,rf,50,100.0,not estimable,not applicable
6,seed257053,Normal,307759,mlp,xgboost,50,100.0,not estimable,not applicable
6,seed257053,Normal,307759,rf,xgboost,50,100.0,not estimable,not applicable
6,seed257053,Normal,333019,hybrid,mlp,50,100.0,not estimable,100.0
6,seed257053,Normal,333019,hybrid,rf,50,100.0,not estimable,100.0
6,seed257053,Normal,333019,hybrid,xgboost,50,100.0,not estimable,100.0
6,seed257053,Normal,333019,mlp,rf,50,100.0,not estimable,not applicable
6,seed257053,Normal,333019,mlp,xgboost,50,100.0,not estimable,not applicable
6,seed257053,Normal,333019,rf,xgboost,50,100.0,not estimable,not applicable
6,seed257053,SYNFlood,104729,hybrid,mlp,850,100.0,not estimable,100.0
6,seed257053,SYNFlood,104729,hybrid,rf,850,100.0,not estimable,100.0
6,seed257053,SYNFlood,104729,hybrid,xgboost,850,100.0,not estimable,100.0
6,seed257053,SYNFlood,104729,mlp,rf,850,100.0,not estimable,not applicable
6,seed257053,SYNFlood,104729,mlp,xgboost,850,100.0,not estimable,not applicable
6,seed257053,SYNFlood,104729,rf,xgboost,850,100.0,not estimable,not applicable
6,seed257053,SYNFlood,130363,hybrid,mlp,850,52.94117647058824,0.0,52.94117647058824
6,seed257053,SYNFlood,130363,hybrid,rf,850,100.0,not estimable,100.0
6,seed257053,SYNFlood,130363,hybrid,xgboost,850,100.0,not estimable,100.0
6,seed257053,SYNFlood,130363,mlp,rf,850,52.94117647058824,0.0,not applicable
6,seed257053,SYNFlood,130363,mlp,xgboost,850,52.94117647058824,0.0,not applicable
6,seed257053,SYNFlood,130363,rf,xgboost,850,100.0,not estimable,not applicable
6,seed257053,SYNFlood,155921,hybrid,mlp,850,100.0,not estimable,100.0
6,seed257053,SYNFlood,155921,hybrid,rf,850,100.0,not estimable,100.0
6,seed257053,SYNFlood,155921,hybrid,xgboost,850,100.0,not estimable,100.0
6,seed257053,SYNFlood,155921,mlp,rf,850,100.0,not estimable,not applicable
6,seed257053,SYNFlood,155921,mlp,xgboost,850,100.0,not estimable,not applicable
6,seed257053,SYNFlood,155921,rf,xgboost,850,100.0,not estimable,not applicable
6,seed257053,SYNFlood,181081,hybrid,mlp,850,100.0,not estimable,100.0
6,seed257053,SYNFlood,181081,hybrid,rf,850,100.0,not estimable,100.0
6,seed257053,SYNFlood,181081,hybrid,xgboost,850,100.0,not estimable,100.0
6,seed257053,SYNFlood,181081,mlp,rf,850,100.0,not estimable,not applicable
6,seed257053,SYNFlood,181081,mlp,xgboost,850,100.0,not estimable,not applicable
6,seed257053,SYNFlood,181081,rf,xgboost,850,100.0,not estimable,not applicable
6,seed257053,SYNFlood,206369,hybrid,mlp,850,53.05882352941177,0.0,53.05882352941177
6,seed257053,SYNFlood,206369,hybrid,rf,850,100.0,not estimable,100.0
6,seed257053,SYNFlood,206369,hybrid,xgboost,850,100.0,not estimable,100.0
6,seed257053,SYNFlood,206369,mlp,rf,850,53.05882352941177,0.0,not applicable
6,seed257053,SYNFlood,206369,mlp,xgboost,850,53.05882352941177,0.0,not applicable
6,seed257053,SYNFlood,206369,rf,xgboost,850,100.0,not estimable,not applicable
6,seed257053,SYNFlood,231701,hybrid,mlp,850,100.0,not estimable,100.0
6,seed257053,SYNFlood,231701,hybrid,rf,850,100.0,not estimable,100.0
6,seed257053,SYNFlood,231701,hybrid,xgboost,850,100.0,not estimable,100.0
6,seed257053,SYNFlood,231701,mlp,rf,850,100.0,not estimable,not applicable
6,seed257053,SYNFlood,231701,mlp,xgboost,850,100.0,not estimable,not applicable
6,seed257053,SYNFlood,231701,rf,xgboost,850,100.0,not estimable,not applicable
6,seed257053,SYNFlood,257053,hybrid,mlp,850,100.0,not estimable,100.0
6,seed257053,SYNFlood,257053,hybrid,rf,850,100.0,not estimable,100.0
6,seed257053,SYNFlood,257053,hybrid,xgboost,850,100.0,not estimable,100.0
6,seed257053,SYNFlood,257053,mlp,rf,850,100.0,not estimable,not applicable
6,seed257053,SYNFlood,257053,mlp,xgboost,850,100.0,not estimable,not applicable
6,seed257053,SYNFlood,257053,rf,xgboost,850,100.0,not estimable,not applicable
6,seed257053,SYNFlood,282427,hybrid,mlp,850,100.0,not estimable,100.0
6,seed257053,SYNFlood,282427,hybrid,rf,850,100.0,not estimable,100.0
6,seed257053,SYNFlood,282427,hybrid,xgboost,850,100.0,not estimable,100.0
6,seed257053,SYNFlood,282427,mlp,rf,850,100.0,not estimable,not applicable
6,seed257053,SYNFlood,282427,mlp,xgboost,850,100.0,not estimable,not applicable
6,seed257053,SYNFlood,282427,rf,xgboost,850,100.0,not estimable,not applicable
6,seed257053,SYNFlood,307759,hybrid,mlp,850,99.88235294117646,0.0,99.88235294117646
6,seed257053,SYNFlood,307759,hybrid,rf,850,100.0,not estimable,100.0
6,seed257053,SYNFlood,307759,hybrid,xgboost,850,100.0,not estimable,100.0
6,seed257053,SYNFlood,307759,mlp,rf,850,99.88235294117646,0.0,not applicable
6,seed257053,SYNFlood,307759,mlp,xgboost,850,99.88235294117646,0.0,not applicable
6,seed257053,SYNFlood,307759,rf,xgboost,850,100.0,not estimable,not applicable
6,seed257053,SYNFlood,333019,hybrid,mlp,850,98.82352941176471,0.0,98.82352941176471
6,seed257053,SYNFlood,333019,hybrid,rf,850,100.0,not estimable,100.0
6,seed257053,SYNFlood,333019,hybrid,xgboost,850,100.0,not estimable,100.0
6,seed257053,SYNFlood,333019,mlp,rf,850,98.82352941176471,0.0,not applicable
6,seed257053,SYNFlood,333019,mlp,xgboost,850,98.82352941176471,0.0,not applicable
6,seed257053,SYNFlood,333019,rf,xgboost,850,100.0,not estimable,not applicable
6,seed257053,UDPFlood,104729,hybrid,mlp,75,70.66666666666667,0.014336917562724039,70.66666666666667
6,seed257053,UDPFlood,104729,hybrid,rf,75,100.0,1.0,100.0
6,seed257053,UDPFlood,104729,hybrid,xgboost,75,98.66666666666667,0.9664429530201343,98.66666666666667
6,seed257053,UDPFlood,104729,mlp,rf,75,70.66666666666667,0.014336917562724039,not applicable
6,seed257053,UDPFlood,104729,mlp,xgboost,75,69.33333333333334,-0.07476635514018692,not applicable
6,seed257053,UDPFlood,104729,rf,xgboost,75,98.66666666666667,0.9664429530201343,not applicable
6,seed257053,UDPFlood,130363,hybrid,mlp,75,72.0,0.09638554216867479,72.0
6,seed257053,UDPFlood,130363,hybrid,rf,75,98.66666666666667,0.9674054758800521,98.66666666666667
6,seed257053,UDPFlood,130363,hybrid,xgboost,75,100.0,1.0,100.0
6,seed257053,UDPFlood,130363,mlp,rf,75,70.66666666666667,0.014336917562724039,not applicable
6,seed257053,UDPFlood,130363,mlp,xgboost,75,72.0,0.09638554216867479,not applicable
6,seed257053,UDPFlood,130363,rf,xgboost,75,98.66666666666667,0.9674054758800521,not applicable
6,seed257053,UDPFlood,155921,hybrid,mlp,75,73.33333333333333,0.06716417910447747,73.33333333333333
6,seed257053,UDPFlood,155921,hybrid,rf,75,100.0,1.0,100.0
6,seed257053,UDPFlood,155921,hybrid,xgboost,75,98.66666666666667,0.9664429530201343,98.66666666666667
6,seed257053,UDPFlood,155921,mlp,rf,75,73.33333333333333,0.06716417910447747,not applicable
6,seed257053,UDPFlood,155921,mlp,xgboost,75,72.0,-0.026058631921824116,not applicable
6,seed257053,UDPFlood,155921,rf,xgboost,75,98.66666666666667,0.9664429530201343,not applicable
6,seed257053,UDPFlood,181081,hybrid,mlp,75,73.33333333333333,0.0,73.33333333333333
6,seed257053,UDPFlood,181081,hybrid,rf,75,98.66666666666667,0.9664429530201343,98.66666666666667
6,seed257053,UDPFlood,181081,hybrid,xgboost,75,100.0,1.0,100.0
6,seed257053,UDPFlood,181081,mlp,rf,75,72.0,0.0,not applicable
6,seed257053,UDPFlood,181081,mlp,xgboost,75,73.33333333333333,0.0,not applicable
6,seed257053,UDPFlood,181081,rf,xgboost,75,98.66666666666667,0.9664429530201343,not applicable
6,seed257053,UDPFlood,206369,hybrid,mlp,75,100.0,1.0,100.0
6,seed257053,UDPFlood,206369,hybrid,rf,75,100.0,1.0,100.0
6,seed257053,UDPFlood,206369,hybrid,xgboost,75,98.66666666666667,0.9664429530201343,98.66666666666667
6,seed257053,UDPFlood,206369,mlp,rf,75,100.0,1.0,not applicable
6,seed257053,UDPFlood,206369,mlp,xgboost,75,98.66666666666667,0.9664429530201343,not applicable
6,seed257053,UDPFlood,206369,rf,xgboost,75,98.66666666666667,0.9664429530201343,not applicable
6,seed257053,UDPFlood,231701,hybrid,mlp,75,73.33333333333333,0.06716417910447747,73.33333333333333
6,seed257053,UDPFlood,231701,hybrid,rf,75,100.0,1.0,100.0
6,seed257053,UDPFlood,231701,hybrid,xgboost,75,98.66666666666667,0.9664429530201343,98.66666666666667
6,seed257053,UDPFlood,231701,mlp,rf,75,73.33333333333333,0.06716417910447747,not applicable
6,seed257053,UDPFlood,231701,mlp,xgboost,75,72.0,-0.026058631921824116,not applicable
6,seed257053,UDPFlood,231701,rf,xgboost,75,98.66666666666667,0.9664429530201343,not applicable
6,seed257053,UDPFlood,257053,hybrid,mlp,75,73.33333333333333,0.06716417910447747,73.33333333333333
6,seed257053,UDPFlood,257053,hybrid,rf,75,100.0,1.0,100.0
6,seed257053,UDPFlood,257053,hybrid,xgboost,75,98.66666666666667,0.9664429530201343,98.66666666666667
6,seed257053,UDPFlood,257053,mlp,rf,75,73.33333333333333,0.06716417910447747,not applicable
6,seed257053,UDPFlood,257053,mlp,xgboost,75,72.0,-0.026058631921824116,not applicable
6,seed257053,UDPFlood,257053,rf,xgboost,75,98.66666666666667,0.9664429530201343,not applicable
6,seed257053,UDPFlood,282427,hybrid,mlp,75,73.33333333333333,0.06716417910447747,73.33333333333333
6,seed257053,UDPFlood,282427,hybrid,rf,75,100.0,1.0,100.0
6,seed257053,UDPFlood,282427,hybrid,xgboost,75,98.66666666666667,0.9664429530201343,98.66666666666667
6,seed257053,UDPFlood,282427,mlp,rf,75,73.33333333333333,0.06716417910447747,not applicable
6,seed257053,UDPFlood,282427,mlp,xgboost,75,72.0,-0.026058631921824116,not applicable
6,seed257053,UDPFlood,282427,rf,xgboost,75,98.66666666666667,0.9664429530201343,not applicable
6,seed257053,UDPFlood,307759,hybrid,mlp,75,70.66666666666667,0.06989853438556948,70.66666666666667
6,seed257053,UDPFlood,307759,hybrid,rf,75,98.66666666666667,0.9674054758800521,98.66666666666667
6,seed257053,UDPFlood,307759,hybrid,xgboost,75,100.0,1.0,100.0
6,seed257053,UDPFlood,307759,mlp,rf,75,69.33333333333334,-0.010544815465729496,not applicable
6,seed257053,UDPFlood,307759,mlp,xgboost,75,70.66666666666667,0.06989853438556948,not applicable
6,seed257053,UDPFlood,307759,rf,xgboost,75,98.66666666666667,0.9674054758800521,not applicable
6,seed257053,UDPFlood,333019,hybrid,mlp,75,68.0,-0.09756097560975618,68.0
6,seed257053,UDPFlood,333019,hybrid,rf,75,100.0,1.0,100.0
6,seed257053,UDPFlood,333019,hybrid,xgboost,75,100.0,1.0,100.0
6,seed257053,UDPFlood,333019,mlp,rf,75,68.0,-0.09756097560975618,not applicable
6,seed257053,UDPFlood,333019,mlp,xgboost,75,68.0,-0.09756097560975618,not applicable
6,seed257053,UDPFlood,333019,rf,xgboost,75,100.0,1.0,not applicable
6,seed282427,DNSAmplification,104729,hybrid,mlp,60,83.33333333333334,0.0,83.33333333333334
6,seed282427,DNSAmplification,104729,hybrid,rf,60,100.0,1.0,100.0
6,seed282427,DNSAmplification,104729,hybrid,xgboost,60,100.0,1.0,100.0
6,seed282427,DNSAmplification,104729,mlp,rf,60,83.33333333333334,0.0,not applicable
6,seed282427,DNSAmplification,104729,mlp,xgboost,60,83.33333333333334,0.0,not applicable
6,seed282427,DNSAmplification,104729,rf,xgboost,60,100.0,1.0,not applicable
6,seed282427,DNSAmplification,130363,hybrid,mlp,60,83.33333333333334,0.0,83.33333333333334
6,seed282427,DNSAmplification,130363,hybrid,rf,60,100.0,1.0,100.0
6,seed282427,DNSAmplification,130363,hybrid,xgboost,60,100.0,1.0,100.0
6,seed282427,DNSAmplification,130363,mlp,rf,60,83.33333333333334,0.0,not applicable
6,seed282427,DNSAmplification,130363,mlp,xgboost,60,83.33333333333334,0.0,not applicable
6,seed282427,DNSAmplification,130363,rf,xgboost,60,100.0,1.0,not applicable
6,seed282427,DNSAmplification,155921,hybrid,mlp,60,83.33333333333334,0.0,83.33333333333334
6,seed282427,DNSAmplification,155921,hybrid,rf,60,100.0,1.0,100.0
6,seed282427,DNSAmplification,155921,hybrid,xgboost,60,100.0,1.0,100.0
6,seed282427,DNSAmplification,155921,mlp,rf,60,83.33333333333334,0.0,not applicable
6,seed282427,DNSAmplification,155921,mlp,xgboost,60,83.33333333333334,0.0,not applicable
6,seed282427,DNSAmplification,155921,rf,xgboost,60,100.0,1.0,not applicable
6,seed282427,DNSAmplification,181081,hybrid,mlp,60,83.33333333333334,0.0,83.33333333333334
6,seed282427,DNSAmplification,181081,hybrid,rf,60,100.0,1.0,100.0
6,seed282427,DNSAmplification,181081,hybrid,xgboost,60,100.0,1.0,100.0
6,seed282427,DNSAmplification,181081,mlp,rf,60,83.33333333333334,0.0,not applicable
6,seed282427,DNSAmplification,181081,mlp,xgboost,60,83.33333333333334,0.0,not applicable
6,seed282427,DNSAmplification,181081,rf,xgboost,60,100.0,1.0,not applicable
6,seed282427,DNSAmplification,206369,hybrid,mlp,60,83.33333333333334,0.0,83.33333333333334
6,seed282427,DNSAmplification,206369,hybrid,rf,60,100.0,1.0,100.0
6,seed282427,DNSAmplification,206369,hybrid,xgboost,60,100.0,1.0,100.0
6,seed282427,DNSAmplification,206369,mlp,rf,60,83.33333333333334,0.0,not applicable
6,seed282427,DNSAmplification,206369,mlp,xgboost,60,83.33333333333334,0.0,not applicable
6,seed282427,DNSAmplification,206369,rf,xgboost,60,100.0,1.0,not applicable
6,seed282427,DNSAmplification,231701,hybrid,mlp,60,83.33333333333334,0.0,83.33333333333334
6,seed282427,DNSAmplification,231701,hybrid,rf,60,100.0,1.0,100.0
6,seed282427,DNSAmplification,231701,hybrid,xgboost,60,100.0,1.0,100.0
6,seed282427,DNSAmplification,231701,mlp,rf,60,83.33333333333334,0.0,not applicable
6,seed282427,DNSAmplification,231701,mlp,xgboost,60,83.33333333333334,0.0,not applicable
6,seed282427,DNSAmplification,231701,rf,xgboost,60,100.0,1.0,not applicable
6,seed282427,DNSAmplification,257053,hybrid,mlp,60,83.33333333333334,0.0,83.33333333333334
6,seed282427,DNSAmplification,257053,hybrid,rf,60,100.0,1.0,100.0
6,seed282427,DNSAmplification,257053,hybrid,xgboost,60,100.0,1.0,100.0
6,seed282427,DNSAmplification,257053,mlp,rf,60,83.33333333333334,0.0,not applicable
6,seed282427,DNSAmplification,257053,mlp,xgboost,60,83.33333333333334,0.0,not applicable
6,seed282427,DNSAmplification,257053,rf,xgboost,60,100.0,1.0,not applicable
6,seed282427,DNSAmplification,282427,hybrid,mlp,60,83.33333333333334,0.0,83.33333333333334
6,seed282427,DNSAmplification,282427,hybrid,rf,60,100.0,1.0,100.0
6,seed282427,DNSAmplification,282427,hybrid,xgboost,60,100.0,1.0,100.0
6,seed282427,DNSAmplification,282427,mlp,rf,60,83.33333333333334,0.0,not applicable
6,seed282427,DNSAmplification,282427,mlp,xgboost,60,83.33333333333334,0.0,not applicable
6,seed282427,DNSAmplification,282427,rf,xgboost,60,100.0,1.0,not applicable
6,seed282427,DNSAmplification,307759,hybrid,mlp,60,83.33333333333334,0.0,83.33333333333334
6,seed282427,DNSAmplification,307759,hybrid,rf,60,100.0,1.0,100.0
6,seed282427,DNSAmplification,307759,hybrid,xgboost,60,100.0,1.0,100.0
6,seed282427,DNSAmplification,307759,mlp,rf,60,83.33333333333334,0.0,not applicable
6,seed282427,DNSAmplification,307759,mlp,xgboost,60,83.33333333333334,0.0,not applicable
6,seed282427,DNSAmplification,307759,rf,xgboost,60,100.0,1.0,not applicable
6,seed282427,DNSAmplification,333019,hybrid,mlp,60,83.33333333333334,0.0,83.33333333333334
6,seed282427,DNSAmplification,333019,hybrid,rf,60,100.0,1.0,100.0
6,seed282427,DNSAmplification,333019,hybrid,xgboost,60,100.0,1.0,100.0
6,seed282427,DNSAmplification,333019,mlp,rf,60,83.33333333333334,0.0,not applicable
6,seed282427,DNSAmplification,333019,mlp,xgboost,60,83.33333333333334,0.0,not applicable
6,seed282427,DNSAmplification,333019,rf,xgboost,60,100.0,1.0,not applicable
6,seed282427,Normal,104729,hybrid,mlp,50,100.0,not estimable,100.0
6,seed282427,Normal,104729,hybrid,rf,50,100.0,not estimable,100.0
6,seed282427,Normal,104729,hybrid,xgboost,50,100.0,not estimable,100.0
6,seed282427,Normal,104729,mlp,rf,50,100.0,not estimable,not applicable
6,seed282427,Normal,104729,mlp,xgboost,50,100.0,not estimable,not applicable
6,seed282427,Normal,104729,rf,xgboost,50,100.0,not estimable,not applicable
6,seed282427,Normal,130363,hybrid,mlp,50,100.0,not estimable,100.0
6,seed282427,Normal,130363,hybrid,rf,50,100.0,not estimable,100.0
6,seed282427,Normal,130363,hybrid,xgboost,50,100.0,not estimable,100.0
6,seed282427,Normal,130363,mlp,rf,50,100.0,not estimable,not applicable
6,seed282427,Normal,130363,mlp,xgboost,50,100.0,not estimable,not applicable
6,seed282427,Normal,130363,rf,xgboost,50,100.0,not estimable,not applicable
6,seed282427,Normal,155921,hybrid,mlp,50,100.0,not estimable,100.0
6,seed282427,Normal,155921,hybrid,rf,50,100.0,not estimable,100.0
6,seed282427,Normal,155921,hybrid,xgboost,50,100.0,not estimable,100.0
6,seed282427,Normal,155921,mlp,rf,50,100.0,not estimable,not applicable
6,seed282427,Normal,155921,mlp,xgboost,50,100.0,not estimable,not applicable
6,seed282427,Normal,155921,rf,xgboost,50,100.0,not estimable,not applicable
6,seed282427,Normal,181081,hybrid,mlp,50,100.0,not estimable,100.0
6,seed282427,Normal,181081,hybrid,rf,50,100.0,not estimable,100.0
6,seed282427,Normal,181081,hybrid,xgboost,50,100.0,not estimable,100.0
6,seed282427,Normal,181081,mlp,rf,50,100.0,not estimable,not applicable
6,seed282427,Normal,181081,mlp,xgboost,50,100.0,not estimable,not applicable
6,seed282427,Normal,181081,rf,xgboost,50,100.0,not estimable,not applicable
6,seed282427,Normal,206369,hybrid,mlp,50,100.0,not estimable,100.0
6,seed282427,Normal,206369,hybrid,rf,50,100.0,not estimable,100.0
6,seed282427,Normal,206369,hybrid,xgboost,50,100.0,not estimable,100.0
6,seed282427,Normal,206369,mlp,rf,50,100.0,not estimable,not applicable
6,seed282427,Normal,206369,mlp,xgboost,50,100.0,not estimable,not applicable
6,seed282427,Normal,206369,rf,xgboost,50,100.0,not estimable,not applicable
6,seed282427,Normal,231701,hybrid,mlp,50,100.0,not estimable,100.0
6,seed282427,Normal,231701,hybrid,rf,50,100.0,not estimable,100.0
6,seed282427,Normal,231701,hybrid,xgboost,50,100.0,not estimable,100.0
6,seed282427,Normal,231701,mlp,rf,50,100.0,not estimable,not applicable
6,seed282427,Normal,231701,mlp,xgboost,50,100.0,not estimable,not applicable
6,seed282427,Normal,231701,rf,xgboost,50,100.0,not estimable,not applicable
6,seed282427,Normal,257053,hybrid,mlp,50,100.0,not estimable,100.0
6,seed282427,Normal,257053,hybrid,rf,50,100.0,not estimable,100.0
6,seed282427,Normal,257053,hybrid,xgboost,50,100.0,not estimable,100.0
6,seed282427,Normal,257053,mlp,rf,50,100.0,not estimable,not applicable
6,seed282427,Normal,257053,mlp,xgboost,50,100.0,not estimable,not applicable
6,seed282427,Normal,257053,rf,xgboost,50,100.0,not estimable,not applicable
6,seed282427,Normal,282427,hybrid,mlp,50,100.0,not estimable,100.0
6,seed282427,Normal,282427,hybrid,rf,50,100.0,not estimable,100.0
6,seed282427,Normal,282427,hybrid,xgboost,50,100.0,not estimable,100.0
6,seed282427,Normal,282427,mlp,rf,50,100.0,not estimable,not applicable
6,seed282427,Normal,282427,mlp,xgboost,50,100.0,not estimable,not applicable
6,seed282427,Normal,282427,rf,xgboost,50,100.0,not estimable,not applicable
6,seed282427,Normal,307759,hybrid,mlp,50,100.0,not estimable,100.0
6,seed282427,Normal,307759,hybrid,rf,50,100.0,not estimable,100.0
6,seed282427,Normal,307759,hybrid,xgboost,50,100.0,not estimable,100.0
6,seed282427,Normal,307759,mlp,rf,50,100.0,not estimable,not applicable
6,seed282427,Normal,307759,mlp,xgboost,50,100.0,not estimable,not applicable
6,seed282427,Normal,307759,rf,xgboost,50,100.0,not estimable,not applicable
6,seed282427,Normal,333019,hybrid,mlp,50,100.0,not estimable,100.0
6,seed282427,Normal,333019,hybrid,rf,50,100.0,not estimable,100.0
6,seed282427,Normal,333019,hybrid,xgboost,50,100.0,not estimable,100.0
6,seed282427,Normal,333019,mlp,rf,50,100.0,not estimable,not applicable
6,seed282427,Normal,333019,mlp,xgboost,50,100.0,not estimable,not applicable
6,seed282427,Normal,333019,rf,xgboost,50,100.0,not estimable,not applicable
6,seed282427,SYNFlood,104729,hybrid,mlp,850,100.0,not estimable,100.0
6,seed282427,SYNFlood,104729,hybrid,rf,850,100.0,not estimable,100.0
6,seed282427,SYNFlood,104729,hybrid,xgboost,850,100.0,not estimable,100.0
6,seed282427,SYNFlood,104729,mlp,rf,850,100.0,not estimable,not applicable
6,seed282427,SYNFlood,104729,mlp,xgboost,850,100.0,not estimable,not applicable
6,seed282427,SYNFlood,104729,rf,xgboost,850,100.0,not estimable,not applicable
6,seed282427,SYNFlood,130363,hybrid,mlp,850,52.94117647058824,0.0,52.94117647058824
6,seed282427,SYNFlood,130363,hybrid,rf,850,100.0,not estimable,100.0
6,seed282427,SYNFlood,130363,hybrid,xgboost,850,100.0,not estimable,100.0
6,seed282427,SYNFlood,130363,mlp,rf,850,52.94117647058824,0.0,not applicable
6,seed282427,SYNFlood,130363,mlp,xgboost,850,52.94117647058824,0.0,not applicable
6,seed282427,SYNFlood,130363,rf,xgboost,850,100.0,not estimable,not applicable
6,seed282427,SYNFlood,155921,hybrid,mlp,850,100.0,not estimable,100.0
6,seed282427,SYNFlood,155921,hybrid,rf,850,100.0,not estimable,100.0
6,seed282427,SYNFlood,155921,hybrid,xgboost,850,100.0,not estimable,100.0
6,seed282427,SYNFlood,155921,mlp,rf,850,100.0,not estimable,not applicable
6,seed282427,SYNFlood,155921,mlp,xgboost,850,100.0,not estimable,not applicable
6,seed282427,SYNFlood,155921,rf,xgboost,850,100.0,not estimable,not applicable
6,seed282427,SYNFlood,181081,hybrid,mlp,850,100.0,not estimable,100.0
6,seed282427,SYNFlood,181081,hybrid,rf,850,100.0,not estimable,100.0
6,seed282427,SYNFlood,181081,hybrid,xgboost,850,100.0,not estimable,100.0
6,seed282427,SYNFlood,181081,mlp,rf,850,100.0,not estimable,not applicable
6,seed282427,SYNFlood,181081,mlp,xgboost,850,100.0,not estimable,not applicable
6,seed282427,SYNFlood,181081,rf,xgboost,850,100.0,not estimable,not applicable
6,seed282427,SYNFlood,206369,hybrid,mlp,850,52.94117647058824,0.0,52.94117647058824
6,seed282427,SYNFlood,206369,hybrid,rf,850,100.0,not estimable,100.0
6,seed282427,SYNFlood,206369,hybrid,xgboost,850,100.0,not estimable,100.0
6,seed282427,SYNFlood,206369,mlp,rf,850,52.94117647058824,0.0,not applicable
6,seed282427,SYNFlood,206369,mlp,xgboost,850,52.94117647058824,0.0,not applicable
6,seed282427,SYNFlood,206369,rf,xgboost,850,100.0,not estimable,not applicable
6,seed282427,SYNFlood,231701,hybrid,mlp,850,100.0,not estimable,100.0
6,seed282427,SYNFlood,231701,hybrid,rf,850,100.0,not estimable,100.0
6,seed282427,SYNFlood,231701,hybrid,xgboost,850,100.0,not estimable,100.0
6,seed282427,SYNFlood,231701,mlp,rf,850,100.0,not estimable,not applicable
6,seed282427,SYNFlood,231701,mlp,xgboost,850,100.0,not estimable,not applicable
6,seed282427,SYNFlood,231701,rf,xgboost,850,100.0,not estimable,not applicable
6,seed282427,SYNFlood,257053,hybrid,mlp,850,100.0,not estimable,100.0
6,seed282427,SYNFlood,257053,hybrid,rf,850,100.0,not estimable,100.0
6,seed282427,SYNFlood,257053,hybrid,xgboost,850,100.0,not estimable,100.0
6,seed282427,SYNFlood,257053,mlp,rf,850,100.0,not estimable,not applicable
6,seed282427,SYNFlood,257053,mlp,xgboost,850,100.0,not estimable,not applicable
6,seed282427,SYNFlood,257053,rf,xgboost,850,100.0,not estimable,not applicable
6,seed282427,SYNFlood,282427,hybrid,mlp,850,100.0,not estimable,100.0
6,seed282427,SYNFlood,282427,hybrid,rf,850,100.0,not estimable,100.0
6,seed282427,SYNFlood,282427,hybrid,xgboost,850,100.0,not estimable,100.0
6,seed282427,SYNFlood,282427,mlp,rf,850,100.0,not estimable,not applicable
6,seed282427,SYNFlood,282427,mlp,xgboost,850,100.0,not estimable,not applicable
6,seed282427,SYNFlood,282427,rf,xgboost,850,100.0,not estimable,not applicable
6,seed282427,SYNFlood,307759,hybrid,mlp,850,100.0,not estimable,100.0
6,seed282427,SYNFlood,307759,hybrid,rf,850,100.0,not estimable,100.0
6,seed282427,SYNFlood,307759,hybrid,xgboost,850,100.0,not estimable,100.0
6,seed282427,SYNFlood,307759,mlp,rf,850,100.0,not estimable,not applicable
6,seed282427,SYNFlood,307759,mlp,xgboost,850,100.0,not estimable,not applicable
6,seed282427,SYNFlood,307759,rf,xgboost,850,100.0,not estimable,not applicable
6,seed282427,SYNFlood,333019,hybrid,mlp,850,99.41176470588235,0.0,99.41176470588235
6,seed282427,SYNFlood,333019,hybrid,rf,850,100.0,not estimable,100.0
6,seed282427,SYNFlood,333019,hybrid,xgboost,850,100.0,not estimable,100.0
6,seed282427,SYNFlood,333019,mlp,rf,850,99.41176470588235,0.0,not applicable
6,seed282427,SYNFlood,333019,mlp,xgboost,850,99.41176470588235,0.0,not applicable
6,seed282427,SYNFlood,333019,rf,xgboost,850,100.0,not estimable,not applicable
6,seed282427,UDPFlood,104729,hybrid,mlp,70,71.42857142857143,0.0,71.42857142857143
6,seed282427,UDPFlood,104729,hybrid,rf,70,100.0,1.0,100.0
6,seed282427,UDPFlood,104729,hybrid,xgboost,70,100.0,1.0,100.0
6,seed282427,UDPFlood,104729,mlp,rf,70,71.42857142857143,0.0,not applicable
6,seed282427,UDPFlood,104729,mlp,xgboost,70,71.42857142857143,0.0,not applicable
6,seed282427,UDPFlood,104729,rf,xgboost,70,100.0,1.0,not applicable
6,seed282427,UDPFlood,130363,hybrid,mlp,70,71.42857142857143,0.0,71.42857142857143
6,seed282427,UDPFlood,130363,hybrid,rf,70,100.0,1.0,100.0
6,seed282427,UDPFlood,130363,hybrid,xgboost,70,100.0,1.0,100.0
6,seed282427,UDPFlood,130363,mlp,rf,70,71.42857142857143,0.0,not applicable
6,seed282427,UDPFlood,130363,mlp,xgboost,70,71.42857142857143,0.0,not applicable
6,seed282427,UDPFlood,130363,rf,xgboost,70,100.0,1.0,not applicable
6,seed282427,UDPFlood,155921,hybrid,mlp,70,71.42857142857143,0.0,71.42857142857143
6,seed282427,UDPFlood,155921,hybrid,rf,70,100.0,1.0,100.0
6,seed282427,UDPFlood,155921,hybrid,xgboost,70,100.0,1.0,100.0
6,seed282427,UDPFlood,155921,mlp,rf,70,71.42857142857143,0.0,not applicable
6,seed282427,UDPFlood,155921,mlp,xgboost,70,71.42857142857143,0.0,not applicable
6,seed282427,UDPFlood,155921,rf,xgboost,70,100.0,1.0,not applicable
6,seed282427,UDPFlood,181081,hybrid,mlp,70,71.42857142857143,0.0,71.42857142857143
6,seed282427,UDPFlood,181081,hybrid,rf,70,100.0,1.0,100.0
6,seed282427,UDPFlood,181081,hybrid,xgboost,70,100.0,1.0,100.0
6,seed282427,UDPFlood,181081,mlp,rf,70,71.42857142857143,0.0,not applicable
6,seed282427,UDPFlood,181081,mlp,xgboost,70,71.42857142857143,0.0,not applicable
6,seed282427,UDPFlood,181081,rf,xgboost,70,100.0,1.0,not applicable
6,seed282427,UDPFlood,206369,hybrid,mlp,70,100.0,1.0,100.0
6,seed282427,UDPFlood,206369,hybrid,rf,70,100.0,1.0,100.0
6,seed282427,UDPFlood,206369,hybrid,xgboost,70,100.0,1.0,100.0
6,seed282427,UDPFlood,206369,mlp,rf,70,100.0,1.0,not applicable
6,seed282427,UDPFlood,206369,mlp,xgboost,70,100.0,1.0,not applicable
6,seed282427,UDPFlood,206369,rf,xgboost,70,100.0,1.0,not applicable
6,seed282427,UDPFlood,231701,hybrid,mlp,70,71.42857142857143,0.0,71.42857142857143
6,seed282427,UDPFlood,231701,hybrid,rf,70,100.0,1.0,100.0
6,seed282427,UDPFlood,231701,hybrid,xgboost,70,100.0,1.0,100.0
6,seed282427,UDPFlood,231701,mlp,rf,70,71.42857142857143,0.0,not applicable
6,seed282427,UDPFlood,231701,mlp,xgboost,70,71.42857142857143,0.0,not applicable
6,seed282427,UDPFlood,231701,rf,xgboost,70,100.0,1.0,not applicable
6,seed282427,UDPFlood,257053,hybrid,mlp,70,71.42857142857143,0.0,71.42857142857143
6,seed282427,UDPFlood,257053,hybrid,rf,70,100.0,1.0,100.0
6,seed282427,UDPFlood,257053,hybrid,xgboost,70,100.0,1.0,100.0
6,seed282427,UDPFlood,257053,mlp,rf,70,71.42857142857143,0.0,not applicable
6,seed282427,UDPFlood,257053,mlp,xgboost,70,71.42857142857143,0.0,not applicable
6,seed282427,UDPFlood,257053,rf,xgboost,70,100.0,1.0,not applicable
6,seed282427,UDPFlood,282427,hybrid,mlp,70,71.42857142857143,0.0,71.42857142857143
6,seed282427,UDPFlood,282427,hybrid,rf,70,100.0,1.0,100.0
6,seed282427,UDPFlood,282427,hybrid,xgboost,70,100.0,1.0,100.0
6,seed282427,UDPFlood,282427,mlp,rf,70,71.42857142857143,0.0,not applicable
6,seed282427,UDPFlood,282427,mlp,xgboost,70,71.42857142857143,0.0,not applicable
6,seed282427,UDPFlood,282427,rf,xgboost,70,100.0,1.0,not applicable
6,seed282427,UDPFlood,307759,hybrid,mlp,70,71.42857142857143,0.0,71.42857142857143
6,seed282427,UDPFlood,307759,hybrid,rf,70,100.0,1.0,100.0
6,seed282427,UDPFlood,307759,hybrid,xgboost,70,100.0,1.0,100.0
6,seed282427,UDPFlood,307759,mlp,rf,70,71.42857142857143,0.0,not applicable
6,seed282427,UDPFlood,307759,mlp,xgboost,70,71.42857142857143,0.0,not applicable
6,seed282427,UDPFlood,307759,rf,xgboost,70,100.0,1.0,not applicable
6,seed282427,UDPFlood,333019,hybrid,mlp,70,71.42857142857143,0.0,71.42857142857143
6,seed282427,UDPFlood,333019,hybrid,rf,70,100.0,1.0,100.0
6,seed282427,UDPFlood,333019,hybrid,xgboost,70,100.0,1.0,100.0
6,seed282427,UDPFlood,333019,mlp,rf,70,71.42857142857143,0.0,not applicable
6,seed282427,UDPFlood,333019,mlp,xgboost,70,71.42857142857143,0.0,not applicable
6,seed282427,UDPFlood,333019,rf,xgboost,70,100.0,1.0,not applicable
6,seed307759,DNSAmplification,104729,hybrid,mlp,60,83.33333333333334,0.0,83.33333333333334
6,seed307759,DNSAmplification,104729,hybrid,rf,60,100.0,1.0,100.0
6,seed307759,DNSAmplification,104729,hybrid,xgboost,60,100.0,1.0,100.0
6,seed307759,DNSAmplification,104729,mlp,rf,60,83.33333333333334,0.0,not applicable
6,seed307759,DNSAmplification,104729,mlp,xgboost,60,83.33333333333334,0.0,not applicable
6,seed307759,DNSAmplification,104729,rf,xgboost,60,100.0,1.0,not applicable
6,seed307759,DNSAmplification,130363,hybrid,mlp,60,83.33333333333334,0.0,83.33333333333334
6,seed307759,DNSAmplification,130363,hybrid,rf,60,100.0,1.0,100.0
6,seed307759,DNSAmplification,130363,hybrid,xgboost,60,100.0,1.0,100.0
6,seed307759,DNSAmplification,130363,mlp,rf,60,83.33333333333334,0.0,not applicable
6,seed307759,DNSAmplification,130363,mlp,xgboost,60,83.33333333333334,0.0,not applicable
6,seed307759,DNSAmplification,130363,rf,xgboost,60,100.0,1.0,not applicable
6,seed307759,DNSAmplification,155921,hybrid,mlp,60,83.33333333333334,0.0,83.33333333333334
6,seed307759,DNSAmplification,155921,hybrid,rf,60,100.0,1.0,100.0
6,seed307759,DNSAmplification,155921,hybrid,xgboost,60,100.0,1.0,100.0
6,seed307759,DNSAmplification,155921,mlp,rf,60,83.33333333333334,0.0,not applicable
6,seed307759,DNSAmplification,155921,mlp,xgboost,60,83.33333333333334,0.0,not applicable
6,seed307759,DNSAmplification,155921,rf,xgboost,60,100.0,1.0,not applicable
6,seed307759,DNSAmplification,181081,hybrid,mlp,60,83.33333333333334,0.0,83.33333333333334
6,seed307759,DNSAmplification,181081,hybrid,rf,60,100.0,1.0,100.0
6,seed307759,DNSAmplification,181081,hybrid,xgboost,60,100.0,1.0,100.0
6,seed307759,DNSAmplification,181081,mlp,rf,60,83.33333333333334,0.0,not applicable
6,seed307759,DNSAmplification,181081,mlp,xgboost,60,83.33333333333334,0.0,not applicable
6,seed307759,DNSAmplification,181081,rf,xgboost,60,100.0,1.0,not applicable
6,seed307759,DNSAmplification,206369,hybrid,mlp,60,83.33333333333334,0.0,83.33333333333334
6,seed307759,DNSAmplification,206369,hybrid,rf,60,100.0,1.0,100.0
6,seed307759,DNSAmplification,206369,hybrid,xgboost,60,100.0,1.0,100.0
6,seed307759,DNSAmplification,206369,mlp,rf,60,83.33333333333334,0.0,not applicable
6,seed307759,DNSAmplification,206369,mlp,xgboost,60,83.33333333333334,0.0,not applicable
6,seed307759,DNSAmplification,206369,rf,xgboost,60,100.0,1.0,not applicable
6,seed307759,DNSAmplification,231701,hybrid,mlp,60,83.33333333333334,0.0,83.33333333333334
6,seed307759,DNSAmplification,231701,hybrid,rf,60,100.0,1.0,100.0
6,seed307759,DNSAmplification,231701,hybrid,xgboost,60,100.0,1.0,100.0
6,seed307759,DNSAmplification,231701,mlp,rf,60,83.33333333333334,0.0,not applicable
6,seed307759,DNSAmplification,231701,mlp,xgboost,60,83.33333333333334,0.0,not applicable
6,seed307759,DNSAmplification,231701,rf,xgboost,60,100.0,1.0,not applicable
6,seed307759,DNSAmplification,257053,hybrid,mlp,60,83.33333333333334,0.0,83.33333333333334
6,seed307759,DNSAmplification,257053,hybrid,rf,60,100.0,1.0,100.0
6,seed307759,DNSAmplification,257053,hybrid,xgboost,60,100.0,1.0,100.0
6,seed307759,DNSAmplification,257053,mlp,rf,60,83.33333333333334,0.0,not applicable
6,seed307759,DNSAmplification,257053,mlp,xgboost,60,83.33333333333334,0.0,not applicable
6,seed307759,DNSAmplification,257053,rf,xgboost,60,100.0,1.0,not applicable
6,seed307759,DNSAmplification,282427,hybrid,mlp,60,83.33333333333334,0.0,83.33333333333334
6,seed307759,DNSAmplification,282427,hybrid,rf,60,100.0,1.0,100.0
6,seed307759,DNSAmplification,282427,hybrid,xgboost,60,100.0,1.0,100.0
6,seed307759,DNSAmplification,282427,mlp,rf,60,83.33333333333334,0.0,not applicable
6,seed307759,DNSAmplification,282427,mlp,xgboost,60,83.33333333333334,0.0,not applicable
6,seed307759,DNSAmplification,282427,rf,xgboost,60,100.0,1.0,not applicable
6,seed307759,DNSAmplification,307759,hybrid,mlp,60,83.33333333333334,0.0,83.33333333333334
6,seed307759,DNSAmplification,307759,hybrid,rf,60,100.0,1.0,100.0
6,seed307759,DNSAmplification,307759,hybrid,xgboost,60,100.0,1.0,100.0
6,seed307759,DNSAmplification,307759,mlp,rf,60,83.33333333333334,0.0,not applicable
6,seed307759,DNSAmplification,307759,mlp,xgboost,60,83.33333333333334,0.0,not applicable
6,seed307759,DNSAmplification,307759,rf,xgboost,60,100.0,1.0,not applicable
6,seed307759,DNSAmplification,333019,hybrid,mlp,60,83.33333333333334,0.0,83.33333333333334
6,seed307759,DNSAmplification,333019,hybrid,rf,60,100.0,1.0,100.0
6,seed307759,DNSAmplification,333019,hybrid,xgboost,60,100.0,1.0,100.0
6,seed307759,DNSAmplification,333019,mlp,rf,60,83.33333333333334,0.0,not applicable
6,seed307759,DNSAmplification,333019,mlp,xgboost,60,83.33333333333334,0.0,not applicable
6,seed307759,DNSAmplification,333019,rf,xgboost,60,100.0,1.0,not applicable
6,seed307759,Normal,104729,hybrid,mlp,50,100.0,not estimable,100.0
6,seed307759,Normal,104729,hybrid,rf,50,100.0,not estimable,100.0
6,seed307759,Normal,104729,hybrid,xgboost,50,100.0,not estimable,100.0
6,seed307759,Normal,104729,mlp,rf,50,100.0,not estimable,not applicable
6,seed307759,Normal,104729,mlp,xgboost,50,100.0,not estimable,not applicable
6,seed307759,Normal,104729,rf,xgboost,50,100.0,not estimable,not applicable
6,seed307759,Normal,130363,hybrid,mlp,50,100.0,not estimable,100.0
6,seed307759,Normal,130363,hybrid,rf,50,100.0,not estimable,100.0
6,seed307759,Normal,130363,hybrid,xgboost,50,100.0,not estimable,100.0
6,seed307759,Normal,130363,mlp,rf,50,100.0,not estimable,not applicable
6,seed307759,Normal,130363,mlp,xgboost,50,100.0,not estimable,not applicable
6,seed307759,Normal,130363,rf,xgboost,50,100.0,not estimable,not applicable
6,seed307759,Normal,155921,hybrid,mlp,50,100.0,not estimable,100.0
6,seed307759,Normal,155921,hybrid,rf,50,100.0,not estimable,100.0
6,seed307759,Normal,155921,hybrid,xgboost,50,100.0,not estimable,100.0
6,seed307759,Normal,155921,mlp,rf,50,100.0,not estimable,not applicable
6,seed307759,Normal,155921,mlp,xgboost,50,100.0,not estimable,not applicable
6,seed307759,Normal,155921,rf,xgboost,50,100.0,not estimable,not applicable
6,seed307759,Normal,181081,hybrid,mlp,50,100.0,not estimable,100.0
6,seed307759,Normal,181081,hybrid,rf,50,100.0,not estimable,100.0
6,seed307759,Normal,181081,hybrid,xgboost,50,100.0,not estimable,100.0
6,seed307759,Normal,181081,mlp,rf,50,100.0,not estimable,not applicable
6,seed307759,Normal,181081,mlp,xgboost,50,100.0,not estimable,not applicable
6,seed307759,Normal,181081,rf,xgboost,50,100.0,not estimable,not applicable
6,seed307759,Normal,206369,hybrid,mlp,50,100.0,not estimable,100.0
6,seed307759,Normal,206369,hybrid,rf,50,100.0,not estimable,100.0
6,seed307759,Normal,206369,hybrid,xgboost,50,100.0,not estimable,100.0
6,seed307759,Normal,206369,mlp,rf,50,100.0,not estimable,not applicable
6,seed307759,Normal,206369,mlp,xgboost,50,100.0,not estimable,not applicable
6,seed307759,Normal,206369,rf,xgboost,50,100.0,not estimable,not applicable
6,seed307759,Normal,231701,hybrid,mlp,50,100.0,not estimable,100.0
6,seed307759,Normal,231701,hybrid,rf,50,100.0,not estimable,100.0
6,seed307759,Normal,231701,hybrid,xgboost,50,100.0,not estimable,100.0
6,seed307759,Normal,231701,mlp,rf,50,100.0,not estimable,not applicable
6,seed307759,Normal,231701,mlp,xgboost,50,100.0,not estimable,not applicable
6,seed307759,Normal,231701,rf,xgboost,50,100.0,not estimable,not applicable
6,seed307759,Normal,257053,hybrid,mlp,50,100.0,not estimable,100.0
6,seed307759,Normal,257053,hybrid,rf,50,100.0,not estimable,100.0
6,seed307759,Normal,257053,hybrid,xgboost,50,100.0,not estimable,100.0
6,seed307759,Normal,257053,mlp,rf,50,100.0,not estimable,not applicable
6,seed307759,Normal,257053,mlp,xgboost,50,100.0,not estimable,not applicable
6,seed307759,Normal,257053,rf,xgboost,50,100.0,not estimable,not applicable
6,seed307759,Normal,282427,hybrid,mlp,50,100.0,not estimable,100.0
6,seed307759,Normal,282427,hybrid,rf,50,100.0,not estimable,100.0
6,seed307759,Normal,282427,hybrid,xgboost,50,100.0,not estimable,100.0
6,seed307759,Normal,282427,mlp,rf,50,100.0,not estimable,not applicable
6,seed307759,Normal,282427,mlp,xgboost,50,100.0,not estimable,not applicable
6,seed307759,Normal,282427,rf,xgboost,50,100.0,not estimable,not applicable
6,seed307759,Normal,307759,hybrid,mlp,50,100.0,not estimable,100.0
6,seed307759,Normal,307759,hybrid,rf,50,100.0,not estimable,100.0
6,seed307759,Normal,307759,hybrid,xgboost,50,100.0,not estimable,100.0
6,seed307759,Normal,307759,mlp,rf,50,100.0,not estimable,not applicable
6,seed307759,Normal,307759,mlp,xgboost,50,100.0,not estimable,not applicable
6,seed307759,Normal,307759,rf,xgboost,50,100.0,not estimable,not applicable
6,seed307759,Normal,333019,hybrid,mlp,50,100.0,not estimable,100.0
6,seed307759,Normal,333019,hybrid,rf,50,100.0,not estimable,100.0
6,seed307759,Normal,333019,hybrid,xgboost,50,100.0,not estimable,100.0
6,seed307759,Normal,333019,mlp,rf,50,100.0,not estimable,not applicable
6,seed307759,Normal,333019,mlp,xgboost,50,100.0,not estimable,not applicable
6,seed307759,Normal,333019,rf,xgboost,50,100.0,not estimable,not applicable
6,seed307759,SYNFlood,104729,hybrid,mlp,850,100.0,not estimable,100.0
6,seed307759,SYNFlood,104729,hybrid,rf,850,100.0,not estimable,100.0
6,seed307759,SYNFlood,104729,hybrid,xgboost,850,100.0,not estimable,100.0
6,seed307759,SYNFlood,104729,mlp,rf,850,100.0,not estimable,not applicable
6,seed307759,SYNFlood,104729,mlp,xgboost,850,100.0,not estimable,not applicable
6,seed307759,SYNFlood,104729,rf,xgboost,850,100.0,not estimable,not applicable
6,seed307759,SYNFlood,130363,hybrid,mlp,850,52.94117647058824,0.0,52.94117647058824
6,seed307759,SYNFlood,130363,hybrid,rf,850,100.0,not estimable,100.0
6,seed307759,SYNFlood,130363,hybrid,xgboost,850,100.0,not estimable,100.0
6,seed307759,SYNFlood,130363,mlp,rf,850,52.94117647058824,0.0,not applicable
6,seed307759,SYNFlood,130363,mlp,xgboost,850,52.94117647058824,0.0,not applicable
6,seed307759,SYNFlood,130363,rf,xgboost,850,100.0,not estimable,not applicable
6,seed307759,SYNFlood,155921,hybrid,mlp,850,100.0,not estimable,100.0
6,seed307759,SYNFlood,155921,hybrid,rf,850,100.0,not estimable,100.0
6,seed307759,SYNFlood,155921,hybrid,xgboost,850,100.0,not estimable,100.0
6,seed307759,SYNFlood,155921,mlp,rf,850,100.0,not estimable,not applicable
6,seed307759,SYNFlood,155921,mlp,xgboost,850,100.0,not estimable,not applicable
6,seed307759,SYNFlood,155921,rf,xgboost,850,100.0,not estimable,not applicable
6,seed307759,SYNFlood,181081,hybrid,mlp,850,100.0,not estimable,100.0
6,seed307759,SYNFlood,181081,hybrid,rf,850,100.0,not estimable,100.0
6,seed307759,SYNFlood,181081,hybrid,xgboost,850,100.0,not estimable,100.0
6,seed307759,SYNFlood,181081,mlp,rf,850,100.0,not estimable,not applicable
6,seed307759,SYNFlood,181081,mlp,xgboost,850,100.0,not estimable,not applicable
6,seed307759,SYNFlood,181081,rf,xgboost,850,100.0,not estimable,not applicable
6,seed307759,SYNFlood,206369,hybrid,mlp,850,52.94117647058824,0.0,52.94117647058824
6,seed307759,SYNFlood,206369,hybrid,rf,850,100.0,not estimable,100.0
6,seed307759,SYNFlood,206369,hybrid,xgboost,850,100.0,not estimable,100.0
6,seed307759,SYNFlood,206369,mlp,rf,850,52.94117647058824,0.0,not applicable
6,seed307759,SYNFlood,206369,mlp,xgboost,850,52.94117647058824,0.0,not applicable
6,seed307759,SYNFlood,206369,rf,xgboost,850,100.0,not estimable,not applicable
6,seed307759,SYNFlood,231701,hybrid,mlp,850,100.0,not estimable,100.0
6,seed307759,SYNFlood,231701,hybrid,rf,850,100.0,not estimable,100.0
6,seed307759,SYNFlood,231701,hybrid,xgboost,850,100.0,not estimable,100.0
6,seed307759,SYNFlood,231701,mlp,rf,850,100.0,not estimable,not applicable
6,seed307759,SYNFlood,231701,mlp,xgboost,850,100.0,not estimable,not applicable
6,seed307759,SYNFlood,231701,rf,xgboost,850,100.0,not estimable,not applicable
6,seed307759,SYNFlood,257053,hybrid,mlp,850,99.88235294117646,0.0,99.88235294117646
6,seed307759,SYNFlood,257053,hybrid,rf,850,100.0,not estimable,100.0
6,seed307759,SYNFlood,257053,hybrid,xgboost,850,100.0,not estimable,100.0
6,seed307759,SYNFlood,257053,mlp,rf,850,99.88235294117646,0.0,not applicable
6,seed307759,SYNFlood,257053,mlp,xgboost,850,99.88235294117646,0.0,not applicable
6,seed307759,SYNFlood,257053,rf,xgboost,850,100.0,not estimable,not applicable
6,seed307759,SYNFlood,282427,hybrid,mlp,850,100.0,not estimable,100.0
6,seed307759,SYNFlood,282427,hybrid,rf,850,100.0,not estimable,100.0
6,seed307759,SYNFlood,282427,hybrid,xgboost,850,100.0,not estimable,100.0
6,seed307759,SYNFlood,282427,mlp,rf,850,100.0,not estimable,not applicable
6,seed307759,SYNFlood,282427,mlp,xgboost,850,100.0,not estimable,not applicable
6,seed307759,SYNFlood,282427,rf,xgboost,850,100.0,not estimable,not applicable
6,seed307759,SYNFlood,307759,hybrid,mlp,850,100.0,not estimable,100.0
6,seed307759,SYNFlood,307759,hybrid,rf,850,100.0,not estimable,100.0
6,seed307759,SYNFlood,307759,hybrid,xgboost,850,100.0,not estimable,100.0
6,seed307759,SYNFlood,307759,mlp,rf,850,100.0,not estimable,not applicable
6,seed307759,SYNFlood,307759,mlp,xgboost,850,100.0,not estimable,not applicable
6,seed307759,SYNFlood,307759,rf,xgboost,850,100.0,not estimable,not applicable
6,seed307759,SYNFlood,333019,hybrid,mlp,850,99.52941176470588,0.0,99.52941176470588
6,seed307759,SYNFlood,333019,hybrid,rf,850,100.0,not estimable,100.0
6,seed307759,SYNFlood,333019,hybrid,xgboost,850,100.0,not estimable,100.0
6,seed307759,SYNFlood,333019,mlp,rf,850,99.52941176470588,0.0,not applicable
6,seed307759,SYNFlood,333019,mlp,xgboost,850,99.52941176470588,0.0,not applicable
6,seed307759,SYNFlood,333019,rf,xgboost,850,100.0,not estimable,not applicable
6,seed307759,UDPFlood,104729,hybrid,mlp,70,71.42857142857143,0.0,71.42857142857143
6,seed307759,UDPFlood,104729,hybrid,rf,70,100.0,1.0,100.0
6,seed307759,UDPFlood,104729,hybrid,xgboost,70,100.0,1.0,100.0
6,seed307759,UDPFlood,104729,mlp,rf,70,71.42857142857143,0.0,not applicable
6,seed307759,UDPFlood,104729,mlp,xgboost,70,71.42857142857143,0.0,not applicable
6,seed307759,UDPFlood,104729,rf,xgboost,70,100.0,1.0,not applicable
6,seed307759,UDPFlood,130363,hybrid,mlp,70,71.42857142857143,0.0,71.42857142857143
6,seed307759,UDPFlood,130363,hybrid,rf,70,100.0,1.0,100.0
6,seed307759,UDPFlood,130363,hybrid,xgboost,70,100.0,1.0,100.0
6,seed307759,UDPFlood,130363,mlp,rf,70,71.42857142857143,0.0,not applicable
6,seed307759,UDPFlood,130363,mlp,xgboost,70,71.42857142857143,0.0,not applicable
6,seed307759,UDPFlood,130363,rf,xgboost,70,100.0,1.0,not applicable
6,seed307759,UDPFlood,155921,hybrid,mlp,70,71.42857142857143,0.0,71.42857142857143
6,seed307759,UDPFlood,155921,hybrid,rf,70,100.0,1.0,100.0
6,seed307759,UDPFlood,155921,hybrid,xgboost,70,100.0,1.0,100.0
6,seed307759,UDPFlood,155921,mlp,rf,70,71.42857142857143,0.0,not applicable
6,seed307759,UDPFlood,155921,mlp,xgboost,70,71.42857142857143,0.0,not applicable
6,seed307759,UDPFlood,155921,rf,xgboost,70,100.0,1.0,not applicable
6,seed307759,UDPFlood,181081,hybrid,mlp,70,71.42857142857143,0.0,71.42857142857143
6,seed307759,UDPFlood,181081,hybrid,rf,70,100.0,1.0,100.0
6,seed307759,UDPFlood,181081,hybrid,xgboost,70,100.0,1.0,100.0
6,seed307759,UDPFlood,181081,mlp,rf,70,71.42857142857143,0.0,not applicable
6,seed307759,UDPFlood,181081,mlp,xgboost,70,71.42857142857143,0.0,not applicable
6,seed307759,UDPFlood,181081,rf,xgboost,70,100.0,1.0,not applicable
6,seed307759,UDPFlood,206369,hybrid,mlp,70,100.0,1.0,100.0
6,seed307759,UDPFlood,206369,hybrid,rf,70,100.0,1.0,100.0
6,seed307759,UDPFlood,206369,hybrid,xgboost,70,100.0,1.0,100.0
6,seed307759,UDPFlood,206369,mlp,rf,70,100.0,1.0,not applicable
6,seed307759,UDPFlood,206369,mlp,xgboost,70,100.0,1.0,not applicable
6,seed307759,UDPFlood,206369,rf,xgboost,70,100.0,1.0,not applicable
6,seed307759,UDPFlood,231701,hybrid,mlp,70,71.42857142857143,0.0,71.42857142857143
6,seed307759,UDPFlood,231701,hybrid,rf,70,100.0,1.0,100.0
6,seed307759,UDPFlood,231701,hybrid,xgboost,70,100.0,1.0,100.0
6,seed307759,UDPFlood,231701,mlp,rf,70,71.42857142857143,0.0,not applicable
6,seed307759,UDPFlood,231701,mlp,xgboost,70,71.42857142857143,0.0,not applicable
6,seed307759,UDPFlood,231701,rf,xgboost,70,100.0,1.0,not applicable
6,seed307759,UDPFlood,257053,hybrid,mlp,70,71.42857142857143,0.0,71.42857142857143
6,seed307759,UDPFlood,257053,hybrid,rf,70,100.0,1.0,100.0
6,seed307759,UDPFlood,257053,hybrid,xgboost,70,100.0,1.0,100.0
6,seed307759,UDPFlood,257053,mlp,rf,70,71.42857142857143,0.0,not applicable
6,seed307759,UDPFlood,257053,mlp,xgboost,70,71.42857142857143,0.0,not applicable
6,seed307759,UDPFlood,257053,rf,xgboost,70,100.0,1.0,not applicable
6,seed307759,UDPFlood,282427,hybrid,mlp,70,71.42857142857143,0.0,71.42857142857143
6,seed307759,UDPFlood,282427,hybrid,rf,70,100.0,1.0,100.0
6,seed307759,UDPFlood,282427,hybrid,xgboost,70,100.0,1.0,100.0
6,seed307759,UDPFlood,282427,mlp,rf,70,71.42857142857143,0.0,not applicable
6,seed307759,UDPFlood,282427,mlp,xgboost,70,71.42857142857143,0.0,not applicable
6,seed307759,UDPFlood,282427,rf,xgboost,70,100.0,1.0,not applicable
6,seed307759,UDPFlood,307759,hybrid,mlp,70,71.42857142857143,0.0,71.42857142857143
6,seed307759,UDPFlood,307759,hybrid,rf,70,100.0,1.0,100.0
6,seed307759,UDPFlood,307759,hybrid,xgboost,70,100.0,1.0,100.0
6,seed307759,UDPFlood,307759,mlp,rf,70,71.42857142857143,0.0,not applicable
6,seed307759,UDPFlood,307759,mlp,xgboost,70,71.42857142857143,0.0,not applicable
6,seed307759,UDPFlood,307759,rf,xgboost,70,100.0,1.0,not applicable
6,seed307759,UDPFlood,333019,hybrid,mlp,70,71.42857142857143,0.0,71.42857142857143
6,seed307759,UDPFlood,333019,hybrid,rf,70,100.0,1.0,100.0
6,seed307759,UDPFlood,333019,hybrid,xgboost,70,100.0,1.0,100.0
6,seed307759,UDPFlood,333019,mlp,rf,70,71.42857142857143,0.0,not applicable
6,seed307759,UDPFlood,333019,mlp,xgboost,70,71.42857142857143,0.0,not applicable
6,seed307759,UDPFlood,333019,rf,xgboost,70,100.0,1.0,not applicable
6,seed333019,DNSAmplification,104729,hybrid,mlp,60,83.33333333333334,0.0,83.33333333333334
6,seed333019,DNSAmplification,104729,hybrid,rf,60,100.0,1.0,100.0
6,seed333019,DNSAmplification,104729,hybrid,xgboost,60,100.0,1.0,100.0
6,seed333019,DNSAmplification,104729,mlp,rf,60,83.33333333333334,0.0,not applicable
6,seed333019,DNSAmplification,104729,mlp,xgboost,60,83.33333333333334,0.0,not applicable
6,seed333019,DNSAmplification,104729,rf,xgboost,60,100.0,1.0,not applicable
6,seed333019,DNSAmplification,130363,hybrid,mlp,60,83.33333333333334,0.0,83.33333333333334
6,seed333019,DNSAmplification,130363,hybrid,rf,60,100.0,1.0,100.0
6,seed333019,DNSAmplification,130363,hybrid,xgboost,60,100.0,1.0,100.0
6,seed333019,DNSAmplification,130363,mlp,rf,60,83.33333333333334,0.0,not applicable
6,seed333019,DNSAmplification,130363,mlp,xgboost,60,83.33333333333334,0.0,not applicable
6,seed333019,DNSAmplification,130363,rf,xgboost,60,100.0,1.0,not applicable
6,seed333019,DNSAmplification,155921,hybrid,mlp,60,83.33333333333334,0.0,83.33333333333334
6,seed333019,DNSAmplification,155921,hybrid,rf,60,100.0,1.0,100.0
6,seed333019,DNSAmplification,155921,hybrid,xgboost,60,100.0,1.0,100.0
6,seed333019,DNSAmplification,155921,mlp,rf,60,83.33333333333334,0.0,not applicable
6,seed333019,DNSAmplification,155921,mlp,xgboost,60,83.33333333333334,0.0,not applicable
6,seed333019,DNSAmplification,155921,rf,xgboost,60,100.0,1.0,not applicable
6,seed333019,DNSAmplification,181081,hybrid,mlp,60,83.33333333333334,0.0,83.33333333333334
6,seed333019,DNSAmplification,181081,hybrid,rf,60,100.0,1.0,100.0
6,seed333019,DNSAmplification,181081,hybrid,xgboost,60,100.0,1.0,100.0
6,seed333019,DNSAmplification,181081,mlp,rf,60,83.33333333333334,0.0,not applicable
6,seed333019,DNSAmplification,181081,mlp,xgboost,60,83.33333333333334,0.0,not applicable
6,seed333019,DNSAmplification,181081,rf,xgboost,60,100.0,1.0,not applicable
6,seed333019,DNSAmplification,206369,hybrid,mlp,60,83.33333333333334,0.0,83.33333333333334
6,seed333019,DNSAmplification,206369,hybrid,rf,60,100.0,1.0,100.0
6,seed333019,DNSAmplification,206369,hybrid,xgboost,60,100.0,1.0,100.0
6,seed333019,DNSAmplification,206369,mlp,rf,60,83.33333333333334,0.0,not applicable
6,seed333019,DNSAmplification,206369,mlp,xgboost,60,83.33333333333334,0.0,not applicable
6,seed333019,DNSAmplification,206369,rf,xgboost,60,100.0,1.0,not applicable
6,seed333019,DNSAmplification,231701,hybrid,mlp,60,83.33333333333334,0.0,83.33333333333334
6,seed333019,DNSAmplification,231701,hybrid,rf,60,100.0,1.0,100.0
6,seed333019,DNSAmplification,231701,hybrid,xgboost,60,100.0,1.0,100.0
6,seed333019,DNSAmplification,231701,mlp,rf,60,83.33333333333334,0.0,not applicable
6,seed333019,DNSAmplification,231701,mlp,xgboost,60,83.33333333333334,0.0,not applicable
6,seed333019,DNSAmplification,231701,rf,xgboost,60,100.0,1.0,not applicable
6,seed333019,DNSAmplification,257053,hybrid,mlp,60,83.33333333333334,0.0,83.33333333333334
6,seed333019,DNSAmplification,257053,hybrid,rf,60,100.0,1.0,100.0
6,seed333019,DNSAmplification,257053,hybrid,xgboost,60,100.0,1.0,100.0
6,seed333019,DNSAmplification,257053,mlp,rf,60,83.33333333333334,0.0,not applicable
6,seed333019,DNSAmplification,257053,mlp,xgboost,60,83.33333333333334,0.0,not applicable
6,seed333019,DNSAmplification,257053,rf,xgboost,60,100.0,1.0,not applicable
6,seed333019,DNSAmplification,282427,hybrid,mlp,60,83.33333333333334,0.0,83.33333333333334
6,seed333019,DNSAmplification,282427,hybrid,rf,60,100.0,1.0,100.0
6,seed333019,DNSAmplification,282427,hybrid,xgboost,60,100.0,1.0,100.0
6,seed333019,DNSAmplification,282427,mlp,rf,60,83.33333333333334,0.0,not applicable
6,seed333019,DNSAmplification,282427,mlp,xgboost,60,83.33333333333334,0.0,not applicable
6,seed333019,DNSAmplification,282427,rf,xgboost,60,100.0,1.0,not applicable
6,seed333019,DNSAmplification,307759,hybrid,mlp,60,83.33333333333334,0.0,83.33333333333334
6,seed333019,DNSAmplification,307759,hybrid,rf,60,100.0,1.0,100.0
6,seed333019,DNSAmplification,307759,hybrid,xgboost,60,100.0,1.0,100.0
6,seed333019,DNSAmplification,307759,mlp,rf,60,83.33333333333334,0.0,not applicable
6,seed333019,DNSAmplification,307759,mlp,xgboost,60,83.33333333333334,0.0,not applicable
6,seed333019,DNSAmplification,307759,rf,xgboost,60,100.0,1.0,not applicable
6,seed333019,DNSAmplification,333019,hybrid,mlp,60,83.33333333333334,0.0,83.33333333333334
6,seed333019,DNSAmplification,333019,hybrid,rf,60,100.0,1.0,100.0
6,seed333019,DNSAmplification,333019,hybrid,xgboost,60,100.0,1.0,100.0
6,seed333019,DNSAmplification,333019,mlp,rf,60,83.33333333333334,0.0,not applicable
6,seed333019,DNSAmplification,333019,mlp,xgboost,60,83.33333333333334,0.0,not applicable
6,seed333019,DNSAmplification,333019,rf,xgboost,60,100.0,1.0,not applicable
6,seed333019,Normal,104729,hybrid,mlp,50,100.0,not estimable,100.0
6,seed333019,Normal,104729,hybrid,rf,50,100.0,not estimable,100.0
6,seed333019,Normal,104729,hybrid,xgboost,50,100.0,not estimable,100.0
6,seed333019,Normal,104729,mlp,rf,50,100.0,not estimable,not applicable
6,seed333019,Normal,104729,mlp,xgboost,50,100.0,not estimable,not applicable
6,seed333019,Normal,104729,rf,xgboost,50,100.0,not estimable,not applicable
6,seed333019,Normal,130363,hybrid,mlp,50,100.0,not estimable,100.0
6,seed333019,Normal,130363,hybrid,rf,50,100.0,not estimable,100.0
6,seed333019,Normal,130363,hybrid,xgboost,50,100.0,not estimable,100.0
6,seed333019,Normal,130363,mlp,rf,50,100.0,not estimable,not applicable
6,seed333019,Normal,130363,mlp,xgboost,50,100.0,not estimable,not applicable
6,seed333019,Normal,130363,rf,xgboost,50,100.0,not estimable,not applicable
6,seed333019,Normal,155921,hybrid,mlp,50,100.0,not estimable,100.0
6,seed333019,Normal,155921,hybrid,rf,50,100.0,not estimable,100.0
6,seed333019,Normal,155921,hybrid,xgboost,50,100.0,not estimable,100.0
6,seed333019,Normal,155921,mlp,rf,50,100.0,not estimable,not applicable
6,seed333019,Normal,155921,mlp,xgboost,50,100.0,not estimable,not applicable
6,seed333019,Normal,155921,rf,xgboost,50,100.0,not estimable,not applicable
6,seed333019,Normal,181081,hybrid,mlp,50,100.0,not estimable,100.0
6,seed333019,Normal,181081,hybrid,rf,50,100.0,not estimable,100.0
6,seed333019,Normal,181081,hybrid,xgboost,50,100.0,not estimable,100.0
6,seed333019,Normal,181081,mlp,rf,50,100.0,not estimable,not applicable
6,seed333019,Normal,181081,mlp,xgboost,50,100.0,not estimable,not applicable
6,seed333019,Normal,181081,rf,xgboost,50,100.0,not estimable,not applicable
6,seed333019,Normal,206369,hybrid,mlp,50,100.0,not estimable,100.0
6,seed333019,Normal,206369,hybrid,rf,50,100.0,not estimable,100.0
6,seed333019,Normal,206369,hybrid,xgboost,50,100.0,not estimable,100.0
6,seed333019,Normal,206369,mlp,rf,50,100.0,not estimable,not applicable
6,seed333019,Normal,206369,mlp,xgboost,50,100.0,not estimable,not applicable
6,seed333019,Normal,206369,rf,xgboost,50,100.0,not estimable,not applicable
6,seed333019,Normal,231701,hybrid,mlp,50,100.0,not estimable,100.0
6,seed333019,Normal,231701,hybrid,rf,50,100.0,not estimable,100.0
6,seed333019,Normal,231701,hybrid,xgboost,50,100.0,not estimable,100.0
6,seed333019,Normal,231701,mlp,rf,50,100.0,not estimable,not applicable
6,seed333019,Normal,231701,mlp,xgboost,50,100.0,not estimable,not applicable
6,seed333019,Normal,231701,rf,xgboost,50,100.0,not estimable,not applicable
6,seed333019,Normal,257053,hybrid,mlp,50,98.0,0.0,98.0
6,seed333019,Normal,257053,hybrid,rf,50,100.0,not estimable,100.0
6,seed333019,Normal,257053,hybrid,xgboost,50,100.0,not estimable,100.0
6,seed333019,Normal,257053,mlp,rf,50,98.0,0.0,not applicable
6,seed333019,Normal,257053,mlp,xgboost,50,98.0,0.0,not applicable
6,seed333019,Normal,257053,rf,xgboost,50,100.0,not estimable,not applicable
6,seed333019,Normal,282427,hybrid,mlp,50,100.0,not estimable,100.0
6,seed333019,Normal,282427,hybrid,rf,50,100.0,not estimable,100.0
6,seed333019,Normal,282427,hybrid,xgboost,50,100.0,not estimable,100.0
6,seed333019,Normal,282427,mlp,rf,50,100.0,not estimable,not applicable
6,seed333019,Normal,282427,mlp,xgboost,50,100.0,not estimable,not applicable
6,seed333019,Normal,282427,rf,xgboost,50,100.0,not estimable,not applicable
6,seed333019,Normal,307759,hybrid,mlp,50,100.0,not estimable,100.0
6,seed333019,Normal,307759,hybrid,rf,50,100.0,not estimable,100.0
6,seed333019,Normal,307759,hybrid,xgboost,50,100.0,not estimable,100.0
6,seed333019,Normal,307759,mlp,rf,50,100.0,not estimable,not applicable
6,seed333019,Normal,307759,mlp,xgboost,50,100.0,not estimable,not applicable
6,seed333019,Normal,307759,rf,xgboost,50,100.0,not estimable,not applicable
6,seed333019,Normal,333019,hybrid,mlp,50,100.0,not estimable,100.0
6,seed333019,Normal,333019,hybrid,rf,50,100.0,not estimable,100.0
6,seed333019,Normal,333019,hybrid,xgboost,50,100.0,not estimable,100.0
6,seed333019,Normal,333019,mlp,rf,50,100.0,not estimable,not applicable
6,seed333019,Normal,333019,mlp,xgboost,50,100.0,not estimable,not applicable
6,seed333019,Normal,333019,rf,xgboost,50,100.0,not estimable,not applicable
6,seed333019,SYNFlood,104729,hybrid,mlp,850,100.0,not estimable,100.0
6,seed333019,SYNFlood,104729,hybrid,rf,850,100.0,not estimable,100.0
6,seed333019,SYNFlood,104729,hybrid,xgboost,850,100.0,not estimable,100.0
6,seed333019,SYNFlood,104729,mlp,rf,850,100.0,not estimable,not applicable
6,seed333019,SYNFlood,104729,mlp,xgboost,850,100.0,not estimable,not applicable
6,seed333019,SYNFlood,104729,rf,xgboost,850,100.0,not estimable,not applicable
6,seed333019,SYNFlood,130363,hybrid,mlp,850,52.94117647058824,0.0,52.94117647058824
6,seed333019,SYNFlood,130363,hybrid,rf,850,100.0,not estimable,100.0
6,seed333019,SYNFlood,130363,hybrid,xgboost,850,100.0,not estimable,100.0
6,seed333019,SYNFlood,130363,mlp,rf,850,52.94117647058824,0.0,not applicable
6,seed333019,SYNFlood,130363,mlp,xgboost,850,52.94117647058824,0.0,not applicable
6,seed333019,SYNFlood,130363,rf,xgboost,850,100.0,not estimable,not applicable
6,seed333019,SYNFlood,155921,hybrid,mlp,850,100.0,not estimable,100.0
6,seed333019,SYNFlood,155921,hybrid,rf,850,100.0,not estimable,100.0
6,seed333019,SYNFlood,155921,hybrid,xgboost,850,100.0,not estimable,100.0
6,seed333019,SYNFlood,155921,mlp,rf,850,100.0,not estimable,not applicable
6,seed333019,SYNFlood,155921,mlp,xgboost,850,100.0,not estimable,not applicable
6,seed333019,SYNFlood,155921,rf,xgboost,850,100.0,not estimable,not applicable
6,seed333019,SYNFlood,181081,hybrid,mlp,850,100.0,not estimable,100.0
6,seed333019,SYNFlood,181081,hybrid,rf,850,100.0,not estimable,100.0
6,seed333019,SYNFlood,181081,hybrid,xgboost,850,100.0,not estimable,100.0
6,seed333019,SYNFlood,181081,mlp,rf,850,100.0,not estimable,not applicable
6,seed333019,SYNFlood,181081,mlp,xgboost,850,100.0,not estimable,not applicable
6,seed333019,SYNFlood,181081,rf,xgboost,850,100.0,not estimable,not applicable
6,seed333019,SYNFlood,206369,hybrid,mlp,850,52.94117647058824,0.0,52.94117647058824
6,seed333019,SYNFlood,206369,hybrid,rf,850,100.0,not estimable,100.0
6,seed333019,SYNFlood,206369,hybrid,xgboost,850,100.0,not estimable,100.0
6,seed333019,SYNFlood,206369,mlp,rf,850,52.94117647058824,0.0,not applicable
6,seed333019,SYNFlood,206369,mlp,xgboost,850,52.94117647058824,0.0,not applicable
6,seed333019,SYNFlood,206369,rf,xgboost,850,100.0,not estimable,not applicable
6,seed333019,SYNFlood,231701,hybrid,mlp,850,100.0,not estimable,100.0
6,seed333019,SYNFlood,231701,hybrid,rf,850,100.0,not estimable,100.0
6,seed333019,SYNFlood,231701,hybrid,xgboost,850,100.0,not estimable,100.0
6,seed333019,SYNFlood,231701,mlp,rf,850,100.0,not estimable,not applicable
6,seed333019,SYNFlood,231701,mlp,xgboost,850,100.0,not estimable,not applicable
6,seed333019,SYNFlood,231701,rf,xgboost,850,100.0,not estimable,not applicable
6,seed333019,SYNFlood,257053,hybrid,mlp,850,100.0,not estimable,100.0
6,seed333019,SYNFlood,257053,hybrid,rf,850,100.0,not estimable,100.0
6,seed333019,SYNFlood,257053,hybrid,xgboost,850,100.0,not estimable,100.0
6,seed333019,SYNFlood,257053,mlp,rf,850,100.0,not estimable,not applicable
6,seed333019,SYNFlood,257053,mlp,xgboost,850,100.0,not estimable,not applicable
6,seed333019,SYNFlood,257053,rf,xgboost,850,100.0,not estimable,not applicable
6,seed333019,SYNFlood,282427,hybrid,mlp,850,100.0,not estimable,100.0
6,seed333019,SYNFlood,282427,hybrid,rf,850,100.0,not estimable,100.0
6,seed333019,SYNFlood,282427,hybrid,xgboost,850,100.0,not estimable,100.0
6,seed333019,SYNFlood,282427,mlp,rf,850,100.0,not estimable,not applicable
6,seed333019,SYNFlood,282427,mlp,xgboost,850,100.0,not estimable,not applicable
6,seed333019,SYNFlood,282427,rf,xgboost,850,100.0,not estimable,not applicable
6,seed333019,SYNFlood,307759,hybrid,mlp,850,100.0,not estimable,100.0
6,seed333019,SYNFlood,307759,hybrid,rf,850,100.0,not estimable,100.0
6,seed333019,SYNFlood,307759,hybrid,xgboost,850,100.0,not estimable,100.0
6,seed333019,SYNFlood,307759,mlp,rf,850,100.0,not estimable,not applicable
6,seed333019,SYNFlood,307759,mlp,xgboost,850,100.0,not estimable,not applicable
6,seed333019,SYNFlood,307759,rf,xgboost,850,100.0,not estimable,not applicable
6,seed333019,SYNFlood,333019,hybrid,mlp,850,99.41176470588235,0.0,99.41176470588235
6,seed333019,SYNFlood,333019,hybrid,rf,850,100.0,not estimable,100.0
6,seed333019,SYNFlood,333019,hybrid,xgboost,850,100.0,not estimable,100.0
6,seed333019,SYNFlood,333019,mlp,rf,850,99.41176470588235,0.0,not applicable
6,seed333019,SYNFlood,333019,mlp,xgboost,850,99.41176470588235,0.0,not applicable
6,seed333019,SYNFlood,333019,rf,xgboost,850,100.0,not estimable,not applicable
6,seed333019,UDPFlood,104729,hybrid,mlp,72,70.83333333333334,-0.02717391304347827,70.83333333333334
6,seed333019,UDPFlood,104729,hybrid,rf,72,100.0,1.0,100.0
6,seed333019,UDPFlood,104729,hybrid,xgboost,72,100.0,1.0,100.0
6,seed333019,UDPFlood,104729,mlp,rf,72,70.83333333333334,-0.02717391304347827,not applicable
6,seed333019,UDPFlood,104729,mlp,xgboost,72,70.83333333333334,-0.02717391304347827,not applicable
6,seed333019,UDPFlood,104729,rf,xgboost,72,100.0,1.0,not applicable
6,seed333019,UDPFlood,130363,hybrid,mlp,72,72.22222222222221,0.06614785992217886,72.22222222222221
6,seed333019,UDPFlood,130363,hybrid,rf,72,98.61111111111111,0.9659090909090909,98.61111111111111
6,seed333019,UDPFlood,130363,hybrid,xgboost,72,100.0,1.0,100.0
6,seed333019,UDPFlood,130363,mlp,rf,72,70.83333333333334,-0.02717391304347827,not applicable
6,seed333019,UDPFlood,130363,mlp,xgboost,72,72.22222222222221,0.06614785992217886,not applicable
6,seed333019,UDPFlood,130363,rf,xgboost,72,98.61111111111111,0.9659090909090909,not applicable
6,seed333019,UDPFlood,155921,hybrid,mlp,72,72.22222222222221,0.0,72.22222222222221
6,seed333019,UDPFlood,155921,hybrid,rf,72,100.0,1.0,100.0
6,seed333019,UDPFlood,155921,hybrid,xgboost,72,100.0,1.0,100.0
6,seed333019,UDPFlood,155921,mlp,rf,72,72.22222222222221,0.0,not applicable
6,seed333019,UDPFlood,155921,mlp,xgboost,72,72.22222222222221,0.0,not applicable
6,seed333019,UDPFlood,155921,rf,xgboost,72,100.0,1.0,not applicable
6,seed333019,UDPFlood,181081,hybrid,mlp,72,72.22222222222221,0.0,72.22222222222221
6,seed333019,UDPFlood,181081,hybrid,rf,72,100.0,1.0,100.0
6,seed333019,UDPFlood,181081,hybrid,xgboost,72,100.0,1.0,100.0
6,seed333019,UDPFlood,181081,mlp,rf,72,72.22222222222221,0.0,not applicable
6,seed333019,UDPFlood,181081,mlp,xgboost,72,72.22222222222221,0.0,not applicable
6,seed333019,UDPFlood,181081,rf,xgboost,72,100.0,1.0,not applicable
6,seed333019,UDPFlood,206369,hybrid,mlp,72,100.0,1.0,100.0
6,seed333019,UDPFlood,206369,hybrid,rf,72,100.0,1.0,100.0
6,seed333019,UDPFlood,206369,hybrid,xgboost,72,100.0,1.0,100.0
6,seed333019,UDPFlood,206369,mlp,rf,72,100.0,1.0,not applicable
6,seed333019,UDPFlood,206369,mlp,xgboost,72,100.0,1.0,not applicable
6,seed333019,UDPFlood,206369,rf,xgboost,72,100.0,1.0,not applicable
6,seed333019,UDPFlood,231701,hybrid,mlp,72,72.22222222222221,0.0,72.22222222222221
6,seed333019,UDPFlood,231701,hybrid,rf,72,100.0,1.0,100.0
6,seed333019,UDPFlood,231701,hybrid,xgboost,72,100.0,1.0,100.0
6,seed333019,UDPFlood,231701,mlp,rf,72,72.22222222222221,0.0,not applicable
6,seed333019,UDPFlood,231701,mlp,xgboost,72,72.22222222222221,0.0,not applicable
6,seed333019,UDPFlood,231701,rf,xgboost,72,100.0,1.0,not applicable
6,seed333019,UDPFlood,257053,hybrid,mlp,72,72.22222222222221,0.0,72.22222222222221
6,seed333019,UDPFlood,257053,hybrid,rf,72,100.0,1.0,100.0
6,seed333019,UDPFlood,257053,hybrid,xgboost,72,100.0,1.0,100.0
6,seed333019,UDPFlood,257053,mlp,rf,72,72.22222222222221,0.0,not applicable
6,seed333019,UDPFlood,257053,mlp,xgboost,72,72.22222222222221,0.0,not applicable
6,seed333019,UDPFlood,257053,rf,xgboost,72,100.0,1.0,not applicable
6,seed333019,UDPFlood,282427,hybrid,mlp,72,72.22222222222221,0.0,72.22222222222221
6,seed333019,UDPFlood,282427,hybrid,rf,72,100.0,1.0,100.0
6,seed333019,UDPFlood,282427,hybrid,xgboost,72,100.0,1.0,100.0
6,seed333019,UDPFlood,282427,mlp,rf,72,72.22222222222221,0.0,not applicable
6,seed333019,UDPFlood,282427,mlp,xgboost,72,72.22222222222221,0.0,not applicable
6,seed333019,UDPFlood,282427,rf,xgboost,72,100.0,1.0,not applicable
6,seed333019,UDPFlood,307759,hybrid,mlp,72,72.22222222222221,0.06614785992217886,72.22222222222221
6,seed333019,UDPFlood,307759,hybrid,rf,72,98.61111111111111,0.9659090909090909,98.61111111111111
6,seed333019,UDPFlood,307759,hybrid,xgboost,72,100.0,1.0,100.0
6,seed333019,UDPFlood,307759,mlp,rf,72,70.83333333333334,-0.02717391304347827,not applicable
6,seed333019,UDPFlood,307759,mlp,xgboost,72,72.22222222222221,0.06614785992217886,not applicable
6,seed333019,UDPFlood,307759,rf,xgboost,72,98.61111111111111,0.9659090909090909,not applicable
6,seed333019,UDPFlood,333019,hybrid,mlp,72,70.83333333333334,0.038167938931297773,70.83333333333334
6,seed333019,UDPFlood,333019,hybrid,rf,72,98.61111111111111,0.9659090909090909,98.61111111111111
6,seed333019,UDPFlood,333019,hybrid,xgboost,72,100.0,1.0,100.0
6,seed333019,UDPFlood,333019,mlp,rf,72,69.44444444444444,-0.05319148936170226,not applicable
6,seed333019,UDPFlood,333019,mlp,xgboost,72,70.83333333333334,0.038167938931297773,not applicable
6,seed333019,UDPFlood,333019,rf,xgboost,72,98.61111111111111,0.9659090909090909,not applicable
8,seed104729,DNSAmplification,104729,hybrid,mlp,60,100.0,1.0,100.0
8,seed104729,DNSAmplification,104729,hybrid,rf,60,83.33333333333334,0.0,83.33333333333334
8,seed104729,DNSAmplification,104729,hybrid,xgboost,60,100.0,1.0,100.0
8,seed104729,DNSAmplification,104729,mlp,rf,60,83.33333333333334,0.0,not applicable
8,seed104729,DNSAmplification,104729,mlp,xgboost,60,100.0,1.0,not applicable
8,seed104729,DNSAmplification,104729,rf,xgboost,60,83.33333333333334,0.0,not applicable
8,seed104729,DNSAmplification,130363,hybrid,mlp,60,100.0,1.0,100.0
8,seed104729,DNSAmplification,130363,hybrid,rf,60,100.0,1.0,100.0
8,seed104729,DNSAmplification,130363,hybrid,xgboost,60,100.0,1.0,100.0
8,seed104729,DNSAmplification,130363,mlp,rf,60,100.0,1.0,not applicable
8,seed104729,DNSAmplification,130363,mlp,xgboost,60,100.0,1.0,not applicable
8,seed104729,DNSAmplification,130363,rf,xgboost,60,100.0,1.0,not applicable
8,seed104729,DNSAmplification,155921,hybrid,mlp,60,31.666666666666664,0.06818181818181823,31.666666666666664
8,seed104729,DNSAmplification,155921,hybrid,rf,60,100.0,1.0,100.0
8,seed104729,DNSAmplification,155921,hybrid,xgboost,60,100.0,1.0,100.0
8,seed104729,DNSAmplification,155921,mlp,rf,60,31.666666666666664,0.06818181818181823,not applicable
8,seed104729,DNSAmplification,155921,mlp,xgboost,60,31.666666666666664,0.06818181818181823,not applicable
8,seed104729,DNSAmplification,155921,rf,xgboost,60,100.0,1.0,not applicable
8,seed104729,DNSAmplification,181081,hybrid,mlp,60,83.33333333333334,0.0,83.33333333333334
8,seed104729,DNSAmplification,181081,hybrid,rf,60,100.0,1.0,100.0
8,seed104729,DNSAmplification,181081,hybrid,xgboost,60,100.0,1.0,100.0
8,seed104729,DNSAmplification,181081,mlp,rf,60,83.33333333333334,0.0,not applicable
8,seed104729,DNSAmplification,181081,mlp,xgboost,60,83.33333333333334,0.0,not applicable
8,seed104729,DNSAmplification,181081,rf,xgboost,60,100.0,1.0,not applicable
8,seed104729,DNSAmplification,206369,hybrid,mlp,60,16.666666666666664,0.0,16.666666666666664
8,seed104729,DNSAmplification,206369,hybrid,rf,60,100.0,1.0,100.0
8,seed104729,DNSAmplification,206369,hybrid,xgboost,60,100.0,1.0,100.0
8,seed104729,DNSAmplification,206369,mlp,rf,60,16.666666666666664,0.0,not applicable
8,seed104729,DNSAmplification,206369,mlp,xgboost,60,16.666666666666664,0.0,not applicable
8,seed104729,DNSAmplification,206369,rf,xgboost,60,100.0,1.0,not applicable
8,seed104729,DNSAmplification,231701,hybrid,mlp,60,100.0,1.0,100.0
8,seed104729,DNSAmplification,231701,hybrid,rf,60,91.66666666666666,0.625,91.66666666666666
8,seed104729,DNSAmplification,231701,hybrid,xgboost,60,100.0,1.0,100.0
8,seed104729,DNSAmplification,231701,mlp,rf,60,91.66666666666666,0.625,not applicable
8,seed104729,DNSAmplification,231701,mlp,xgboost,60,100.0,1.0,not applicable
8,seed104729,DNSAmplification,231701,rf,xgboost,60,91.66666666666666,0.625,not applicable
8,seed104729,DNSAmplification,257053,hybrid,mlp,60,100.0,1.0,100.0
8,seed104729,DNSAmplification,257053,hybrid,rf,60,100.0,1.0,100.0
8,seed104729,DNSAmplification,257053,hybrid,xgboost,60,100.0,1.0,100.0
8,seed104729,DNSAmplification,257053,mlp,rf,60,100.0,1.0,not applicable
8,seed104729,DNSAmplification,257053,mlp,xgboost,60,100.0,1.0,not applicable
8,seed104729,DNSAmplification,257053,rf,xgboost,60,100.0,1.0,not applicable
8,seed104729,DNSAmplification,282427,hybrid,mlp,60,83.33333333333334,0.0,83.33333333333334
8,seed104729,DNSAmplification,282427,hybrid,rf,60,100.0,1.0,100.0
8,seed104729,DNSAmplification,282427,hybrid,xgboost,60,100.0,1.0,100.0
8,seed104729,DNSAmplification,282427,mlp,rf,60,83.33333333333334,0.0,not applicable
8,seed104729,DNSAmplification,282427,mlp,xgboost,60,83.33333333333334,0.0,not applicable
8,seed104729,DNSAmplification,282427,rf,xgboost,60,100.0,1.0,not applicable
8,seed104729,DNSAmplification,307759,hybrid,mlp,60,100.0,1.0,100.0
8,seed104729,DNSAmplification,307759,hybrid,rf,60,100.0,1.0,100.0
8,seed104729,DNSAmplification,307759,hybrid,xgboost,60,100.0,1.0,100.0
8,seed104729,DNSAmplification,307759,mlp,rf,60,100.0,1.0,not applicable
8,seed104729,DNSAmplification,307759,mlp,xgboost,60,100.0,1.0,not applicable
8,seed104729,DNSAmplification,307759,rf,xgboost,60,100.0,1.0,not applicable
8,seed104729,DNSAmplification,333019,hybrid,mlp,60,83.33333333333334,0.0,83.33333333333334
8,seed104729,DNSAmplification,333019,hybrid,rf,60,100.0,1.0,100.0
8,seed104729,DNSAmplification,333019,hybrid,xgboost,60,100.0,1.0,100.0
8,seed104729,DNSAmplification,333019,mlp,rf,60,83.33333333333334,0.0,not applicable
8,seed104729,DNSAmplification,333019,mlp,xgboost,60,83.33333333333334,0.0,not applicable
8,seed104729,DNSAmplification,333019,rf,xgboost,60,100.0,1.0,not applicable
8,seed104729,Normal,104729,hybrid,mlp,50,100.0,not estimable,100.0
8,seed104729,Normal,104729,hybrid,rf,50,100.0,not estimable,100.0
8,seed104729,Normal,104729,hybrid,xgboost,50,100.0,not estimable,100.0
8,seed104729,Normal,104729,mlp,rf,50,100.0,not estimable,not applicable
8,seed104729,Normal,104729,mlp,xgboost,50,100.0,not estimable,not applicable
8,seed104729,Normal,104729,rf,xgboost,50,100.0,not estimable,not applicable
8,seed104729,Normal,130363,hybrid,mlp,50,100.0,not estimable,100.0
8,seed104729,Normal,130363,hybrid,rf,50,100.0,not estimable,100.0
8,seed104729,Normal,130363,hybrid,xgboost,50,100.0,not estimable,100.0
8,seed104729,Normal,130363,mlp,rf,50,100.0,not estimable,not applicable
8,seed104729,Normal,130363,mlp,xgboost,50,100.0,not estimable,not applicable
8,seed104729,Normal,130363,rf,xgboost,50,100.0,not estimable,not applicable
8,seed104729,Normal,155921,hybrid,mlp,50,20.0,0.0,20.0
8,seed104729,Normal,155921,hybrid,rf,50,100.0,not estimable,100.0
8,seed104729,Normal,155921,hybrid,xgboost,50,100.0,not estimable,100.0
8,seed104729,Normal,155921,mlp,rf,50,20.0,0.0,not applicable
8,seed104729,Normal,155921,mlp,xgboost,50,20.0,0.0,not applicable
8,seed104729,Normal,155921,rf,xgboost,50,100.0,not estimable,not applicable
8,seed104729,Normal,181081,hybrid,mlp,50,100.0,not estimable,100.0
8,seed104729,Normal,181081,hybrid,rf,50,100.0,not estimable,100.0
8,seed104729,Normal,181081,hybrid,xgboost,50,100.0,not estimable,100.0
8,seed104729,Normal,181081,mlp,rf,50,100.0,not estimable,not applicable
8,seed104729,Normal,181081,mlp,xgboost,50,100.0,not estimable,not applicable
8,seed104729,Normal,181081,rf,xgboost,50,100.0,not estimable,not applicable
8,seed104729,Normal,206369,hybrid,mlp,50,0.0,0.0,0.0
8,seed104729,Normal,206369,hybrid,rf,50,100.0,not estimable,100.0
8,seed104729,Normal,206369,hybrid,xgboost,50,100.0,not estimable,100.0
8,seed104729,Normal,206369,mlp,rf,50,0.0,0.0,not applicable
8,seed104729,Normal,206369,mlp,xgboost,50,0.0,0.0,not applicable
8,seed104729,Normal,206369,rf,xgboost,50,100.0,not estimable,not applicable
8,seed104729,Normal,231701,hybrid,mlp,50,100.0,not estimable,100.0
8,seed104729,Normal,231701,hybrid,rf,50,100.0,not estimable,100.0
8,seed104729,Normal,231701,hybrid,xgboost,50,100.0,not estimable,100.0
8,seed104729,Normal,231701,mlp,rf,50,100.0,not estimable,not applicable
8,seed104729,Normal,231701,mlp,xgboost,50,100.0,not estimable,not applicable
8,seed104729,Normal,231701,rf,xgboost,50,100.0,not estimable,not applicable
8,seed104729,Normal,257053,hybrid,mlp,50,100.0,not estimable,100.0
8,seed104729,Normal,257053,hybrid,rf,50,100.0,not estimable,100.0
8,seed104729,Normal,257053,hybrid,xgboost,50,100.0,not estimable,100.0
8,seed104729,Normal,257053,mlp,rf,50,100.0,not estimable,not applicable
8,seed104729,Normal,257053,mlp,xgboost,50,100.0,not estimable,not applicable
8,seed104729,Normal,257053,rf,xgboost,50,100.0,not estimable,not applicable
8,seed104729,Normal,282427,hybrid,mlp,50,100.0,not estimable,100.0
8,seed104729,Normal,282427,hybrid,rf,50,100.0,not estimable,100.0
8,seed104729,Normal,282427,hybrid,xgboost,50,100.0,not estimable,100.0
8,seed104729,Normal,282427,mlp,rf,50,100.0,not estimable,not applicable
8,seed104729,Normal,282427,mlp,xgboost,50,100.0,not estimable,not applicable
8,seed104729,Normal,282427,rf,xgboost,50,100.0,not estimable,not applicable
8,seed104729,Normal,307759,hybrid,mlp,50,100.0,not estimable,100.0
8,seed104729,Normal,307759,hybrid,rf,50,100.0,not estimable,100.0
8,seed104729,Normal,307759,hybrid,xgboost,50,100.0,not estimable,100.0
8,seed104729,Normal,307759,mlp,rf,50,100.0,not estimable,not applicable
8,seed104729,Normal,307759,mlp,xgboost,50,100.0,not estimable,not applicable
8,seed104729,Normal,307759,rf,xgboost,50,100.0,not estimable,not applicable
8,seed104729,Normal,333019,hybrid,mlp,50,100.0,not estimable,100.0
8,seed104729,Normal,333019,hybrid,rf,50,100.0,not estimable,100.0
8,seed104729,Normal,333019,hybrid,xgboost,50,100.0,not estimable,100.0
8,seed104729,Normal,333019,mlp,rf,50,100.0,not estimable,not applicable
8,seed104729,Normal,333019,mlp,xgboost,50,100.0,not estimable,not applicable
8,seed104729,Normal,333019,rf,xgboost,50,100.0,not estimable,not applicable
8,seed104729,SYNFlood,104729,hybrid,mlp,850,100.0,not estimable,100.0
8,seed104729,SYNFlood,104729,hybrid,rf,850,100.0,not estimable,100.0
8,seed104729,SYNFlood,104729,hybrid,xgboost,850,100.0,not estimable,100.0
8,seed104729,SYNFlood,104729,mlp,rf,850,100.0,not estimable,not applicable
8,seed104729,SYNFlood,104729,mlp,xgboost,850,100.0,not estimable,not applicable
8,seed104729,SYNFlood,104729,rf,xgboost,850,100.0,not estimable,not applicable
8,seed104729,SYNFlood,130363,hybrid,mlp,850,100.0,not estimable,100.0
8,seed104729,SYNFlood,130363,hybrid,rf,850,100.0,not estimable,100.0
8,seed104729,SYNFlood,130363,hybrid,xgboost,850,100.0,not estimable,100.0
8,seed104729,SYNFlood,130363,mlp,rf,850,100.0,not estimable,not applicable
8,seed104729,SYNFlood,130363,mlp,xgboost,850,100.0,not estimable,not applicable
8,seed104729,SYNFlood,130363,rf,xgboost,850,100.0,not estimable,not applicable
8,seed104729,SYNFlood,155921,hybrid,mlp,850,95.76470588235294,0.0,95.76470588235294
8,seed104729,SYNFlood,155921,hybrid,rf,850,100.0,not estimable,100.0
8,seed104729,SYNFlood,155921,hybrid,xgboost,850,100.0,not estimable,100.0
8,seed104729,SYNFlood,155921,mlp,rf,850,95.76470588235294,0.0,not applicable
8,seed104729,SYNFlood,155921,mlp,xgboost,850,95.76470588235294,0.0,not applicable
8,seed104729,SYNFlood,155921,rf,xgboost,850,100.0,not estimable,not applicable
8,seed104729,SYNFlood,181081,hybrid,mlp,850,100.0,not estimable,100.0
8,seed104729,SYNFlood,181081,hybrid,rf,850,100.0,not estimable,100.0
8,seed104729,SYNFlood,181081,hybrid,xgboost,850,100.0,not estimable,100.0
8,seed104729,SYNFlood,181081,mlp,rf,850,100.0,not estimable,not applicable
8,seed104729,SYNFlood,181081,mlp,xgboost,850,100.0,not estimable,not applicable
8,seed104729,SYNFlood,181081,rf,xgboost,850,100.0,not estimable,not applicable
8,seed104729,SYNFlood,206369,hybrid,mlp,850,94.11764705882352,0.0,94.11764705882352
8,seed104729,SYNFlood,206369,hybrid,rf,850,100.0,not estimable,100.0
8,seed104729,SYNFlood,206369,hybrid,xgboost,850,100.0,not estimable,100.0
8,seed104729,SYNFlood,206369,mlp,rf,850,94.11764705882352,0.0,not applicable
8,seed104729,SYNFlood,206369,mlp,xgboost,850,94.11764705882352,0.0,not applicable
8,seed104729,SYNFlood,206369,rf,xgboost,850,100.0,not estimable,not applicable
8,seed104729,SYNFlood,231701,hybrid,mlp,850,100.0,not estimable,100.0
8,seed104729,SYNFlood,231701,hybrid,rf,850,100.0,not estimable,100.0
8,seed104729,SYNFlood,231701,hybrid,xgboost,850,100.0,not estimable,100.0
8,seed104729,SYNFlood,231701,mlp,rf,850,100.0,not estimable,not applicable
8,seed104729,SYNFlood,231701,mlp,xgboost,850,100.0,not estimable,not applicable
8,seed104729,SYNFlood,231701,rf,xgboost,850,100.0,not estimable,not applicable
8,seed104729,SYNFlood,257053,hybrid,mlp,850,100.0,not estimable,100.0
8,seed104729,SYNFlood,257053,hybrid,rf,850,100.0,not estimable,100.0
8,seed104729,SYNFlood,257053,hybrid,xgboost,850,100.0,not estimable,100.0
8,seed104729,SYNFlood,257053,mlp,rf,850,100.0,not estimable,not applicable
8,seed104729,SYNFlood,257053,mlp,xgboost,850,100.0,not estimable,not applicable
8,seed104729,SYNFlood,257053,rf,xgboost,850,100.0,not estimable,not applicable
8,seed104729,SYNFlood,282427,hybrid,mlp,850,100.0,not estimable,100.0
8,seed104729,SYNFlood,282427,hybrid,rf,850,100.0,not estimable,100.0
8,seed104729,SYNFlood,282427,hybrid,xgboost,850,100.0,not estimable,100.0
8,seed104729,SYNFlood,282427,mlp,rf,850,100.0,not estimable,not applicable
8,seed104729,SYNFlood,282427,mlp,xgboost,850,100.0,not estimable,not applicable
8,seed104729,SYNFlood,282427,rf,xgboost,850,100.0,not estimable,not applicable
8,seed104729,SYNFlood,307759,hybrid,mlp,850,100.0,not estimable,100.0
8,seed104729,SYNFlood,307759,hybrid,rf,850,100.0,not estimable,100.0
8,seed104729,SYNFlood,307759,hybrid,xgboost,850,100.0,not estimable,100.0
8,seed104729,SYNFlood,307759,mlp,rf,850,100.0,not estimable,not applicable
8,seed104729,SYNFlood,307759,mlp,xgboost,850,100.0,not estimable,not applicable
8,seed104729,SYNFlood,307759,rf,xgboost,850,100.0,not estimable,not applicable
8,seed104729,SYNFlood,333019,hybrid,mlp,850,100.0,not estimable,100.0
8,seed104729,SYNFlood,333019,hybrid,rf,850,100.0,not estimable,100.0
8,seed104729,SYNFlood,333019,hybrid,xgboost,850,100.0,not estimable,100.0
8,seed104729,SYNFlood,333019,mlp,rf,850,100.0,not estimable,not applicable
8,seed104729,SYNFlood,333019,mlp,xgboost,850,100.0,not estimable,not applicable
8,seed104729,SYNFlood,333019,rf,xgboost,850,100.0,not estimable,not applicable
8,seed104729,UDPFlood,104729,hybrid,mlp,70,100.0,1.0,100.0
8,seed104729,UDPFlood,104729,hybrid,rf,70,77.14285714285715,0.26315789473684215,77.14285714285715
8,seed104729,UDPFlood,104729,hybrid,xgboost,70,100.0,1.0,100.0
8,seed104729,UDPFlood,104729,mlp,rf,70,77.14285714285715,0.26315789473684215,not applicable
8,seed104729,UDPFlood,104729,mlp,xgboost,70,100.0,1.0,not applicable
8,seed104729,UDPFlood,104729,rf,xgboost,70,77.14285714285715,0.26315789473684215,not applicable
8,seed104729,UDPFlood,130363,hybrid,mlp,70,98.57142857142858,0.9644670050761421,98.57142857142858
8,seed104729,UDPFlood,130363,hybrid,rf,70,100.0,1.0,100.0
8,seed104729,UDPFlood,130363,hybrid,xgboost,70,100.0,1.0,100.0
8,seed104729,UDPFlood,130363,mlp,rf,70,98.57142857142858,0.9644670050761421,not applicable
8,seed104729,UDPFlood,130363,mlp,xgboost,70,98.57142857142858,0.9644670050761421,not applicable
8,seed104729,UDPFlood,130363,rf,xgboost,70,100.0,1.0,not applicable
8,seed104729,UDPFlood,155921,hybrid,mlp,70,100.0,1.0,100.0
8,seed104729,UDPFlood,155921,hybrid,rf,70,100.0,1.0,100.0
8,seed104729,UDPFlood,155921,hybrid,xgboost,70,100.0,1.0,100.0
8,seed104729,UDPFlood,155921,mlp,rf,70,100.0,1.0,not applicable
8,seed104729,UDPFlood,155921,mlp,xgboost,70,100.0,1.0,not applicable
8,seed104729,UDPFlood,155921,rf,xgboost,70,100.0,1.0,not applicable
8,seed104729,UDPFlood,181081,hybrid,mlp,70,71.42857142857143,0.0,71.42857142857143
8,seed104729,UDPFlood,181081,hybrid,rf,70,100.0,1.0,100.0
8,seed104729,UDPFlood,181081,hybrid,xgboost,70,100.0,1.0,100.0
8,seed104729,UDPFlood,181081,mlp,rf,70,71.42857142857143,0.0,not applicable
8,seed104729,UDPFlood,181081,mlp,xgboost,70,71.42857142857143,0.0,not applicable
8,seed104729,UDPFlood,181081,rf,xgboost,70,100.0,1.0,not applicable
8,seed104729,UDPFlood,206369,hybrid,mlp,70,28.57142857142857,0.0,28.57142857142857
8,seed104729,UDPFlood,206369,hybrid,rf,70,100.0,1.0,100.0
8,seed104729,UDPFlood,206369,hybrid,xgboost,70,100.0,1.0,100.0
8,seed104729,UDPFlood,206369,mlp,rf,70,28.57142857142857,0.0,not applicable
8,seed104729,UDPFlood,206369,mlp,xgboost,70,28.57142857142857,0.0,not applicable
8,seed104729,UDPFlood,206369,rf,xgboost,70,100.0,1.0,not applicable
8,seed104729,UDPFlood,231701,hybrid,mlp,70,100.0,1.0,100.0
8,seed104729,UDPFlood,231701,hybrid,rf,70,100.0,1.0,100.0
8,seed104729,UDPFlood,231701,hybrid,xgboost,70,100.0,1.0,100.0
8,seed104729,UDPFlood,231701,mlp,rf,70,100.0,1.0,not applicable
8,seed104729,UDPFlood,231701,mlp,xgboost,70,100.0,1.0,not applicable
8,seed104729,UDPFlood,231701,rf,xgboost,70,100.0,1.0,not applicable
8,seed104729,UDPFlood,257053,hybrid,mlp,70,100.0,1.0,100.0
8,seed104729,UDPFlood,257053,hybrid,rf,70,100.0,1.0,100.0
8,seed104729,UDPFlood,257053,hybrid,xgboost,70,100.0,1.0,100.0
8,seed104729,UDPFlood,257053,mlp,rf,70,100.0,1.0,not applicable
8,seed104729,UDPFlood,257053,mlp,xgboost,70,100.0,1.0,not applicable
8,seed104729,UDPFlood,257053,rf,xgboost,70,100.0,1.0,not applicable
8,seed104729,UDPFlood,282427,hybrid,mlp,70,71.42857142857143,0.0,71.42857142857143
8,seed104729,UDPFlood,282427,hybrid,rf,70,100.0,1.0,100.0
8,seed104729,UDPFlood,282427,hybrid,xgboost,70,100.0,1.0,100.0
8,seed104729,UDPFlood,282427,mlp,rf,70,71.42857142857143,0.0,not applicable
8,seed104729,UDPFlood,282427,mlp,xgboost,70,71.42857142857143,0.0,not applicable
8,seed104729,UDPFlood,282427,rf,xgboost,70,100.0,1.0,not applicable
8,seed104729,UDPFlood,307759,hybrid,mlp,70,100.0,1.0,100.0
8,seed104729,UDPFlood,307759,hybrid,rf,70,100.0,1.0,100.0
8,seed104729,UDPFlood,307759,hybrid,xgboost,70,100.0,1.0,100.0
8,seed104729,UDPFlood,307759,mlp,rf,70,100.0,1.0,not applicable
8,seed104729,UDPFlood,307759,mlp,xgboost,70,100.0,1.0,not applicable
8,seed104729,UDPFlood,307759,rf,xgboost,70,100.0,1.0,not applicable
8,seed104729,UDPFlood,333019,hybrid,mlp,70,71.42857142857143,0.0,71.42857142857143
8,seed104729,UDPFlood,333019,hybrid,rf,70,100.0,1.0,100.0
8,seed104729,UDPFlood,333019,hybrid,xgboost,70,100.0,1.0,100.0
8,seed104729,UDPFlood,333019,mlp,rf,70,71.42857142857143,0.0,not applicable
8,seed104729,UDPFlood,333019,mlp,xgboost,70,71.42857142857143,0.0,not applicable
8,seed104729,UDPFlood,333019,rf,xgboost,70,100.0,1.0,not applicable
8,seed130363,DNSAmplification,104729,hybrid,mlp,60,100.0,1.0,100.0
8,seed130363,DNSAmplification,104729,hybrid,rf,60,83.33333333333334,0.0,83.33333333333334
8,seed130363,DNSAmplification,104729,hybrid,xgboost,60,100.0,1.0,100.0
8,seed130363,DNSAmplification,104729,mlp,rf,60,83.33333333333334,0.0,not applicable
8,seed130363,DNSAmplification,104729,mlp,xgboost,60,100.0,1.0,not applicable
8,seed130363,DNSAmplification,104729,rf,xgboost,60,83.33333333333334,0.0,not applicable
8,seed130363,DNSAmplification,130363,hybrid,mlp,60,100.0,1.0,100.0
8,seed130363,DNSAmplification,130363,hybrid,rf,60,100.0,1.0,100.0
8,seed130363,DNSAmplification,130363,hybrid,xgboost,60,100.0,1.0,100.0
8,seed130363,DNSAmplification,130363,mlp,rf,60,100.0,1.0,not applicable
8,seed130363,DNSAmplification,130363,mlp,xgboost,60,100.0,1.0,not applicable
8,seed130363,DNSAmplification,130363,rf,xgboost,60,100.0,1.0,not applicable
8,seed130363,DNSAmplification,155921,hybrid,mlp,60,33.33333333333333,0.07692307692307687,33.33333333333333
8,seed130363,DNSAmplification,155921,hybrid,rf,60,100.0,1.0,100.0
8,seed130363,DNSAmplification,155921,hybrid,xgboost,60,100.0,1.0,100.0
8,seed130363,DNSAmplification,155921,mlp,rf,60,33.33333333333333,0.07692307692307687,not applicable
8,seed130363,DNSAmplification,155921,mlp,xgboost,60,33.33333333333333,0.07692307692307687,not applicable
8,seed130363,DNSAmplification,155921,rf,xgboost,60,100.0,1.0,not applicable
8,seed130363,DNSAmplification,181081,hybrid,mlp,60,83.33333333333334,0.0,83.33333333333334
8,seed130363,DNSAmplification,181081,hybrid,rf,60,100.0,1.0,100.0
8,seed130363,DNSAmplification,181081,hybrid,xgboost,60,100.0,1.0,100.0
8,seed130363,DNSAmplification,181081,mlp,rf,60,83.33333333333334,0.0,not applicable
8,seed130363,DNSAmplification,181081,mlp,xgboost,60,83.33333333333334,0.0,not applicable
8,seed130363,DNSAmplification,181081,rf,xgboost,60,100.0,1.0,not applicable
8,seed130363,DNSAmplification,206369,hybrid,mlp,60,16.666666666666664,0.0,16.666666666666664
8,seed130363,DNSAmplification,206369,hybrid,rf,60,100.0,1.0,100.0
8,seed130363,DNSAmplification,206369,hybrid,xgboost,60,100.0,1.0,100.0
8,seed130363,DNSAmplification,206369,mlp,rf,60,16.666666666666664,0.0,not applicable
8,seed130363,DNSAmplification,206369,mlp,xgboost,60,16.666666666666664,0.0,not applicable
8,seed130363,DNSAmplification,206369,rf,xgboost,60,100.0,1.0,not applicable
8,seed130363,DNSAmplification,231701,hybrid,mlp,60,100.0,1.0,100.0
8,seed130363,DNSAmplification,231701,hybrid,rf,60,88.33333333333333,0.41666666666666663,88.33333333333333
8,seed130363,DNSAmplification,231701,hybrid,xgboost,60,100.0,1.0,100.0
8,seed130363,DNSAmplification,231701,mlp,rf,60,88.33333333333333,0.41666666666666663,not applicable
8,seed130363,DNSAmplification,231701,mlp,xgboost,60,100.0,1.0,not applicable
8,seed130363,DNSAmplification,231701,rf,xgboost,60,88.33333333333333,0.41666666666666663,not applicable
8,seed130363,DNSAmplification,257053,hybrid,mlp,60,100.0,1.0,100.0
8,seed130363,DNSAmplification,257053,hybrid,rf,60,100.0,1.0,100.0
8,seed130363,DNSAmplification,257053,hybrid,xgboost,60,100.0,1.0,100.0
8,seed130363,DNSAmplification,257053,mlp,rf,60,100.0,1.0,not applicable
8,seed130363,DNSAmplification,257053,mlp,xgboost,60,100.0,1.0,not applicable
8,seed130363,DNSAmplification,257053,rf,xgboost,60,100.0,1.0,not applicable
8,seed130363,DNSAmplification,282427,hybrid,mlp,60,83.33333333333334,0.0,83.33333333333334
8,seed130363,DNSAmplification,282427,hybrid,rf,60,100.0,1.0,100.0
8,seed130363,DNSAmplification,282427,hybrid,xgboost,60,100.0,1.0,100.0
8,seed130363,DNSAmplification,282427,mlp,rf,60,83.33333333333334,0.0,not applicable
8,seed130363,DNSAmplification,282427,mlp,xgboost,60,83.33333333333334,0.0,not applicable
8,seed130363,DNSAmplification,282427,rf,xgboost,60,100.0,1.0,not applicable
8,seed130363,DNSAmplification,307759,hybrid,mlp,60,100.0,1.0,100.0
8,seed130363,DNSAmplification,307759,hybrid,rf,60,100.0,1.0,100.0
8,seed130363,DNSAmplification,307759,hybrid,xgboost,60,100.0,1.0,100.0
8,seed130363,DNSAmplification,307759,mlp,rf,60,100.0,1.0,not applicable
8,seed130363,DNSAmplification,307759,mlp,xgboost,60,100.0,1.0,not applicable
8,seed130363,DNSAmplification,307759,rf,xgboost,60,100.0,1.0,not applicable
8,seed130363,DNSAmplification,333019,hybrid,mlp,60,83.33333333333334,0.0,83.33333333333334
8,seed130363,DNSAmplification,333019,hybrid,rf,60,100.0,1.0,100.0
8,seed130363,DNSAmplification,333019,hybrid,xgboost,60,100.0,1.0,100.0
8,seed130363,DNSAmplification,333019,mlp,rf,60,83.33333333333334,0.0,not applicable
8,seed130363,DNSAmplification,333019,mlp,xgboost,60,83.33333333333334,0.0,not applicable
8,seed130363,DNSAmplification,333019,rf,xgboost,60,100.0,1.0,not applicable
8,seed130363,Normal,104729,hybrid,mlp,50,100.0,not estimable,100.0
8,seed130363,Normal,104729,hybrid,rf,50,100.0,not estimable,100.0
8,seed130363,Normal,104729,hybrid,xgboost,50,100.0,not estimable,100.0
8,seed130363,Normal,104729,mlp,rf,50,100.0,not estimable,not applicable
8,seed130363,Normal,104729,mlp,xgboost,50,100.0,not estimable,not applicable
8,seed130363,Normal,104729,rf,xgboost,50,100.0,not estimable,not applicable
8,seed130363,Normal,130363,hybrid,mlp,50,100.0,not estimable,100.0
8,seed130363,Normal,130363,hybrid,rf,50,100.0,not estimable,100.0
8,seed130363,Normal,130363,hybrid,xgboost,50,100.0,not estimable,100.0
8,seed130363,Normal,130363,mlp,rf,50,100.0,not estimable,not applicable
8,seed130363,Normal,130363,mlp,xgboost,50,100.0,not estimable,not applicable
8,seed130363,Normal,130363,rf,xgboost,50,100.0,not estimable,not applicable
8,seed130363,Normal,155921,hybrid,mlp,50,16.0,0.0,16.0
8,seed130363,Normal,155921,hybrid,rf,50,100.0,not estimable,100.0
8,seed130363,Normal,155921,hybrid,xgboost,50,100.0,not estimable,100.0
8,seed130363,Normal,155921,mlp,rf,50,16.0,0.0,not applicable
8,seed130363,Normal,155921,mlp,xgboost,50,16.0,0.0,not applicable
8,seed130363,Normal,155921,rf,xgboost,50,100.0,not estimable,not applicable
8,seed130363,Normal,181081,hybrid,mlp,50,100.0,not estimable,100.0
8,seed130363,Normal,181081,hybrid,rf,50,100.0,not estimable,100.0
8,seed130363,Normal,181081,hybrid,xgboost,50,100.0,not estimable,100.0
8,seed130363,Normal,181081,mlp,rf,50,100.0,not estimable,not applicable
8,seed130363,Normal,181081,mlp,xgboost,50,100.0,not estimable,not applicable
8,seed130363,Normal,181081,rf,xgboost,50,100.0,not estimable,not applicable
8,seed130363,Normal,206369,hybrid,mlp,50,0.0,0.0,0.0
8,seed130363,Normal,206369,hybrid,rf,50,100.0,not estimable,100.0
8,seed130363,Normal,206369,hybrid,xgboost,50,100.0,not estimable,100.0
8,seed130363,Normal,206369,mlp,rf,50,0.0,0.0,not applicable
8,seed130363,Normal,206369,mlp,xgboost,50,0.0,0.0,not applicable
8,seed130363,Normal,206369,rf,xgboost,50,100.0,not estimable,not applicable
8,seed130363,Normal,231701,hybrid,mlp,50,100.0,not estimable,100.0
8,seed130363,Normal,231701,hybrid,rf,50,100.0,not estimable,100.0
8,seed130363,Normal,231701,hybrid,xgboost,50,100.0,not estimable,100.0
8,seed130363,Normal,231701,mlp,rf,50,100.0,not estimable,not applicable
8,seed130363,Normal,231701,mlp,xgboost,50,100.0,not estimable,not applicable
8,seed130363,Normal,231701,rf,xgboost,50,100.0,not estimable,not applicable
8,seed130363,Normal,257053,hybrid,mlp,50,100.0,not estimable,100.0
8,seed130363,Normal,257053,hybrid,rf,50,100.0,not estimable,100.0
8,seed130363,Normal,257053,hybrid,xgboost,50,100.0,not estimable,100.0
8,seed130363,Normal,257053,mlp,rf,50,100.0,not estimable,not applicable
8,seed130363,Normal,257053,mlp,xgboost,50,100.0,not estimable,not applicable
8,seed130363,Normal,257053,rf,xgboost,50,100.0,not estimable,not applicable
8,seed130363,Normal,282427,hybrid,mlp,50,100.0,not estimable,100.0
8,seed130363,Normal,282427,hybrid,rf,50,100.0,not estimable,100.0
8,seed130363,Normal,282427,hybrid,xgboost,50,100.0,not estimable,100.0
8,seed130363,Normal,282427,mlp,rf,50,100.0,not estimable,not applicable
8,seed130363,Normal,282427,mlp,xgboost,50,100.0,not estimable,not applicable
8,seed130363,Normal,282427,rf,xgboost,50,100.0,not estimable,not applicable
8,seed130363,Normal,307759,hybrid,mlp,50,100.0,not estimable,100.0
8,seed130363,Normal,307759,hybrid,rf,50,100.0,not estimable,100.0
8,seed130363,Normal,307759,hybrid,xgboost,50,100.0,not estimable,100.0
8,seed130363,Normal,307759,mlp,rf,50,100.0,not estimable,not applicable
8,seed130363,Normal,307759,mlp,xgboost,50,100.0,not estimable,not applicable
8,seed130363,Normal,307759,rf,xgboost,50,100.0,not estimable,not applicable
8,seed130363,Normal,333019,hybrid,mlp,50,100.0,not estimable,100.0
8,seed130363,Normal,333019,hybrid,rf,50,100.0,not estimable,100.0
8,seed130363,Normal,333019,hybrid,xgboost,50,100.0,not estimable,100.0
8,seed130363,Normal,333019,mlp,rf,50,100.0,not estimable,not applicable
8,seed130363,Normal,333019,mlp,xgboost,50,100.0,not estimable,not applicable
8,seed130363,Normal,333019,rf,xgboost,50,100.0,not estimable,not applicable
8,seed130363,SYNFlood,104729,hybrid,mlp,850,100.0,not estimable,100.0
8,seed130363,SYNFlood,104729,hybrid,rf,850,100.0,not estimable,100.0
8,seed130363,SYNFlood,104729,hybrid,xgboost,850,100.0,not estimable,100.0
8,seed130363,SYNFlood,104729,mlp,rf,850,100.0,not estimable,not applicable
8,seed130363,SYNFlood,104729,mlp,xgboost,850,100.0,not estimable,not applicable
8,seed130363,SYNFlood,104729,rf,xgboost,850,100.0,not estimable,not applicable
8,seed130363,SYNFlood,130363,hybrid,mlp,850,100.0,not estimable,100.0
8,seed130363,SYNFlood,130363,hybrid,rf,850,100.0,not estimable,100.0
8,seed130363,SYNFlood,130363,hybrid,xgboost,850,100.0,not estimable,100.0
8,seed130363,SYNFlood,130363,mlp,rf,850,100.0,not estimable,not applicable
8,seed130363,SYNFlood,130363,mlp,xgboost,850,100.0,not estimable,not applicable
8,seed130363,SYNFlood,130363,rf,xgboost,850,100.0,not estimable,not applicable
8,seed130363,SYNFlood,155921,hybrid,mlp,850,95.05882352941177,0.0,95.05882352941177
8,seed130363,SYNFlood,155921,hybrid,rf,850,100.0,not estimable,100.0
8,seed130363,SYNFlood,155921,hybrid,xgboost,850,100.0,not estimable,100.0
8,seed130363,SYNFlood,155921,mlp,rf,850,95.05882352941177,0.0,not applicable
8,seed130363,SYNFlood,155921,mlp,xgboost,850,95.05882352941177,0.0,not applicable
8,seed130363,SYNFlood,155921,rf,xgboost,850,100.0,not estimable,not applicable
8,seed130363,SYNFlood,181081,hybrid,mlp,850,100.0,not estimable,100.0
8,seed130363,SYNFlood,181081,hybrid,rf,850,100.0,not estimable,100.0
8,seed130363,SYNFlood,181081,hybrid,xgboost,850,100.0,not estimable,100.0
8,seed130363,SYNFlood,181081,mlp,rf,850,100.0,not estimable,not applicable
8,seed130363,SYNFlood,181081,mlp,xgboost,850,100.0,not estimable,not applicable
8,seed130363,SYNFlood,181081,rf,xgboost,850,100.0,not estimable,not applicable
8,seed130363,SYNFlood,206369,hybrid,mlp,850,94.11764705882352,0.0,94.11764705882352
8,seed130363,SYNFlood,206369,hybrid,rf,850,100.0,not estimable,100.0
8,seed130363,SYNFlood,206369,hybrid,xgboost,850,100.0,not estimable,100.0
8,seed130363,SYNFlood,206369,mlp,rf,850,94.11764705882352,0.0,not applicable
8,seed130363,SYNFlood,206369,mlp,xgboost,850,94.11764705882352,0.0,not applicable
8,seed130363,SYNFlood,206369,rf,xgboost,850,100.0,not estimable,not applicable
8,seed130363,SYNFlood,231701,hybrid,mlp,850,100.0,not estimable,100.0
8,seed130363,SYNFlood,231701,hybrid,rf,850,100.0,not estimable,100.0
8,seed130363,SYNFlood,231701,hybrid,xgboost,850,100.0,not estimable,100.0
8,seed130363,SYNFlood,231701,mlp,rf,850,100.0,not estimable,not applicable
8,seed130363,SYNFlood,231701,mlp,xgboost,850,100.0,not estimable,not applicable
8,seed130363,SYNFlood,231701,rf,xgboost,850,100.0,not estimable,not applicable
8,seed130363,SYNFlood,257053,hybrid,mlp,850,100.0,not estimable,100.0
8,seed130363,SYNFlood,257053,hybrid,rf,850,100.0,not estimable,100.0
8,seed130363,SYNFlood,257053,hybrid,xgboost,850,100.0,not estimable,100.0
8,seed130363,SYNFlood,257053,mlp,rf,850,100.0,not estimable,not applicable
8,seed130363,SYNFlood,257053,mlp,xgboost,850,100.0,not estimable,not applicable
8,seed130363,SYNFlood,257053,rf,xgboost,850,100.0,not estimable,not applicable
8,seed130363,SYNFlood,282427,hybrid,mlp,850,100.0,not estimable,100.0
8,seed130363,SYNFlood,282427,hybrid,rf,850,100.0,not estimable,100.0
8,seed130363,SYNFlood,282427,hybrid,xgboost,850,100.0,not estimable,100.0
8,seed130363,SYNFlood,282427,mlp,rf,850,100.0,not estimable,not applicable
8,seed130363,SYNFlood,282427,mlp,xgboost,850,100.0,not estimable,not applicable
8,seed130363,SYNFlood,282427,rf,xgboost,850,100.0,not estimable,not applicable
8,seed130363,SYNFlood,307759,hybrid,mlp,850,100.0,not estimable,100.0
8,seed130363,SYNFlood,307759,hybrid,rf,850,100.0,not estimable,100.0
8,seed130363,SYNFlood,307759,hybrid,xgboost,850,100.0,not estimable,100.0
8,seed130363,SYNFlood,307759,mlp,rf,850,100.0,not estimable,not applicable
8,seed130363,SYNFlood,307759,mlp,xgboost,850,100.0,not estimable,not applicable
8,seed130363,SYNFlood,307759,rf,xgboost,850,100.0,not estimable,not applicable
8,seed130363,SYNFlood,333019,hybrid,mlp,850,100.0,not estimable,100.0
8,seed130363,SYNFlood,333019,hybrid,rf,850,100.0,not estimable,100.0
8,seed130363,SYNFlood,333019,hybrid,xgboost,850,100.0,not estimable,100.0
8,seed130363,SYNFlood,333019,mlp,rf,850,100.0,not estimable,not applicable
8,seed130363,SYNFlood,333019,mlp,xgboost,850,100.0,not estimable,not applicable
8,seed130363,SYNFlood,333019,rf,xgboost,850,100.0,not estimable,not applicable
8,seed130363,UDPFlood,104729,hybrid,mlp,70,100.0,1.0,100.0
8,seed130363,UDPFlood,104729,hybrid,rf,70,81.42857142857143,0.4347826086956522,81.42857142857143
8,seed130363,UDPFlood,104729,hybrid,xgboost,70,100.0,1.0,100.0
8,seed130363,UDPFlood,104729,mlp,rf,70,81.42857142857143,0.4347826086956522,not applicable
8,seed130363,UDPFlood,104729,mlp,xgboost,70,100.0,1.0,not applicable
8,seed130363,UDPFlood,104729,rf,xgboost,70,81.42857142857143,0.4347826086956522,not applicable
8,seed130363,UDPFlood,130363,hybrid,mlp,70,98.57142857142858,0.9644670050761421,98.57142857142858
8,seed130363,UDPFlood,130363,hybrid,rf,70,100.0,1.0,100.0
8,seed130363,UDPFlood,130363,hybrid,xgboost,70,100.0,1.0,100.0
8,seed130363,UDPFlood,130363,mlp,rf,70,98.57142857142858,0.9644670050761421,not applicable
8,seed130363,UDPFlood,130363,mlp,xgboost,70,98.57142857142858,0.9644670050761421,not applicable
8,seed130363,UDPFlood,130363,rf,xgboost,70,100.0,1.0,not applicable
8,seed130363,UDPFlood,155921,hybrid,mlp,70,100.0,1.0,100.0
8,seed130363,UDPFlood,155921,hybrid,rf,70,100.0,1.0,100.0
8,seed130363,UDPFlood,155921,hybrid,xgboost,70,100.0,1.0,100.0
8,seed130363,UDPFlood,155921,mlp,rf,70,100.0,1.0,not applicable
8,seed130363,UDPFlood,155921,mlp,xgboost,70,100.0,1.0,not applicable
8,seed130363,UDPFlood,155921,rf,xgboost,70,100.0,1.0,not applicable
8,seed130363,UDPFlood,181081,hybrid,mlp,70,71.42857142857143,0.0,71.42857142857143
8,seed130363,UDPFlood,181081,hybrid,rf,70,100.0,1.0,100.0
8,seed130363,UDPFlood,181081,hybrid,xgboost,70,100.0,1.0,100.0
8,seed130363,UDPFlood,181081,mlp,rf,70,71.42857142857143,0.0,not applicable
8,seed130363,UDPFlood,181081,mlp,xgboost,70,71.42857142857143,0.0,not applicable
8,seed130363,UDPFlood,181081,rf,xgboost,70,100.0,1.0,not applicable
8,seed130363,UDPFlood,206369,hybrid,mlp,70,28.57142857142857,0.0,28.57142857142857
8,seed130363,UDPFlood,206369,hybrid,rf,70,100.0,1.0,100.0
8,seed130363,UDPFlood,206369,hybrid,xgboost,70,100.0,1.0,100.0
8,seed130363,UDPFlood,206369,mlp,rf,70,28.57142857142857,0.0,not applicable
8,seed130363,UDPFlood,206369,mlp,xgboost,70,28.57142857142857,0.0,not applicable
8,seed130363,UDPFlood,206369,rf,xgboost,70,100.0,1.0,not applicable
8,seed130363,UDPFlood,231701,hybrid,mlp,70,100.0,1.0,100.0
8,seed130363,UDPFlood,231701,hybrid,rf,70,100.0,1.0,100.0
8,seed130363,UDPFlood,231701,hybrid,xgboost,70,100.0,1.0,100.0
8,seed130363,UDPFlood,231701,mlp,rf,70,100.0,1.0,not applicable
8,seed130363,UDPFlood,231701,mlp,xgboost,70,100.0,1.0,not applicable
8,seed130363,UDPFlood,231701,rf,xgboost,70,100.0,1.0,not applicable
8,seed130363,UDPFlood,257053,hybrid,mlp,70,100.0,1.0,100.0
8,seed130363,UDPFlood,257053,hybrid,rf,70,100.0,1.0,100.0
8,seed130363,UDPFlood,257053,hybrid,xgboost,70,100.0,1.0,100.0
8,seed130363,UDPFlood,257053,mlp,rf,70,100.0,1.0,not applicable
8,seed130363,UDPFlood,257053,mlp,xgboost,70,100.0,1.0,not applicable
8,seed130363,UDPFlood,257053,rf,xgboost,70,100.0,1.0,not applicable
8,seed130363,UDPFlood,282427,hybrid,mlp,70,71.42857142857143,0.0,71.42857142857143
8,seed130363,UDPFlood,282427,hybrid,rf,70,100.0,1.0,100.0
8,seed130363,UDPFlood,282427,hybrid,xgboost,70,100.0,1.0,100.0
8,seed130363,UDPFlood,282427,mlp,rf,70,71.42857142857143,0.0,not applicable
8,seed130363,UDPFlood,282427,mlp,xgboost,70,71.42857142857143,0.0,not applicable
8,seed130363,UDPFlood,282427,rf,xgboost,70,100.0,1.0,not applicable
8,seed130363,UDPFlood,307759,hybrid,mlp,70,100.0,1.0,100.0
8,seed130363,UDPFlood,307759,hybrid,rf,70,100.0,1.0,100.0
8,seed130363,UDPFlood,307759,hybrid,xgboost,70,100.0,1.0,100.0
8,seed130363,UDPFlood,307759,mlp,rf,70,100.0,1.0,not applicable
8,seed130363,UDPFlood,307759,mlp,xgboost,70,100.0,1.0,not applicable
8,seed130363,UDPFlood,307759,rf,xgboost,70,100.0,1.0,not applicable
8,seed130363,UDPFlood,333019,hybrid,mlp,70,71.42857142857143,0.0,71.42857142857143
8,seed130363,UDPFlood,333019,hybrid,rf,70,100.0,1.0,100.0
8,seed130363,UDPFlood,333019,hybrid,xgboost,70,100.0,1.0,100.0
8,seed130363,UDPFlood,333019,mlp,rf,70,71.42857142857143,0.0,not applicable
8,seed130363,UDPFlood,333019,mlp,xgboost,70,71.42857142857143,0.0,not applicable
8,seed130363,UDPFlood,333019,rf,xgboost,70,100.0,1.0,not applicable
8,seed155921,DNSAmplification,104729,hybrid,mlp,60,100.0,1.0,100.0
8,seed155921,DNSAmplification,104729,hybrid,rf,60,83.33333333333334,0.0,83.33333333333334
8,seed155921,DNSAmplification,104729,hybrid,xgboost,60,100.0,1.0,100.0
8,seed155921,DNSAmplification,104729,mlp,rf,60,83.33333333333334,0.0,not applicable
8,seed155921,DNSAmplification,104729,mlp,xgboost,60,100.0,1.0,not applicable
8,seed155921,DNSAmplification,104729,rf,xgboost,60,83.33333333333334,0.0,not applicable
8,seed155921,DNSAmplification,130363,hybrid,mlp,60,100.0,1.0,100.0
8,seed155921,DNSAmplification,130363,hybrid,rf,60,100.0,1.0,100.0
8,seed155921,DNSAmplification,130363,hybrid,xgboost,60,100.0,1.0,100.0
8,seed155921,DNSAmplification,130363,mlp,rf,60,100.0,1.0,not applicable
8,seed155921,DNSAmplification,130363,mlp,xgboost,60,100.0,1.0,not applicable
8,seed155921,DNSAmplification,130363,rf,xgboost,60,100.0,1.0,not applicable
8,seed155921,DNSAmplification,155921,hybrid,mlp,60,31.666666666666664,0.06818181818181823,31.666666666666664
8,seed155921,DNSAmplification,155921,hybrid,rf,60,100.0,1.0,100.0
8,seed155921,DNSAmplification,155921,hybrid,xgboost,60,100.0,1.0,100.0
8,seed155921,DNSAmplification,155921,mlp,rf,60,31.666666666666664,0.06818181818181823,not applicable
8,seed155921,DNSAmplification,155921,mlp,xgboost,60,31.666666666666664,0.06818181818181823,not applicable
8,seed155921,DNSAmplification,155921,rf,xgboost,60,100.0,1.0,not applicable
8,seed155921,DNSAmplification,181081,hybrid,mlp,60,83.33333333333334,0.0,83.33333333333334
8,seed155921,DNSAmplification,181081,hybrid,rf,60,100.0,1.0,100.0
8,seed155921,DNSAmplification,181081,hybrid,xgboost,60,100.0,1.0,100.0
8,seed155921,DNSAmplification,181081,mlp,rf,60,83.33333333333334,0.0,not applicable
8,seed155921,DNSAmplification,181081,mlp,xgboost,60,83.33333333333334,0.0,not applicable
8,seed155921,DNSAmplification,181081,rf,xgboost,60,100.0,1.0,not applicable
8,seed155921,DNSAmplification,206369,hybrid,mlp,60,16.666666666666664,0.0,16.666666666666664
8,seed155921,DNSAmplification,206369,hybrid,rf,60,100.0,1.0,100.0
8,seed155921,DNSAmplification,206369,hybrid,xgboost,60,100.0,1.0,100.0
8,seed155921,DNSAmplification,206369,mlp,rf,60,16.666666666666664,0.0,not applicable
8,seed155921,DNSAmplification,206369,mlp,xgboost,60,16.666666666666664,0.0,not applicable
8,seed155921,DNSAmplification,206369,rf,xgboost,60,100.0,1.0,not applicable
8,seed155921,DNSAmplification,231701,hybrid,mlp,60,100.0,1.0,100.0
8,seed155921,DNSAmplification,231701,hybrid,rf,60,95.0,0.7954545454545454,95.0
8,seed155921,DNSAmplification,231701,hybrid,xgboost,60,100.0,1.0,100.0
8,seed155921,DNSAmplification,231701,mlp,rf,60,95.0,0.7954545454545454,not applicable
8,seed155921,DNSAmplification,231701,mlp,xgboost,60,100.0,1.0,not applicable
8,seed155921,DNSAmplification,231701,rf,xgboost,60,95.0,0.7954545454545454,not applicable
8,seed155921,DNSAmplification,257053,hybrid,mlp,60,100.0,1.0,100.0
8,seed155921,DNSAmplification,257053,hybrid,rf,60,100.0,1.0,100.0
8,seed155921,DNSAmplification,257053,hybrid,xgboost,60,100.0,1.0,100.0
8,seed155921,DNSAmplification,257053,mlp,rf,60,100.0,1.0,not applicable
8,seed155921,DNSAmplification,257053,mlp,xgboost,60,100.0,1.0,not applicable
8,seed155921,DNSAmplification,257053,rf,xgboost,60,100.0,1.0,not applicable
8,seed155921,DNSAmplification,282427,hybrid,mlp,60,83.33333333333334,0.0,83.33333333333334
8,seed155921,DNSAmplification,282427,hybrid,rf,60,100.0,1.0,100.0
8,seed155921,DNSAmplification,282427,hybrid,xgboost,60,100.0,1.0,100.0
8,seed155921,DNSAmplification,282427,mlp,rf,60,83.33333333333334,0.0,not applicable
8,seed155921,DNSAmplification,282427,mlp,xgboost,60,83.33333333333334,0.0,not applicable
8,seed155921,DNSAmplification,282427,rf,xgboost,60,100.0,1.0,not applicable
8,seed155921,DNSAmplification,307759,hybrid,mlp,60,100.0,1.0,100.0
8,seed155921,DNSAmplification,307759,hybrid,rf,60,100.0,1.0,100.0
8,seed155921,DNSAmplification,307759,hybrid,xgboost,60,100.0,1.0,100.0
8,seed155921,DNSAmplification,307759,mlp,rf,60,100.0,1.0,not applicable
8,seed155921,DNSAmplification,307759,mlp,xgboost,60,100.0,1.0,not applicable
8,seed155921,DNSAmplification,307759,rf,xgboost,60,100.0,1.0,not applicable
8,seed155921,DNSAmplification,333019,hybrid,mlp,60,83.33333333333334,0.0,83.33333333333334
8,seed155921,DNSAmplification,333019,hybrid,rf,60,100.0,1.0,100.0
8,seed155921,DNSAmplification,333019,hybrid,xgboost,60,100.0,1.0,100.0
8,seed155921,DNSAmplification,333019,mlp,rf,60,83.33333333333334,0.0,not applicable
8,seed155921,DNSAmplification,333019,mlp,xgboost,60,83.33333333333334,0.0,not applicable
8,seed155921,DNSAmplification,333019,rf,xgboost,60,100.0,1.0,not applicable
8,seed155921,Normal,104729,hybrid,mlp,50,100.0,not estimable,100.0
8,seed155921,Normal,104729,hybrid,rf,50,100.0,not estimable,100.0
8,seed155921,Normal,104729,hybrid,xgboost,50,100.0,not estimable,100.0
8,seed155921,Normal,104729,mlp,rf,50,100.0,not estimable,not applicable
8,seed155921,Normal,104729,mlp,xgboost,50,100.0,not estimable,not applicable
8,seed155921,Normal,104729,rf,xgboost,50,100.0,not estimable,not applicable
8,seed155921,Normal,130363,hybrid,mlp,50,100.0,not estimable,100.0
8,seed155921,Normal,130363,hybrid,rf,50,100.0,not estimable,100.0
8,seed155921,Normal,130363,hybrid,xgboost,50,100.0,not estimable,100.0
8,seed155921,Normal,130363,mlp,rf,50,100.0,not estimable,not applicable
8,seed155921,Normal,130363,mlp,xgboost,50,100.0,not estimable,not applicable
8,seed155921,Normal,130363,rf,xgboost,50,100.0,not estimable,not applicable
8,seed155921,Normal,155921,hybrid,mlp,50,16.0,0.0,16.0
8,seed155921,Normal,155921,hybrid,rf,50,100.0,not estimable,100.0
8,seed155921,Normal,155921,hybrid,xgboost,50,100.0,not estimable,100.0
8,seed155921,Normal,155921,mlp,rf,50,16.0,0.0,not applicable
8,seed155921,Normal,155921,mlp,xgboost,50,16.0,0.0,not applicable
8,seed155921,Normal,155921,rf,xgboost,50,100.0,not estimable,not applicable
8,seed155921,Normal,181081,hybrid,mlp,50,100.0,not estimable,100.0
8,seed155921,Normal,181081,hybrid,rf,50,100.0,not estimable,100.0
8,seed155921,Normal,181081,hybrid,xgboost,50,100.0,not estimable,100.0
8,seed155921,Normal,181081,mlp,rf,50,100.0,not estimable,not applicable
8,seed155921,Normal,181081,mlp,xgboost,50,100.0,not estimable,not applicable
8,seed155921,Normal,181081,rf,xgboost,50,100.0,not estimable,not applicable
8,seed155921,Normal,206369,hybrid,mlp,50,0.0,0.0,0.0
8,seed155921,Normal,206369,hybrid,rf,50,100.0,not estimable,100.0
8,seed155921,Normal,206369,hybrid,xgboost,50,100.0,not estimable,100.0
8,seed155921,Normal,206369,mlp,rf,50,0.0,0.0,not applicable
8,seed155921,Normal,206369,mlp,xgboost,50,0.0,0.0,not applicable
8,seed155921,Normal,206369,rf,xgboost,50,100.0,not estimable,not applicable
8,seed155921,Normal,231701,hybrid,mlp,50,100.0,not estimable,100.0
8,seed155921,Normal,231701,hybrid,rf,50,100.0,not estimable,100.0
8,seed155921,Normal,231701,hybrid,xgboost,50,100.0,not estimable,100.0
8,seed155921,Normal,231701,mlp,rf,50,100.0,not estimable,not applicable
8,seed155921,Normal,231701,mlp,xgboost,50,100.0,not estimable,not applicable
8,seed155921,Normal,231701,rf,xgboost,50,100.0,not estimable,not applicable
8,seed155921,Normal,257053,hybrid,mlp,50,100.0,not estimable,100.0
8,seed155921,Normal,257053,hybrid,rf,50,100.0,not estimable,100.0
8,seed155921,Normal,257053,hybrid,xgboost,50,100.0,not estimable,100.0
8,seed155921,Normal,257053,mlp,rf,50,100.0,not estimable,not applicable
8,seed155921,Normal,257053,mlp,xgboost,50,100.0,not estimable,not applicable
8,seed155921,Normal,257053,rf,xgboost,50,100.0,not estimable,not applicable
8,seed155921,Normal,282427,hybrid,mlp,50,100.0,not estimable,100.0
8,seed155921,Normal,282427,hybrid,rf,50,100.0,not estimable,100.0
8,seed155921,Normal,282427,hybrid,xgboost,50,100.0,not estimable,100.0
8,seed155921,Normal,282427,mlp,rf,50,100.0,not estimable,not applicable
8,seed155921,Normal,282427,mlp,xgboost,50,100.0,not estimable,not applicable
8,seed155921,Normal,282427,rf,xgboost,50,100.0,not estimable,not applicable
8,seed155921,Normal,307759,hybrid,mlp,50,100.0,not estimable,100.0
8,seed155921,Normal,307759,hybrid,rf,50,100.0,not estimable,100.0
8,seed155921,Normal,307759,hybrid,xgboost,50,100.0,not estimable,100.0
8,seed155921,Normal,307759,mlp,rf,50,100.0,not estimable,not applicable
8,seed155921,Normal,307759,mlp,xgboost,50,100.0,not estimable,not applicable
8,seed155921,Normal,307759,rf,xgboost,50,100.0,not estimable,not applicable
8,seed155921,Normal,333019,hybrid,mlp,50,100.0,not estimable,100.0
8,seed155921,Normal,333019,hybrid,rf,50,100.0,not estimable,100.0
8,seed155921,Normal,333019,hybrid,xgboost,50,100.0,not estimable,100.0
8,seed155921,Normal,333019,mlp,rf,50,100.0,not estimable,not applicable
8,seed155921,Normal,333019,mlp,xgboost,50,100.0,not estimable,not applicable
8,seed155921,Normal,333019,rf,xgboost,50,100.0,not estimable,not applicable
8,seed155921,SYNFlood,104729,hybrid,mlp,850,100.0,not estimable,100.0
8,seed155921,SYNFlood,104729,hybrid,rf,850,100.0,not estimable,100.0
8,seed155921,SYNFlood,104729,hybrid,xgboost,850,100.0,not estimable,100.0
8,seed155921,SYNFlood,104729,mlp,rf,850,100.0,not estimable,not applicable
8,seed155921,SYNFlood,104729,mlp,xgboost,850,100.0,not estimable,not applicable
8,seed155921,SYNFlood,104729,rf,xgboost,850,100.0,not estimable,not applicable
8,seed155921,SYNFlood,130363,hybrid,mlp,850,100.0,not estimable,100.0
8,seed155921,SYNFlood,130363,hybrid,rf,850,100.0,not estimable,100.0
8,seed155921,SYNFlood,130363,hybrid,xgboost,850,100.0,not estimable,100.0
8,seed155921,SYNFlood,130363,mlp,rf,850,100.0,not estimable,not applicable
8,seed155921,SYNFlood,130363,mlp,xgboost,850,100.0,not estimable,not applicable
8,seed155921,SYNFlood,130363,rf,xgboost,850,100.0,not estimable,not applicable
8,seed155921,SYNFlood,155921,hybrid,mlp,850,95.29411764705881,0.0,95.29411764705881
8,seed155921,SYNFlood,155921,hybrid,rf,850,100.0,not estimable,100.0
8,seed155921,SYNFlood,155921,hybrid,xgboost,850,100.0,not estimable,100.0
8,seed155921,SYNFlood,155921,mlp,rf,850,95.29411764705881,0.0,not applicable
8,seed155921,SYNFlood,155921,mlp,xgboost,850,95.29411764705881,0.0,not applicable
8,seed155921,SYNFlood,155921,rf,xgboost,850,100.0,not estimable,not applicable
8,seed155921,SYNFlood,181081,hybrid,mlp,850,100.0,not estimable,100.0
8,seed155921,SYNFlood,181081,hybrid,rf,850,100.0,not estimable,100.0
8,seed155921,SYNFlood,181081,hybrid,xgboost,850,100.0,not estimable,100.0
8,seed155921,SYNFlood,181081,mlp,rf,850,100.0,not estimable,not applicable
8,seed155921,SYNFlood,181081,mlp,xgboost,850,100.0,not estimable,not applicable
8,seed155921,SYNFlood,181081,rf,xgboost,850,100.0,not estimable,not applicable
8,seed155921,SYNFlood,206369,hybrid,mlp,850,94.11764705882352,0.0,94.11764705882352
8,seed155921,SYNFlood,206369,hybrid,rf,850,100.0,not estimable,100.0
8,seed155921,SYNFlood,206369,hybrid,xgboost,850,100.0,not estimable,100.0
8,seed155921,SYNFlood,206369,mlp,rf,850,94.11764705882352,0.0,not applicable
8,seed155921,SYNFlood,206369,mlp,xgboost,850,94.11764705882352,0.0,not applicable
8,seed155921,SYNFlood,206369,rf,xgboost,850,100.0,not estimable,not applicable
8,seed155921,SYNFlood,231701,hybrid,mlp,850,100.0,not estimable,100.0
8,seed155921,SYNFlood,231701,hybrid,rf,850,100.0,not estimable,100.0
8,seed155921,SYNFlood,231701,hybrid,xgboost,850,100.0,not estimable,100.0
8,seed155921,SYNFlood,231701,mlp,rf,850,100.0,not estimable,not applicable
8,seed155921,SYNFlood,231701,mlp,xgboost,850,100.0,not estimable,not applicable
8,seed155921,SYNFlood,231701,rf,xgboost,850,100.0,not estimable,not applicable
8,seed155921,SYNFlood,257053,hybrid,mlp,850,100.0,not estimable,100.0
8,seed155921,SYNFlood,257053,hybrid,rf,850,100.0,not estimable,100.0
8,seed155921,SYNFlood,257053,hybrid,xgboost,850,100.0,not estimable,100.0
8,seed155921,SYNFlood,257053,mlp,rf,850,100.0,not estimable,not applicable
8,seed155921,SYNFlood,257053,mlp,xgboost,850,100.0,not estimable,not applicable
8,seed155921,SYNFlood,257053,rf,xgboost,850,100.0,not estimable,not applicable
8,seed155921,SYNFlood,282427,hybrid,mlp,850,100.0,not estimable,100.0
8,seed155921,SYNFlood,282427,hybrid,rf,850,100.0,not estimable,100.0
8,seed155921,SYNFlood,282427,hybrid,xgboost,850,100.0,not estimable,100.0
8,seed155921,SYNFlood,282427,mlp,rf,850,100.0,not estimable,not applicable
8,seed155921,SYNFlood,282427,mlp,xgboost,850,100.0,not estimable,not applicable
8,seed155921,SYNFlood,282427,rf,xgboost,850,100.0,not estimable,not applicable
8,seed155921,SYNFlood,307759,hybrid,mlp,850,100.0,not estimable,100.0
8,seed155921,SYNFlood,307759,hybrid,rf,850,100.0,not estimable,100.0
8,seed155921,SYNFlood,307759,hybrid,xgboost,850,100.0,not estimable,100.0
8,seed155921,SYNFlood,307759,mlp,rf,850,100.0,not estimable,not applicable
8,seed155921,SYNFlood,307759,mlp,xgboost,850,100.0,not estimable,not applicable
8,seed155921,SYNFlood,307759,rf,xgboost,850,100.0,not estimable,not applicable
8,seed155921,SYNFlood,333019,hybrid,mlp,850,100.0,not estimable,100.0
8,seed155921,SYNFlood,333019,hybrid,rf,850,100.0,not estimable,100.0
8,seed155921,SYNFlood,333019,hybrid,xgboost,850,100.0,not estimable,100.0
8,seed155921,SYNFlood,333019,mlp,rf,850,100.0,not estimable,not applicable
8,seed155921,SYNFlood,333019,mlp,xgboost,850,100.0,not estimable,not applicable
8,seed155921,SYNFlood,333019,rf,xgboost,850,100.0,not estimable,not applicable
8,seed155921,UDPFlood,104729,hybrid,mlp,73,100.0,1.0,100.0
8,seed155921,UDPFlood,104729,hybrid,rf,73,76.71232876712328,0.23630769230769233,76.71232876712328
8,seed155921,UDPFlood,104729,hybrid,xgboost,73,100.0,1.0,100.0
8,seed155921,UDPFlood,104729,mlp,rf,73,76.71232876712328,0.23630769230769233,not applicable
8,seed155921,UDPFlood,104729,mlp,xgboost,73,100.0,1.0,not applicable
8,seed155921,UDPFlood,104729,rf,xgboost,73,76.71232876712328,0.23630769230769233,not applicable
8,seed155921,UDPFlood,130363,hybrid,mlp,73,100.0,1.0,100.0
8,seed155921,UDPFlood,130363,hybrid,rf,73,98.63013698630137,0.9660938225731537,98.63013698630137
8,seed155921,UDPFlood,130363,hybrid,xgboost,73,100.0,1.0,100.0
8,seed155921,UDPFlood,130363,mlp,rf,73,98.63013698630137,0.9660938225731537,not applicable
8,seed155921,UDPFlood,130363,mlp,xgboost,73,100.0,1.0,not applicable
8,seed155921,UDPFlood,130363,rf,xgboost,73,98.63013698630137,0.9660938225731537,not applicable
8,seed155921,UDPFlood,155921,hybrid,mlp,73,100.0,1.0,100.0
8,seed155921,UDPFlood,155921,hybrid,rf,73,100.0,1.0,100.0
8,seed155921,UDPFlood,155921,hybrid,xgboost,73,97.26027397260275,0.9332113449222323,97.26027397260275
8,seed155921,UDPFlood,155921,mlp,rf,73,100.0,1.0,not applicable
8,seed155921,UDPFlood,155921,mlp,xgboost,73,97.26027397260275,0.9332113449222323,not applicable
8,seed155921,UDPFlood,155921,rf,xgboost,73,97.26027397260275,0.9332113449222323,not applicable
8,seed155921,UDPFlood,181081,hybrid,mlp,73,72.6027397260274,0.0,72.6027397260274
8,seed155921,UDPFlood,181081,hybrid,rf,73,97.26027397260275,0.9332113449222323,97.26027397260275
8,seed155921,UDPFlood,181081,hybrid,xgboost,73,100.0,1.0,100.0
8,seed155921,UDPFlood,181081,mlp,rf,73,69.86301369863014,0.0,not applicable
8,seed155921,UDPFlood,181081,mlp,xgboost,73,72.6027397260274,0.0,not applicable
8,seed155921,UDPFlood,181081,rf,xgboost,73,97.26027397260275,0.9332113449222323,not applicable
8,seed155921,UDPFlood,206369,hybrid,mlp,73,30.136986301369863,0.0,30.136986301369863
8,seed155921,UDPFlood,206369,hybrid,rf,73,100.0,1.0,100.0
8,seed155921,UDPFlood,206369,hybrid,xgboost,73,97.26027397260275,0.9332113449222323,97.26027397260275
8,seed155921,UDPFlood,206369,mlp,rf,73,30.136986301369863,0.0,not applicable
8,seed155921,UDPFlood,206369,mlp,xgboost,73,27.397260273972602,0.0,not applicable
8,seed155921,UDPFlood,206369,rf,xgboost,73,97.26027397260275,0.9332113449222323,not applicable
8,seed155921,UDPFlood,231701,hybrid,mlp,73,97.26027397260275,0.9349955476402494,97.26027397260275
8,seed155921,UDPFlood,231701,hybrid,rf,73,100.0,1.0,100.0
8,seed155921,UDPFlood,231701,hybrid,xgboost,73,98.63013698630137,0.9660938225731537,98.63013698630137
8,seed155921,UDPFlood,231701,mlp,rf,73,97.26027397260275,0.9349955476402494,not applicable
8,seed155921,UDPFlood,231701,mlp,xgboost,73,95.8904109589041,0.9013068949977467,not applicable
8,seed155921,UDPFlood,231701,rf,xgboost,73,98.63013698630137,0.9660938225731537,not applicable
8,seed155921,UDPFlood,257053,hybrid,mlp,73,100.0,1.0,100.0
8,seed155921,UDPFlood,257053,hybrid,rf,73,100.0,1.0,100.0
8,seed155921,UDPFlood,257053,hybrid,xgboost,73,97.26027397260275,0.9332113449222323,97.26027397260275
8,seed155921,UDPFlood,257053,mlp,rf,73,100.0,1.0,not applicable
8,seed155921,UDPFlood,257053,mlp,xgboost,73,97.26027397260275,0.9332113449222323,not applicable
8,seed155921,UDPFlood,257053,rf,xgboost,73,97.26027397260275,0.9332113449222323,not applicable
8,seed155921,UDPFlood,282427,hybrid,mlp,73,72.6027397260274,0.0,72.6027397260274
8,seed155921,UDPFlood,282427,hybrid,rf,73,97.26027397260275,0.9332113449222323,97.26027397260275
8,seed155921,UDPFlood,282427,hybrid,xgboost,73,100.0,1.0,100.0
8,seed155921,UDPFlood,282427,mlp,rf,73,69.86301369863014,0.0,not applicable
8,seed155921,UDPFlood,282427,mlp,xgboost,73,72.6027397260274,0.0,not applicable
8,seed155921,UDPFlood,282427,rf,xgboost,73,97.26027397260275,0.9332113449222323,not applicable
8,seed155921,UDPFlood,307759,hybrid,mlp,73,100.0,1.0,100.0
8,seed155921,UDPFlood,307759,hybrid,rf,73,97.26027397260275,0.9332113449222323,97.26027397260275
8,seed155921,UDPFlood,307759,hybrid,xgboost,73,100.0,1.0,100.0
8,seed155921,UDPFlood,307759,mlp,rf,73,97.26027397260275,0.9332113449222323,not applicable
8,seed155921,UDPFlood,307759,mlp,xgboost,73,100.0,1.0,not applicable
8,seed155921,UDPFlood,307759,rf,xgboost,73,97.26027397260275,0.9332113449222323,not applicable
8,seed155921,UDPFlood,333019,hybrid,mlp,73,71.23287671232876,0.0,71.23287671232876
8,seed155921,UDPFlood,333019,hybrid,rf,73,98.63013698630137,0.9670428893905192,98.63013698630137
8,seed155921,UDPFlood,333019,hybrid,xgboost,73,100.0,1.0,100.0
8,seed155921,UDPFlood,333019,mlp,rf,73,69.86301369863014,0.0,not applicable
8,seed155921,UDPFlood,333019,mlp,xgboost,73,71.23287671232876,0.0,not applicable
8,seed155921,UDPFlood,333019,rf,xgboost,73,98.63013698630137,0.9670428893905192,not applicable
8,seed181081,DNSAmplification,104729,hybrid,mlp,60,100.0,1.0,100.0
8,seed181081,DNSAmplification,104729,hybrid,rf,60,83.33333333333334,0.0,83.33333333333334
8,seed181081,DNSAmplification,104729,hybrid,xgboost,60,100.0,1.0,100.0
8,seed181081,DNSAmplification,104729,mlp,rf,60,83.33333333333334,0.0,not applicable
8,seed181081,DNSAmplification,104729,mlp,xgboost,60,100.0,1.0,not applicable
8,seed181081,DNSAmplification,104729,rf,xgboost,60,83.33333333333334,0.0,not applicable
8,seed181081,DNSAmplification,130363,hybrid,mlp,60,100.0,1.0,100.0
8,seed181081,DNSAmplification,130363,hybrid,rf,60,100.0,1.0,100.0
8,seed181081,DNSAmplification,130363,hybrid,xgboost,60,100.0,1.0,100.0
8,seed181081,DNSAmplification,130363,mlp,rf,60,100.0,1.0,not applicable
8,seed181081,DNSAmplification,130363,mlp,xgboost,60,100.0,1.0,not applicable
8,seed181081,DNSAmplification,130363,rf,xgboost,60,100.0,1.0,not applicable
8,seed181081,DNSAmplification,155921,hybrid,mlp,60,26.666666666666668,0.04347826086956519,26.666666666666668
8,seed181081,DNSAmplification,155921,hybrid,rf,60,100.0,1.0,100.0
8,seed181081,DNSAmplification,155921,hybrid,xgboost,60,100.0,1.0,100.0
8,seed181081,DNSAmplification,155921,mlp,rf,60,26.666666666666668,0.04347826086956519,not applicable
8,seed181081,DNSAmplification,155921,mlp,xgboost,60,26.666666666666668,0.04347826086956519,not applicable
8,seed181081,DNSAmplification,155921,rf,xgboost,60,100.0,1.0,not applicable
8,seed181081,DNSAmplification,181081,hybrid,mlp,60,85.0,0.0,85.0
8,seed181081,DNSAmplification,181081,hybrid,rf,60,100.0,1.0,100.0
8,seed181081,DNSAmplification,181081,hybrid,xgboost,60,98.33333333333333,0.9375,98.33333333333333
8,seed181081,DNSAmplification,181081,mlp,rf,60,85.0,0.0,not applicable
8,seed181081,DNSAmplification,181081,mlp,xgboost,60,83.33333333333334,0.0,not applicable
8,seed181081,DNSAmplification,181081,rf,xgboost,60,98.33333333333333,0.9375,not applicable
8,seed181081,DNSAmplification,206369,hybrid,mlp,60,16.666666666666664,0.0,16.666666666666664
8,seed181081,DNSAmplification,206369,hybrid,rf,60,100.0,1.0,100.0
8,seed181081,DNSAmplification,206369,hybrid,xgboost,60,100.0,1.0,100.0
8,seed181081,DNSAmplification,206369,mlp,rf,60,16.666666666666664,0.0,not applicable
8,seed181081,DNSAmplification,206369,mlp,xgboost,60,16.666666666666664,0.0,not applicable
8,seed181081,DNSAmplification,206369,rf,xgboost,60,100.0,1.0,not applicable
8,seed181081,DNSAmplification,231701,hybrid,mlp,60,100.0,1.0,100.0
8,seed181081,DNSAmplification,231701,hybrid,rf,60,96.66666666666667,0.8695652173913043,96.66666666666667
8,seed181081,DNSAmplification,231701,hybrid,xgboost,60,100.0,1.0,100.0
8,seed181081,DNSAmplification,231701,mlp,rf,60,96.66666666666667,0.8695652173913043,not applicable
8,seed181081,DNSAmplification,231701,mlp,xgboost,60,100.0,1.0,not applicable
8,seed181081,DNSAmplification,231701,rf,xgboost,60,96.66666666666667,0.8695652173913043,not applicable
8,seed181081,DNSAmplification,257053,hybrid,mlp,60,100.0,1.0,100.0
8,seed181081,DNSAmplification,257053,hybrid,rf,60,100.0,1.0,100.0
8,seed181081,DNSAmplification,257053,hybrid,xgboost,60,100.0,1.0,100.0
8,seed181081,DNSAmplification,257053,mlp,rf,60,100.0,1.0,not applicable
8,seed181081,DNSAmplification,257053,mlp,xgboost,60,100.0,1.0,not applicable
8,seed181081,DNSAmplification,257053,rf,xgboost,60,100.0,1.0,not applicable
8,seed181081,DNSAmplification,282427,hybrid,mlp,60,83.33333333333334,0.0,83.33333333333334
8,seed181081,DNSAmplification,282427,hybrid,rf,60,100.0,1.0,100.0
8,seed181081,DNSAmplification,282427,hybrid,xgboost,60,100.0,1.0,100.0
8,seed181081,DNSAmplification,282427,mlp,rf,60,83.33333333333334,0.0,not applicable
8,seed181081,DNSAmplification,282427,mlp,xgboost,60,83.33333333333334,0.0,not applicable
8,seed181081,DNSAmplification,282427,rf,xgboost,60,100.0,1.0,not applicable
8,seed181081,DNSAmplification,307759,hybrid,mlp,60,100.0,1.0,100.0
8,seed181081,DNSAmplification,307759,hybrid,rf,60,100.0,1.0,100.0
8,seed181081,DNSAmplification,307759,hybrid,xgboost,60,100.0,1.0,100.0
8,seed181081,DNSAmplification,307759,mlp,rf,60,100.0,1.0,not applicable
8,seed181081,DNSAmplification,307759,mlp,xgboost,60,100.0,1.0,not applicable
8,seed181081,DNSAmplification,307759,rf,xgboost,60,100.0,1.0,not applicable
8,seed181081,DNSAmplification,333019,hybrid,mlp,60,83.33333333333334,0.0,83.33333333333334
8,seed181081,DNSAmplification,333019,hybrid,rf,60,100.0,1.0,100.0
8,seed181081,DNSAmplification,333019,hybrid,xgboost,60,100.0,1.0,100.0
8,seed181081,DNSAmplification,333019,mlp,rf,60,83.33333333333334,0.0,not applicable
8,seed181081,DNSAmplification,333019,mlp,xgboost,60,83.33333333333334,0.0,not applicable
8,seed181081,DNSAmplification,333019,rf,xgboost,60,100.0,1.0,not applicable
8,seed181081,Normal,104729,hybrid,mlp,50,100.0,not estimable,100.0
8,seed181081,Normal,104729,hybrid,rf,50,100.0,not estimable,100.0
8,seed181081,Normal,104729,hybrid,xgboost,50,100.0,not estimable,100.0
8,seed181081,Normal,104729,mlp,rf,50,100.0,not estimable,not applicable
8,seed181081,Normal,104729,mlp,xgboost,50,100.0,not estimable,not applicable
8,seed181081,Normal,104729,rf,xgboost,50,100.0,not estimable,not applicable
8,seed181081,Normal,130363,hybrid,mlp,50,100.0,not estimable,100.0
8,seed181081,Normal,130363,hybrid,rf,50,100.0,not estimable,100.0
8,seed181081,Normal,130363,hybrid,xgboost,50,100.0,not estimable,100.0
8,seed181081,Normal,130363,mlp,rf,50,100.0,not estimable,not applicable
8,seed181081,Normal,130363,mlp,xgboost,50,100.0,not estimable,not applicable
8,seed181081,Normal,130363,rf,xgboost,50,100.0,not estimable,not applicable
8,seed181081,Normal,155921,hybrid,mlp,50,16.0,0.0,16.0
8,seed181081,Normal,155921,hybrid,rf,50,100.0,not estimable,100.0
8,seed181081,Normal,155921,hybrid,xgboost,50,100.0,not estimable,100.0
8,seed181081,Normal,155921,mlp,rf,50,16.0,0.0,not applicable
8,seed181081,Normal,155921,mlp,xgboost,50,16.0,0.0,not applicable
8,seed181081,Normal,155921,rf,xgboost,50,100.0,not estimable,not applicable
8,seed181081,Normal,181081,hybrid,mlp,50,100.0,not estimable,100.0
8,seed181081,Normal,181081,hybrid,rf,50,100.0,not estimable,100.0
8,seed181081,Normal,181081,hybrid,xgboost,50,100.0,not estimable,100.0
8,seed181081,Normal,181081,mlp,rf,50,100.0,not estimable,not applicable
8,seed181081,Normal,181081,mlp,xgboost,50,100.0,not estimable,not applicable
8,seed181081,Normal,181081,rf,xgboost,50,100.0,not estimable,not applicable
8,seed181081,Normal,206369,hybrid,mlp,50,0.0,0.0,0.0
8,seed181081,Normal,206369,hybrid,rf,50,100.0,not estimable,100.0
8,seed181081,Normal,206369,hybrid,xgboost,50,100.0,not estimable,100.0
8,seed181081,Normal,206369,mlp,rf,50,0.0,0.0,not applicable
8,seed181081,Normal,206369,mlp,xgboost,50,0.0,0.0,not applicable
8,seed181081,Normal,206369,rf,xgboost,50,100.0,not estimable,not applicable
8,seed181081,Normal,231701,hybrid,mlp,50,100.0,not estimable,100.0
8,seed181081,Normal,231701,hybrid,rf,50,100.0,not estimable,100.0
8,seed181081,Normal,231701,hybrid,xgboost,50,100.0,not estimable,100.0
8,seed181081,Normal,231701,mlp,rf,50,100.0,not estimable,not applicable
8,seed181081,Normal,231701,mlp,xgboost,50,100.0,not estimable,not applicable
8,seed181081,Normal,231701,rf,xgboost,50,100.0,not estimable,not applicable
8,seed181081,Normal,257053,hybrid,mlp,50,100.0,not estimable,100.0
8,seed181081,Normal,257053,hybrid,rf,50,100.0,not estimable,100.0
8,seed181081,Normal,257053,hybrid,xgboost,50,100.0,not estimable,100.0
8,seed181081,Normal,257053,mlp,rf,50,100.0,not estimable,not applicable
8,seed181081,Normal,257053,mlp,xgboost,50,100.0,not estimable,not applicable
8,seed181081,Normal,257053,rf,xgboost,50,100.0,not estimable,not applicable
8,seed181081,Normal,282427,hybrid,mlp,50,100.0,not estimable,100.0
8,seed181081,Normal,282427,hybrid,rf,50,100.0,not estimable,100.0
8,seed181081,Normal,282427,hybrid,xgboost,50,100.0,not estimable,100.0
8,seed181081,Normal,282427,mlp,rf,50,100.0,not estimable,not applicable
8,seed181081,Normal,282427,mlp,xgboost,50,100.0,not estimable,not applicable
8,seed181081,Normal,282427,rf,xgboost,50,100.0,not estimable,not applicable
8,seed181081,Normal,307759,hybrid,mlp,50,100.0,not estimable,100.0
8,seed181081,Normal,307759,hybrid,rf,50,100.0,not estimable,100.0
8,seed181081,Normal,307759,hybrid,xgboost,50,100.0,not estimable,100.0
8,seed181081,Normal,307759,mlp,rf,50,100.0,not estimable,not applicable
8,seed181081,Normal,307759,mlp,xgboost,50,100.0,not estimable,not applicable
8,seed181081,Normal,307759,rf,xgboost,50,100.0,not estimable,not applicable
8,seed181081,Normal,333019,hybrid,mlp,50,100.0,not estimable,100.0
8,seed181081,Normal,333019,hybrid,rf,50,100.0,not estimable,100.0
8,seed181081,Normal,333019,hybrid,xgboost,50,100.0,not estimable,100.0
8,seed181081,Normal,333019,mlp,rf,50,100.0,not estimable,not applicable
8,seed181081,Normal,333019,mlp,xgboost,50,100.0,not estimable,not applicable
8,seed181081,Normal,333019,rf,xgboost,50,100.0,not estimable,not applicable
8,seed181081,SYNFlood,104729,hybrid,mlp,850,100.0,not estimable,100.0
8,seed181081,SYNFlood,104729,hybrid,rf,850,100.0,not estimable,100.0
8,seed181081,SYNFlood,104729,hybrid,xgboost,850,100.0,not estimable,100.0
8,seed181081,SYNFlood,104729,mlp,rf,850,100.0,not estimable,not applicable
8,seed181081,SYNFlood,104729,mlp,xgboost,850,100.0,not estimable,not applicable
8,seed181081,SYNFlood,104729,rf,xgboost,850,100.0,not estimable,not applicable
8,seed181081,SYNFlood,130363,hybrid,mlp,850,100.0,not estimable,100.0
8,seed181081,SYNFlood,130363,hybrid,rf,850,100.0,not estimable,100.0
8,seed181081,SYNFlood,130363,hybrid,xgboost,850,100.0,not estimable,100.0
8,seed181081,SYNFlood,130363,mlp,rf,850,100.0,not estimable,not applicable
8,seed181081,SYNFlood,130363,mlp,xgboost,850,100.0,not estimable,not applicable
8,seed181081,SYNFlood,130363,rf,xgboost,850,100.0,not estimable,not applicable
8,seed181081,SYNFlood,155921,hybrid,mlp,850,95.76470588235294,0.0,95.76470588235294
8,seed181081,SYNFlood,155921,hybrid,rf,850,100.0,not estimable,100.0
8,seed181081,SYNFlood,155921,hybrid,xgboost,850,100.0,not estimable,100.0
8,seed181081,SYNFlood,155921,mlp,rf,850,95.76470588235294,0.0,not applicable
8,seed181081,SYNFlood,155921,mlp,xgboost,850,95.76470588235294,0.0,not applicable
8,seed181081,SYNFlood,155921,rf,xgboost,850,100.0,not estimable,not applicable
8,seed181081,SYNFlood,181081,hybrid,mlp,850,100.0,not estimable,100.0
8,seed181081,SYNFlood,181081,hybrid,rf,850,100.0,not estimable,100.0
8,seed181081,SYNFlood,181081,hybrid,xgboost,850,100.0,not estimable,100.0
8,seed181081,SYNFlood,181081,mlp,rf,850,100.0,not estimable,not applicable
8,seed181081,SYNFlood,181081,mlp,xgboost,850,100.0,not estimable,not applicable
8,seed181081,SYNFlood,181081,rf,xgboost,850,100.0,not estimable,not applicable
8,seed181081,SYNFlood,206369,hybrid,mlp,850,94.11764705882352,0.0,94.11764705882352
8,seed181081,SYNFlood,206369,hybrid,rf,850,100.0,not estimable,100.0
8,seed181081,SYNFlood,206369,hybrid,xgboost,850,100.0,not estimable,100.0
8,seed181081,SYNFlood,206369,mlp,rf,850,94.11764705882352,0.0,not applicable
8,seed181081,SYNFlood,206369,mlp,xgboost,850,94.11764705882352,0.0,not applicable
8,seed181081,SYNFlood,206369,rf,xgboost,850,100.0,not estimable,not applicable
8,seed181081,SYNFlood,231701,hybrid,mlp,850,100.0,not estimable,100.0
8,seed181081,SYNFlood,231701,hybrid,rf,850,100.0,not estimable,100.0
8,seed181081,SYNFlood,231701,hybrid,xgboost,850,100.0,not estimable,100.0
8,seed181081,SYNFlood,231701,mlp,rf,850,100.0,not estimable,not applicable
8,seed181081,SYNFlood,231701,mlp,xgboost,850,100.0,not estimable,not applicable
8,seed181081,SYNFlood,231701,rf,xgboost,850,100.0,not estimable,not applicable
8,seed181081,SYNFlood,257053,hybrid,mlp,850,100.0,not estimable,100.0
8,seed181081,SYNFlood,257053,hybrid,rf,850,100.0,not estimable,100.0
8,seed181081,SYNFlood,257053,hybrid,xgboost,850,100.0,not estimable,100.0
8,seed181081,SYNFlood,257053,mlp,rf,850,100.0,not estimable,not applicable
8,seed181081,SYNFlood,257053,mlp,xgboost,850,100.0,not estimable,not applicable
8,seed181081,SYNFlood,257053,rf,xgboost,850,100.0,not estimable,not applicable
8,seed181081,SYNFlood,282427,hybrid,mlp,850,100.0,not estimable,100.0
8,seed181081,SYNFlood,282427,hybrid,rf,850,100.0,not estimable,100.0
8,seed181081,SYNFlood,282427,hybrid,xgboost,850,100.0,not estimable,100.0
8,seed181081,SYNFlood,282427,mlp,rf,850,100.0,not estimable,not applicable
8,seed181081,SYNFlood,282427,mlp,xgboost,850,100.0,not estimable,not applicable
8,seed181081,SYNFlood,282427,rf,xgboost,850,100.0,not estimable,not applicable
8,seed181081,SYNFlood,307759,hybrid,mlp,850,100.0,not estimable,100.0
8,seed181081,SYNFlood,307759,hybrid,rf,850,100.0,not estimable,100.0
8,seed181081,SYNFlood,307759,hybrid,xgboost,850,100.0,not estimable,100.0
8,seed181081,SYNFlood,307759,mlp,rf,850,100.0,not estimable,not applicable
8,seed181081,SYNFlood,307759,mlp,xgboost,850,100.0,not estimable,not applicable
8,seed181081,SYNFlood,307759,rf,xgboost,850,100.0,not estimable,not applicable
8,seed181081,SYNFlood,333019,hybrid,mlp,850,100.0,not estimable,100.0
8,seed181081,SYNFlood,333019,hybrid,rf,850,100.0,not estimable,100.0
8,seed181081,SYNFlood,333019,hybrid,xgboost,850,100.0,not estimable,100.0
8,seed181081,SYNFlood,333019,mlp,rf,850,100.0,not estimable,not applicable
8,seed181081,SYNFlood,333019,mlp,xgboost,850,100.0,not estimable,not applicable
8,seed181081,SYNFlood,333019,rf,xgboost,850,100.0,not estimable,not applicable
8,seed181081,UDPFlood,104729,hybrid,mlp,70,100.0,1.0,100.0
8,seed181081,UDPFlood,104729,hybrid,rf,70,77.14285714285715,0.26315789473684215,77.14285714285715
8,seed181081,UDPFlood,104729,hybrid,xgboost,70,100.0,1.0,100.0
8,seed181081,UDPFlood,104729,mlp,rf,70,77.14285714285715,0.26315789473684215,not applicable
8,seed181081,UDPFlood,104729,mlp,xgboost,70,100.0,1.0,not applicable
8,seed181081,UDPFlood,104729,rf,xgboost,70,77.14285714285715,0.26315789473684215,not applicable
8,seed181081,UDPFlood,130363,hybrid,mlp,70,98.57142857142858,0.9644670050761421,98.57142857142858
8,seed181081,UDPFlood,130363,hybrid,rf,70,100.0,1.0,100.0
8,seed181081,UDPFlood,130363,hybrid,xgboost,70,100.0,1.0,100.0
8,seed181081,UDPFlood,130363,mlp,rf,70,98.57142857142858,0.9644670050761421,not applicable
8,seed181081,UDPFlood,130363,mlp,xgboost,70,98.57142857142858,0.9644670050761421,not applicable
8,seed181081,UDPFlood,130363,rf,xgboost,70,100.0,1.0,not applicable
8,seed181081,UDPFlood,155921,hybrid,mlp,70,100.0,1.0,100.0
8,seed181081,UDPFlood,155921,hybrid,rf,70,100.0,1.0,100.0
8,seed181081,UDPFlood,155921,hybrid,xgboost,70,100.0,1.0,100.0
8,seed181081,UDPFlood,155921,mlp,rf,70,100.0,1.0,not applicable
8,seed181081,UDPFlood,155921,mlp,xgboost,70,100.0,1.0,not applicable
8,seed181081,UDPFlood,155921,rf,xgboost,70,100.0,1.0,not applicable
8,seed181081,UDPFlood,181081,hybrid,mlp,70,71.42857142857143,0.0,71.42857142857143
8,seed181081,UDPFlood,181081,hybrid,rf,70,100.0,1.0,100.0
8,seed181081,UDPFlood,181081,hybrid,xgboost,70,100.0,1.0,100.0
8,seed181081,UDPFlood,181081,mlp,rf,70,71.42857142857143,0.0,not applicable
8,seed181081,UDPFlood,181081,mlp,xgboost,70,71.42857142857143,0.0,not applicable
8,seed181081,UDPFlood,181081,rf,xgboost,70,100.0,1.0,not applicable
8,seed181081,UDPFlood,206369,hybrid,mlp,70,28.57142857142857,0.0,28.57142857142857
8,seed181081,UDPFlood,206369,hybrid,rf,70,100.0,1.0,100.0
8,seed181081,UDPFlood,206369,hybrid,xgboost,70,100.0,1.0,100.0
8,seed181081,UDPFlood,206369,mlp,rf,70,28.57142857142857,0.0,not applicable
8,seed181081,UDPFlood,206369,mlp,xgboost,70,28.57142857142857,0.0,not applicable
8,seed181081,UDPFlood,206369,rf,xgboost,70,100.0,1.0,not applicable
8,seed181081,UDPFlood,231701,hybrid,mlp,70,100.0,1.0,100.0
8,seed181081,UDPFlood,231701,hybrid,rf,70,100.0,1.0,100.0
8,seed181081,UDPFlood,231701,hybrid,xgboost,70,100.0,1.0,100.0
8,seed181081,UDPFlood,231701,mlp,rf,70,100.0,1.0,not applicable
8,seed181081,UDPFlood,231701,mlp,xgboost,70,100.0,1.0,not applicable
8,seed181081,UDPFlood,231701,rf,xgboost,70,100.0,1.0,not applicable
8,seed181081,UDPFlood,257053,hybrid,mlp,70,100.0,1.0,100.0
8,seed181081,UDPFlood,257053,hybrid,rf,70,100.0,1.0,100.0
8,seed181081,UDPFlood,257053,hybrid,xgboost,70,100.0,1.0,100.0
8,seed181081,UDPFlood,257053,mlp,rf,70,100.0,1.0,not applicable
8,seed181081,UDPFlood,257053,mlp,xgboost,70,100.0,1.0,not applicable
8,seed181081,UDPFlood,257053,rf,xgboost,70,100.0,1.0,not applicable
8,seed181081,UDPFlood,282427,hybrid,mlp,70,71.42857142857143,0.0,71.42857142857143
8,seed181081,UDPFlood,282427,hybrid,rf,70,100.0,1.0,100.0
8,seed181081,UDPFlood,282427,hybrid,xgboost,70,100.0,1.0,100.0
8,seed181081,UDPFlood,282427,mlp,rf,70,71.42857142857143,0.0,not applicable
8,seed181081,UDPFlood,282427,mlp,xgboost,70,71.42857142857143,0.0,not applicable
8,seed181081,UDPFlood,282427,rf,xgboost,70,100.0,1.0,not applicable
8,seed181081,UDPFlood,307759,hybrid,mlp,70,100.0,1.0,100.0
8,seed181081,UDPFlood,307759,hybrid,rf,70,100.0,1.0,100.0
8,seed181081,UDPFlood,307759,hybrid,xgboost,70,100.0,1.0,100.0
8,seed181081,UDPFlood,307759,mlp,rf,70,100.0,1.0,not applicable
8,seed181081,UDPFlood,307759,mlp,xgboost,70,100.0,1.0,not applicable
8,seed181081,UDPFlood,307759,rf,xgboost,70,100.0,1.0,not applicable
8,seed181081,UDPFlood,333019,hybrid,mlp,70,71.42857142857143,0.0,71.42857142857143
8,seed181081,UDPFlood,333019,hybrid,rf,70,100.0,1.0,100.0
8,seed181081,UDPFlood,333019,hybrid,xgboost,70,100.0,1.0,100.0
8,seed181081,UDPFlood,333019,mlp,rf,70,71.42857142857143,0.0,not applicable
8,seed181081,UDPFlood,333019,mlp,xgboost,70,71.42857142857143,0.0,not applicable
8,seed181081,UDPFlood,333019,rf,xgboost,70,100.0,1.0,not applicable
8,seed206369,DNSAmplification,104729,hybrid,mlp,60,100.0,1.0,100.0
8,seed206369,DNSAmplification,104729,hybrid,rf,60,83.33333333333334,0.0,83.33333333333334
8,seed206369,DNSAmplification,104729,hybrid,xgboost,60,100.0,1.0,100.0
8,seed206369,DNSAmplification,104729,mlp,rf,60,83.33333333333334,0.0,not applicable
8,seed206369,DNSAmplification,104729,mlp,xgboost,60,100.0,1.0,not applicable
8,seed206369,DNSAmplification,104729,rf,xgboost,60,83.33333333333334,0.0,not applicable
8,seed206369,DNSAmplification,130363,hybrid,mlp,60,100.0,1.0,100.0
8,seed206369,DNSAmplification,130363,hybrid,rf,60,100.0,1.0,100.0
8,seed206369,DNSAmplification,130363,hybrid,xgboost,60,100.0,1.0,100.0
8,seed206369,DNSAmplification,130363,mlp,rf,60,100.0,1.0,not applicable
8,seed206369,DNSAmplification,130363,mlp,xgboost,60,100.0,1.0,not applicable
8,seed206369,DNSAmplification,130363,rf,xgboost,60,100.0,1.0,not applicable
8,seed206369,DNSAmplification,155921,hybrid,mlp,60,28.333333333333332,0.051470588235294046,28.333333333333332
8,seed206369,DNSAmplification,155921,hybrid,rf,60,100.0,1.0,100.0
8,seed206369,DNSAmplification,155921,hybrid,xgboost,60,100.0,1.0,100.0
8,seed206369,DNSAmplification,155921,mlp,rf,60,28.333333333333332,0.051470588235294046,not applicable
8,seed206369,DNSAmplification,155921,mlp,xgboost,60,28.333333333333332,0.051470588235294046,not applicable
8,seed206369,DNSAmplification,155921,rf,xgboost,60,100.0,1.0,not applicable
8,seed206369,DNSAmplification,181081,hybrid,mlp,60,85.0,0.0,85.0
8,seed206369,DNSAmplification,181081,hybrid,rf,60,100.0,1.0,100.0
8,seed206369,DNSAmplification,181081,hybrid,xgboost,60,98.33333333333333,0.9375,98.33333333333333
8,seed206369,DNSAmplification,181081,mlp,rf,60,85.0,0.0,not applicable
8,seed206369,DNSAmplification,181081,mlp,xgboost,60,83.33333333333334,0.0,not applicable
8,seed206369,DNSAmplification,181081,rf,xgboost,60,98.33333333333333,0.9375,not applicable
8,seed206369,DNSAmplification,206369,hybrid,mlp,60,16.666666666666664,0.0,16.666666666666664
8,seed206369,DNSAmplification,206369,hybrid,rf,60,100.0,1.0,100.0
8,seed206369,DNSAmplification,206369,hybrid,xgboost,60,100.0,1.0,100.0
8,seed206369,DNSAmplification,206369,mlp,rf,60,16.666666666666664,0.0,not applicable
8,seed206369,DNSAmplification,206369,mlp,xgboost,60,16.666666666666664,0.0,not applicable
8,seed206369,DNSAmplification,206369,rf,xgboost,60,100.0,1.0,not applicable
8,seed206369,DNSAmplification,231701,hybrid,mlp,60,100.0,1.0,100.0
8,seed206369,DNSAmplification,231701,hybrid,rf,60,93.33333333333333,0.7142857142857143,93.33333333333333
8,seed206369,DNSAmplification,231701,hybrid,xgboost,60,100.0,1.0,100.0
8,seed206369,DNSAmplification,231701,mlp,rf,60,93.33333333333333,0.7142857142857143,not applicable
8,seed206369,DNSAmplification,231701,mlp,xgboost,60,100.0,1.0,not applicable
8,seed206369,DNSAmplification,231701,rf,xgboost,60,93.33333333333333,0.7142857142857143,not applicable
8,seed206369,DNSAmplification,257053,hybrid,mlp,60,100.0,1.0,100.0
8,seed206369,DNSAmplification,257053,hybrid,rf,60,100.0,1.0,100.0
8,seed206369,DNSAmplification,257053,hybrid,xgboost,60,100.0,1.0,100.0
8,seed206369,DNSAmplification,257053,mlp,rf,60,100.0,1.0,not applicable
8,seed206369,DNSAmplification,257053,mlp,xgboost,60,100.0,1.0,not applicable
8,seed206369,DNSAmplification,257053,rf,xgboost,60,100.0,1.0,not applicable
8,seed206369,DNSAmplification,282427,hybrid,mlp,60,83.33333333333334,0.0,83.33333333333334
8,seed206369,DNSAmplification,282427,hybrid,rf,60,100.0,1.0,100.0
8,seed206369,DNSAmplification,282427,hybrid,xgboost,60,100.0,1.0,100.0
8,seed206369,DNSAmplification,282427,mlp,rf,60,83.33333333333334,0.0,not applicable
8,seed206369,DNSAmplification,282427,mlp,xgboost,60,83.33333333333334,0.0,not applicable
8,seed206369,DNSAmplification,282427,rf,xgboost,60,100.0,1.0,not applicable
8,seed206369,DNSAmplification,307759,hybrid,mlp,60,100.0,1.0,100.0
8,seed206369,DNSAmplification,307759,hybrid,rf,60,100.0,1.0,100.0
8,seed206369,DNSAmplification,307759,hybrid,xgboost,60,100.0,1.0,100.0
8,seed206369,DNSAmplification,307759,mlp,rf,60,100.0,1.0,not applicable
8,seed206369,DNSAmplification,307759,mlp,xgboost,60,100.0,1.0,not applicable
8,seed206369,DNSAmplification,307759,rf,xgboost,60,100.0,1.0,not applicable
8,seed206369,DNSAmplification,333019,hybrid,mlp,60,83.33333333333334,0.0,83.33333333333334
8,seed206369,DNSAmplification,333019,hybrid,rf,60,100.0,1.0,100.0
8,seed206369,DNSAmplification,333019,hybrid,xgboost,60,100.0,1.0,100.0
8,seed206369,DNSAmplification,333019,mlp,rf,60,83.33333333333334,0.0,not applicable
8,seed206369,DNSAmplification,333019,mlp,xgboost,60,83.33333333333334,0.0,not applicable
8,seed206369,DNSAmplification,333019,rf,xgboost,60,100.0,1.0,not applicable
8,seed206369,Normal,104729,hybrid,mlp,50,100.0,not estimable,100.0
8,seed206369,Normal,104729,hybrid,rf,50,100.0,not estimable,100.0
8,seed206369,Normal,104729,hybrid,xgboost,50,100.0,not estimable,100.0
8,seed206369,Normal,104729,mlp,rf,50,100.0,not estimable,not applicable
8,seed206369,Normal,104729,mlp,xgboost,50,100.0,not estimable,not applicable
8,seed206369,Normal,104729,rf,xgboost,50,100.0,not estimable,not applicable
8,seed206369,Normal,130363,hybrid,mlp,50,100.0,not estimable,100.0
8,seed206369,Normal,130363,hybrid,rf,50,100.0,not estimable,100.0
8,seed206369,Normal,130363,hybrid,xgboost,50,100.0,not estimable,100.0
8,seed206369,Normal,130363,mlp,rf,50,100.0,not estimable,not applicable
8,seed206369,Normal,130363,mlp,xgboost,50,100.0,not estimable,not applicable
8,seed206369,Normal,130363,rf,xgboost,50,100.0,not estimable,not applicable
8,seed206369,Normal,155921,hybrid,mlp,50,26.0,0.0,26.0
8,seed206369,Normal,155921,hybrid,rf,50,100.0,not estimable,100.0
8,seed206369,Normal,155921,hybrid,xgboost,50,100.0,not estimable,100.0
8,seed206369,Normal,155921,mlp,rf,50,26.0,0.0,not applicable
8,seed206369,Normal,155921,mlp,xgboost,50,26.0,0.0,not applicable
8,seed206369,Normal,155921,rf,xgboost,50,100.0,not estimable,not applicable
8,seed206369,Normal,181081,hybrid,mlp,50,100.0,not estimable,100.0
8,seed206369,Normal,181081,hybrid,rf,50,100.0,not estimable,100.0
8,seed206369,Normal,181081,hybrid,xgboost,50,100.0,not estimable,100.0
8,seed206369,Normal,181081,mlp,rf,50,100.0,not estimable,not applicable
8,seed206369,Normal,181081,mlp,xgboost,50,100.0,not estimable,not applicable
8,seed206369,Normal,181081,rf,xgboost,50,100.0,not estimable,not applicable
8,seed206369,Normal,206369,hybrid,mlp,50,0.0,0.0,0.0
8,seed206369,Normal,206369,hybrid,rf,50,100.0,not estimable,100.0
8,seed206369,Normal,206369,hybrid,xgboost,50,100.0,not estimable,100.0
8,seed206369,Normal,206369,mlp,rf,50,0.0,0.0,not applicable
8,seed206369,Normal,206369,mlp,xgboost,50,0.0,0.0,not applicable
8,seed206369,Normal,206369,rf,xgboost,50,100.0,not estimable,not applicable
8,seed206369,Normal,231701,hybrid,mlp,50,100.0,not estimable,100.0
8,seed206369,Normal,231701,hybrid,rf,50,100.0,not estimable,100.0
8,seed206369,Normal,231701,hybrid,xgboost,50,100.0,not estimable,100.0
8,seed206369,Normal,231701,mlp,rf,50,100.0,not estimable,not applicable
8,seed206369,Normal,231701,mlp,xgboost,50,100.0,not estimable,not applicable
8,seed206369,Normal,231701,rf,xgboost,50,100.0,not estimable,not applicable
8,seed206369,Normal,257053,hybrid,mlp,50,100.0,not estimable,100.0
8,seed206369,Normal,257053,hybrid,rf,50,100.0,not estimable,100.0
8,seed206369,Normal,257053,hybrid,xgboost,50,100.0,not estimable,100.0
8,seed206369,Normal,257053,mlp,rf,50,100.0,not estimable,not applicable
8,seed206369,Normal,257053,mlp,xgboost,50,100.0,not estimable,not applicable
8,seed206369,Normal,257053,rf,xgboost,50,100.0,not estimable,not applicable
8,seed206369,Normal,282427,hybrid,mlp,50,100.0,not estimable,100.0
8,seed206369,Normal,282427,hybrid,rf,50,100.0,not estimable,100.0
8,seed206369,Normal,282427,hybrid,xgboost,50,100.0,not estimable,100.0
8,seed206369,Normal,282427,mlp,rf,50,100.0,not estimable,not applicable
8,seed206369,Normal,282427,mlp,xgboost,50,100.0,not estimable,not applicable
8,seed206369,Normal,282427,rf,xgboost,50,100.0,not estimable,not applicable
8,seed206369,Normal,307759,hybrid,mlp,50,100.0,not estimable,100.0
8,seed206369,Normal,307759,hybrid,rf,50,100.0,not estimable,100.0
8,seed206369,Normal,307759,hybrid,xgboost,50,100.0,not estimable,100.0
8,seed206369,Normal,307759,mlp,rf,50,100.0,not estimable,not applicable
8,seed206369,Normal,307759,mlp,xgboost,50,100.0,not estimable,not applicable
8,seed206369,Normal,307759,rf,xgboost,50,100.0,not estimable,not applicable
8,seed206369,Normal,333019,hybrid,mlp,50,100.0,not estimable,100.0
8,seed206369,Normal,333019,hybrid,rf,50,100.0,not estimable,100.0
8,seed206369,Normal,333019,hybrid,xgboost,50,100.0,not estimable,100.0
8,seed206369,Normal,333019,mlp,rf,50,100.0,not estimable,not applicable
8,seed206369,Normal,333019,mlp,xgboost,50,100.0,not estimable,not applicable
8,seed206369,Normal,333019,rf,xgboost,50,100.0,not estimable,not applicable
8,seed206369,SYNFlood,104729,hybrid,mlp,850,100.0,not estimable,100.0
8,seed206369,SYNFlood,104729,hybrid,rf,850,100.0,not estimable,100.0
8,seed206369,SYNFlood,104729,hybrid,xgboost,850,100.0,not estimable,100.0
8,seed206369,SYNFlood,104729,mlp,rf,850,100.0,not estimable,not applicable
8,seed206369,SYNFlood,104729,mlp,xgboost,850,100.0,not estimable,not applicable
8,seed206369,SYNFlood,104729,rf,xgboost,850,100.0,not estimable,not applicable
8,seed206369,SYNFlood,130363,hybrid,mlp,850,100.0,not estimable,100.0
8,seed206369,SYNFlood,130363,hybrid,rf,850,100.0,not estimable,100.0
8,seed206369,SYNFlood,130363,hybrid,xgboost,850,100.0,not estimable,100.0
8,seed206369,SYNFlood,130363,mlp,rf,850,100.0,not estimable,not applicable
8,seed206369,SYNFlood,130363,mlp,xgboost,850,100.0,not estimable,not applicable
8,seed206369,SYNFlood,130363,rf,xgboost,850,100.0,not estimable,not applicable
8,seed206369,SYNFlood,155921,hybrid,mlp,850,95.88235294117648,0.0,95.88235294117648
8,seed206369,SYNFlood,155921,hybrid,rf,850,100.0,not estimable,100.0
8,seed206369,SYNFlood,155921,hybrid,xgboost,850,100.0,not estimable,100.0
8,seed206369,SYNFlood,155921,mlp,rf,850,95.88235294117648,0.0,not applicable
8,seed206369,SYNFlood,155921,mlp,xgboost,850,95.88235294117648,0.0,not applicable
8,seed206369,SYNFlood,155921,rf,xgboost,850,100.0,not estimable,not applicable
8,seed206369,SYNFlood,181081,hybrid,mlp,850,100.0,not estimable,100.0
8,seed206369,SYNFlood,181081,hybrid,rf,850,100.0,not estimable,100.0
8,seed206369,SYNFlood,181081,hybrid,xgboost,850,100.0,not estimable,100.0
8,seed206369,SYNFlood,181081,mlp,rf,850,100.0,not estimable,not applicable
8,seed206369,SYNFlood,181081,mlp,xgboost,850,100.0,not estimable,not applicable
8,seed206369,SYNFlood,181081,rf,xgboost,850,100.0,not estimable,not applicable
8,seed206369,SYNFlood,206369,hybrid,mlp,850,94.11764705882352,0.0,94.11764705882352
8,seed206369,SYNFlood,206369,hybrid,rf,850,100.0,not estimable,100.0
8,seed206369,SYNFlood,206369,hybrid,xgboost,850,100.0,not estimable,100.0
8,seed206369,SYNFlood,206369,mlp,rf,850,94.11764705882352,0.0,not applicable
8,seed206369,SYNFlood,206369,mlp,xgboost,850,94.11764705882352,0.0,not applicable
8,seed206369,SYNFlood,206369,rf,xgboost,850,100.0,not estimable,not applicable
8,seed206369,SYNFlood,231701,hybrid,mlp,850,100.0,not estimable,100.0
8,seed206369,SYNFlood,231701,hybrid,rf,850,100.0,not estimable,100.0
8,seed206369,SYNFlood,231701,hybrid,xgboost,850,100.0,not estimable,100.0
8,seed206369,SYNFlood,231701,mlp,rf,850,100.0,not estimable,not applicable
8,seed206369,SYNFlood,231701,mlp,xgboost,850,100.0,not estimable,not applicable
8,seed206369,SYNFlood,231701,rf,xgboost,850,100.0,not estimable,not applicable
8,seed206369,SYNFlood,257053,hybrid,mlp,850,100.0,not estimable,100.0
8,seed206369,SYNFlood,257053,hybrid,rf,850,100.0,not estimable,100.0
8,seed206369,SYNFlood,257053,hybrid,xgboost,850,100.0,not estimable,100.0
8,seed206369,SYNFlood,257053,mlp,rf,850,100.0,not estimable,not applicable
8,seed206369,SYNFlood,257053,mlp,xgboost,850,100.0,not estimable,not applicable
8,seed206369,SYNFlood,257053,rf,xgboost,850,100.0,not estimable,not applicable
8,seed206369,SYNFlood,282427,hybrid,mlp,850,100.0,not estimable,100.0
8,seed206369,SYNFlood,282427,hybrid,rf,850,100.0,not estimable,100.0
8,seed206369,SYNFlood,282427,hybrid,xgboost,850,100.0,not estimable,100.0
8,seed206369,SYNFlood,282427,mlp,rf,850,100.0,not estimable,not applicable
8,seed206369,SYNFlood,282427,mlp,xgboost,850,100.0,not estimable,not applicable
8,seed206369,SYNFlood,282427,rf,xgboost,850,100.0,not estimable,not applicable
8,seed206369,SYNFlood,307759,hybrid,mlp,850,100.0,not estimable,100.0
8,seed206369,SYNFlood,307759,hybrid,rf,850,100.0,not estimable,100.0
8,seed206369,SYNFlood,307759,hybrid,xgboost,850,100.0,not estimable,100.0
8,seed206369,SYNFlood,307759,mlp,rf,850,100.0,not estimable,not applicable
8,seed206369,SYNFlood,307759,mlp,xgboost,850,100.0,not estimable,not applicable
8,seed206369,SYNFlood,307759,rf,xgboost,850,100.0,not estimable,not applicable
8,seed206369,SYNFlood,333019,hybrid,mlp,850,100.0,not estimable,100.0
8,seed206369,SYNFlood,333019,hybrid,rf,850,100.0,not estimable,100.0
8,seed206369,SYNFlood,333019,hybrid,xgboost,850,100.0,not estimable,100.0
8,seed206369,SYNFlood,333019,mlp,rf,850,100.0,not estimable,not applicable
8,seed206369,SYNFlood,333019,mlp,xgboost,850,100.0,not estimable,not applicable
8,seed206369,SYNFlood,333019,rf,xgboost,850,100.0,not estimable,not applicable
8,seed206369,UDPFlood,104729,hybrid,mlp,70,100.0,1.0,100.0
8,seed206369,UDPFlood,104729,hybrid,rf,70,81.42857142857143,0.4347826086956522,81.42857142857143
8,seed206369,UDPFlood,104729,hybrid,xgboost,70,100.0,1.0,100.0
8,seed206369,UDPFlood,104729,mlp,rf,70,81.42857142857143,0.4347826086956522,not applicable
8,seed206369,UDPFlood,104729,mlp,xgboost,70,100.0,1.0,not applicable
8,seed206369,UDPFlood,104729,rf,xgboost,70,81.42857142857143,0.4347826086956522,not applicable
8,seed206369,UDPFlood,130363,hybrid,mlp,70,100.0,1.0,100.0
8,seed206369,UDPFlood,130363,hybrid,rf,70,100.0,1.0,100.0
8,seed206369,UDPFlood,130363,hybrid,xgboost,70,100.0,1.0,100.0
8,seed206369,UDPFlood,130363,mlp,rf,70,100.0,1.0,not applicable
8,seed206369,UDPFlood,130363,mlp,xgboost,70,100.0,1.0,not applicable
8,seed206369,UDPFlood,130363,rf,xgboost,70,100.0,1.0,not applicable
8,seed206369,UDPFlood,155921,hybrid,mlp,70,100.0,1.0,100.0
8,seed206369,UDPFlood,155921,hybrid,rf,70,100.0,1.0,100.0
8,seed206369,UDPFlood,155921,hybrid,xgboost,70,100.0,1.0,100.0
8,seed206369,UDPFlood,155921,mlp,rf,70,100.0,1.0,not applicable
8,seed206369,UDPFlood,155921,mlp,xgboost,70,100.0,1.0,not applicable
8,seed206369,UDPFlood,155921,rf,xgboost,70,100.0,1.0,not applicable
8,seed206369,UDPFlood,181081,hybrid,mlp,70,71.42857142857143,0.0,71.42857142857143
8,seed206369,UDPFlood,181081,hybrid,rf,70,100.0,1.0,100.0
8,seed206369,UDPFlood,181081,hybrid,xgboost,70,100.0,1.0,100.0
8,seed206369,UDPFlood,181081,mlp,rf,70,71.42857142857143,0.0,not applicable
8,seed206369,UDPFlood,181081,mlp,xgboost,70,71.42857142857143,0.0,not applicable
8,seed206369,UDPFlood,181081,rf,xgboost,70,100.0,1.0,not applicable
8,seed206369,UDPFlood,206369,hybrid,mlp,70,28.57142857142857,0.0,28.57142857142857
8,seed206369,UDPFlood,206369,hybrid,rf,70,100.0,1.0,100.0
8,seed206369,UDPFlood,206369,hybrid,xgboost,70,100.0,1.0,100.0
8,seed206369,UDPFlood,206369,mlp,rf,70,28.57142857142857,0.0,not applicable
8,seed206369,UDPFlood,206369,mlp,xgboost,70,28.57142857142857,0.0,not applicable
8,seed206369,UDPFlood,206369,rf,xgboost,70,100.0,1.0,not applicable
8,seed206369,UDPFlood,231701,hybrid,mlp,70,100.0,1.0,100.0
8,seed206369,UDPFlood,231701,hybrid,rf,70,100.0,1.0,100.0
8,seed206369,UDPFlood,231701,hybrid,xgboost,70,100.0,1.0,100.0
8,seed206369,UDPFlood,231701,mlp,rf,70,100.0,1.0,not applicable
8,seed206369,UDPFlood,231701,mlp,xgboost,70,100.0,1.0,not applicable
8,seed206369,UDPFlood,231701,rf,xgboost,70,100.0,1.0,not applicable
8,seed206369,UDPFlood,257053,hybrid,mlp,70,100.0,1.0,100.0
8,seed206369,UDPFlood,257053,hybrid,rf,70,100.0,1.0,100.0
8,seed206369,UDPFlood,257053,hybrid,xgboost,70,100.0,1.0,100.0
8,seed206369,UDPFlood,257053,mlp,rf,70,100.0,1.0,not applicable
8,seed206369,UDPFlood,257053,mlp,xgboost,70,100.0,1.0,not applicable
8,seed206369,UDPFlood,257053,rf,xgboost,70,100.0,1.0,not applicable
8,seed206369,UDPFlood,282427,hybrid,mlp,70,71.42857142857143,0.0,71.42857142857143
8,seed206369,UDPFlood,282427,hybrid,rf,70,100.0,1.0,100.0
8,seed206369,UDPFlood,282427,hybrid,xgboost,70,100.0,1.0,100.0
8,seed206369,UDPFlood,282427,mlp,rf,70,71.42857142857143,0.0,not applicable
8,seed206369,UDPFlood,282427,mlp,xgboost,70,71.42857142857143,0.0,not applicable
8,seed206369,UDPFlood,282427,rf,xgboost,70,100.0,1.0,not applicable
8,seed206369,UDPFlood,307759,hybrid,mlp,70,100.0,1.0,100.0
8,seed206369,UDPFlood,307759,hybrid,rf,70,100.0,1.0,100.0
8,seed206369,UDPFlood,307759,hybrid,xgboost,70,100.0,1.0,100.0
8,seed206369,UDPFlood,307759,mlp,rf,70,100.0,1.0,not applicable
8,seed206369,UDPFlood,307759,mlp,xgboost,70,100.0,1.0,not applicable
8,seed206369,UDPFlood,307759,rf,xgboost,70,100.0,1.0,not applicable
8,seed206369,UDPFlood,333019,hybrid,mlp,70,71.42857142857143,0.0,71.42857142857143
8,seed206369,UDPFlood,333019,hybrid,rf,70,100.0,1.0,100.0
8,seed206369,UDPFlood,333019,hybrid,xgboost,70,100.0,1.0,100.0
8,seed206369,UDPFlood,333019,mlp,rf,70,71.42857142857143,0.0,not applicable
8,seed206369,UDPFlood,333019,mlp,xgboost,70,71.42857142857143,0.0,not applicable
8,seed206369,UDPFlood,333019,rf,xgboost,70,100.0,1.0,not applicable
8,seed231701,DNSAmplification,104729,hybrid,mlp,60,100.0,1.0,100.0
8,seed231701,DNSAmplification,104729,hybrid,rf,60,83.33333333333334,0.0,83.33333333333334
8,seed231701,DNSAmplification,104729,hybrid,xgboost,60,100.0,1.0,100.0
8,seed231701,DNSAmplification,104729,mlp,rf,60,83.33333333333334,0.0,not applicable
8,seed231701,DNSAmplification,104729,mlp,xgboost,60,100.0,1.0,not applicable
8,seed231701,DNSAmplification,104729,rf,xgboost,60,83.33333333333334,0.0,not applicable
8,seed231701,DNSAmplification,130363,hybrid,mlp,60,100.0,1.0,100.0
8,seed231701,DNSAmplification,130363,hybrid,rf,60,100.0,1.0,100.0
8,seed231701,DNSAmplification,130363,hybrid,xgboost,60,100.0,1.0,100.0
8,seed231701,DNSAmplification,130363,mlp,rf,60,100.0,1.0,not applicable
8,seed231701,DNSAmplification,130363,mlp,xgboost,60,100.0,1.0,not applicable
8,seed231701,DNSAmplification,130363,rf,xgboost,60,100.0,1.0,not applicable
8,seed231701,DNSAmplification,155921,hybrid,mlp,60,28.333333333333332,0.051470588235294046,28.333333333333332
8,seed231701,DNSAmplification,155921,hybrid,rf,60,100.0,1.0,100.0
8,seed231701,DNSAmplification,155921,hybrid,xgboost,60,100.0,1.0,100.0
8,seed231701,DNSAmplification,155921,mlp,rf,60,28.333333333333332,0.051470588235294046,not applicable
8,seed231701,DNSAmplification,155921,mlp,xgboost,60,28.333333333333332,0.051470588235294046,not applicable
8,seed231701,DNSAmplification,155921,rf,xgboost,60,100.0,1.0,not applicable
8,seed231701,DNSAmplification,181081,hybrid,mlp,60,83.33333333333334,0.0,83.33333333333334
8,seed231701,DNSAmplification,181081,hybrid,rf,60,100.0,1.0,100.0
8,seed231701,DNSAmplification,181081,hybrid,xgboost,60,100.0,1.0,100.0
8,seed231701,DNSAmplification,181081,mlp,rf,60,83.33333333333334,0.0,not applicable
8,seed231701,DNSAmplification,181081,mlp,xgboost,60,83.33333333333334,0.0,not applicable
8,seed231701,DNSAmplification,181081,rf,xgboost,60,100.0,1.0,not applicable
8,seed231701,DNSAmplification,206369,hybrid,mlp,60,16.666666666666664,0.0,16.666666666666664
8,seed231701,DNSAmplification,206369,hybrid,rf,60,100.0,1.0,100.0
8,seed231701,DNSAmplification,206369,hybrid,xgboost,60,100.0,1.0,100.0
8,seed231701,DNSAmplification,206369,mlp,rf,60,16.666666666666664,0.0,not applicable
8,seed231701,DNSAmplification,206369,mlp,xgboost,60,16.666666666666664,0.0,not applicable
8,seed231701,DNSAmplification,206369,rf,xgboost,60,100.0,1.0,not applicable
8,seed231701,DNSAmplification,231701,hybrid,mlp,60,100.0,1.0,100.0
8,seed231701,DNSAmplification,231701,hybrid,rf,60,90.0,0.5263157894736843,90.0
8,seed231701,DNSAmplification,231701,hybrid,xgboost,60,100.0,1.0,100.0
8,seed231701,DNSAmplification,231701,mlp,rf,60,90.0,0.5263157894736843,not applicable
8,seed231701,DNSAmplification,231701,mlp,xgboost,60,100.0,1.0,not applicable
8,seed231701,DNSAmplification,231701,rf,xgboost,60,90.0,0.5263157894736843,not applicable
8,seed231701,DNSAmplification,257053,hybrid,mlp,60,100.0,1.0,100.0
8,seed231701,DNSAmplification,257053,hybrid,rf,60,100.0,1.0,100.0
8,seed231701,DNSAmplification,257053,hybrid,xgboost,60,100.0,1.0,100.0
8,seed231701,DNSAmplification,257053,mlp,rf,60,100.0,1.0,not applicable
8,seed231701,DNSAmplification,257053,mlp,xgboost,60,100.0,1.0,not applicable
8,seed231701,DNSAmplification,257053,rf,xgboost,60,100.0,1.0,not applicable
8,seed231701,DNSAmplification,282427,hybrid,mlp,60,83.33333333333334,0.0,83.33333333333334
8,seed231701,DNSAmplification,282427,hybrid,rf,60,100.0,1.0,100.0
8,seed231701,DNSAmplification,282427,hybrid,xgboost,60,100.0,1.0,100.0
8,seed231701,DNSAmplification,282427,mlp,rf,60,83.33333333333334,0.0,not applicable
8,seed231701,DNSAmplification,282427,mlp,xgboost,60,83.33333333333334,0.0,not applicable
8,seed231701,DNSAmplification,282427,rf,xgboost,60,100.0,1.0,not applicable
8,seed231701,DNSAmplification,307759,hybrid,mlp,60,100.0,1.0,100.0
8,seed231701,DNSAmplification,307759,hybrid,rf,60,100.0,1.0,100.0
8,seed231701,DNSAmplification,307759,hybrid,xgboost,60,100.0,1.0,100.0
8,seed231701,DNSAmplification,307759,mlp,rf,60,100.0,1.0,not applicable
8,seed231701,DNSAmplification,307759,mlp,xgboost,60,100.0,1.0,not applicable
8,seed231701,DNSAmplification,307759,rf,xgboost,60,100.0,1.0,not applicable
8,seed231701,DNSAmplification,333019,hybrid,mlp,60,83.33333333333334,0.0,83.33333333333334
8,seed231701,DNSAmplification,333019,hybrid,rf,60,100.0,1.0,100.0
8,seed231701,DNSAmplification,333019,hybrid,xgboost,60,100.0,1.0,100.0
8,seed231701,DNSAmplification,333019,mlp,rf,60,83.33333333333334,0.0,not applicable
8,seed231701,DNSAmplification,333019,mlp,xgboost,60,83.33333333333334,0.0,not applicable
8,seed231701,DNSAmplification,333019,rf,xgboost,60,100.0,1.0,not applicable
8,seed231701,Normal,104729,hybrid,mlp,50,100.0,not estimable,100.0
8,seed231701,Normal,104729,hybrid,rf,50,100.0,not estimable,100.0
8,seed231701,Normal,104729,hybrid,xgboost,50,100.0,not estimable,100.0
8,seed231701,Normal,104729,mlp,rf,50,100.0,not estimable,not applicable
8,seed231701,Normal,104729,mlp,xgboost,50,100.0,not estimable,not applicable
8,seed231701,Normal,104729,rf,xgboost,50,100.0,not estimable,not applicable
8,seed231701,Normal,130363,hybrid,mlp,50,100.0,not estimable,100.0
8,seed231701,Normal,130363,hybrid,rf,50,100.0,not estimable,100.0
8,seed231701,Normal,130363,hybrid,xgboost,50,100.0,not estimable,100.0
8,seed231701,Normal,130363,mlp,rf,50,100.0,not estimable,not applicable
8,seed231701,Normal,130363,mlp,xgboost,50,100.0,not estimable,not applicable
8,seed231701,Normal,130363,rf,xgboost,50,100.0,not estimable,not applicable
8,seed231701,Normal,155921,hybrid,mlp,50,26.0,0.0,26.0
8,seed231701,Normal,155921,hybrid,rf,50,100.0,not estimable,100.0
8,seed231701,Normal,155921,hybrid,xgboost,50,100.0,not estimable,100.0
8,seed231701,Normal,155921,mlp,rf,50,26.0,0.0,not applicable
8,seed231701,Normal,155921,mlp,xgboost,50,26.0,0.0,not applicable
8,seed231701,Normal,155921,rf,xgboost,50,100.0,not estimable,not applicable
8,seed231701,Normal,181081,hybrid,mlp,50,100.0,not estimable,100.0
8,seed231701,Normal,181081,hybrid,rf,50,100.0,not estimable,100.0
8,seed231701,Normal,181081,hybrid,xgboost,50,100.0,not estimable,100.0
8,seed231701,Normal,181081,mlp,rf,50,100.0,not estimable,not applicable
8,seed231701,Normal,181081,mlp,xgboost,50,100.0,not estimable,not applicable
8,seed231701,Normal,181081,rf,xgboost,50,100.0,not estimable,not applicable
8,seed231701,Normal,206369,hybrid,mlp,50,0.0,0.0,0.0
8,seed231701,Normal,206369,hybrid,rf,50,100.0,not estimable,100.0
8,seed231701,Normal,206369,hybrid,xgboost,50,100.0,not estimable,100.0
8,seed231701,Normal,206369,mlp,rf,50,0.0,0.0,not applicable
8,seed231701,Normal,206369,mlp,xgboost,50,0.0,0.0,not applicable
8,seed231701,Normal,206369,rf,xgboost,50,100.0,not estimable,not applicable
8,seed231701,Normal,231701,hybrid,mlp,50,100.0,not estimable,100.0
8,seed231701,Normal,231701,hybrid,rf,50,100.0,not estimable,100.0
8,seed231701,Normal,231701,hybrid,xgboost,50,100.0,not estimable,100.0
8,seed231701,Normal,231701,mlp,rf,50,100.0,not estimable,not applicable
8,seed231701,Normal,231701,mlp,xgboost,50,100.0,not estimable,not applicable
8,seed231701,Normal,231701,rf,xgboost,50,100.0,not estimable,not applicable
8,seed231701,Normal,257053,hybrid,mlp,50,100.0,not estimable,100.0
8,seed231701,Normal,257053,hybrid,rf,50,100.0,not estimable,100.0
8,seed231701,Normal,257053,hybrid,xgboost,50,100.0,not estimable,100.0
8,seed231701,Normal,257053,mlp,rf,50,100.0,not estimable,not applicable
8,seed231701,Normal,257053,mlp,xgboost,50,100.0,not estimable,not applicable
8,seed231701,Normal,257053,rf,xgboost,50,100.0,not estimable,not applicable
8,seed231701,Normal,282427,hybrid,mlp,50,100.0,not estimable,100.0
8,seed231701,Normal,282427,hybrid,rf,50,100.0,not estimable,100.0
8,seed231701,Normal,282427,hybrid,xgboost,50,100.0,not estimable,100.0
8,seed231701,Normal,282427,mlp,rf,50,100.0,not estimable,not applicable
8,seed231701,Normal,282427,mlp,xgboost,50,100.0,not estimable,not applicable
8,seed231701,Normal,282427,rf,xgboost,50,100.0,not estimable,not applicable
8,seed231701,Normal,307759,hybrid,mlp,50,100.0,not estimable,100.0
8,seed231701,Normal,307759,hybrid,rf,50,100.0,not estimable,100.0
8,seed231701,Normal,307759,hybrid,xgboost,50,100.0,not estimable,100.0
8,seed231701,Normal,307759,mlp,rf,50,100.0,not estimable,not applicable
8,seed231701,Normal,307759,mlp,xgboost,50,100.0,not estimable,not applicable
8,seed231701,Normal,307759,rf,xgboost,50,100.0,not estimable,not applicable
8,seed231701,Normal,333019,hybrid,mlp,50,100.0,not estimable,100.0
8,seed231701,Normal,333019,hybrid,rf,50,100.0,not estimable,100.0
8,seed231701,Normal,333019,hybrid,xgboost,50,100.0,not estimable,100.0
8,seed231701,Normal,333019,mlp,rf,50,100.0,not estimable,not applicable
8,seed231701,Normal,333019,mlp,xgboost,50,100.0,not estimable,not applicable
8,seed231701,Normal,333019,rf,xgboost,50,100.0,not estimable,not applicable
8,seed231701,SYNFlood,104729,hybrid,mlp,850,100.0,not estimable,100.0
8,seed231701,SYNFlood,104729,hybrid,rf,850,100.0,not estimable,100.0
8,seed231701,SYNFlood,104729,hybrid,xgboost,850,100.0,not estimable,100.0
8,seed231701,SYNFlood,104729,mlp,rf,850,100.0,not estimable,not applicable
8,seed231701,SYNFlood,104729,mlp,xgboost,850,100.0,not estimable,not applicable
8,seed231701,SYNFlood,104729,rf,xgboost,850,100.0,not estimable,not applicable
8,seed231701,SYNFlood,130363,hybrid,mlp,850,100.0,not estimable,100.0
8,seed231701,SYNFlood,130363,hybrid,rf,850,100.0,not estimable,100.0
8,seed231701,SYNFlood,130363,hybrid,xgboost,850,100.0,not estimable,100.0
8,seed231701,SYNFlood,130363,mlp,rf,850,100.0,not estimable,not applicable
8,seed231701,SYNFlood,130363,mlp,xgboost,850,100.0,not estimable,not applicable
8,seed231701,SYNFlood,130363,rf,xgboost,850,100.0,not estimable,not applicable
8,seed231701,SYNFlood,155921,hybrid,mlp,850,95.29411764705881,0.0,95.29411764705881
8,seed231701,SYNFlood,155921,hybrid,rf,850,100.0,not estimable,100.0
8,seed231701,SYNFlood,155921,hybrid,xgboost,850,100.0,not estimable,100.0
8,seed231701,SYNFlood,155921,mlp,rf,850,95.29411764705881,0.0,not applicable
8,seed231701,SYNFlood,155921,mlp,xgboost,850,95.29411764705881,0.0,not applicable
8,seed231701,SYNFlood,155921,rf,xgboost,850,100.0,not estimable,not applicable
8,seed231701,SYNFlood,181081,hybrid,mlp,850,100.0,not estimable,100.0
8,seed231701,SYNFlood,181081,hybrid,rf,850,100.0,not estimable,100.0
8,seed231701,SYNFlood,181081,hybrid,xgboost,850,100.0,not estimable,100.0
8,seed231701,SYNFlood,181081,mlp,rf,850,100.0,not estimable,not applicable
8,seed231701,SYNFlood,181081,mlp,xgboost,850,100.0,not estimable,not applicable
8,seed231701,SYNFlood,181081,rf,xgboost,850,100.0,not estimable,not applicable
8,seed231701,SYNFlood,206369,hybrid,mlp,850,94.11764705882352,0.0,94.11764705882352
8,seed231701,SYNFlood,206369,hybrid,rf,850,100.0,not estimable,100.0
8,seed231701,SYNFlood,206369,hybrid,xgboost,850,100.0,not estimable,100.0
8,seed231701,SYNFlood,206369,mlp,rf,850,94.11764705882352,0.0,not applicable
8,seed231701,SYNFlood,206369,mlp,xgboost,850,94.11764705882352,0.0,not applicable
8,seed231701,SYNFlood,206369,rf,xgboost,850,100.0,not estimable,not applicable
8,seed231701,SYNFlood,231701,hybrid,mlp,850,100.0,not estimable,100.0
8,seed231701,SYNFlood,231701,hybrid,rf,850,100.0,not estimable,100.0
8,seed231701,SYNFlood,231701,hybrid,xgboost,850,100.0,not estimable,100.0
8,seed231701,SYNFlood,231701,mlp,rf,850,100.0,not estimable,not applicable
8,seed231701,SYNFlood,231701,mlp,xgboost,850,100.0,not estimable,not applicable
8,seed231701,SYNFlood,231701,rf,xgboost,850,100.0,not estimable,not applicable
8,seed231701,SYNFlood,257053,hybrid,mlp,850,100.0,not estimable,100.0
8,seed231701,SYNFlood,257053,hybrid,rf,850,100.0,not estimable,100.0
8,seed231701,SYNFlood,257053,hybrid,xgboost,850,100.0,not estimable,100.0
8,seed231701,SYNFlood,257053,mlp,rf,850,100.0,not estimable,not applicable
8,seed231701,SYNFlood,257053,mlp,xgboost,850,100.0,not estimable,not applicable
8,seed231701,SYNFlood,257053,rf,xgboost,850,100.0,not estimable,not applicable
8,seed231701,SYNFlood,282427,hybrid,mlp,850,100.0,not estimable,100.0
8,seed231701,SYNFlood,282427,hybrid,rf,850,100.0,not estimable,100.0
8,seed231701,SYNFlood,282427,hybrid,xgboost,850,100.0,not estimable,100.0
8,seed231701,SYNFlood,282427,mlp,rf,850,100.0,not estimable,not applicable
8,seed231701,SYNFlood,282427,mlp,xgboost,850,100.0,not estimable,not applicable
8,seed231701,SYNFlood,282427,rf,xgboost,850,100.0,not estimable,not applicable
8,seed231701,SYNFlood,307759,hybrid,mlp,850,100.0,not estimable,100.0
8,seed231701,SYNFlood,307759,hybrid,rf,850,100.0,not estimable,100.0
8,seed231701,SYNFlood,307759,hybrid,xgboost,850,100.0,not estimable,100.0
8,seed231701,SYNFlood,307759,mlp,rf,850,100.0,not estimable,not applicable
8,seed231701,SYNFlood,307759,mlp,xgboost,850,100.0,not estimable,not applicable
8,seed231701,SYNFlood,307759,rf,xgboost,850,100.0,not estimable,not applicable
8,seed231701,SYNFlood,333019,hybrid,mlp,850,100.0,not estimable,100.0
8,seed231701,SYNFlood,333019,hybrid,rf,850,100.0,not estimable,100.0
8,seed231701,SYNFlood,333019,hybrid,xgboost,850,100.0,not estimable,100.0
8,seed231701,SYNFlood,333019,mlp,rf,850,100.0,not estimable,not applicable
8,seed231701,SYNFlood,333019,mlp,xgboost,850,100.0,not estimable,not applicable
8,seed231701,SYNFlood,333019,rf,xgboost,850,100.0,not estimable,not applicable
8,seed231701,UDPFlood,104729,hybrid,mlp,72,100.0,1.0,100.0
8,seed231701,UDPFlood,104729,hybrid,rf,72,81.94444444444444,0.4375000000000001,81.94444444444444
8,seed231701,UDPFlood,104729,hybrid,xgboost,72,100.0,1.0,100.0
8,seed231701,UDPFlood,104729,mlp,rf,72,81.94444444444444,0.4375000000000001,not applicable
8,seed231701,UDPFlood,104729,mlp,xgboost,72,100.0,1.0,not applicable
8,seed231701,UDPFlood,104729,rf,xgboost,72,81.94444444444444,0.4375000000000001,not applicable
8,seed231701,UDPFlood,130363,hybrid,mlp,72,100.0,1.0,100.0
8,seed231701,UDPFlood,130363,hybrid,rf,72,100.0,1.0,100.0
8,seed231701,UDPFlood,130363,hybrid,xgboost,72,100.0,1.0,100.0
8,seed231701,UDPFlood,130363,mlp,rf,72,100.0,1.0,not applicable
8,seed231701,UDPFlood,130363,mlp,xgboost,72,100.0,1.0,not applicable
8,seed231701,UDPFlood,130363,rf,xgboost,72,100.0,1.0,not applicable
8,seed231701,UDPFlood,155921,hybrid,mlp,72,98.61111111111111,0.9659090909090909,98.61111111111111
8,seed231701,UDPFlood,155921,hybrid,rf,72,100.0,1.0,100.0
8,seed231701,UDPFlood,155921,hybrid,xgboost,72,100.0,1.0,100.0
8,seed231701,UDPFlood,155921,mlp,rf,72,98.61111111111111,0.9659090909090909,not applicable
8,seed231701,UDPFlood,155921,mlp,xgboost,72,98.61111111111111,0.9659090909090909,not applicable
8,seed231701,UDPFlood,155921,rf,xgboost,72,100.0,1.0,not applicable
8,seed231701,UDPFlood,181081,hybrid,mlp,72,72.22222222222221,0.0,72.22222222222221
8,seed231701,UDPFlood,181081,hybrid,rf,72,100.0,1.0,100.0
8,seed231701,UDPFlood,181081,hybrid,xgboost,72,100.0,1.0,100.0
8,seed231701,UDPFlood,181081,mlp,rf,72,72.22222222222221,0.0,not applicable
8,seed231701,UDPFlood,181081,mlp,xgboost,72,72.22222222222221,0.0,not applicable
8,seed231701,UDPFlood,181081,rf,xgboost,72,100.0,1.0,not applicable
8,seed231701,UDPFlood,206369,hybrid,mlp,72,27.77777777777778,0.0,27.77777777777778
8,seed231701,UDPFlood,206369,hybrid,rf,72,100.0,1.0,100.0
8,seed231701,UDPFlood,206369,hybrid,xgboost,72,100.0,1.0,100.0
8,seed231701,UDPFlood,206369,mlp,rf,72,27.77777777777778,0.0,not applicable
8,seed231701,UDPFlood,206369,mlp,xgboost,72,27.77777777777778,0.0,not applicable
8,seed231701,UDPFlood,206369,rf,xgboost,72,100.0,1.0,not applicable
8,seed231701,UDPFlood,231701,hybrid,mlp,72,97.22222222222221,0.9328358208955224,97.22222222222221
8,seed231701,UDPFlood,231701,hybrid,rf,72,100.0,1.0,100.0
8,seed231701,UDPFlood,231701,hybrid,xgboost,72,100.0,1.0,100.0
8,seed231701,UDPFlood,231701,mlp,rf,72,97.22222222222221,0.9328358208955224,not applicable
8,seed231701,UDPFlood,231701,mlp,xgboost,72,97.22222222222221,0.9328358208955224,not applicable
8,seed231701,UDPFlood,231701,rf,xgboost,72,100.0,1.0,not applicable
8,seed231701,UDPFlood,257053,hybrid,mlp,72,98.61111111111111,0.9659090909090909,98.61111111111111
8,seed231701,UDPFlood,257053,hybrid,rf,72,100.0,1.0,100.0
8,seed231701,UDPFlood,257053,hybrid,xgboost,72,100.0,1.0,100.0
8,seed231701,UDPFlood,257053,mlp,rf,72,98.61111111111111,0.9659090909090909,not applicable
8,seed231701,UDPFlood,257053,mlp,xgboost,72,98.61111111111111,0.9659090909090909,not applicable
8,seed231701,UDPFlood,257053,rf,xgboost,72,100.0,1.0,not applicable
8,seed231701,UDPFlood,282427,hybrid,mlp,72,72.22222222222221,0.0,72.22222222222221
8,seed231701,UDPFlood,282427,hybrid,rf,72,100.0,1.0,100.0
8,seed231701,UDPFlood,282427,hybrid,xgboost,72,100.0,1.0,100.0
8,seed231701,UDPFlood,282427,mlp,rf,72,72.22222222222221,0.0,not applicable
8,seed231701,UDPFlood,282427,mlp,xgboost,72,72.22222222222221,0.0,not applicable
8,seed231701,UDPFlood,282427,rf,xgboost,72,100.0,1.0,not applicable
8,seed231701,UDPFlood,307759,hybrid,mlp,72,100.0,1.0,100.0
8,seed231701,UDPFlood,307759,hybrid,rf,72,98.61111111111111,0.9659090909090909,98.61111111111111
8,seed231701,UDPFlood,307759,hybrid,xgboost,72,100.0,1.0,100.0
8,seed231701,UDPFlood,307759,mlp,rf,72,98.61111111111111,0.9659090909090909,not applicable
8,seed231701,UDPFlood,307759,mlp,xgboost,72,100.0,1.0,not applicable
8,seed231701,UDPFlood,307759,rf,xgboost,72,98.61111111111111,0.9659090909090909,not applicable
8,seed231701,UDPFlood,333019,hybrid,mlp,72,72.22222222222221,0.0,72.22222222222221
8,seed231701,UDPFlood,333019,hybrid,rf,72,100.0,1.0,100.0
8,seed231701,UDPFlood,333019,hybrid,xgboost,72,98.61111111111111,0.9659090909090909,98.61111111111111
8,seed231701,UDPFlood,333019,mlp,rf,72,72.22222222222221,0.0,not applicable
8,seed231701,UDPFlood,333019,mlp,xgboost,72,70.83333333333334,0.0,not applicable
8,seed231701,UDPFlood,333019,rf,xgboost,72,98.61111111111111,0.9659090909090909,not applicable
8,seed257053,DNSAmplification,104729,hybrid,mlp,60,100.0,1.0,100.0
8,seed257053,DNSAmplification,104729,hybrid,rf,60,83.33333333333334,0.0,83.33333333333334
8,seed257053,DNSAmplification,104729,hybrid,xgboost,60,100.0,1.0,100.0
8,seed257053,DNSAmplification,104729,mlp,rf,60,83.33333333333334,0.0,not applicable
8,seed257053,DNSAmplification,104729,mlp,xgboost,60,100.0,1.0,not applicable
8,seed257053,DNSAmplification,104729,rf,xgboost,60,83.33333333333334,0.0,not applicable
8,seed257053,DNSAmplification,130363,hybrid,mlp,60,100.0,1.0,100.0
8,seed257053,DNSAmplification,130363,hybrid,rf,60,100.0,1.0,100.0
8,seed257053,DNSAmplification,130363,hybrid,xgboost,60,100.0,1.0,100.0
8,seed257053,DNSAmplification,130363,mlp,rf,60,100.0,1.0,not applicable
8,seed257053,DNSAmplification,130363,mlp,xgboost,60,100.0,1.0,not applicable
8,seed257053,DNSAmplification,130363,rf,xgboost,60,100.0,1.0,not applicable
8,seed257053,DNSAmplification,155921,hybrid,mlp,60,40.0,0.11475409836065587,40.0
8,seed257053,DNSAmplification,155921,hybrid,rf,60,100.0,1.0,100.0
8,seed257053,DNSAmplification,155921,hybrid,xgboost,60,100.0,1.0,100.0
8,seed257053,DNSAmplification,155921,mlp,rf,60,40.0,0.11475409836065587,not applicable
8,seed257053,DNSAmplification,155921,mlp,xgboost,60,40.0,0.11475409836065587,not applicable
8,seed257053,DNSAmplification,155921,rf,xgboost,60,100.0,1.0,not applicable
8,seed257053,DNSAmplification,181081,hybrid,mlp,60,83.33333333333334,0.0,83.33333333333334
8,seed257053,DNSAmplification,181081,hybrid,rf,60,100.0,1.0,100.0
8,seed257053,DNSAmplification,181081,hybrid,xgboost,60,100.0,1.0,100.0
8,seed257053,DNSAmplification,181081,mlp,rf,60,83.33333333333334,0.0,not applicable
8,seed257053,DNSAmplification,181081,mlp,xgboost,60,83.33333333333334,0.0,not applicable
8,seed257053,DNSAmplification,181081,rf,xgboost,60,100.0,1.0,not applicable
8,seed257053,DNSAmplification,206369,hybrid,mlp,60,16.666666666666664,0.0,16.666666666666664
8,seed257053,DNSAmplification,206369,hybrid,rf,60,100.0,1.0,100.0
8,seed257053,DNSAmplification,206369,hybrid,xgboost,60,100.0,1.0,100.0
8,seed257053,DNSAmplification,206369,mlp,rf,60,16.666666666666664,0.0,not applicable
8,seed257053,DNSAmplification,206369,mlp,xgboost,60,16.666666666666664,0.0,not applicable
8,seed257053,DNSAmplification,206369,rf,xgboost,60,100.0,1.0,not applicable
8,seed257053,DNSAmplification,231701,hybrid,mlp,60,100.0,1.0,100.0
8,seed257053,DNSAmplification,231701,hybrid,rf,60,95.0,0.7954545454545454,95.0
8,seed257053,DNSAmplification,231701,hybrid,xgboost,60,100.0,1.0,100.0
8,seed257053,DNSAmplification,231701,mlp,rf,60,95.0,0.7954545454545454,not applicable
8,seed257053,DNSAmplification,231701,mlp,xgboost,60,100.0,1.0,not applicable
8,seed257053,DNSAmplification,231701,rf,xgboost,60,95.0,0.7954545454545454,not applicable
8,seed257053,DNSAmplification,257053,hybrid,mlp,60,100.0,1.0,100.0
8,seed257053,DNSAmplification,257053,hybrid,rf,60,100.0,1.0,100.0
8,seed257053,DNSAmplification,257053,hybrid,xgboost,60,100.0,1.0,100.0
8,seed257053,DNSAmplification,257053,mlp,rf,60,100.0,1.0,not applicable
8,seed257053,DNSAmplification,257053,mlp,xgboost,60,100.0,1.0,not applicable
8,seed257053,DNSAmplification,257053,rf,xgboost,60,100.0,1.0,not applicable
8,seed257053,DNSAmplification,282427,hybrid,mlp,60,83.33333333333334,0.0,83.33333333333334
8,seed257053,DNSAmplification,282427,hybrid,rf,60,100.0,1.0,100.0
8,seed257053,DNSAmplification,282427,hybrid,xgboost,60,100.0,1.0,100.0
8,seed257053,DNSAmplification,282427,mlp,rf,60,83.33333333333334,0.0,not applicable
8,seed257053,DNSAmplification,282427,mlp,xgboost,60,83.33333333333334,0.0,not applicable
8,seed257053,DNSAmplification,282427,rf,xgboost,60,100.0,1.0,not applicable
8,seed257053,DNSAmplification,307759,hybrid,mlp,60,100.0,1.0,100.0
8,seed257053,DNSAmplification,307759,hybrid,rf,60,100.0,1.0,100.0
8,seed257053,DNSAmplification,307759,hybrid,xgboost,60,100.0,1.0,100.0
8,seed257053,DNSAmplification,307759,mlp,rf,60,100.0,1.0,not applicable
8,seed257053,DNSAmplification,307759,mlp,xgboost,60,100.0,1.0,not applicable
8,seed257053,DNSAmplification,307759,rf,xgboost,60,100.0,1.0,not applicable
8,seed257053,DNSAmplification,333019,hybrid,mlp,60,83.33333333333334,0.0,83.33333333333334
8,seed257053,DNSAmplification,333019,hybrid,rf,60,100.0,1.0,100.0
8,seed257053,DNSAmplification,333019,hybrid,xgboost,60,100.0,1.0,100.0
8,seed257053,DNSAmplification,333019,mlp,rf,60,83.33333333333334,0.0,not applicable
8,seed257053,DNSAmplification,333019,mlp,xgboost,60,83.33333333333334,0.0,not applicable
8,seed257053,DNSAmplification,333019,rf,xgboost,60,100.0,1.0,not applicable
8,seed257053,Normal,104729,hybrid,mlp,50,100.0,not estimable,100.0
8,seed257053,Normal,104729,hybrid,rf,50,100.0,not estimable,100.0
8,seed257053,Normal,104729,hybrid,xgboost,50,100.0,not estimable,100.0
8,seed257053,Normal,104729,mlp,rf,50,100.0,not estimable,not applicable
8,seed257053,Normal,104729,mlp,xgboost,50,100.0,not estimable,not applicable
8,seed257053,Normal,104729,rf,xgboost,50,100.0,not estimable,not applicable
8,seed257053,Normal,130363,hybrid,mlp,50,100.0,not estimable,100.0
8,seed257053,Normal,130363,hybrid,rf,50,100.0,not estimable,100.0
8,seed257053,Normal,130363,hybrid,xgboost,50,100.0,not estimable,100.0
8,seed257053,Normal,130363,mlp,rf,50,100.0,not estimable,not applicable
8,seed257053,Normal,130363,mlp,xgboost,50,100.0,not estimable,not applicable
8,seed257053,Normal,130363,rf,xgboost,50,100.0,not estimable,not applicable
8,seed257053,Normal,155921,hybrid,mlp,50,22.0,0.0,22.0
8,seed257053,Normal,155921,hybrid,rf,50,100.0,not estimable,100.0
8,seed257053,Normal,155921,hybrid,xgboost,50,100.0,not estimable,100.0
8,seed257053,Normal,155921,mlp,rf,50,22.0,0.0,not applicable
8,seed257053,Normal,155921,mlp,xgboost,50,22.0,0.0,not applicable
8,seed257053,Normal,155921,rf,xgboost,50,100.0,not estimable,not applicable
8,seed257053,Normal,181081,hybrid,mlp,50,100.0,not estimable,100.0
8,seed257053,Normal,181081,hybrid,rf,50,100.0,not estimable,100.0
8,seed257053,Normal,181081,hybrid,xgboost,50,100.0,not estimable,100.0
8,seed257053,Normal,181081,mlp,rf,50,100.0,not estimable,not applicable
8,seed257053,Normal,181081,mlp,xgboost,50,100.0,not estimable,not applicable
8,seed257053,Normal,181081,rf,xgboost,50,100.0,not estimable,not applicable
8,seed257053,Normal,206369,hybrid,mlp,50,0.0,0.0,0.0
8,seed257053,Normal,206369,hybrid,rf,50,100.0,not estimable,100.0
8,seed257053,Normal,206369,hybrid,xgboost,50,100.0,not estimable,100.0
8,seed257053,Normal,206369,mlp,rf,50,0.0,0.0,not applicable
8,seed257053,Normal,206369,mlp,xgboost,50,0.0,0.0,not applicable
8,seed257053,Normal,206369,rf,xgboost,50,100.0,not estimable,not applicable
8,seed257053,Normal,231701,hybrid,mlp,50,100.0,not estimable,100.0
8,seed257053,Normal,231701,hybrid,rf,50,100.0,not estimable,100.0
8,seed257053,Normal,231701,hybrid,xgboost,50,100.0,not estimable,100.0
8,seed257053,Normal,231701,mlp,rf,50,100.0,not estimable,not applicable
8,seed257053,Normal,231701,mlp,xgboost,50,100.0,not estimable,not applicable
8,seed257053,Normal,231701,rf,xgboost,50,100.0,not estimable,not applicable
8,seed257053,Normal,257053,hybrid,mlp,50,100.0,not estimable,100.0
8,seed257053,Normal,257053,hybrid,rf,50,100.0,not estimable,100.0
8,seed257053,Normal,257053,hybrid,xgboost,50,100.0,not estimable,100.0
8,seed257053,Normal,257053,mlp,rf,50,100.0,not estimable,not applicable
8,seed257053,Normal,257053,mlp,xgboost,50,100.0,not estimable,not applicable
8,seed257053,Normal,257053,rf,xgboost,50,100.0,not estimable,not applicable
8,seed257053,Normal,282427,hybrid,mlp,50,100.0,not estimable,100.0
8,seed257053,Normal,282427,hybrid,rf,50,100.0,not estimable,100.0
8,seed257053,Normal,282427,hybrid,xgboost,50,100.0,not estimable,100.0
8,seed257053,Normal,282427,mlp,rf,50,100.0,not estimable,not applicable
8,seed257053,Normal,282427,mlp,xgboost,50,100.0,not estimable,not applicable
8,seed257053,Normal,282427,rf,xgboost,50,100.0,not estimable,not applicable
8,seed257053,Normal,307759,hybrid,mlp,50,100.0,not estimable,100.0
8,seed257053,Normal,307759,hybrid,rf,50,100.0,not estimable,100.0
8,seed257053,Normal,307759,hybrid,xgboost,50,100.0,not estimable,100.0
8,seed257053,Normal,307759,mlp,rf,50,100.0,not estimable,not applicable
8,seed257053,Normal,307759,mlp,xgboost,50,100.0,not estimable,not applicable
8,seed257053,Normal,307759,rf,xgboost,50,100.0,not estimable,not applicable
8,seed257053,Normal,333019,hybrid,mlp,50,100.0,not estimable,100.0
8,seed257053,Normal,333019,hybrid,rf,50,100.0,not estimable,100.0
8,seed257053,Normal,333019,hybrid,xgboost,50,100.0,not estimable,100.0
8,seed257053,Normal,333019,mlp,rf,50,100.0,not estimable,not applicable
8,seed257053,Normal,333019,mlp,xgboost,50,100.0,not estimable,not applicable
8,seed257053,Normal,333019,rf,xgboost,50,100.0,not estimable,not applicable
8,seed257053,SYNFlood,104729,hybrid,mlp,850,100.0,not estimable,100.0
8,seed257053,SYNFlood,104729,hybrid,rf,850,100.0,not estimable,100.0
8,seed257053,SYNFlood,104729,hybrid,xgboost,850,100.0,not estimable,100.0
8,seed257053,SYNFlood,104729,mlp,rf,850,100.0,not estimable,not applicable
8,seed257053,SYNFlood,104729,mlp,xgboost,850,100.0,not estimable,not applicable
8,seed257053,SYNFlood,104729,rf,xgboost,850,100.0,not estimable,not applicable
8,seed257053,SYNFlood,130363,hybrid,mlp,850,100.0,not estimable,100.0
8,seed257053,SYNFlood,130363,hybrid,rf,850,100.0,not estimable,100.0
8,seed257053,SYNFlood,130363,hybrid,xgboost,850,100.0,not estimable,100.0
8,seed257053,SYNFlood,130363,mlp,rf,850,100.0,not estimable,not applicable
8,seed257053,SYNFlood,130363,mlp,xgboost,850,100.0,not estimable,not applicable
8,seed257053,SYNFlood,130363,rf,xgboost,850,100.0,not estimable,not applicable
8,seed257053,SYNFlood,155921,hybrid,mlp,850,95.29411764705881,0.0,95.29411764705881
8,seed257053,SYNFlood,155921,hybrid,rf,850,100.0,not estimable,100.0
8,seed257053,SYNFlood,155921,hybrid,xgboost,850,100.0,not estimable,100.0
8,seed257053,SYNFlood,155921,mlp,rf,850,95.29411764705881,0.0,not applicable
8,seed257053,SYNFlood,155921,mlp,xgboost,850,95.29411764705881,0.0,not applicable
8,seed257053,SYNFlood,155921,rf,xgboost,850,100.0,not estimable,not applicable
8,seed257053,SYNFlood,181081,hybrid,mlp,850,100.0,not estimable,100.0
8,seed257053,SYNFlood,181081,hybrid,rf,850,100.0,not estimable,100.0
8,seed257053,SYNFlood,181081,hybrid,xgboost,850,100.0,not estimable,100.0
8,seed257053,SYNFlood,181081,mlp,rf,850,100.0,not estimable,not applicable
8,seed257053,SYNFlood,181081,mlp,xgboost,850,100.0,not estimable,not applicable
8,seed257053,SYNFlood,181081,rf,xgboost,850,100.0,not estimable,not applicable
8,seed257053,SYNFlood,206369,hybrid,mlp,850,94.11764705882352,0.0,94.11764705882352
8,seed257053,SYNFlood,206369,hybrid,rf,850,100.0,not estimable,100.0
8,seed257053,SYNFlood,206369,hybrid,xgboost,850,100.0,not estimable,100.0
8,seed257053,SYNFlood,206369,mlp,rf,850,94.11764705882352,0.0,not applicable
8,seed257053,SYNFlood,206369,mlp,xgboost,850,94.11764705882352,0.0,not applicable
8,seed257053,SYNFlood,206369,rf,xgboost,850,100.0,not estimable,not applicable
8,seed257053,SYNFlood,231701,hybrid,mlp,850,100.0,not estimable,100.0
8,seed257053,SYNFlood,231701,hybrid,rf,850,100.0,not estimable,100.0
8,seed257053,SYNFlood,231701,hybrid,xgboost,850,100.0,not estimable,100.0
8,seed257053,SYNFlood,231701,mlp,rf,850,100.0,not estimable,not applicable
8,seed257053,SYNFlood,231701,mlp,xgboost,850,100.0,not estimable,not applicable
8,seed257053,SYNFlood,231701,rf,xgboost,850,100.0,not estimable,not applicable
8,seed257053,SYNFlood,257053,hybrid,mlp,850,100.0,not estimable,100.0
8,seed257053,SYNFlood,257053,hybrid,rf,850,100.0,not estimable,100.0
8,seed257053,SYNFlood,257053,hybrid,xgboost,850,100.0,not estimable,100.0
8,seed257053,SYNFlood,257053,mlp,rf,850,100.0,not estimable,not applicable
8,seed257053,SYNFlood,257053,mlp,xgboost,850,100.0,not estimable,not applicable
8,seed257053,SYNFlood,257053,rf,xgboost,850,100.0,not estimable,not applicable
8,seed257053,SYNFlood,282427,hybrid,mlp,850,100.0,not estimable,100.0
8,seed257053,SYNFlood,282427,hybrid,rf,850,100.0,not estimable,100.0
8,seed257053,SYNFlood,282427,hybrid,xgboost,850,100.0,not estimable,100.0
8,seed257053,SYNFlood,282427,mlp,rf,850,100.0,not estimable,not applicable
8,seed257053,SYNFlood,282427,mlp,xgboost,850,100.0,not estimable,not applicable
8,seed257053,SYNFlood,282427,rf,xgboost,850,100.0,not estimable,not applicable
8,seed257053,SYNFlood,307759,hybrid,mlp,850,100.0,not estimable,100.0
8,seed257053,SYNFlood,307759,hybrid,rf,850,100.0,not estimable,100.0
8,seed257053,SYNFlood,307759,hybrid,xgboost,850,100.0,not estimable,100.0
8,seed257053,SYNFlood,307759,mlp,rf,850,100.0,not estimable,not applicable
8,seed257053,SYNFlood,307759,mlp,xgboost,850,100.0,not estimable,not applicable
8,seed257053,SYNFlood,307759,rf,xgboost,850,100.0,not estimable,not applicable
8,seed257053,SYNFlood,333019,hybrid,mlp,850,100.0,not estimable,100.0
8,seed257053,SYNFlood,333019,hybrid,rf,850,100.0,not estimable,100.0
8,seed257053,SYNFlood,333019,hybrid,xgboost,850,100.0,not estimable,100.0
8,seed257053,SYNFlood,333019,mlp,rf,850,100.0,not estimable,not applicable
8,seed257053,SYNFlood,333019,mlp,xgboost,850,100.0,not estimable,not applicable
8,seed257053,SYNFlood,333019,rf,xgboost,850,100.0,not estimable,not applicable
8,seed257053,UDPFlood,104729,hybrid,mlp,75,100.0,1.0,100.0
8,seed257053,UDPFlood,104729,hybrid,rf,75,78.66666666666666,0.29824561403508765,78.66666666666666
8,seed257053,UDPFlood,104729,hybrid,xgboost,75,100.0,1.0,100.0
8,seed257053,UDPFlood,104729,mlp,rf,75,78.66666666666666,0.29824561403508765,not applicable
8,seed257053,UDPFlood,104729,mlp,xgboost,75,100.0,1.0,not applicable
8,seed257053,UDPFlood,104729,rf,xgboost,75,78.66666666666666,0.29824561403508765,not applicable
8,seed257053,UDPFlood,130363,hybrid,mlp,75,98.66666666666667,0.9653579676674365,98.66666666666667
8,seed257053,UDPFlood,130363,hybrid,rf,75,98.66666666666667,0.9664429530201343,98.66666666666667
8,seed257053,UDPFlood,130363,hybrid,xgboost,75,100.0,1.0,100.0
8,seed257053,UDPFlood,130363,mlp,rf,75,97.33333333333334,0.9318801089918256,not applicable
8,seed257053,UDPFlood,130363,mlp,xgboost,75,98.66666666666667,0.9653579676674365,not applicable
8,seed257053,UDPFlood,130363,rf,xgboost,75,98.66666666666667,0.9664429530201343,not applicable
8,seed257053,UDPFlood,155921,hybrid,mlp,75,97.33333333333334,0.9357326478149101,97.33333333333334
8,seed257053,UDPFlood,155921,hybrid,rf,75,100.0,1.0,100.0
8,seed257053,UDPFlood,155921,hybrid,xgboost,75,98.66666666666667,0.9664429530201343,98.66666666666667
8,seed257053,UDPFlood,155921,mlp,rf,75,97.33333333333334,0.9357326478149101,not applicable
8,seed257053,UDPFlood,155921,mlp,xgboost,75,96.0,0.9023861171366594,not applicable
8,seed257053,UDPFlood,155921,rf,xgboost,75,98.66666666666667,0.9664429530201343,not applicable
8,seed257053,UDPFlood,181081,hybrid,mlp,75,73.33333333333333,0.0,73.33333333333333
8,seed257053,UDPFlood,181081,hybrid,rf,75,98.66666666666667,0.9664429530201343,98.66666666666667
8,seed257053,UDPFlood,181081,hybrid,xgboost,75,100.0,1.0,100.0
8,seed257053,UDPFlood,181081,mlp,rf,75,72.0,0.0,not applicable
8,seed257053,UDPFlood,181081,mlp,xgboost,75,73.33333333333333,0.0,not applicable
8,seed257053,UDPFlood,181081,rf,xgboost,75,98.66666666666667,0.9664429530201343,not applicable
8,seed257053,UDPFlood,206369,hybrid,mlp,75,28.000000000000004,0.0,28.000000000000004
8,seed257053,UDPFlood,206369,hybrid,rf,75,100.0,1.0,100.0
8,seed257053,UDPFlood,206369,hybrid,xgboost,75,98.66666666666667,0.9664429530201343,98.66666666666667
8,seed257053,UDPFlood,206369,mlp,rf,75,28.000000000000004,0.0,not applicable
8,seed257053,UDPFlood,206369,mlp,xgboost,75,26.666666666666668,0.0,not applicable
8,seed257053,UDPFlood,206369,rf,xgboost,75,98.66666666666667,0.9664429530201343,not applicable
8,seed257053,UDPFlood,231701,hybrid,mlp,75,96.0,0.9049429657794676,96.0
8,seed257053,UDPFlood,231701,hybrid,rf,75,100.0,1.0,100.0
8,seed257053,UDPFlood,231701,hybrid,xgboost,75,98.66666666666667,0.9664429530201343,98.66666666666667
8,seed257053,UDPFlood,231701,mlp,rf,75,96.0,0.9049429657794676,not applicable
8,seed257053,UDPFlood,231701,mlp,xgboost,75,94.66666666666667,0.8717948717948718,not applicable
8,seed257053,UDPFlood,231701,rf,xgboost,75,98.66666666666667,0.9664429530201343,not applicable
8,seed257053,UDPFlood,257053,hybrid,mlp,75,98.66666666666667,0.9674054758800521,98.66666666666667
8,seed257053,UDPFlood,257053,hybrid,rf,75,100.0,1.0,100.0
8,seed257053,UDPFlood,257053,hybrid,xgboost,75,98.66666666666667,0.9664429530201343,98.66666666666667
8,seed257053,UDPFlood,257053,mlp,rf,75,98.66666666666667,0.9674054758800521,not applicable
8,seed257053,UDPFlood,257053,mlp,xgboost,75,97.33333333333334,0.933920704845815,not applicable
8,seed257053,UDPFlood,257053,rf,xgboost,75,98.66666666666667,0.9664429530201343,not applicable
8,seed257053,UDPFlood,282427,hybrid,mlp,75,73.33333333333333,0.0,73.33333333333333
8,seed257053,UDPFlood,282427,hybrid,rf,75,98.66666666666667,0.9664429530201343,98.66666666666667
8,seed257053,UDPFlood,282427,hybrid,xgboost,75,100.0,1.0,100.0
8,seed257053,UDPFlood,282427,mlp,rf,75,72.0,0.0,not applicable
8,seed257053,UDPFlood,282427,mlp,xgboost,75,73.33333333333333,0.0,not applicable
8,seed257053,UDPFlood,282427,rf,xgboost,75,98.66666666666667,0.9664429530201343,not applicable
8,seed257053,UDPFlood,307759,hybrid,mlp,75,100.0,1.0,100.0
8,seed257053,UDPFlood,307759,hybrid,rf,75,96.0,0.9023861171366594,96.0
8,seed257053,UDPFlood,307759,hybrid,xgboost,75,100.0,1.0,100.0
8,seed257053,UDPFlood,307759,mlp,rf,75,96.0,0.9023861171366594,not applicable
8,seed257053,UDPFlood,307759,mlp,xgboost,75,100.0,1.0,not applicable
8,seed257053,UDPFlood,307759,rf,xgboost,75,96.0,0.9023861171366594,not applicable
8,seed257053,UDPFlood,333019,hybrid,mlp,75,72.0,0.0,72.0
8,seed257053,UDPFlood,333019,hybrid,rf,75,100.0,1.0,100.0
8,seed257053,UDPFlood,333019,hybrid,xgboost,75,96.0,0.9049429657794676,96.0
8,seed257053,UDPFlood,333019,mlp,rf,75,72.0,0.0,not applicable
8,seed257053,UDPFlood,333019,mlp,xgboost,75,68.0,0.0,not applicable
8,seed257053,UDPFlood,333019,rf,xgboost,75,96.0,0.9049429657794676,not applicable
8,seed282427,DNSAmplification,104729,hybrid,mlp,60,100.0,1.0,100.0
8,seed282427,DNSAmplification,104729,hybrid,rf,60,83.33333333333334,0.0,83.33333333333334
8,seed282427,DNSAmplification,104729,hybrid,xgboost,60,100.0,1.0,100.0
8,seed282427,DNSAmplification,104729,mlp,rf,60,83.33333333333334,0.0,not applicable
8,seed282427,DNSAmplification,104729,mlp,xgboost,60,100.0,1.0,not applicable
8,seed282427,DNSAmplification,104729,rf,xgboost,60,83.33333333333334,0.0,not applicable
8,seed282427,DNSAmplification,130363,hybrid,mlp,60,100.0,1.0,100.0
8,seed282427,DNSAmplification,130363,hybrid,rf,60,100.0,1.0,100.0
8,seed282427,DNSAmplification,130363,hybrid,xgboost,60,100.0,1.0,100.0
8,seed282427,DNSAmplification,130363,mlp,rf,60,100.0,1.0,not applicable
8,seed282427,DNSAmplification,130363,mlp,xgboost,60,100.0,1.0,not applicable
8,seed282427,DNSAmplification,130363,rf,xgboost,60,100.0,1.0,not applicable
8,seed282427,DNSAmplification,155921,hybrid,mlp,60,35.0,0.08593750000000011,35.0
8,seed282427,DNSAmplification,155921,hybrid,rf,60,100.0,1.0,100.0
8,seed282427,DNSAmplification,155921,hybrid,xgboost,60,100.0,1.0,100.0
8,seed282427,DNSAmplification,155921,mlp,rf,60,35.0,0.08593750000000011,not applicable
8,seed282427,DNSAmplification,155921,mlp,xgboost,60,35.0,0.08593750000000011,not applicable
8,seed282427,DNSAmplification,155921,rf,xgboost,60,100.0,1.0,not applicable
8,seed282427,DNSAmplification,181081,hybrid,mlp,60,83.33333333333334,0.0,83.33333333333334
8,seed282427,DNSAmplification,181081,hybrid,rf,60,100.0,1.0,100.0
8,seed282427,DNSAmplification,181081,hybrid,xgboost,60,100.0,1.0,100.0
8,seed282427,DNSAmplification,181081,mlp,rf,60,83.33333333333334,0.0,not applicable
8,seed282427,DNSAmplification,181081,mlp,xgboost,60,83.33333333333334,0.0,not applicable
8,seed282427,DNSAmplification,181081,rf,xgboost,60,100.0,1.0,not applicable
8,seed282427,DNSAmplification,206369,hybrid,mlp,60,16.666666666666664,0.0,16.666666666666664
8,seed282427,DNSAmplification,206369,hybrid,rf,60,100.0,1.0,100.0
8,seed282427,DNSAmplification,206369,hybrid,xgboost,60,100.0,1.0,100.0
8,seed282427,DNSAmplification,206369,mlp,rf,60,16.666666666666664,0.0,not applicable
8,seed282427,DNSAmplification,206369,mlp,xgboost,60,16.666666666666664,0.0,not applicable
8,seed282427,DNSAmplification,206369,rf,xgboost,60,100.0,1.0,not applicable
8,seed282427,DNSAmplification,231701,hybrid,mlp,60,100.0,1.0,100.0
8,seed282427,DNSAmplification,231701,hybrid,rf,60,90.0,0.5263157894736843,90.0
8,seed282427,DNSAmplification,231701,hybrid,xgboost,60,100.0,1.0,100.0
8,seed282427,DNSAmplification,231701,mlp,rf,60,90.0,0.5263157894736843,not applicable
8,seed282427,DNSAmplification,231701,mlp,xgboost,60,100.0,1.0,not applicable
8,seed282427,DNSAmplification,231701,rf,xgboost,60,90.0,0.5263157894736843,not applicable
8,seed282427,DNSAmplification,257053,hybrid,mlp,60,100.0,1.0,100.0
8,seed282427,DNSAmplification,257053,hybrid,rf,60,100.0,1.0,100.0
8,seed282427,DNSAmplification,257053,hybrid,xgboost,60,100.0,1.0,100.0
8,seed282427,DNSAmplification,257053,mlp,rf,60,100.0,1.0,not applicable
8,seed282427,DNSAmplification,257053,mlp,xgboost,60,100.0,1.0,not applicable
8,seed282427,DNSAmplification,257053,rf,xgboost,60,100.0,1.0,not applicable
8,seed282427,DNSAmplification,282427,hybrid,mlp,60,83.33333333333334,0.0,83.33333333333334
8,seed282427,DNSAmplification,282427,hybrid,rf,60,100.0,1.0,100.0
8,seed282427,DNSAmplification,282427,hybrid,xgboost,60,100.0,1.0,100.0
8,seed282427,DNSAmplification,282427,mlp,rf,60,83.33333333333334,0.0,not applicable
8,seed282427,DNSAmplification,282427,mlp,xgboost,60,83.33333333333334,0.0,not applicable
8,seed282427,DNSAmplification,282427,rf,xgboost,60,100.0,1.0,not applicable
8,seed282427,DNSAmplification,307759,hybrid,mlp,60,100.0,1.0,100.0
8,seed282427,DNSAmplification,307759,hybrid,rf,60,100.0,1.0,100.0
8,seed282427,DNSAmplification,307759,hybrid,xgboost,60,100.0,1.0,100.0
8,seed282427,DNSAmplification,307759,mlp,rf,60,100.0,1.0,not applicable
8,seed282427,DNSAmplification,307759,mlp,xgboost,60,100.0,1.0,not applicable
8,seed282427,DNSAmplification,307759,rf,xgboost,60,100.0,1.0,not applicable
8,seed282427,DNSAmplification,333019,hybrid,mlp,60,83.33333333333334,0.0,83.33333333333334
8,seed282427,DNSAmplification,333019,hybrid,rf,60,100.0,1.0,100.0
8,seed282427,DNSAmplification,333019,hybrid,xgboost,60,100.0,1.0,100.0
8,seed282427,DNSAmplification,333019,mlp,rf,60,83.33333333333334,0.0,not applicable
8,seed282427,DNSAmplification,333019,mlp,xgboost,60,83.33333333333334,0.0,not applicable
8,seed282427,DNSAmplification,333019,rf,xgboost,60,100.0,1.0,not applicable
8,seed282427,Normal,104729,hybrid,mlp,50,100.0,not estimable,100.0
8,seed282427,Normal,104729,hybrid,rf,50,100.0,not estimable,100.0
8,seed282427,Normal,104729,hybrid,xgboost,50,100.0,not estimable,100.0
8,seed282427,Normal,104729,mlp,rf,50,100.0,not estimable,not applicable
8,seed282427,Normal,104729,mlp,xgboost,50,100.0,not estimable,not applicable
8,seed282427,Normal,104729,rf,xgboost,50,100.0,not estimable,not applicable
8,seed282427,Normal,130363,hybrid,mlp,50,100.0,not estimable,100.0
8,seed282427,Normal,130363,hybrid,rf,50,100.0,not estimable,100.0
8,seed282427,Normal,130363,hybrid,xgboost,50,100.0,not estimable,100.0
8,seed282427,Normal,130363,mlp,rf,50,100.0,not estimable,not applicable
8,seed282427,Normal,130363,mlp,xgboost,50,100.0,not estimable,not applicable
8,seed282427,Normal,130363,rf,xgboost,50,100.0,not estimable,not applicable
8,seed282427,Normal,155921,hybrid,mlp,50,20.0,0.0,20.0
8,seed282427,Normal,155921,hybrid,rf,50,100.0,not estimable,100.0
8,seed282427,Normal,155921,hybrid,xgboost,50,100.0,not estimable,100.0
8,seed282427,Normal,155921,mlp,rf,50,20.0,0.0,not applicable
8,seed282427,Normal,155921,mlp,xgboost,50,20.0,0.0,not applicable
8,seed282427,Normal,155921,rf,xgboost,50,100.0,not estimable,not applicable
8,seed282427,Normal,181081,hybrid,mlp,50,100.0,not estimable,100.0
8,seed282427,Normal,181081,hybrid,rf,50,100.0,not estimable,100.0
8,seed282427,Normal,181081,hybrid,xgboost,50,100.0,not estimable,100.0
8,seed282427,Normal,181081,mlp,rf,50,100.0,not estimable,not applicable
8,seed282427,Normal,181081,mlp,xgboost,50,100.0,not estimable,not applicable
8,seed282427,Normal,181081,rf,xgboost,50,100.0,not estimable,not applicable
8,seed282427,Normal,206369,hybrid,mlp,50,0.0,0.0,0.0
8,seed282427,Normal,206369,hybrid,rf,50,100.0,not estimable,100.0
8,seed282427,Normal,206369,hybrid,xgboost,50,100.0,not estimable,100.0
8,seed282427,Normal,206369,mlp,rf,50,0.0,0.0,not applicable
8,seed282427,Normal,206369,mlp,xgboost,50,0.0,0.0,not applicable
8,seed282427,Normal,206369,rf,xgboost,50,100.0,not estimable,not applicable
8,seed282427,Normal,231701,hybrid,mlp,50,100.0,not estimable,100.0
8,seed282427,Normal,231701,hybrid,rf,50,100.0,not estimable,100.0
8,seed282427,Normal,231701,hybrid,xgboost,50,100.0,not estimable,100.0
8,seed282427,Normal,231701,mlp,rf,50,100.0,not estimable,not applicable
8,seed282427,Normal,231701,mlp,xgboost,50,100.0,not estimable,not applicable
8,seed282427,Normal,231701,rf,xgboost,50,100.0,not estimable,not applicable
8,seed282427,Normal,257053,hybrid,mlp,50,100.0,not estimable,100.0
8,seed282427,Normal,257053,hybrid,rf,50,100.0,not estimable,100.0
8,seed282427,Normal,257053,hybrid,xgboost,50,100.0,not estimable,100.0
8,seed282427,Normal,257053,mlp,rf,50,100.0,not estimable,not applicable
8,seed282427,Normal,257053,mlp,xgboost,50,100.0,not estimable,not applicable
8,seed282427,Normal,257053,rf,xgboost,50,100.0,not estimable,not applicable
8,seed282427,Normal,282427,hybrid,mlp,50,100.0,not estimable,100.0
8,seed282427,Normal,282427,hybrid,rf,50,100.0,not estimable,100.0
8,seed282427,Normal,282427,hybrid,xgboost,50,100.0,not estimable,100.0
8,seed282427,Normal,282427,mlp,rf,50,100.0,not estimable,not applicable
8,seed282427,Normal,282427,mlp,xgboost,50,100.0,not estimable,not applicable
8,seed282427,Normal,282427,rf,xgboost,50,100.0,not estimable,not applicable
8,seed282427,Normal,307759,hybrid,mlp,50,100.0,not estimable,100.0
8,seed282427,Normal,307759,hybrid,rf,50,100.0,not estimable,100.0
8,seed282427,Normal,307759,hybrid,xgboost,50,100.0,not estimable,100.0
8,seed282427,Normal,307759,mlp,rf,50,100.0,not estimable,not applicable
8,seed282427,Normal,307759,mlp,xgboost,50,100.0,not estimable,not applicable
8,seed282427,Normal,307759,rf,xgboost,50,100.0,not estimable,not applicable
8,seed282427,Normal,333019,hybrid,mlp,50,100.0,not estimable,100.0
8,seed282427,Normal,333019,hybrid,rf,50,100.0,not estimable,100.0
8,seed282427,Normal,333019,hybrid,xgboost,50,100.0,not estimable,100.0
8,seed282427,Normal,333019,mlp,rf,50,100.0,not estimable,not applicable
8,seed282427,Normal,333019,mlp,xgboost,50,100.0,not estimable,not applicable
8,seed282427,Normal,333019,rf,xgboost,50,100.0,not estimable,not applicable
8,seed282427,SYNFlood,104729,hybrid,mlp,850,100.0,not estimable,100.0
8,seed282427,SYNFlood,104729,hybrid,rf,850,100.0,not estimable,100.0
8,seed282427,SYNFlood,104729,hybrid,xgboost,850,100.0,not estimable,100.0
8,seed282427,SYNFlood,104729,mlp,rf,850,100.0,not estimable,not applicable
8,seed282427,SYNFlood,104729,mlp,xgboost,850,100.0,not estimable,not applicable
8,seed282427,SYNFlood,104729,rf,xgboost,850,100.0,not estimable,not applicable
8,seed282427,SYNFlood,130363,hybrid,mlp,850,100.0,not estimable,100.0
8,seed282427,SYNFlood,130363,hybrid,rf,850,100.0,not estimable,100.0
8,seed282427,SYNFlood,130363,hybrid,xgboost,850,100.0,not estimable,100.0
8,seed282427,SYNFlood,130363,mlp,rf,850,100.0,not estimable,not applicable
8,seed282427,SYNFlood,130363,mlp,xgboost,850,100.0,not estimable,not applicable
8,seed282427,SYNFlood,130363,rf,xgboost,850,100.0,not estimable,not applicable
8,seed282427,SYNFlood,155921,hybrid,mlp,850,95.52941176470588,0.0,95.52941176470588
8,seed282427,SYNFlood,155921,hybrid,rf,850,100.0,not estimable,100.0
8,seed282427,SYNFlood,155921,hybrid,xgboost,850,100.0,not estimable,100.0
8,seed282427,SYNFlood,155921,mlp,rf,850,95.52941176470588,0.0,not applicable
8,seed282427,SYNFlood,155921,mlp,xgboost,850,95.52941176470588,0.0,not applicable
8,seed282427,SYNFlood,155921,rf,xgboost,850,100.0,not estimable,not applicable
8,seed282427,SYNFlood,181081,hybrid,mlp,850,100.0,not estimable,100.0
8,seed282427,SYNFlood,181081,hybrid,rf,850,100.0,not estimable,100.0
8,seed282427,SYNFlood,181081,hybrid,xgboost,850,100.0,not estimable,100.0
8,seed282427,SYNFlood,181081,mlp,rf,850,100.0,not estimable,not applicable
8,seed282427,SYNFlood,181081,mlp,xgboost,850,100.0,not estimable,not applicable
8,seed282427,SYNFlood,181081,rf,xgboost,850,100.0,not estimable,not applicable
8,seed282427,SYNFlood,206369,hybrid,mlp,850,94.11764705882352,0.0,94.11764705882352
8,seed282427,SYNFlood,206369,hybrid,rf,850,100.0,not estimable,100.0
8,seed282427,SYNFlood,206369,hybrid,xgboost,850,100.0,not estimable,100.0
8,seed282427,SYNFlood,206369,mlp,rf,850,94.11764705882352,0.0,not applicable
8,seed282427,SYNFlood,206369,mlp,xgboost,850,94.11764705882352,0.0,not applicable
8,seed282427,SYNFlood,206369,rf,xgboost,850,100.0,not estimable,not applicable
8,seed282427,SYNFlood,231701,hybrid,mlp,850,100.0,not estimable,100.0
8,seed282427,SYNFlood,231701,hybrid,rf,850,100.0,not estimable,100.0
8,seed282427,SYNFlood,231701,hybrid,xgboost,850,100.0,not estimable,100.0
8,seed282427,SYNFlood,231701,mlp,rf,850,100.0,not estimable,not applicable
8,seed282427,SYNFlood,231701,mlp,xgboost,850,100.0,not estimable,not applicable
8,seed282427,SYNFlood,231701,rf,xgboost,850,100.0,not estimable,not applicable
8,seed282427,SYNFlood,257053,hybrid,mlp,850,100.0,not estimable,100.0
8,seed282427,SYNFlood,257053,hybrid,rf,850,100.0,not estimable,100.0
8,seed282427,SYNFlood,257053,hybrid,xgboost,850,100.0,not estimable,100.0
8,seed282427,SYNFlood,257053,mlp,rf,850,100.0,not estimable,not applicable
8,seed282427,SYNFlood,257053,mlp,xgboost,850,100.0,not estimable,not applicable
8,seed282427,SYNFlood,257053,rf,xgboost,850,100.0,not estimable,not applicable
8,seed282427,SYNFlood,282427,hybrid,mlp,850,100.0,not estimable,100.0
8,seed282427,SYNFlood,282427,hybrid,rf,850,100.0,not estimable,100.0
8,seed282427,SYNFlood,282427,hybrid,xgboost,850,100.0,not estimable,100.0
8,seed282427,SYNFlood,282427,mlp,rf,850,100.0,not estimable,not applicable
8,seed282427,SYNFlood,282427,mlp,xgboost,850,100.0,not estimable,not applicable
8,seed282427,SYNFlood,282427,rf,xgboost,850,100.0,not estimable,not applicable
8,seed282427,SYNFlood,307759,hybrid,mlp,850,100.0,not estimable,100.0
8,seed282427,SYNFlood,307759,hybrid,rf,850,100.0,not estimable,100.0
8,seed282427,SYNFlood,307759,hybrid,xgboost,850,100.0,not estimable,100.0
8,seed282427,SYNFlood,307759,mlp,rf,850,100.0,not estimable,not applicable
8,seed282427,SYNFlood,307759,mlp,xgboost,850,100.0,not estimable,not applicable
8,seed282427,SYNFlood,307759,rf,xgboost,850,100.0,not estimable,not applicable
8,seed282427,SYNFlood,333019,hybrid,mlp,850,100.0,not estimable,100.0
8,seed282427,SYNFlood,333019,hybrid,rf,850,100.0,not estimable,100.0
8,seed282427,SYNFlood,333019,hybrid,xgboost,850,100.0,not estimable,100.0
8,seed282427,SYNFlood,333019,mlp,rf,850,100.0,not estimable,not applicable
8,seed282427,SYNFlood,333019,mlp,xgboost,850,100.0,not estimable,not applicable
8,seed282427,SYNFlood,333019,rf,xgboost,850,100.0,not estimable,not applicable
8,seed282427,UDPFlood,104729,hybrid,mlp,70,100.0,1.0,100.0
8,seed282427,UDPFlood,104729,hybrid,rf,70,75.71428571428571,0.20134228187919456,75.71428571428571
8,seed282427,UDPFlood,104729,hybrid,xgboost,70,100.0,1.0,100.0
8,seed282427,UDPFlood,104729,mlp,rf,70,75.71428571428571,0.20134228187919456,not applicable
8,seed282427,UDPFlood,104729,mlp,xgboost,70,100.0,1.0,not applicable
8,seed282427,UDPFlood,104729,rf,xgboost,70,75.71428571428571,0.20134228187919456,not applicable
8,seed282427,UDPFlood,130363,hybrid,mlp,70,100.0,1.0,100.0
8,seed282427,UDPFlood,130363,hybrid,rf,70,100.0,1.0,100.0
8,seed282427,UDPFlood,130363,hybrid,xgboost,70,100.0,1.0,100.0
8,seed282427,UDPFlood,130363,mlp,rf,70,100.0,1.0,not applicable
8,seed282427,UDPFlood,130363,mlp,xgboost,70,100.0,1.0,not applicable
8,seed282427,UDPFlood,130363,rf,xgboost,70,100.0,1.0,not applicable
8,seed282427,UDPFlood,155921,hybrid,mlp,70,100.0,1.0,100.0
8,seed282427,UDPFlood,155921,hybrid,rf,70,100.0,1.0,100.0
8,seed282427,UDPFlood,155921,hybrid,xgboost,70,100.0,1.0,100.0
8,seed282427,UDPFlood,155921,mlp,rf,70,100.0,1.0,not applicable
8,seed282427,UDPFlood,155921,mlp,xgboost,70,100.0,1.0,not applicable
8,seed282427,UDPFlood,155921,rf,xgboost,70,100.0,1.0,not applicable
8,seed282427,UDPFlood,181081,hybrid,mlp,70,71.42857142857143,0.0,71.42857142857143
8,seed282427,UDPFlood,181081,hybrid,rf,70,100.0,1.0,100.0
8,seed282427,UDPFlood,181081,hybrid,xgboost,70,100.0,1.0,100.0
8,seed282427,UDPFlood,181081,mlp,rf,70,71.42857142857143,0.0,not applicable
8,seed282427,UDPFlood,181081,mlp,xgboost,70,71.42857142857143,0.0,not applicable
8,seed282427,UDPFlood,181081,rf,xgboost,70,100.0,1.0,not applicable
8,seed282427,UDPFlood,206369,hybrid,mlp,70,28.57142857142857,0.0,28.57142857142857
8,seed282427,UDPFlood,206369,hybrid,rf,70,100.0,1.0,100.0
8,seed282427,UDPFlood,206369,hybrid,xgboost,70,100.0,1.0,100.0
8,seed282427,UDPFlood,206369,mlp,rf,70,28.57142857142857,0.0,not applicable
8,seed282427,UDPFlood,206369,mlp,xgboost,70,28.57142857142857,0.0,not applicable
8,seed282427,UDPFlood,206369,rf,xgboost,70,100.0,1.0,not applicable
8,seed282427,UDPFlood,231701,hybrid,mlp,70,100.0,1.0,100.0
8,seed282427,UDPFlood,231701,hybrid,rf,70,100.0,1.0,100.0
8,seed282427,UDPFlood,231701,hybrid,xgboost,70,100.0,1.0,100.0
8,seed282427,UDPFlood,231701,mlp,rf,70,100.0,1.0,not applicable
8,seed282427,UDPFlood,231701,mlp,xgboost,70,100.0,1.0,not applicable
8,seed282427,UDPFlood,231701,rf,xgboost,70,100.0,1.0,not applicable
8,seed282427,UDPFlood,257053,hybrid,mlp,70,100.0,1.0,100.0
8,seed282427,UDPFlood,257053,hybrid,rf,70,100.0,1.0,100.0
8,seed282427,UDPFlood,257053,hybrid,xgboost,70,100.0,1.0,100.0
8,seed282427,UDPFlood,257053,mlp,rf,70,100.0,1.0,not applicable
8,seed282427,UDPFlood,257053,mlp,xgboost,70,100.0,1.0,not applicable
8,seed282427,UDPFlood,257053,rf,xgboost,70,100.0,1.0,not applicable
8,seed282427,UDPFlood,282427,hybrid,mlp,70,71.42857142857143,0.0,71.42857142857143
8,seed282427,UDPFlood,282427,hybrid,rf,70,100.0,1.0,100.0
8,seed282427,UDPFlood,282427,hybrid,xgboost,70,100.0,1.0,100.0
8,seed282427,UDPFlood,282427,mlp,rf,70,71.42857142857143,0.0,not applicable
8,seed282427,UDPFlood,282427,mlp,xgboost,70,71.42857142857143,0.0,not applicable
8,seed282427,UDPFlood,282427,rf,xgboost,70,100.0,1.0,not applicable
8,seed282427,UDPFlood,307759,hybrid,mlp,70,100.0,1.0,100.0
8,seed282427,UDPFlood,307759,hybrid,rf,70,100.0,1.0,100.0
8,seed282427,UDPFlood,307759,hybrid,xgboost,70,100.0,1.0,100.0
8,seed282427,UDPFlood,307759,mlp,rf,70,100.0,1.0,not applicable
8,seed282427,UDPFlood,307759,mlp,xgboost,70,100.0,1.0,not applicable
8,seed282427,UDPFlood,307759,rf,xgboost,70,100.0,1.0,not applicable
8,seed282427,UDPFlood,333019,hybrid,mlp,70,71.42857142857143,0.0,71.42857142857143
8,seed282427,UDPFlood,333019,hybrid,rf,70,100.0,1.0,100.0
8,seed282427,UDPFlood,333019,hybrid,xgboost,70,100.0,1.0,100.0
8,seed282427,UDPFlood,333019,mlp,rf,70,71.42857142857143,0.0,not applicable
8,seed282427,UDPFlood,333019,mlp,xgboost,70,71.42857142857143,0.0,not applicable
8,seed282427,UDPFlood,333019,rf,xgboost,70,100.0,1.0,not applicable
8,seed307759,DNSAmplification,104729,hybrid,mlp,60,100.0,1.0,100.0
8,seed307759,DNSAmplification,104729,hybrid,rf,60,83.33333333333334,0.0,83.33333333333334
8,seed307759,DNSAmplification,104729,hybrid,xgboost,60,100.0,1.0,100.0
8,seed307759,DNSAmplification,104729,mlp,rf,60,83.33333333333334,0.0,not applicable
8,seed307759,DNSAmplification,104729,mlp,xgboost,60,100.0,1.0,not applicable
8,seed307759,DNSAmplification,104729,rf,xgboost,60,83.33333333333334,0.0,not applicable
8,seed307759,DNSAmplification,130363,hybrid,mlp,60,100.0,1.0,100.0
8,seed307759,DNSAmplification,130363,hybrid,rf,60,100.0,1.0,100.0
8,seed307759,DNSAmplification,130363,hybrid,xgboost,60,100.0,1.0,100.0
8,seed307759,DNSAmplification,130363,mlp,rf,60,100.0,1.0,not applicable
8,seed307759,DNSAmplification,130363,mlp,xgboost,60,100.0,1.0,not applicable
8,seed307759,DNSAmplification,130363,rf,xgboost,60,100.0,1.0,not applicable
8,seed307759,DNSAmplification,155921,hybrid,mlp,60,35.0,0.08593750000000011,35.0
8,seed307759,DNSAmplification,155921,hybrid,rf,60,100.0,1.0,100.0
8,seed307759,DNSAmplification,155921,hybrid,xgboost,60,100.0,1.0,100.0
8,seed307759,DNSAmplification,155921,mlp,rf,60,35.0,0.08593750000000011,not applicable
8,seed307759,DNSAmplification,155921,mlp,xgboost,60,35.0,0.08593750000000011,not applicable
8,seed307759,DNSAmplification,155921,rf,xgboost,60,100.0,1.0,not applicable
8,seed307759,DNSAmplification,181081,hybrid,mlp,60,85.0,0.0,85.0
8,seed307759,DNSAmplification,181081,hybrid,rf,60,100.0,1.0,100.0
8,seed307759,DNSAmplification,181081,hybrid,xgboost,60,98.33333333333333,0.9375,98.33333333333333
8,seed307759,DNSAmplification,181081,mlp,rf,60,85.0,0.0,not applicable
8,seed307759,DNSAmplification,181081,mlp,xgboost,60,83.33333333333334,0.0,not applicable
8,seed307759,DNSAmplification,181081,rf,xgboost,60,98.33333333333333,0.9375,not applicable
8,seed307759,DNSAmplification,206369,hybrid,mlp,60,16.666666666666664,0.0,16.666666666666664
8,seed307759,DNSAmplification,206369,hybrid,rf,60,100.0,1.0,100.0
8,seed307759,DNSAmplification,206369,hybrid,xgboost,60,100.0,1.0,100.0
8,seed307759,DNSAmplification,206369,mlp,rf,60,16.666666666666664,0.0,not applicable
8,seed307759,DNSAmplification,206369,mlp,xgboost,60,16.666666666666664,0.0,not applicable
8,seed307759,DNSAmplification,206369,rf,xgboost,60,100.0,1.0,not applicable
8,seed307759,DNSAmplification,231701,hybrid,mlp,60,100.0,1.0,100.0
8,seed307759,DNSAmplification,231701,hybrid,rf,60,95.0,0.7954545454545454,95.0
8,seed307759,DNSAmplification,231701,hybrid,xgboost,60,100.0,1.0,100.0
8,seed307759,DNSAmplification,231701,mlp,rf,60,95.0,0.7954545454545454,not applicable
8,seed307759,DNSAmplification,231701,mlp,xgboost,60,100.0,1.0,not applicable
8,seed307759,DNSAmplification,231701,rf,xgboost,60,95.0,0.7954545454545454,not applicable
8,seed307759,DNSAmplification,257053,hybrid,mlp,60,100.0,1.0,100.0
8,seed307759,DNSAmplification,257053,hybrid,rf,60,100.0,1.0,100.0
8,seed307759,DNSAmplification,257053,hybrid,xgboost,60,100.0,1.0,100.0
8,seed307759,DNSAmplification,257053,mlp,rf,60,100.0,1.0,not applicable
8,seed307759,DNSAmplification,257053,mlp,xgboost,60,100.0,1.0,not applicable
8,seed307759,DNSAmplification,257053,rf,xgboost,60,100.0,1.0,not applicable
8,seed307759,DNSAmplification,282427,hybrid,mlp,60,83.33333333333334,0.0,83.33333333333334
8,seed307759,DNSAmplification,282427,hybrid,rf,60,100.0,1.0,100.0
8,seed307759,DNSAmplification,282427,hybrid,xgboost,60,100.0,1.0,100.0
8,seed307759,DNSAmplification,282427,mlp,rf,60,83.33333333333334,0.0,not applicable
8,seed307759,DNSAmplification,282427,mlp,xgboost,60,83.33333333333334,0.0,not applicable
8,seed307759,DNSAmplification,282427,rf,xgboost,60,100.0,1.0,not applicable
8,seed307759,DNSAmplification,307759,hybrid,mlp,60,100.0,1.0,100.0
8,seed307759,DNSAmplification,307759,hybrid,rf,60,100.0,1.0,100.0
8,seed307759,DNSAmplification,307759,hybrid,xgboost,60,100.0,1.0,100.0
8,seed307759,DNSAmplification,307759,mlp,rf,60,100.0,1.0,not applicable
8,seed307759,DNSAmplification,307759,mlp,xgboost,60,100.0,1.0,not applicable
8,seed307759,DNSAmplification,307759,rf,xgboost,60,100.0,1.0,not applicable
8,seed307759,DNSAmplification,333019,hybrid,mlp,60,83.33333333333334,0.0,83.33333333333334
8,seed307759,DNSAmplification,333019,hybrid,rf,60,100.0,1.0,100.0
8,seed307759,DNSAmplification,333019,hybrid,xgboost,60,100.0,1.0,100.0
8,seed307759,DNSAmplification,333019,mlp,rf,60,83.33333333333334,0.0,not applicable
8,seed307759,DNSAmplification,333019,mlp,xgboost,60,83.33333333333334,0.0,not applicable
8,seed307759,DNSAmplification,333019,rf,xgboost,60,100.0,1.0,not applicable
8,seed307759,Normal,104729,hybrid,mlp,50,100.0,not estimable,100.0
8,seed307759,Normal,104729,hybrid,rf,50,100.0,not estimable,100.0
8,seed307759,Normal,104729,hybrid,xgboost,50,100.0,not estimable,100.0
8,seed307759,Normal,104729,mlp,rf,50,100.0,not estimable,not applicable
8,seed307759,Normal,104729,mlp,xgboost,50,100.0,not estimable,not applicable
8,seed307759,Normal,104729,rf,xgboost,50,100.0,not estimable,not applicable
8,seed307759,Normal,130363,hybrid,mlp,50,100.0,not estimable,100.0
8,seed307759,Normal,130363,hybrid,rf,50,100.0,not estimable,100.0
8,seed307759,Normal,130363,hybrid,xgboost,50,100.0,not estimable,100.0
8,seed307759,Normal,130363,mlp,rf,50,100.0,not estimable,not applicable
8,seed307759,Normal,130363,mlp,xgboost,50,100.0,not estimable,not applicable
8,seed307759,Normal,130363,rf,xgboost,50,100.0,not estimable,not applicable
8,seed307759,Normal,155921,hybrid,mlp,50,16.0,0.0,16.0
8,seed307759,Normal,155921,hybrid,rf,50,100.0,not estimable,100.0
8,seed307759,Normal,155921,hybrid,xgboost,50,100.0,not estimable,100.0
8,seed307759,Normal,155921,mlp,rf,50,16.0,0.0,not applicable
8,seed307759,Normal,155921,mlp,xgboost,50,16.0,0.0,not applicable
8,seed307759,Normal,155921,rf,xgboost,50,100.0,not estimable,not applicable
8,seed307759,Normal,181081,hybrid,mlp,50,100.0,not estimable,100.0
8,seed307759,Normal,181081,hybrid,rf,50,100.0,not estimable,100.0
8,seed307759,Normal,181081,hybrid,xgboost,50,100.0,not estimable,100.0
8,seed307759,Normal,181081,mlp,rf,50,100.0,not estimable,not applicable
8,seed307759,Normal,181081,mlp,xgboost,50,100.0,not estimable,not applicable
8,seed307759,Normal,181081,rf,xgboost,50,100.0,not estimable,not applicable
8,seed307759,Normal,206369,hybrid,mlp,50,0.0,0.0,0.0
8,seed307759,Normal,206369,hybrid,rf,50,100.0,not estimable,100.0
8,seed307759,Normal,206369,hybrid,xgboost,50,100.0,not estimable,100.0
8,seed307759,Normal,206369,mlp,rf,50,0.0,0.0,not applicable
8,seed307759,Normal,206369,mlp,xgboost,50,0.0,0.0,not applicable
8,seed307759,Normal,206369,rf,xgboost,50,100.0,not estimable,not applicable
8,seed307759,Normal,231701,hybrid,mlp,50,100.0,not estimable,100.0
8,seed307759,Normal,231701,hybrid,rf,50,100.0,not estimable,100.0
8,seed307759,Normal,231701,hybrid,xgboost,50,100.0,not estimable,100.0
8,seed307759,Normal,231701,mlp,rf,50,100.0,not estimable,not applicable
8,seed307759,Normal,231701,mlp,xgboost,50,100.0,not estimable,not applicable
8,seed307759,Normal,231701,rf,xgboost,50,100.0,not estimable,not applicable
8,seed307759,Normal,257053,hybrid,mlp,50,100.0,not estimable,100.0
8,seed307759,Normal,257053,hybrid,rf,50,100.0,not estimable,100.0
8,seed307759,Normal,257053,hybrid,xgboost,50,100.0,not estimable,100.0
8,seed307759,Normal,257053,mlp,rf,50,100.0,not estimable,not applicable
8,seed307759,Normal,257053,mlp,xgboost,50,100.0,not estimable,not applicable
8,seed307759,Normal,257053,rf,xgboost,50,100.0,not estimable,not applicable
8,seed307759,Normal,282427,hybrid,mlp,50,100.0,not estimable,100.0
8,seed307759,Normal,282427,hybrid,rf,50,100.0,not estimable,100.0
8,seed307759,Normal,282427,hybrid,xgboost,50,100.0,not estimable,100.0
8,seed307759,Normal,282427,mlp,rf,50,100.0,not estimable,not applicable
8,seed307759,Normal,282427,mlp,xgboost,50,100.0,not estimable,not applicable
8,seed307759,Normal,282427,rf,xgboost,50,100.0,not estimable,not applicable
8,seed307759,Normal,307759,hybrid,mlp,50,100.0,not estimable,100.0
8,seed307759,Normal,307759,hybrid,rf,50,100.0,not estimable,100.0
8,seed307759,Normal,307759,hybrid,xgboost,50,100.0,not estimable,100.0
8,seed307759,Normal,307759,mlp,rf,50,100.0,not estimable,not applicable
8,seed307759,Normal,307759,mlp,xgboost,50,100.0,not estimable,not applicable
8,seed307759,Normal,307759,rf,xgboost,50,100.0,not estimable,not applicable
8,seed307759,Normal,333019,hybrid,mlp,50,100.0,not estimable,100.0
8,seed307759,Normal,333019,hybrid,rf,50,100.0,not estimable,100.0
8,seed307759,Normal,333019,hybrid,xgboost,50,100.0,not estimable,100.0
8,seed307759,Normal,333019,mlp,rf,50,100.0,not estimable,not applicable
8,seed307759,Normal,333019,mlp,xgboost,50,100.0,not estimable,not applicable
8,seed307759,Normal,333019,rf,xgboost,50,100.0,not estimable,not applicable
8,seed307759,SYNFlood,104729,hybrid,mlp,850,100.0,not estimable,100.0
8,seed307759,SYNFlood,104729,hybrid,rf,850,100.0,not estimable,100.0
8,seed307759,SYNFlood,104729,hybrid,xgboost,850,100.0,not estimable,100.0
8,seed307759,SYNFlood,104729,mlp,rf,850,100.0,not estimable,not applicable
8,seed307759,SYNFlood,104729,mlp,xgboost,850,100.0,not estimable,not applicable
8,seed307759,SYNFlood,104729,rf,xgboost,850,100.0,not estimable,not applicable
8,seed307759,SYNFlood,130363,hybrid,mlp,850,100.0,not estimable,100.0
8,seed307759,SYNFlood,130363,hybrid,rf,850,100.0,not estimable,100.0
8,seed307759,SYNFlood,130363,hybrid,xgboost,850,100.0,not estimable,100.0
8,seed307759,SYNFlood,130363,mlp,rf,850,100.0,not estimable,not applicable
8,seed307759,SYNFlood,130363,mlp,xgboost,850,100.0,not estimable,not applicable
8,seed307759,SYNFlood,130363,rf,xgboost,850,100.0,not estimable,not applicable
8,seed307759,SYNFlood,155921,hybrid,mlp,850,95.17647058823529,0.0,95.17647058823529
8,seed307759,SYNFlood,155921,hybrid,rf,850,100.0,not estimable,100.0
8,seed307759,SYNFlood,155921,hybrid,xgboost,850,100.0,not estimable,100.0
8,seed307759,SYNFlood,155921,mlp,rf,850,95.17647058823529,0.0,not applicable
8,seed307759,SYNFlood,155921,mlp,xgboost,850,95.17647058823529,0.0,not applicable
8,seed307759,SYNFlood,155921,rf,xgboost,850,100.0,not estimable,not applicable
8,seed307759,SYNFlood,181081,hybrid,mlp,850,100.0,not estimable,100.0
8,seed307759,SYNFlood,181081,hybrid,rf,850,100.0,not estimable,100.0
8,seed307759,SYNFlood,181081,hybrid,xgboost,850,100.0,not estimable,100.0
8,seed307759,SYNFlood,181081,mlp,rf,850,100.0,not estimable,not applicable
8,seed307759,SYNFlood,181081,mlp,xgboost,850,100.0,not estimable,not applicable
8,seed307759,SYNFlood,181081,rf,xgboost,850,100.0,not estimable,not applicable
8,seed307759,SYNFlood,206369,hybrid,mlp,850,94.11764705882352,0.0,94.11764705882352
8,seed307759,SYNFlood,206369,hybrid,rf,850,100.0,not estimable,100.0
8,seed307759,SYNFlood,206369,hybrid,xgboost,850,100.0,not estimable,100.0
8,seed307759,SYNFlood,206369,mlp,rf,850,94.11764705882352,0.0,not applicable
8,seed307759,SYNFlood,206369,mlp,xgboost,850,94.11764705882352,0.0,not applicable
8,seed307759,SYNFlood,206369,rf,xgboost,850,100.0,not estimable,not applicable
8,seed307759,SYNFlood,231701,hybrid,mlp,850,100.0,not estimable,100.0
8,seed307759,SYNFlood,231701,hybrid,rf,850,100.0,not estimable,100.0
8,seed307759,SYNFlood,231701,hybrid,xgboost,850,100.0,not estimable,100.0
8,seed307759,SYNFlood,231701,mlp,rf,850,100.0,not estimable,not applicable
8,seed307759,SYNFlood,231701,mlp,xgboost,850,100.0,not estimable,not applicable
8,seed307759,SYNFlood,231701,rf,xgboost,850,100.0,not estimable,not applicable
8,seed307759,SYNFlood,257053,hybrid,mlp,850,100.0,not estimable,100.0
8,seed307759,SYNFlood,257053,hybrid,rf,850,100.0,not estimable,100.0
8,seed307759,SYNFlood,257053,hybrid,xgboost,850,100.0,not estimable,100.0
8,seed307759,SYNFlood,257053,mlp,rf,850,100.0,not estimable,not applicable
8,seed307759,SYNFlood,257053,mlp,xgboost,850,100.0,not estimable,not applicable
8,seed307759,SYNFlood,257053,rf,xgboost,850,100.0,not estimable,not applicable
8,seed307759,SYNFlood,282427,hybrid,mlp,850,100.0,not estimable,100.0
8,seed307759,SYNFlood,282427,hybrid,rf,850,100.0,not estimable,100.0
8,seed307759,SYNFlood,282427,hybrid,xgboost,850,100.0,not estimable,100.0
8,seed307759,SYNFlood,282427,mlp,rf,850,100.0,not estimable,not applicable
8,seed307759,SYNFlood,282427,mlp,xgboost,850,100.0,not estimable,not applicable
8,seed307759,SYNFlood,282427,rf,xgboost,850,100.0,not estimable,not applicable
8,seed307759,SYNFlood,307759,hybrid,mlp,850,100.0,not estimable,100.0
8,seed307759,SYNFlood,307759,hybrid,rf,850,100.0,not estimable,100.0
8,seed307759,SYNFlood,307759,hybrid,xgboost,850,100.0,not estimable,100.0
8,seed307759,SYNFlood,307759,mlp,rf,850,100.0,not estimable,not applicable
8,seed307759,SYNFlood,307759,mlp,xgboost,850,100.0,not estimable,not applicable
8,seed307759,SYNFlood,307759,rf,xgboost,850,100.0,not estimable,not applicable
8,seed307759,SYNFlood,333019,hybrid,mlp,850,100.0,not estimable,100.0
8,seed307759,SYNFlood,333019,hybrid,rf,850,100.0,not estimable,100.0
8,seed307759,SYNFlood,333019,hybrid,xgboost,850,100.0,not estimable,100.0
8,seed307759,SYNFlood,333019,mlp,rf,850,100.0,not estimable,not applicable
8,seed307759,SYNFlood,333019,mlp,xgboost,850,100.0,not estimable,not applicable
8,seed307759,SYNFlood,333019,rf,xgboost,850,100.0,not estimable,not applicable
8,seed307759,UDPFlood,104729,hybrid,mlp,70,100.0,1.0,100.0
8,seed307759,UDPFlood,104729,hybrid,rf,70,75.71428571428571,0.20134228187919456,75.71428571428571
8,seed307759,UDPFlood,104729,hybrid,xgboost,70,100.0,1.0,100.0
8,seed307759,UDPFlood,104729,mlp,rf,70,75.71428571428571,0.20134228187919456,not applicable
8,seed307759,UDPFlood,104729,mlp,xgboost,70,100.0,1.0,not applicable
8,seed307759,UDPFlood,104729,rf,xgboost,70,75.71428571428571,0.20134228187919456,not applicable
8,seed307759,UDPFlood,130363,hybrid,mlp,70,100.0,1.0,100.0
8,seed307759,UDPFlood,130363,hybrid,rf,70,100.0,1.0,100.0
8,seed307759,UDPFlood,130363,hybrid,xgboost,70,100.0,1.0,100.0
8,seed307759,UDPFlood,130363,mlp,rf,70,100.0,1.0,not applicable
8,seed307759,UDPFlood,130363,mlp,xgboost,70,100.0,1.0,not applicable
8,seed307759,UDPFlood,130363,rf,xgboost,70,100.0,1.0,not applicable
8,seed307759,UDPFlood,155921,hybrid,mlp,70,100.0,1.0,100.0
8,seed307759,UDPFlood,155921,hybrid,rf,70,100.0,1.0,100.0
8,seed307759,UDPFlood,155921,hybrid,xgboost,70,100.0,1.0,100.0
8,seed307759,UDPFlood,155921,mlp,rf,70,100.0,1.0,not applicable
8,seed307759,UDPFlood,155921,mlp,xgboost,70,100.0,1.0,not applicable
8,seed307759,UDPFlood,155921,rf,xgboost,70,100.0,1.0,not applicable
8,seed307759,UDPFlood,181081,hybrid,mlp,70,71.42857142857143,0.0,71.42857142857143
8,seed307759,UDPFlood,181081,hybrid,rf,70,100.0,1.0,100.0
8,seed307759,UDPFlood,181081,hybrid,xgboost,70,100.0,1.0,100.0
8,seed307759,UDPFlood,181081,mlp,rf,70,71.42857142857143,0.0,not applicable
8,seed307759,UDPFlood,181081,mlp,xgboost,70,71.42857142857143,0.0,not applicable
8,seed307759,UDPFlood,181081,rf,xgboost,70,100.0,1.0,not applicable
8,seed307759,UDPFlood,206369,hybrid,mlp,70,28.57142857142857,0.0,28.57142857142857
8,seed307759,UDPFlood,206369,hybrid,rf,70,100.0,1.0,100.0
8,seed307759,UDPFlood,206369,hybrid,xgboost,70,100.0,1.0,100.0
8,seed307759,UDPFlood,206369,mlp,rf,70,28.57142857142857,0.0,not applicable
8,seed307759,UDPFlood,206369,mlp,xgboost,70,28.57142857142857,0.0,not applicable
8,seed307759,UDPFlood,206369,rf,xgboost,70,100.0,1.0,not applicable
8,seed307759,UDPFlood,231701,hybrid,mlp,70,100.0,1.0,100.0
8,seed307759,UDPFlood,231701,hybrid,rf,70,100.0,1.0,100.0
8,seed307759,UDPFlood,231701,hybrid,xgboost,70,100.0,1.0,100.0
8,seed307759,UDPFlood,231701,mlp,rf,70,100.0,1.0,not applicable
8,seed307759,UDPFlood,231701,mlp,xgboost,70,100.0,1.0,not applicable
8,seed307759,UDPFlood,231701,rf,xgboost,70,100.0,1.0,not applicable
8,seed307759,UDPFlood,257053,hybrid,mlp,70,100.0,1.0,100.0
8,seed307759,UDPFlood,257053,hybrid,rf,70,100.0,1.0,100.0
8,seed307759,UDPFlood,257053,hybrid,xgboost,70,100.0,1.0,100.0
8,seed307759,UDPFlood,257053,mlp,rf,70,100.0,1.0,not applicable
8,seed307759,UDPFlood,257053,mlp,xgboost,70,100.0,1.0,not applicable
8,seed307759,UDPFlood,257053,rf,xgboost,70,100.0,1.0,not applicable
8,seed307759,UDPFlood,282427,hybrid,mlp,70,71.42857142857143,0.0,71.42857142857143
8,seed307759,UDPFlood,282427,hybrid,rf,70,100.0,1.0,100.0
8,seed307759,UDPFlood,282427,hybrid,xgboost,70,100.0,1.0,100.0
8,seed307759,UDPFlood,282427,mlp,rf,70,71.42857142857143,0.0,not applicable
8,seed307759,UDPFlood,282427,mlp,xgboost,70,71.42857142857143,0.0,not applicable
8,seed307759,UDPFlood,282427,rf,xgboost,70,100.0,1.0,not applicable
8,seed307759,UDPFlood,307759,hybrid,mlp,70,100.0,1.0,100.0
8,seed307759,UDPFlood,307759,hybrid,rf,70,100.0,1.0,100.0
8,seed307759,UDPFlood,307759,hybrid,xgboost,70,100.0,1.0,100.0
8,seed307759,UDPFlood,307759,mlp,rf,70,100.0,1.0,not applicable
8,seed307759,UDPFlood,307759,mlp,xgboost,70,100.0,1.0,not applicable
8,seed307759,UDPFlood,307759,rf,xgboost,70,100.0,1.0,not applicable
8,seed307759,UDPFlood,333019,hybrid,mlp,70,71.42857142857143,0.0,71.42857142857143
8,seed307759,UDPFlood,333019,hybrid,rf,70,100.0,1.0,100.0
8,seed307759,UDPFlood,333019,hybrid,xgboost,70,100.0,1.0,100.0
8,seed307759,UDPFlood,333019,mlp,rf,70,71.42857142857143,0.0,not applicable
8,seed307759,UDPFlood,333019,mlp,xgboost,70,71.42857142857143,0.0,not applicable
8,seed307759,UDPFlood,333019,rf,xgboost,70,100.0,1.0,not applicable
8,seed333019,DNSAmplification,104729,hybrid,mlp,60,100.0,1.0,100.0
8,seed333019,DNSAmplification,104729,hybrid,rf,60,83.33333333333334,0.0,83.33333333333334
8,seed333019,DNSAmplification,104729,hybrid,xgboost,60,100.0,1.0,100.0
8,seed333019,DNSAmplification,104729,mlp,rf,60,83.33333333333334,0.0,not applicable
8,seed333019,DNSAmplification,104729,mlp,xgboost,60,100.0,1.0,not applicable
8,seed333019,DNSAmplification,104729,rf,xgboost,60,83.33333333333334,0.0,not applicable
8,seed333019,DNSAmplification,130363,hybrid,mlp,60,100.0,1.0,100.0
8,seed333019,DNSAmplification,130363,hybrid,rf,60,100.0,1.0,100.0
8,seed333019,DNSAmplification,130363,hybrid,xgboost,60,100.0,1.0,100.0
8,seed333019,DNSAmplification,130363,mlp,rf,60,100.0,1.0,not applicable
8,seed333019,DNSAmplification,130363,mlp,xgboost,60,100.0,1.0,not applicable
8,seed333019,DNSAmplification,130363,rf,xgboost,60,100.0,1.0,not applicable
8,seed333019,DNSAmplification,155921,hybrid,mlp,60,40.0,0.11475409836065587,40.0
8,seed333019,DNSAmplification,155921,hybrid,rf,60,100.0,1.0,100.0
8,seed333019,DNSAmplification,155921,hybrid,xgboost,60,100.0,1.0,100.0
8,seed333019,DNSAmplification,155921,mlp,rf,60,40.0,0.11475409836065587,not applicable
8,seed333019,DNSAmplification,155921,mlp,xgboost,60,40.0,0.11475409836065587,not applicable
8,seed333019,DNSAmplification,155921,rf,xgboost,60,100.0,1.0,not applicable
8,seed333019,DNSAmplification,181081,hybrid,mlp,60,83.33333333333334,0.0,83.33333333333334
8,seed333019,DNSAmplification,181081,hybrid,rf,60,100.0,1.0,100.0
8,seed333019,DNSAmplification,181081,hybrid,xgboost,60,100.0,1.0,100.0
8,seed333019,DNSAmplification,181081,mlp,rf,60,83.33333333333334,0.0,not applicable
8,seed333019,DNSAmplification,181081,mlp,xgboost,60,83.33333333333334,0.0,not applicable
8,seed333019,DNSAmplification,181081,rf,xgboost,60,100.0,1.0,not applicable
8,seed333019,DNSAmplification,206369,hybrid,mlp,60,16.666666666666664,0.0,16.666666666666664
8,seed333019,DNSAmplification,206369,hybrid,rf,60,100.0,1.0,100.0
8,seed333019,DNSAmplification,206369,hybrid,xgboost,60,100.0,1.0,100.0
8,seed333019,DNSAmplification,206369,mlp,rf,60,16.666666666666664,0.0,not applicable
8,seed333019,DNSAmplification,206369,mlp,xgboost,60,16.666666666666664,0.0,not applicable
8,seed333019,DNSAmplification,206369,rf,xgboost,60,100.0,1.0,not applicable
8,seed333019,DNSAmplification,231701,hybrid,mlp,60,100.0,1.0,100.0
8,seed333019,DNSAmplification,231701,hybrid,rf,60,93.33333333333333,0.7142857142857143,93.33333333333333
8,seed333019,DNSAmplification,231701,hybrid,xgboost,60,100.0,1.0,100.0
8,seed333019,DNSAmplification,231701,mlp,rf,60,93.33333333333333,0.7142857142857143,not applicable
8,seed333019,DNSAmplification,231701,mlp,xgboost,60,100.0,1.0,not applicable
8,seed333019,DNSAmplification,231701,rf,xgboost,60,93.33333333333333,0.7142857142857143,not applicable
8,seed333019,DNSAmplification,257053,hybrid,mlp,60,100.0,1.0,100.0
8,seed333019,DNSAmplification,257053,hybrid,rf,60,100.0,1.0,100.0
8,seed333019,DNSAmplification,257053,hybrid,xgboost,60,100.0,1.0,100.0
8,seed333019,DNSAmplification,257053,mlp,rf,60,100.0,1.0,not applicable
8,seed333019,DNSAmplification,257053,mlp,xgboost,60,100.0,1.0,not applicable
8,seed333019,DNSAmplification,257053,rf,xgboost,60,100.0,1.0,not applicable
8,seed333019,DNSAmplification,282427,hybrid,mlp,60,83.33333333333334,0.0,83.33333333333334
8,seed333019,DNSAmplification,282427,hybrid,rf,60,100.0,1.0,100.0
8,seed333019,DNSAmplification,282427,hybrid,xgboost,60,100.0,1.0,100.0
8,seed333019,DNSAmplification,282427,mlp,rf,60,83.33333333333334,0.0,not applicable
8,seed333019,DNSAmplification,282427,mlp,xgboost,60,83.33333333333334,0.0,not applicable
8,seed333019,DNSAmplification,282427,rf,xgboost,60,100.0,1.0,not applicable
8,seed333019,DNSAmplification,307759,hybrid,mlp,60,100.0,1.0,100.0
8,seed333019,DNSAmplification,307759,hybrid,rf,60,100.0,1.0,100.0
8,seed333019,DNSAmplification,307759,hybrid,xgboost,60,100.0,1.0,100.0
8,seed333019,DNSAmplification,307759,mlp,rf,60,100.0,1.0,not applicable
8,seed333019,DNSAmplification,307759,mlp,xgboost,60,100.0,1.0,not applicable
8,seed333019,DNSAmplification,307759,rf,xgboost,60,100.0,1.0,not applicable
8,seed333019,DNSAmplification,333019,hybrid,mlp,60,83.33333333333334,0.0,83.33333333333334
8,seed333019,DNSAmplification,333019,hybrid,rf,60,100.0,1.0,100.0
8,seed333019,DNSAmplification,333019,hybrid,xgboost,60,100.0,1.0,100.0
8,seed333019,DNSAmplification,333019,mlp,rf,60,83.33333333333334,0.0,not applicable
8,seed333019,DNSAmplification,333019,mlp,xgboost,60,83.33333333333334,0.0,not applicable
8,seed333019,DNSAmplification,333019,rf,xgboost,60,100.0,1.0,not applicable
8,seed333019,Normal,104729,hybrid,mlp,50,100.0,not estimable,100.0
8,seed333019,Normal,104729,hybrid,rf,50,100.0,not estimable,100.0
8,seed333019,Normal,104729,hybrid,xgboost,50,100.0,not estimable,100.0
8,seed333019,Normal,104729,mlp,rf,50,100.0,not estimable,not applicable
8,seed333019,Normal,104729,mlp,xgboost,50,100.0,not estimable,not applicable
8,seed333019,Normal,104729,rf,xgboost,50,100.0,not estimable,not applicable
8,seed333019,Normal,130363,hybrid,mlp,50,100.0,not estimable,100.0
8,seed333019,Normal,130363,hybrid,rf,50,100.0,not estimable,100.0
8,seed333019,Normal,130363,hybrid,xgboost,50,100.0,not estimable,100.0
8,seed333019,Normal,130363,mlp,rf,50,100.0,not estimable,not applicable
8,seed333019,Normal,130363,mlp,xgboost,50,100.0,not estimable,not applicable
8,seed333019,Normal,130363,rf,xgboost,50,100.0,not estimable,not applicable
8,seed333019,Normal,155921,hybrid,mlp,50,22.0,0.0,22.0
8,seed333019,Normal,155921,hybrid,rf,50,100.0,not estimable,100.0
8,seed333019,Normal,155921,hybrid,xgboost,50,100.0,not estimable,100.0
8,seed333019,Normal,155921,mlp,rf,50,22.0,0.0,not applicable
8,seed333019,Normal,155921,mlp,xgboost,50,22.0,0.0,not applicable
8,seed333019,Normal,155921,rf,xgboost,50,100.0,not estimable,not applicable
8,seed333019,Normal,181081,hybrid,mlp,50,100.0,not estimable,100.0
8,seed333019,Normal,181081,hybrid,rf,50,100.0,not estimable,100.0
8,seed333019,Normal,181081,hybrid,xgboost,50,100.0,not estimable,100.0
8,seed333019,Normal,181081,mlp,rf,50,100.0,not estimable,not applicable
8,seed333019,Normal,181081,mlp,xgboost,50,100.0,not estimable,not applicable
8,seed333019,Normal,181081,rf,xgboost,50,100.0,not estimable,not applicable
8,seed333019,Normal,206369,hybrid,mlp,50,0.0,0.0,0.0
8,seed333019,Normal,206369,hybrid,rf,50,100.0,not estimable,100.0
8,seed333019,Normal,206369,hybrid,xgboost,50,100.0,not estimable,100.0
8,seed333019,Normal,206369,mlp,rf,50,0.0,0.0,not applicable
8,seed333019,Normal,206369,mlp,xgboost,50,0.0,0.0,not applicable
8,seed333019,Normal,206369,rf,xgboost,50,100.0,not estimable,not applicable
8,seed333019,Normal,231701,hybrid,mlp,50,100.0,not estimable,100.0
8,seed333019,Normal,231701,hybrid,rf,50,100.0,not estimable,100.0
8,seed333019,Normal,231701,hybrid,xgboost,50,100.0,not estimable,100.0
8,seed333019,Normal,231701,mlp,rf,50,100.0,not estimable,not applicable
8,seed333019,Normal,231701,mlp,xgboost,50,100.0,not estimable,not applicable
8,seed333019,Normal,231701,rf,xgboost,50,100.0,not estimable,not applicable
8,seed333019,Normal,257053,hybrid,mlp,50,100.0,not estimable,100.0
8,seed333019,Normal,257053,hybrid,rf,50,100.0,not estimable,100.0
8,seed333019,Normal,257053,hybrid,xgboost,50,100.0,not estimable,100.0
8,seed333019,Normal,257053,mlp,rf,50,100.0,not estimable,not applicable
8,seed333019,Normal,257053,mlp,xgboost,50,100.0,not estimable,not applicable
8,seed333019,Normal,257053,rf,xgboost,50,100.0,not estimable,not applicable
8,seed333019,Normal,282427,hybrid,mlp,50,100.0,not estimable,100.0
8,seed333019,Normal,282427,hybrid,rf,50,100.0,not estimable,100.0
8,seed333019,Normal,282427,hybrid,xgboost,50,100.0,not estimable,100.0
8,seed333019,Normal,282427,mlp,rf,50,100.0,not estimable,not applicable
8,seed333019,Normal,282427,mlp,xgboost,50,100.0,not estimable,not applicable
8,seed333019,Normal,282427,rf,xgboost,50,100.0,not estimable,not applicable
8,seed333019,Normal,307759,hybrid,mlp,50,100.0,not estimable,100.0
8,seed333019,Normal,307759,hybrid,rf,50,100.0,not estimable,100.0
8,seed333019,Normal,307759,hybrid,xgboost,50,100.0,not estimable,100.0
8,seed333019,Normal,307759,mlp,rf,50,100.0,not estimable,not applicable
8,seed333019,Normal,307759,mlp,xgboost,50,100.0,not estimable,not applicable
8,seed333019,Normal,307759,rf,xgboost,50,100.0,not estimable,not applicable
8,seed333019,Normal,333019,hybrid,mlp,50,100.0,not estimable,100.0
8,seed333019,Normal,333019,hybrid,rf,50,100.0,not estimable,100.0
8,seed333019,Normal,333019,hybrid,xgboost,50,100.0,not estimable,100.0
8,seed333019,Normal,333019,mlp,rf,50,100.0,not estimable,not applicable
8,seed333019,Normal,333019,mlp,xgboost,50,100.0,not estimable,not applicable
8,seed333019,Normal,333019,rf,xgboost,50,100.0,not estimable,not applicable
8,seed333019,SYNFlood,104729,hybrid,mlp,850,100.0,not estimable,100.0
8,seed333019,SYNFlood,104729,hybrid,rf,850,100.0,not estimable,100.0
8,seed333019,SYNFlood,104729,hybrid,xgboost,850,100.0,not estimable,100.0
8,seed333019,SYNFlood,104729,mlp,rf,850,100.0,not estimable,not applicable
8,seed333019,SYNFlood,104729,mlp,xgboost,850,100.0,not estimable,not applicable
8,seed333019,SYNFlood,104729,rf,xgboost,850,100.0,not estimable,not applicable
8,seed333019,SYNFlood,130363,hybrid,mlp,850,100.0,not estimable,100.0
8,seed333019,SYNFlood,130363,hybrid,rf,850,100.0,not estimable,100.0
8,seed333019,SYNFlood,130363,hybrid,xgboost,850,100.0,not estimable,100.0
8,seed333019,SYNFlood,130363,mlp,rf,850,100.0,not estimable,not applicable
8,seed333019,SYNFlood,130363,mlp,xgboost,850,100.0,not estimable,not applicable
8,seed333019,SYNFlood,130363,rf,xgboost,850,100.0,not estimable,not applicable
8,seed333019,SYNFlood,155921,hybrid,mlp,850,95.17647058823529,0.0,95.17647058823529
8,seed333019,SYNFlood,155921,hybrid,rf,850,100.0,not estimable,100.0
8,seed333019,SYNFlood,155921,hybrid,xgboost,850,100.0,not estimable,100.0
8,seed333019,SYNFlood,155921,mlp,rf,850,95.17647058823529,0.0,not applicable
8,seed333019,SYNFlood,155921,mlp,xgboost,850,95.17647058823529,0.0,not applicable
8,seed333019,SYNFlood,155921,rf,xgboost,850,100.0,not estimable,not applicable
8,seed333019,SYNFlood,181081,hybrid,mlp,850,100.0,not estimable,100.0
8,seed333019,SYNFlood,181081,hybrid,rf,850,100.0,not estimable,100.0
8,seed333019,SYNFlood,181081,hybrid,xgboost,850,100.0,not estimable,100.0
8,seed333019,SYNFlood,181081,mlp,rf,850,100.0,not estimable,not applicable
8,seed333019,SYNFlood,181081,mlp,xgboost,850,100.0,not estimable,not applicable
8,seed333019,SYNFlood,181081,rf,xgboost,850,100.0,not estimable,not applicable
8,seed333019,SYNFlood,206369,hybrid,mlp,850,94.11764705882352,0.0,94.11764705882352
8,seed333019,SYNFlood,206369,hybrid,rf,850,100.0,not estimable,100.0
8,seed333019,SYNFlood,206369,hybrid,xgboost,850,100.0,not estimable,100.0
8,seed333019,SYNFlood,206369,mlp,rf,850,94.11764705882352,0.0,not applicable
8,seed333019,SYNFlood,206369,mlp,xgboost,850,94.11764705882352,0.0,not applicable
8,seed333019,SYNFlood,206369,rf,xgboost,850,100.0,not estimable,not applicable
8,seed333019,SYNFlood,231701,hybrid,mlp,850,100.0,not estimable,100.0
8,seed333019,SYNFlood,231701,hybrid,rf,850,100.0,not estimable,100.0
8,seed333019,SYNFlood,231701,hybrid,xgboost,850,100.0,not estimable,100.0
8,seed333019,SYNFlood,231701,mlp,rf,850,100.0,not estimable,not applicable
8,seed333019,SYNFlood,231701,mlp,xgboost,850,100.0,not estimable,not applicable
8,seed333019,SYNFlood,231701,rf,xgboost,850,100.0,not estimable,not applicable
8,seed333019,SYNFlood,257053,hybrid,mlp,850,100.0,not estimable,100.0
8,seed333019,SYNFlood,257053,hybrid,rf,850,100.0,not estimable,100.0
8,seed333019,SYNFlood,257053,hybrid,xgboost,850,100.0,not estimable,100.0
8,seed333019,SYNFlood,257053,mlp,rf,850,100.0,not estimable,not applicable
8,seed333019,SYNFlood,257053,mlp,xgboost,850,100.0,not estimable,not applicable
8,seed333019,SYNFlood,257053,rf,xgboost,850,100.0,not estimable,not applicable
8,seed333019,SYNFlood,282427,hybrid,mlp,850,100.0,not estimable,100.0
8,seed333019,SYNFlood,282427,hybrid,rf,850,100.0,not estimable,100.0
8,seed333019,SYNFlood,282427,hybrid,xgboost,850,100.0,not estimable,100.0
8,seed333019,SYNFlood,282427,mlp,rf,850,100.0,not estimable,not applicable
8,seed333019,SYNFlood,282427,mlp,xgboost,850,100.0,not estimable,not applicable
8,seed333019,SYNFlood,282427,rf,xgboost,850,100.0,not estimable,not applicable
8,seed333019,SYNFlood,307759,hybrid,mlp,850,100.0,not estimable,100.0
8,seed333019,SYNFlood,307759,hybrid,rf,850,100.0,not estimable,100.0
8,seed333019,SYNFlood,307759,hybrid,xgboost,850,100.0,not estimable,100.0
8,seed333019,SYNFlood,307759,mlp,rf,850,100.0,not estimable,not applicable
8,seed333019,SYNFlood,307759,mlp,xgboost,850,100.0,not estimable,not applicable
8,seed333019,SYNFlood,307759,rf,xgboost,850,100.0,not estimable,not applicable
8,seed333019,SYNFlood,333019,hybrid,mlp,850,100.0,not estimable,100.0
8,seed333019,SYNFlood,333019,hybrid,rf,850,100.0,not estimable,100.0
8,seed333019,SYNFlood,333019,hybrid,xgboost,850,100.0,not estimable,100.0
8,seed333019,SYNFlood,333019,mlp,rf,850,100.0,not estimable,not applicable
8,seed333019,SYNFlood,333019,mlp,xgboost,850,100.0,not estimable,not applicable
8,seed333019,SYNFlood,333019,rf,xgboost,850,100.0,not estimable,not applicable
8,seed333019,UDPFlood,104729,hybrid,mlp,72,100.0,1.0,100.0
8,seed333019,UDPFlood,104729,hybrid,rf,72,80.55555555555556,0.38235294117647056,80.55555555555556
8,seed333019,UDPFlood,104729,hybrid,xgboost,72,100.0,1.0,100.0
8,seed333019,UDPFlood,104729,mlp,rf,72,80.55555555555556,0.38235294117647056,not applicable
8,seed333019,UDPFlood,104729,mlp,xgboost,72,100.0,1.0,not applicable
8,seed333019,UDPFlood,104729,rf,xgboost,72,80.55555555555556,0.38235294117647056,not applicable
8,seed333019,UDPFlood,130363,hybrid,mlp,72,98.61111111111111,0.96484375,98.61111111111111
8,seed333019,UDPFlood,130363,hybrid,rf,72,100.0,1.0,100.0
8,seed333019,UDPFlood,130363,hybrid,xgboost,72,100.0,1.0,100.0
8,seed333019,UDPFlood,130363,mlp,rf,72,98.61111111111111,0.96484375,not applicable
8,seed333019,UDPFlood,130363,mlp,xgboost,72,98.61111111111111,0.96484375,not applicable
8,seed333019,UDPFlood,130363,rf,xgboost,72,100.0,1.0,not applicable
8,seed333019,UDPFlood,155921,hybrid,mlp,72,100.0,1.0,100.0
8,seed333019,UDPFlood,155921,hybrid,rf,72,100.0,1.0,100.0
8,seed333019,UDPFlood,155921,hybrid,xgboost,72,98.61111111111111,0.9659090909090909,98.61111111111111
8,seed333019,UDPFlood,155921,mlp,rf,72,100.0,1.0,not applicable
8,seed333019,UDPFlood,155921,mlp,xgboost,72,98.61111111111111,0.9659090909090909,not applicable
8,seed333019,UDPFlood,155921,rf,xgboost,72,98.61111111111111,0.9659090909090909,not applicable
8,seed333019,UDPFlood,181081,hybrid,mlp,72,72.22222222222221,0.0,72.22222222222221
8,seed333019,UDPFlood,181081,hybrid,rf,72,98.61111111111111,0.9659090909090909,98.61111111111111
8,seed333019,UDPFlood,181081,hybrid,xgboost,72,100.0,1.0,100.0
8,seed333019,UDPFlood,181081,mlp,rf,72,70.83333333333334,0.0,not applicable
8,seed333019,UDPFlood,181081,mlp,xgboost,72,72.22222222222221,0.0,not applicable
8,seed333019,UDPFlood,181081,rf,xgboost,72,98.61111111111111,0.9659090909090909,not applicable
8,seed333019,UDPFlood,206369,hybrid,mlp,72,29.166666666666668,0.0,29.166666666666668
8,seed333019,UDPFlood,206369,hybrid,rf,72,100.0,1.0,100.0
8,seed333019,UDPFlood,206369,hybrid,xgboost,72,98.61111111111111,0.9659090909090909,98.61111111111111
8,seed333019,UDPFlood,206369,mlp,rf,72,29.166666666666668,0.0,not applicable
8,seed333019,UDPFlood,206369,mlp,xgboost,72,27.77777777777778,0.0,not applicable
8,seed333019,UDPFlood,206369,rf,xgboost,72,98.61111111111111,0.9659090909090909,not applicable
8,seed333019,UDPFlood,231701,hybrid,mlp,72,97.22222222222221,0.9328358208955224,97.22222222222221
8,seed333019,UDPFlood,231701,hybrid,rf,72,100.0,1.0,100.0
8,seed333019,UDPFlood,231701,hybrid,xgboost,72,100.0,1.0,100.0
8,seed333019,UDPFlood,231701,mlp,rf,72,97.22222222222221,0.9328358208955224,not applicable
8,seed333019,UDPFlood,231701,mlp,xgboost,72,97.22222222222221,0.9328358208955224,not applicable
8,seed333019,UDPFlood,231701,rf,xgboost,72,100.0,1.0,not applicable
8,seed333019,UDPFlood,257053,hybrid,mlp,72,100.0,1.0,100.0
8,seed333019,UDPFlood,257053,hybrid,rf,72,100.0,1.0,100.0
8,seed333019,UDPFlood,257053,hybrid,xgboost,72,98.61111111111111,0.9659090909090909,98.61111111111111
8,seed333019,UDPFlood,257053,mlp,rf,72,100.0,1.0,not applicable
8,seed333019,UDPFlood,257053,mlp,xgboost,72,98.61111111111111,0.9659090909090909,not applicable
8,seed333019,UDPFlood,257053,rf,xgboost,72,98.61111111111111,0.9659090909090909,not applicable
8,seed333019,UDPFlood,282427,hybrid,mlp,72,72.22222222222221,0.0,72.22222222222221
8,seed333019,UDPFlood,282427,hybrid,rf,72,98.61111111111111,0.9659090909090909,98.61111111111111
8,seed333019,UDPFlood,282427,hybrid,xgboost,72,100.0,1.0,100.0
8,seed333019,UDPFlood,282427,mlp,rf,72,70.83333333333334,0.0,not applicable
8,seed333019,UDPFlood,282427,mlp,xgboost,72,72.22222222222221,0.0,not applicable
8,seed333019,UDPFlood,282427,rf,xgboost,72,98.61111111111111,0.9659090909090909,not applicable
8,seed333019,UDPFlood,307759,hybrid,mlp,72,100.0,1.0,100.0
8,seed333019,UDPFlood,307759,hybrid,rf,72,98.61111111111111,0.9659090909090909,98.61111111111111
8,seed333019,UDPFlood,307759,hybrid,xgboost,72,100.0,1.0,100.0
8,seed333019,UDPFlood,307759,mlp,rf,72,98.61111111111111,0.9659090909090909,not applicable
8,seed333019,UDPFlood,307759,mlp,xgboost,72,100.0,1.0,not applicable
8,seed333019,UDPFlood,307759,rf,xgboost,72,98.61111111111111,0.9659090909090909,not applicable
8,seed333019,UDPFlood,333019,hybrid,mlp,72,72.22222222222221,0.0,72.22222222222221
8,seed333019,UDPFlood,333019,hybrid,rf,72,100.0,1.0,100.0
8,seed333019,UDPFlood,333019,hybrid,xgboost,72,98.61111111111111,0.9659090909090909,98.61111111111111
8,seed333019,UDPFlood,333019,mlp,rf,72,72.22222222222221,0.0,not applicable
8,seed333019,UDPFlood,333019,mlp,xgboost,72,70.83333333333334,0.0,not applicable
8,seed333019,UDPFlood,333019,rf,xgboost,72,98.61111111111111,0.9659090909090909,not applicable
