feature_set,scenario,training_seed,classifier,metric,n_simulation_seeds,mean,sd,ci95_low,ci95_high
4,DNSAmplification,104729,hybrid,accuracy,10,1.0,0.0,1.0,1.0
4,DNSAmplification,104729,hybrid,precision,10,1.0,0.0,1.0,1.0
4,DNSAmplification,104729,hybrid,recall,10,1.0,0.0,1.0,1.0
4,DNSAmplification,104729,hybrid,f1,10,1.0,0.0,1.0,1.0
4,DNSAmplification,104729,hybrid,balanced_accuracy,10,1.0,0.0,1.0,1.0
4,DNSAmplification,104729,hybrid,mcc,10,1.0,0.0,1.0,1.0
4,DNSAmplification,104729,hybrid,roc_auc,10,1.0,5.233641528945917e-17,1.0,1.0
4,DNSAmplification,104729,hybrid,pr_auc_benign,10,1.0,0.0,1.0,1.0
4,DNSAmplification,104729,hybrid,pr_auc_ddos,10,1.0,8.275113844157577e-17,0.9999999999999999,1.0
4,DNSAmplification,104729,mlp,accuracy,10,1.0,0.0,1.0,1.0
4,DNSAmplification,104729,mlp,precision,10,1.0,0.0,1.0,1.0
4,DNSAmplification,104729,mlp,recall,10,1.0,0.0,1.0,1.0
4,DNSAmplification,104729,mlp,f1,10,1.0,0.0,1.0,1.0
4,DNSAmplification,104729,mlp,balanced_accuracy,10,1.0,0.0,1.0,1.0
4,DNSAmplification,104729,mlp,mcc,10,1.0,0.0,1.0,1.0
4,DNSAmplification,104729,mlp,roc_auc,10,1.0,5.233641528945917e-17,1.0,1.0
4,DNSAmplification,104729,mlp,pr_auc_benign,10,1.0,0.0,1.0,1.0
4,DNSAmplification,104729,mlp,pr_auc_ddos,10,1.0,0.0,1.0,1.0
4,DNSAmplification,104729,rf,accuracy,10,1.0,0.0,1.0,1.0
4,DNSAmplification,104729,rf,precision,10,1.0,0.0,1.0,1.0
4,DNSAmplification,104729,rf,recall,10,1.0,0.0,1.0,1.0
4,DNSAmplification,104729,rf,f1,10,1.0,0.0,1.0,1.0
4,DNSAmplification,104729,rf,balanced_accuracy,10,1.0,0.0,1.0,1.0
4,DNSAmplification,104729,rf,mcc,10,1.0,0.0,1.0,1.0
4,DNSAmplification,104729,rf,roc_auc,10,1.0,0.0,1.0,1.0
4,DNSAmplification,104729,rf,pr_auc_benign,10,1.0,0.0,1.0,1.0
4,DNSAmplification,104729,rf,pr_auc_ddos,10,1.0,9.791246743253677e-17,0.9999999999999999,1.0
4,DNSAmplification,104729,xgboost,accuracy,10,1.0,0.0,1.0,1.0
4,DNSAmplification,104729,xgboost,precision,10,1.0,0.0,1.0,1.0
4,DNSAmplification,104729,xgboost,recall,10,1.0,0.0,1.0,1.0
4,DNSAmplification,104729,xgboost,f1,10,1.0,0.0,1.0,1.0
4,DNSAmplification,104729,xgboost,balanced_accuracy,10,1.0,0.0,1.0,1.0
4,DNSAmplification,104729,xgboost,mcc,10,1.0,0.0,1.0,1.0
4,DNSAmplification,104729,xgboost,roc_auc,10,1.0,0.0,1.0,1.0
4,DNSAmplification,104729,xgboost,pr_auc_benign,10,1.0,0.0,1.0,1.0
4,DNSAmplification,104729,xgboost,pr_auc_ddos,10,1.0,0.0,1.0,1.0
4,DNSAmplification,130363,hybrid,accuracy,10,1.0,0.0,1.0,1.0
4,DNSAmplification,130363,hybrid,precision,10,1.0,0.0,1.0,1.0
4,DNSAmplification,130363,hybrid,recall,10,1.0,0.0,1.0,1.0
4,DNSAmplification,130363,hybrid,f1,10,1.0,0.0,1.0,1.0
4,DNSAmplification,130363,hybrid,balanced_accuracy,10,1.0,0.0,1.0,1.0
4,DNSAmplification,130363,hybrid,mcc,10,1.0,0.0,1.0,1.0
4,DNSAmplification,130363,hybrid,roc_auc,10,1.0,5.233641528945917e-17,1.0,1.0
4,DNSAmplification,130363,hybrid,pr_auc_benign,10,1.0,5.233641528945917e-17,1.0,1.0
4,DNSAmplification,130363,hybrid,pr_auc_ddos,10,1.0,6.409875621278546e-17,1.0,1.0
4,DNSAmplification,130363,mlp,accuracy,10,1.0,0.0,1.0,1.0
4,DNSAmplification,130363,mlp,precision,10,1.0,0.0,1.0,1.0
4,DNSAmplification,130363,mlp,recall,10,1.0,0.0,1.0,1.0
4,DNSAmplification,130363,mlp,f1,10,1.0,0.0,1.0,1.0
4,DNSAmplification,130363,mlp,balanced_accuracy,10,1.0,0.0,1.0,1.0
4,DNSAmplification,130363,mlp,mcc,10,1.0,0.0,1.0,1.0
4,DNSAmplification,130363,mlp,roc_auc,10,1.0,5.233641528945917e-17,1.0,1.0
4,DNSAmplification,130363,mlp,pr_auc_benign,10,1.0,9.064933036736789e-17,0.9999999999999999,1.0
4,DNSAmplification,130363,mlp,pr_auc_ddos,10,1.0,0.0,1.0,1.0
4,DNSAmplification,130363,rf,accuracy,10,1.0,0.0,1.0,1.0
4,DNSAmplification,130363,rf,precision,10,1.0,0.0,1.0,1.0
4,DNSAmplification,130363,rf,recall,10,1.0,0.0,1.0,1.0
4,DNSAmplification,130363,rf,f1,10,1.0,0.0,1.0,1.0
4,DNSAmplification,130363,rf,balanced_accuracy,10,1.0,0.0,1.0,1.0
4,DNSAmplification,130363,rf,mcc,10,1.0,0.0,1.0,1.0
4,DNSAmplification,130363,rf,roc_auc,10,1.0,0.0,1.0,1.0
4,DNSAmplification,130363,rf,pr_auc_benign,10,1.0,0.0,1.0,1.0
4,DNSAmplification,130363,rf,pr_auc_ddos,10,1.0,6.409875621278546e-17,1.0,1.0
4,DNSAmplification,130363,xgboost,accuracy,10,1.0,0.0,1.0,1.0
4,DNSAmplification,130363,xgboost,precision,10,1.0,0.0,1.0,1.0
4,DNSAmplification,130363,xgboost,recall,10,1.0,0.0,1.0,1.0
4,DNSAmplification,130363,xgboost,f1,10,1.0,0.0,1.0,1.0
4,DNSAmplification,130363,xgboost,balanced_accuracy,10,1.0,0.0,1.0,1.0
4,DNSAmplification,130363,xgboost,mcc,10,1.0,0.0,1.0,1.0
4,DNSAmplification,130363,xgboost,roc_auc,10,1.0,0.0,1.0,1.0
4,DNSAmplification,130363,xgboost,pr_auc_benign,10,1.0,0.0,1.0,1.0
4,DNSAmplification,130363,xgboost,pr_auc_ddos,10,1.0,0.0,1.0,1.0
4,DNSAmplification,155921,hybrid,accuracy,10,1.0,0.0,1.0,1.0
4,DNSAmplification,155921,hybrid,precision,10,1.0,0.0,1.0,1.0
4,DNSAmplification,155921,hybrid,recall,10,1.0,0.0,1.0,1.0
4,DNSAmplification,155921,hybrid,f1,10,1.0,0.0,1.0,1.0
4,DNSAmplification,155921,hybrid,balanced_accuracy,10,1.0,0.0,1.0,1.0
4,DNSAmplification,155921,hybrid,mcc,10,1.0,0.0,1.0,1.0
4,DNSAmplification,155921,hybrid,roc_auc,10,1.0,3.700743415417188e-17,1.0,1.0
4,DNSAmplification,155921,hybrid,pr_auc_benign,10,1.0,0.0,1.0,1.0
4,DNSAmplification,155921,hybrid,pr_auc_ddos,10,1.0,8.275113844157577e-17,0.9999999999999999,1.0
4,DNSAmplification,155921,mlp,accuracy,10,0.8333333333333334,0.0,0.8333333333333334,0.8333333333333334
4,DNSAmplification,155921,mlp,precision,0,not estimable,not estimable,not estimable,not estimable
4,DNSAmplification,155921,mlp,recall,10,0.0,0.0,0.0,0.0
4,DNSAmplification,155921,mlp,f1,10,0.0,0.0,0.0,0.0
4,DNSAmplification,155921,mlp,balanced_accuracy,10,0.5,0.0,0.5,0.5
4,DNSAmplification,155921,mlp,mcc,0,not estimable,not estimable,not estimable,not estimable
4,DNSAmplification,155921,mlp,roc_auc,10,0.0,0.0,0.0,0.0
4,DNSAmplification,155921,mlp,pr_auc_benign,10,0.689132683700425,0.004972931596348122,0.6855752627399697,0.6926901046608803
4,DNSAmplification,155921,mlp,pr_auc_ddos,10,0.16666666666666669,2.925694557147251e-17,0.16666666666666666,0.1666666666666667
4,DNSAmplification,155921,rf,accuracy,10,1.0,0.0,1.0,1.0
4,DNSAmplification,155921,rf,precision,10,1.0,0.0,1.0,1.0
4,DNSAmplification,155921,rf,recall,10,1.0,0.0,1.0,1.0
4,DNSAmplification,155921,rf,f1,10,1.0,0.0,1.0,1.0
4,DNSAmplification,155921,rf,balanced_accuracy,10,1.0,0.0,1.0,1.0
4,DNSAmplification,155921,rf,mcc,10,1.0,0.0,1.0,1.0
4,DNSAmplification,155921,rf,roc_auc,10,1.0,0.0,1.0,1.0
4,DNSAmplification,155921,rf,pr_auc_benign,10,1.0,0.0,1.0,1.0
4,DNSAmplification,155921,rf,pr_auc_ddos,10,1.0,9.791246743253677e-17,0.9999999999999999,1.0
4,DNSAmplification,155921,xgboost,accuracy,10,1.0,0.0,1.0,1.0
4,DNSAmplification,155921,xgboost,precision,10,1.0,0.0,1.0,1.0
4,DNSAmplification,155921,xgboost,recall,10,1.0,0.0,1.0,1.0
4,DNSAmplification,155921,xgboost,f1,10,1.0,0.0,1.0,1.0
4,DNSAmplification,155921,xgboost,balanced_accuracy,10,1.0,0.0,1.0,1.0
4,DNSAmplification,155921,xgboost,mcc,10,1.0,0.0,1.0,1.0
4,DNSAmplification,155921,xgboost,roc_auc,10,1.0,0.0,1.0,1.0
4,DNSAmplification,155921,xgboost,pr_auc_benign,10,1.0,0.0,1.0,1.0
4,DNSAmplification,155921,xgboost,pr_auc_ddos,10,1.0,0.0,1.0,1.0
4,DNSAmplification,181081,hybrid,accuracy,10,1.0,0.0,1.0,1.0
4,DNSAmplification,181081,hybrid,precision,10,1.0,0.0,1.0,1.0
4,DNSAmplification,181081,hybrid,recall,10,1.0,0.0,1.0,1.0
4,DNSAmplification,181081,hybrid,f1,10,1.0,0.0,1.0,1.0
4,DNSAmplification,181081,hybrid,balanced_accuracy,10,1.0,0.0,1.0,1.0
4,DNSAmplification,181081,hybrid,mcc,10,1.0,0.0,1.0,1.0
4,DNSAmplification,181081,hybrid,roc_auc,10,1.0,3.700743415417188e-17,1.0,1.0
4,DNSAmplification,181081,hybrid,pr_auc_benign,10,1.0,0.0,1.0,1.0
4,DNSAmplification,181081,hybrid,pr_auc_ddos,10,1.0,7.401486830834377e-17,1.0,1.0
4,DNSAmplification,181081,mlp,accuracy,10,0.8333333333333334,0.0,0.8333333333333334,0.8333333333333334
4,DNSAmplification,181081,mlp,precision,0,not estimable,not estimable,not estimable,not estimable
4,DNSAmplification,181081,mlp,recall,10,0.0,0.0,0.0,0.0
4,DNSAmplification,181081,mlp,f1,10,0.0,0.0,0.0,0.0
4,DNSAmplification,181081,mlp,balanced_accuracy,10,0.5,0.0,0.5,0.5
4,DNSAmplification,181081,mlp,mcc,0,not estimable,not estimable,not estimable,not estimable
4,DNSAmplification,181081,mlp,roc_auc,10,0.0,0.0,0.0,0.0
4,DNSAmplification,181081,mlp,pr_auc_benign,10,0.6903757739435152,0.004703700027550261,0.6870109496451096,0.6937405982419209
4,DNSAmplification,181081,mlp,pr_auc_ddos,10,0.16666666666666669,2.925694557147251e-17,0.16666666666666666,0.1666666666666667
4,DNSAmplification,181081,rf,accuracy,10,1.0,0.0,1.0,1.0
4,DNSAmplification,181081,rf,precision,10,1.0,0.0,1.0,1.0
4,DNSAmplification,181081,rf,recall,10,1.0,0.0,1.0,1.0
4,DNSAmplification,181081,rf,f1,10,1.0,0.0,1.0,1.0
4,DNSAmplification,181081,rf,balanced_accuracy,10,1.0,0.0,1.0,1.0
4,DNSAmplification,181081,rf,mcc,10,1.0,0.0,1.0,1.0
4,DNSAmplification,181081,rf,roc_auc,10,1.0,0.0,1.0,1.0
4,DNSAmplification,181081,rf,pr_auc_benign,10,1.0,0.0,1.0,1.0
4,DNSAmplification,181081,rf,pr_auc_ddos,10,1.0,9.064933036736789e-17,0.9999999999999999,1.0
4,DNSAmplification,181081,xgboost,accuracy,10,1.0,0.0,1.0,1.0
4,DNSAmplification,181081,xgboost,precision,10,1.0,0.0,1.0,1.0
4,DNSAmplification,181081,xgboost,recall,10,1.0,0.0,1.0,1.0
4,DNSAmplification,181081,xgboost,f1,10,1.0,0.0,1.0,1.0
4,DNSAmplification,181081,xgboost,balanced_accuracy,10,1.0,0.0,1.0,1.0
4,DNSAmplification,181081,xgboost,mcc,10,1.0,0.0,1.0,1.0
4,DNSAmplification,181081,xgboost,roc_auc,10,1.0,0.0,1.0,1.0
4,DNSAmplification,181081,xgboost,pr_auc_benign,10,1.0,0.0,1.0,1.0
4,DNSAmplification,181081,xgboost,pr_auc_ddos,10,1.0,0.0,1.0,1.0
4,DNSAmplification,206369,hybrid,accuracy,10,1.0,0.0,1.0,1.0
4,DNSAmplification,206369,hybrid,precision,10,1.0,0.0,1.0,1.0
4,DNSAmplification,206369,hybrid,recall,10,1.0,0.0,1.0,1.0
4,DNSAmplification,206369,hybrid,f1,10,1.0,0.0,1.0,1.0
4,DNSAmplification,206369,hybrid,balanced_accuracy,10,1.0,0.0,1.0,1.0
4,DNSAmplification,206369,hybrid,mcc,10,1.0,0.0,1.0,1.0
4,DNSAmplification,206369,hybrid,roc_auc,10,1.0,5.233641528945917e-17,1.0,1.0
4,DNSAmplification,206369,hybrid,pr_auc_benign,10,1.0,0.0,1.0,1.0
4,DNSAmplification,206369,hybrid,pr_auc_ddos,10,1.0,5.233641528945917e-17,1.0,1.0
4,DNSAmplification,206369,mlp,accuracy,10,1.0,0.0,1.0,1.0
4,DNSAmplification,206369,mlp,precision,10,1.0,0.0,1.0,1.0
4,DNSAmplification,206369,mlp,recall,10,1.0,0.0,1.0,1.0
4,DNSAmplification,206369,mlp,f1,10,1.0,0.0,1.0,1.0
4,DNSAmplification,206369,mlp,balanced_accuracy,10,1.0,0.0,1.0,1.0
4,DNSAmplification,206369,mlp,mcc,10,1.0,0.0,1.0,1.0
4,DNSAmplification,206369,mlp,roc_auc,10,1.0,5.233641528945917e-17,1.0,1.0
4,DNSAmplification,206369,mlp,pr_auc_benign,10,1.0,0.0,1.0,1.0
4,DNSAmplification,206369,mlp,pr_auc_ddos,10,1.0,0.0,1.0,1.0
4,DNSAmplification,206369,rf,accuracy,10,1.0,0.0,1.0,1.0
4,DNSAmplification,206369,rf,precision,10,1.0,0.0,1.0,1.0
4,DNSAmplification,206369,rf,recall,10,1.0,0.0,1.0,1.0
4,DNSAmplification,206369,rf,f1,10,1.0,0.0,1.0,1.0
4,DNSAmplification,206369,rf,balanced_accuracy,10,1.0,0.0,1.0,1.0
4,DNSAmplification,206369,rf,mcc,10,1.0,0.0,1.0,1.0
4,DNSAmplification,206369,rf,roc_auc,10,1.0,0.0,1.0,1.0
4,DNSAmplification,206369,rf,pr_auc_benign,10,1.0,0.0,1.0,1.0
4,DNSAmplification,206369,rf,pr_auc_ddos,10,1.0,7.401486830834377e-17,1.0,1.0
4,DNSAmplification,206369,xgboost,accuracy,10,1.0,0.0,1.0,1.0
4,DNSAmplification,206369,xgboost,precision,10,1.0,0.0,1.0,1.0
4,DNSAmplification,206369,xgboost,recall,10,1.0,0.0,1.0,1.0
4,DNSAmplification,206369,xgboost,f1,10,1.0,0.0,1.0,1.0
4,DNSAmplification,206369,xgboost,balanced_accuracy,10,1.0,0.0,1.0,1.0
4,DNSAmplification,206369,xgboost,mcc,10,1.0,0.0,1.0,1.0
4,DNSAmplification,206369,xgboost,roc_auc,10,1.0,0.0,1.0,1.0
4,DNSAmplification,206369,xgboost,pr_auc_benign,10,1.0,0.0,1.0,1.0
4,DNSAmplification,206369,xgboost,pr_auc_ddos,10,1.0,0.0,1.0,1.0
4,DNSAmplification,231701,hybrid,accuracy,10,1.0,0.0,1.0,1.0
4,DNSAmplification,231701,hybrid,precision,10,1.0,0.0,1.0,1.0
4,DNSAmplification,231701,hybrid,recall,10,1.0,0.0,1.0,1.0
4,DNSAmplification,231701,hybrid,f1,10,1.0,0.0,1.0,1.0
4,DNSAmplification,231701,hybrid,balanced_accuracy,10,1.0,0.0,1.0,1.0
4,DNSAmplification,231701,hybrid,mcc,10,1.0,0.0,1.0,1.0
4,DNSAmplification,231701,hybrid,roc_auc,10,1.0,0.0,1.0,1.0
4,DNSAmplification,231701,hybrid,pr_auc_benign,10,1.0,0.0,1.0,1.0
4,DNSAmplification,231701,hybrid,pr_auc_ddos,10,1.0,7.401486830834377e-17,1.0,1.0
4,DNSAmplification,231701,mlp,accuracy,10,0.8333333333333334,0.0,0.8333333333333334,0.8333333333333334
4,DNSAmplification,231701,mlp,precision,0,not estimable,not estimable,not estimable,not estimable
4,DNSAmplification,231701,mlp,recall,10,0.0,0.0,0.0,0.0
4,DNSAmplification,231701,mlp,f1,10,0.0,0.0,0.0,0.0
4,DNSAmplification,231701,mlp,balanced_accuracy,10,0.5,0.0,0.5,0.5
4,DNSAmplification,231701,mlp,mcc,0,not estimable,not estimable,not estimable,not estimable
4,DNSAmplification,231701,mlp,roc_auc,10,0.0,0.0,0.0,0.0
4,DNSAmplification,231701,mlp,pr_auc_benign,10,0.6904699962028455,0.004675493247046002,0.6871253498196693,0.6938146425860218
4,DNSAmplification,231701,mlp,pr_auc_ddos,10,0.16666666666666669,2.925694557147251e-17,0.16666666666666666,0.1666666666666667
4,DNSAmplification,231701,rf,accuracy,10,1.0,0.0,1.0,1.0
4,DNSAmplification,231701,rf,precision,10,1.0,0.0,1.0,1.0
4,DNSAmplification,231701,rf,recall,10,1.0,0.0,1.0,1.0
4,DNSAmplification,231701,rf,f1,10,1.0,0.0,1.0,1.0
4,DNSAmplification,231701,rf,balanced_accuracy,10,1.0,0.0,1.0,1.0
4,DNSAmplification,231701,rf,mcc,10,1.0,0.0,1.0,1.0
4,DNSAmplification,231701,rf,roc_auc,10,1.0,0.0,1.0,1.0
4,DNSAmplification,231701,rf,pr_auc_benign,10,1.0,0.0,1.0,1.0
4,DNSAmplification,231701,rf,pr_auc_ddos,10,1.0,9.791246743253677e-17,0.9999999999999999,1.0
4,DNSAmplification,231701,xgboost,accuracy,10,1.0,0.0,1.0,1.0
4,DNSAmplification,231701,xgboost,precision,10,1.0,0.0,1.0,1.0
4,DNSAmplification,231701,xgboost,recall,10,1.0,0.0,1.0,1.0
4,DNSAmplification,231701,xgboost,f1,10,1.0,0.0,1.0,1.0
4,DNSAmplification,231701,xgboost,balanced_accuracy,10,1.0,0.0,1.0,1.0
4,DNSAmplification,231701,xgboost,mcc,10,1.0,0.0,1.0,1.0
4,DNSAmplification,231701,xgboost,roc_auc,10,1.0,0.0,1.0,1.0
4,DNSAmplification,231701,xgboost,pr_auc_benign,10,1.0,0.0,1.0,1.0
4,DNSAmplification,231701,xgboost,pr_auc_ddos,10,1.0,0.0,1.0,1.0
4,DNSAmplification,257053,hybrid,accuracy,10,1.0,0.0,1.0,1.0
4,DNSAmplification,257053,hybrid,precision,10,1.0,0.0,1.0,1.0
4,DNSAmplification,257053,hybrid,recall,10,1.0,0.0,1.0,1.0
4,DNSAmplification,257053,hybrid,f1,10,1.0,0.0,1.0,1.0
4,DNSAmplification,257053,hybrid,balanced_accuracy,10,1.0,0.0,1.0,1.0
4,DNSAmplification,257053,hybrid,mcc,10,1.0,0.0,1.0,1.0
4,DNSAmplification,257053,hybrid,roc_auc,10,1.0,5.233641528945917e-17,1.0,1.0
4,DNSAmplification,257053,hybrid,pr_auc_benign,10,1.0,0.0,1.0,1.0
4,DNSAmplification,257053,hybrid,pr_auc_ddos,10,1.0,6.409875621278546e-17,1.0,1.0
4,DNSAmplification,257053,mlp,accuracy,10,0.8333333333333334,0.0,0.8333333333333334,0.8333333333333334
4,DNSAmplification,257053,mlp,precision,0,not estimable,not estimable,not estimable,not estimable
4,DNSAmplification,257053,mlp,recall,10,0.0,0.0,0.0,0.0
4,DNSAmplification,257053,mlp,f1,10,0.0,0.0,0.0,0.0
4,DNSAmplification,257053,mlp,balanced_accuracy,10,0.5,0.0,0.5,0.5
4,DNSAmplification,257053,mlp,mcc,0,not estimable,not estimable,not estimable,not estimable
4,DNSAmplification,257053,mlp,roc_auc,10,0.0,0.0,0.0,0.0
4,DNSAmplification,257053,mlp,pr_auc_benign,10,0.6899644494271575,0.0046697330366908055,0.6866239236502388,0.6933049752040762
4,DNSAmplification,257053,mlp,pr_auc_ddos,10,0.16666666666666669,2.925694557147251e-17,0.16666666666666666,0.1666666666666667
4,DNSAmplification,257053,rf,accuracy,10,1.0,0.0,1.0,1.0
4,DNSAmplification,257053,rf,precision,10,1.0,0.0,1.0,1.0
4,DNSAmplification,257053,rf,recall,10,1.0,0.0,1.0,1.0
4,DNSAmplification,257053,rf,f1,10,1.0,0.0,1.0,1.0
4,DNSAmplification,257053,rf,balanced_accuracy,10,1.0,0.0,1.0,1.0
4,DNSAmplification,257053,rf,mcc,10,1.0,0.0,1.0,1.0
4,DNSAmplification,257053,rf,roc_auc,10,1.0,0.0,1.0,1.0
4,DNSAmplification,257053,rf,pr_auc_benign,10,1.0,0.0,1.0,1.0
4,DNSAmplification,257053,rf,pr_auc_ddos,10,1.0,9.064933036736789e-17,0.9999999999999999,1.0
4,DNSAmplification,257053,xgboost,accuracy,10,1.0,0.0,1.0,1.0
4,DNSAmplification,257053,xgboost,precision,10,1.0,0.0,1.0,1.0
4,DNSAmplification,257053,xgboost,recall,10,1.0,0.0,1.0,1.0
4,DNSAmplification,257053,xgboost,f1,10,1.0,0.0,1.0,1.0
4,DNSAmplification,257053,xgboost,balanced_accuracy,10,1.0,0.0,1.0,1.0
4,DNSAmplification,257053,xgboost,mcc,10,1.0,0.0,1.0,1.0
4,DNSAmplification,257053,xgboost,roc_auc,10,1.0,0.0,1.0,1.0
4,DNSAmplification,257053,xgboost,pr_auc_benign,10,1.0,0.0,1.0,1.0
4,DNSAmplification,257053,xgboost,pr_auc_ddos,10,1.0,0.0,1.0,1.0
4,DNSAmplification,282427,hybrid,accuracy,10,1.0,0.0,1.0,1.0
4,DNSAmplification,282427,hybrid,precision,10,1.0,0.0,1.0,1.0
4,DNSAmplification,282427,hybrid,recall,10,1.0,0.0,1.0,1.0
4,DNSAmplification,282427,hybrid,f1,10,1.0,0.0,1.0,1.0
4,DNSAmplification,282427,hybrid,balanced_accuracy,10,1.0,0.0,1.0,1.0
4,DNSAmplification,282427,hybrid,mcc,10,1.0,0.0,1.0,1.0
4,DNSAmplification,282427,hybrid,roc_auc,10,1.0,0.0,1.0,1.0
4,DNSAmplification,282427,hybrid,pr_auc_benign,10,1.0,0.0,1.0,1.0
4,DNSAmplification,282427,hybrid,pr_auc_ddos,10,1.0,6.409875621278546e-17,1.0,1.0
4,DNSAmplification,282427,mlp,accuracy,10,0.8333333333333334,0.0,0.8333333333333334,0.8333333333333334
4,DNSAmplification,282427,mlp,precision,0,not estimable,not estimable,not estimable,not estimable
4,DNSAmplification,282427,mlp,recall,10,0.0,0.0,0.0,0.0
4,DNSAmplification,282427,mlp,f1,10,0.0,0.0,0.0,0.0
4,DNSAmplification,282427,mlp,balanced_accuracy,10,0.5,0.0,0.5,0.5
4,DNSAmplification,282427,mlp,mcc,0,not estimable,not estimable,not estimable,not estimable
4,DNSAmplification,282427,mlp,roc_auc,10,0.0,0.0,0.0,0.0
4,DNSAmplification,282427,mlp,pr_auc_benign,10,0.6903757739435152,0.004703700027550261,0.6870109496451096,0.6937405982419209
4,DNSAmplification,282427,mlp,pr_auc_ddos,10,0.16666666666666669,2.925694557147251e-17,0.16666666666666666,0.1666666666666667
4,DNSAmplification,282427,rf,accuracy,10,1.0,0.0,1.0,1.0
4,DNSAmplification,282427,rf,precision,10,1.0,0.0,1.0,1.0
4,DNSAmplification,282427,rf,recall,10,1.0,0.0,1.0,1.0
4,DNSAmplification,282427,rf,f1,10,1.0,0.0,1.0,1.0
4,DNSAmplification,282427,rf,balanced_accuracy,10,1.0,0.0,1.0,1.0
4,DNSAmplification,282427,rf,mcc,10,1.0,0.0,1.0,1.0
4,DNSAmplification,282427,rf,roc_auc,10,1.0,0.0,1.0,1.0
4,DNSAmplification,282427,rf,pr_auc_benign,10,1.0,0.0,1.0,1.0
4,DNSAmplification,282427,rf,pr_auc_ddos,10,1.0,7.401486830834377e-17,1.0,1.0
4,DNSAmplification,282427,xgboost,accuracy,10,1.0,0.0,1.0,1.0
4,DNSAmplification,282427,xgboost,precision,10,1.0,0.0,1.0,1.0
4,DNSAmplification,282427,xgboost,recall,10,1.0,0.0,1.0,1.0
4,DNSAmplification,282427,xgboost,f1,10,1.0,0.0,1.0,1.0
4,DNSAmplification,282427,xgboost,balanced_accuracy,10,1.0,0.0,1.0,1.0
4,DNSAmplification,282427,xgboost,mcc,10,1.0,0.0,1.0,1.0
4,DNSAmplification,282427,xgboost,roc_auc,10,1.0,0.0,1.0,1.0
4,DNSAmplification,282427,xgboost,pr_auc_benign,10,1.0,0.0,1.0,1.0
4,DNSAmplification,282427,xgboost,pr_auc_ddos,10,1.0,0.0,1.0,1.0
4,DNSAmplification,307759,hybrid,accuracy,10,1.0,0.0,1.0,1.0
4,DNSAmplification,307759,hybrid,precision,10,1.0,0.0,1.0,1.0
4,DNSAmplification,307759,hybrid,recall,10,1.0,0.0,1.0,1.0
4,DNSAmplification,307759,hybrid,f1,10,1.0,0.0,1.0,1.0
4,DNSAmplification,307759,hybrid,balanced_accuracy,10,1.0,0.0,1.0,1.0
4,DNSAmplification,307759,hybrid,mcc,10,1.0,0.0,1.0,1.0
4,DNSAmplification,307759,hybrid,roc_auc,10,1.0,0.0,1.0,1.0
4,DNSAmplification,307759,hybrid,pr_auc_benign,10,1.0,0.0,1.0,1.0
4,DNSAmplification,307759,hybrid,pr_auc_ddos,10,1.0,5.233641528945917e-17,1.0,1.0
4,DNSAmplification,307759,mlp,accuracy,10,1.0,0.0,1.0,1.0
4,DNSAmplification,307759,mlp,precision,10,1.0,0.0,1.0,1.0
4,DNSAmplification,307759,mlp,recall,10,1.0,0.0,1.0,1.0
4,DNSAmplification,307759,mlp,f1,10,1.0,0.0,1.0,1.0
4,DNSAmplification,307759,mlp,balanced_accuracy,10,1.0,0.0,1.0,1.0
4,DNSAmplification,307759,mlp,mcc,10,1.0,0.0,1.0,1.0
4,DNSAmplification,307759,mlp,roc_auc,10,1.0,6.409875621278546e-17,1.0,1.0
4,DNSAmplification,307759,mlp,pr_auc_benign,10,1.0,9.064933036736789e-17,0.9999999999999999,1.0
4,DNSAmplification,307759,mlp,pr_auc_ddos,10,1.0,0.0,1.0,1.0
4,DNSAmplification,307759,rf,accuracy,10,1.0,0.0,1.0,1.0
4,DNSAmplification,307759,rf,precision,10,1.0,0.0,1.0,1.0
4,DNSAmplification,307759,rf,recall,10,1.0,0.0,1.0,1.0
4,DNSAmplification,307759,rf,f1,10,1.0,0.0,1.0,1.0
4,DNSAmplification,307759,rf,balanced_accuracy,10,1.0,0.0,1.0,1.0
4,DNSAmplification,307759,rf,mcc,10,1.0,0.0,1.0,1.0
4,DNSAmplification,307759,rf,roc_auc,10,1.0,0.0,1.0,1.0
4,DNSAmplification,307759,rf,pr_auc_benign,10,1.0,0.0,1.0,1.0
4,DNSAmplification,307759,rf,pr_auc_ddos,10,1.0,8.275113844157577e-17,0.9999999999999999,1.0
4,DNSAmplification,307759,xgboost,accuracy,10,1.0,0.0,1.0,1.0
4,DNSAmplification,307759,xgboost,precision,10,1.0,0.0,1.0,1.0
4,DNSAmplification,307759,xgboost,recall,10,1.0,0.0,1.0,1.0
4,DNSAmplification,307759,xgboost,f1,10,1.0,0.0,1.0,1.0
4,DNSAmplification,307759,xgboost,balanced_accuracy,10,1.0,0.0,1.0,1.0
4,DNSAmplification,307759,xgboost,mcc,10,1.0,0.0,1.0,1.0
4,DNSAmplification,307759,xgboost,roc_auc,10,1.0,0.0,1.0,1.0
4,DNSAmplification,307759,xgboost,pr_auc_benign,10,1.0,0.0,1.0,1.0
4,DNSAmplification,307759,xgboost,pr_auc_ddos,10,1.0,0.0,1.0,1.0
4,DNSAmplification,333019,hybrid,accuracy,10,1.0,0.0,1.0,1.0
4,DNSAmplification,333019,hybrid,precision,10,1.0,0.0,1.0,1.0
4,DNSAmplification,333019,hybrid,recall,10,1.0,0.0,1.0,1.0
4,DNSAmplification,333019,hybrid,f1,10,1.0,0.0,1.0,1.0
4,DNSAmplification,333019,hybrid,balanced_accuracy,10,1.0,0.0,1.0,1.0
4,DNSAmplification,333019,hybrid,mcc,10,1.0,0.0,1.0,1.0
4,DNSAmplification,333019,hybrid,roc_auc,10,1.0,3.700743415417188e-17,1.0,1.0
4,DNSAmplification,333019,hybrid,pr_auc_benign,10,1.0,3.700743415417188e-17,1.0,1.0
4,DNSAmplification,333019,hybrid,pr_auc_ddos,10,1.0,6.409875621278546e-17,1.0,1.0
4,DNSAmplification,333019,mlp,accuracy,10,1.0,0.0,1.0,1.0
4,DNSAmplification,333019,mlp,precision,10,1.0,0.0,1.0,1.0
4,DNSAmplification,333019,mlp,recall,10,1.0,0.0,1.0,1.0
4,DNSAmplification,333019,mlp,f1,10,1.0,0.0,1.0,1.0
4,DNSAmplification,333019,mlp,balanced_accuracy,10,1.0,0.0,1.0,1.0
4,DNSAmplification,333019,mlp,mcc,10,1.0,0.0,1.0,1.0
4,DNSAmplification,333019,mlp,roc_auc,10,1.0,7.401486830834377e-17,1.0,1.0
4,DNSAmplification,333019,mlp,pr_auc_benign,10,1.0,5.233641528945917e-17,1.0,1.0
4,DNSAmplification,333019,mlp,pr_auc_ddos,10,1.0,0.0,1.0,1.0
4,DNSAmplification,333019,rf,accuracy,10,1.0,0.0,1.0,1.0
4,DNSAmplification,333019,rf,precision,10,1.0,0.0,1.0,1.0
4,DNSAmplification,333019,rf,recall,10,1.0,0.0,1.0,1.0
4,DNSAmplification,333019,rf,f1,10,1.0,0.0,1.0,1.0
4,DNSAmplification,333019,rf,balanced_accuracy,10,1.0,0.0,1.0,1.0
4,DNSAmplification,333019,rf,mcc,10,1.0,0.0,1.0,1.0
4,DNSAmplification,333019,rf,roc_auc,10,1.0,0.0,1.0,1.0
4,DNSAmplification,333019,rf,pr_auc_benign,10,1.0,0.0,1.0,1.0
4,DNSAmplification,333019,rf,pr_auc_ddos,10,1.0,3.700743415417188e-17,1.0,1.0
4,DNSAmplification,333019,xgboost,accuracy,10,1.0,0.0,1.0,1.0
4,DNSAmplification,333019,xgboost,precision,10,1.0,0.0,1.0,1.0
4,DNSAmplification,333019,xgboost,recall,10,1.0,0.0,1.0,1.0
4,DNSAmplification,333019,xgboost,f1,10,1.0,0.0,1.0,1.0
4,DNSAmplification,333019,xgboost,balanced_accuracy,10,1.0,0.0,1.0,1.0
4,DNSAmplification,333019,xgboost,mcc,10,1.0,0.0,1.0,1.0
4,DNSAmplification,333019,xgboost,roc_auc,10,1.0,0.0,1.0,1.0
4,DNSAmplification,333019,xgboost,pr_auc_benign,10,1.0,0.0,1.0,1.0
4,DNSAmplification,333019,xgboost,pr_auc_ddos,10,1.0,0.0,1.0,1.0
4,Normal,104729,hybrid,accuracy,10,1.0,0.0,1.0,1.0
4,Normal,104729,hybrid,precision,0,not estimable,not estimable,not estimable,not estimable
4,Normal,104729,hybrid,recall,0,not estimable,not estimable,not estimable,not estimable
4,Normal,104729,hybrid,f1,0,not estimable,not estimable,not estimable,not estimable
4,Normal,104729,hybrid,balanced_accuracy,0,not estimable,not estimable,not estimable,not estimable
4,Normal,104729,hybrid,mcc,0,not estimable,not estimable,not estimable,not estimable
4,Normal,104729,hybrid,roc_auc,0,not estimable,not estimable,not estimable,not estimable
4,Normal,104729,hybrid,pr_auc_benign,0,not estimable,not estimable,not estimable,not estimable
4,Normal,104729,hybrid,pr_auc_ddos,0,not estimable,not estimable,not estimable,not estimable
4,Normal,104729,mlp,accuracy,10,1.0,0.0,1.0,1.0
4,Normal,104729,mlp,precision,0,not estimable,not estimable,not estimable,not estimable
4,Normal,104729,mlp,recall,0,not estimable,not estimable,not estimable,not estimable
4,Normal,104729,mlp,f1,0,not estimable,not estimable,not estimable,not estimable
4,Normal,104729,mlp,balanced_accuracy,0,not estimable,not estimable,not estimable,not estimable
4,Normal,104729,mlp,mcc,0,not estimable,not estimable,not estimable,not estimable
4,Normal,104729,mlp,roc_auc,0,not estimable,not estimable,not estimable,not estimable
4,Normal,104729,mlp,pr_auc_benign,0,not estimable,not estimable,not estimable,not estimable
4,Normal,104729,mlp,pr_auc_ddos,0,not estimable,not estimable,not estimable,not estimable
4,Normal,104729,rf,accuracy,10,1.0,0.0,1.0,1.0
4,Normal,104729,rf,precision,0,not estimable,not estimable,not estimable,not estimable
4,Normal,104729,rf,recall,0,not estimable,not estimable,not estimable,not estimable
4,Normal,104729,rf,f1,0,not estimable,not estimable,not estimable,not estimable
4,Normal,104729,rf,balanced_accuracy,0,not estimable,not estimable,not estimable,not estimable
4,Normal,104729,rf,mcc,0,not estimable,not estimable,not estimable,not estimable
4,Normal,104729,rf,roc_auc,0,not estimable,not estimable,not estimable,not estimable
4,Normal,104729,rf,pr_auc_benign,0,not estimable,not estimable,not estimable,not estimable
4,Normal,104729,rf,pr_auc_ddos,0,not estimable,not estimable,not estimable,not estimable
4,Normal,104729,xgboost,accuracy,10,1.0,0.0,1.0,1.0
4,Normal,104729,xgboost,precision,0,not estimable,not estimable,not estimable,not estimable
4,Normal,104729,xgboost,recall,0,not estimable,not estimable,not estimable,not estimable
4,Normal,104729,xgboost,f1,0,not estimable,not estimable,not estimable,not estimable
4,Normal,104729,xgboost,balanced_accuracy,0,not estimable,not estimable,not estimable,not estimable
4,Normal,104729,xgboost,mcc,0,not estimable,not estimable,not estimable,not estimable
4,Normal,104729,xgboost,roc_auc,0,not estimable,not estimable,not estimable,not estimable
4,Normal,104729,xgboost,pr_auc_benign,0,not estimable,not estimable,not estimable,not estimable
4,Normal,104729,xgboost,pr_auc_ddos,0,not estimable,not estimable,not estimable,not estimable
4,Normal,130363,hybrid,accuracy,10,1.0,0.0,1.0,1.0
4,Normal,130363,hybrid,precision,0,not estimable,not estimable,not estimable,not estimable
4,Normal,130363,hybrid,recall,0,not estimable,not estimable,not estimable,not estimable
4,Normal,130363,hybrid,f1,0,not estimable,not estimable,not estimable,not estimable
4,Normal,130363,hybrid,balanced_accuracy,0,not estimable,not estimable,not estimable,not estimable
4,Normal,130363,hybrid,mcc,0,not estimable,not estimable,not estimable,not estimable
4,Normal,130363,hybrid,roc_auc,0,not estimable,not estimable,not estimable,not estimable
4,Normal,130363,hybrid,pr_auc_benign,0,not estimable,not estimable,not estimable,not estimable
4,Normal,130363,hybrid,pr_auc_ddos,0,not estimable,not estimable,not estimable,not estimable
4,Normal,130363,mlp,accuracy,10,1.0,0.0,1.0,1.0
4,Normal,130363,mlp,precision,0,not estimable,not estimable,not estimable,not estimable
4,Normal,130363,mlp,recall,0,not estimable,not estimable,not estimable,not estimable
4,Normal,130363,mlp,f1,0,not estimable,not estimable,not estimable,not estimable
4,Normal,130363,mlp,balanced_accuracy,0,not estimable,not estimable,not estimable,not estimable
4,Normal,130363,mlp,mcc,0,not estimable,not estimable,not estimable,not estimable
4,Normal,130363,mlp,roc_auc,0,not estimable,not estimable,not estimable,not estimable
4,Normal,130363,mlp,pr_auc_benign,0,not estimable,not estimable,not estimable,not estimable
4,Normal,130363,mlp,pr_auc_ddos,0,not estimable,not estimable,not estimable,not estimable
4,Normal,130363,rf,accuracy,10,1.0,0.0,1.0,1.0
4,Normal,130363,rf,precision,0,not estimable,not estimable,not estimable,not estimable
4,Normal,130363,rf,recall,0,not estimable,not estimable,not estimable,not estimable
4,Normal,130363,rf,f1,0,not estimable,not estimable,not estimable,not estimable
4,Normal,130363,rf,balanced_accuracy,0,not estimable,not estimable,not estimable,not estimable
4,Normal,130363,rf,mcc,0,not estimable,not estimable,not estimable,not estimable
4,Normal,130363,rf,roc_auc,0,not estimable,not estimable,not estimable,not estimable
4,Normal,130363,rf,pr_auc_benign,0,not estimable,not estimable,not estimable,not estimable
4,Normal,130363,rf,pr_auc_ddos,0,not estimable,not estimable,not estimable,not estimable
4,Normal,130363,xgboost,accuracy,10,1.0,0.0,1.0,1.0
4,Normal,130363,xgboost,precision,0,not estimable,not estimable,not estimable,not estimable
4,Normal,130363,xgboost,recall,0,not estimable,not estimable,not estimable,not estimable
4,Normal,130363,xgboost,f1,0,not estimable,not estimable,not estimable,not estimable
4,Normal,130363,xgboost,balanced_accuracy,0,not estimable,not estimable,not estimable,not estimable
4,Normal,130363,xgboost,mcc,0,not estimable,not estimable,not estimable,not estimable
4,Normal,130363,xgboost,roc_auc,0,not estimable,not estimable,not estimable,not estimable
4,Normal,130363,xgboost,pr_auc_benign,0,not estimable,not estimable,not estimable,not estimable
4,Normal,130363,xgboost,pr_auc_ddos,0,not estimable,not estimable,not estimable,not estimable
4,Normal,155921,hybrid,accuracy,10,1.0,0.0,1.0,1.0
4,Normal,155921,hybrid,precision,0,not estimable,not estimable,not estimable,not estimable
4,Normal,155921,hybrid,recall,0,not estimable,not estimable,not estimable,not estimable
4,Normal,155921,hybrid,f1,0,not estimable,not estimable,not estimable,not estimable
4,Normal,155921,hybrid,balanced_accuracy,0,not estimable,not estimable,not estimable,not estimable
4,Normal,155921,hybrid,mcc,0,not estimable,not estimable,not estimable,not estimable
4,Normal,155921,hybrid,roc_auc,0,not estimable,not estimable,not estimable,not estimable
4,Normal,155921,hybrid,pr_auc_benign,0,not estimable,not estimable,not estimable,not estimable
4,Normal,155921,hybrid,pr_auc_ddos,0,not estimable,not estimable,not estimable,not estimable
4,Normal,155921,mlp,accuracy,10,1.0,0.0,1.0,1.0
4,Normal,155921,mlp,precision,0,not estimable,not estimable,not estimable,not estimable
4,Normal,155921,mlp,recall,0,not estimable,not estimable,not estimable,not estimable
4,Normal,155921,mlp,f1,0,not estimable,not estimable,not estimable,not estimable
4,Normal,155921,mlp,balanced_accuracy,0,not estimable,not estimable,not estimable,not estimable
4,Normal,155921,mlp,mcc,0,not estimable,not estimable,not estimable,not estimable
4,Normal,155921,mlp,roc_auc,0,not estimable,not estimable,not estimable,not estimable
4,Normal,155921,mlp,pr_auc_benign,0,not estimable,not estimable,not estimable,not estimable
4,Normal,155921,mlp,pr_auc_ddos,0,not estimable,not estimable,not estimable,not estimable
4,Normal,155921,rf,accuracy,10,1.0,0.0,1.0,1.0
4,Normal,155921,rf,precision,0,not estimable,not estimable,not estimable,not estimable
4,Normal,155921,rf,recall,0,not estimable,not estimable,not estimable,not estimable
4,Normal,155921,rf,f1,0,not estimable,not estimable,not estimable,not estimable
4,Normal,155921,rf,balanced_accuracy,0,not estimable,not estimable,not estimable,not estimable
4,Normal,155921,rf,mcc,0,not estimable,not estimable,not estimable,not estimable
4,Normal,155921,rf,roc_auc,0,not estimable,not estimable,not estimable,not estimable
4,Normal,155921,rf,pr_auc_benign,0,not estimable,not estimable,not estimable,not estimable
4,Normal,155921,rf,pr_auc_ddos,0,not estimable,not estimable,not estimable,not estimable
4,Normal,155921,xgboost,accuracy,10,1.0,0.0,1.0,1.0
4,Normal,155921,xgboost,precision,0,not estimable,not estimable,not estimable,not estimable
4,Normal,155921,xgboost,recall,0,not estimable,not estimable,not estimable,not estimable
4,Normal,155921,xgboost,f1,0,not estimable,not estimable,not estimable,not estimable
4,Normal,155921,xgboost,balanced_accuracy,0,not estimable,not estimable,not estimable,not estimable
4,Normal,155921,xgboost,mcc,0,not estimable,not estimable,not estimable,not estimable
4,Normal,155921,xgboost,roc_auc,0,not estimable,not estimable,not estimable,not estimable
4,Normal,155921,xgboost,pr_auc_benign,0,not estimable,not estimable,not estimable,not estimable
4,Normal,155921,xgboost,pr_auc_ddos,0,not estimable,not estimable,not estimable,not estimable
4,Normal,181081,hybrid,accuracy,10,1.0,0.0,1.0,1.0
4,Normal,181081,hybrid,precision,0,not estimable,not estimable,not estimable,not estimable
4,Normal,181081,hybrid,recall,0,not estimable,not estimable,not estimable,not estimable
4,Normal,181081,hybrid,f1,0,not estimable,not estimable,not estimable,not estimable
4,Normal,181081,hybrid,balanced_accuracy,0,not estimable,not estimable,not estimable,not estimable
4,Normal,181081,hybrid,mcc,0,not estimable,not estimable,not estimable,not estimable
4,Normal,181081,hybrid,roc_auc,0,not estimable,not estimable,not estimable,not estimable
4,Normal,181081,hybrid,pr_auc_benign,0,not estimable,not estimable,not estimable,not estimable
4,Normal,181081,hybrid,pr_auc_ddos,0,not estimable,not estimable,not estimable,not estimable
4,Normal,181081,mlp,accuracy,10,1.0,0.0,1.0,1.0
4,Normal,181081,mlp,precision,0,not estimable,not estimable,not estimable,not estimable
4,Normal,181081,mlp,recall,0,not estimable,not estimable,not estimable,not estimable
4,Normal,181081,mlp,f1,0,not estimable,not estimable,not estimable,not estimable
4,Normal,181081,mlp,balanced_accuracy,0,not estimable,not estimable,not estimable,not estimable
4,Normal,181081,mlp,mcc,0,not estimable,not estimable,not estimable,not estimable
4,Normal,181081,mlp,roc_auc,0,not estimable,not estimable,not estimable,not estimable
4,Normal,181081,mlp,pr_auc_benign,0,not estimable,not estimable,not estimable,not estimable
4,Normal,181081,mlp,pr_auc_ddos,0,not estimable,not estimable,not estimable,not estimable
4,Normal,181081,rf,accuracy,10,1.0,0.0,1.0,1.0
4,Normal,181081,rf,precision,0,not estimable,not estimable,not estimable,not estimable
4,Normal,181081,rf,recall,0,not estimable,not estimable,not estimable,not estimable
4,Normal,181081,rf,f1,0,not estimable,not estimable,not estimable,not estimable
4,Normal,181081,rf,balanced_accuracy,0,not estimable,not estimable,not estimable,not estimable
4,Normal,181081,rf,mcc,0,not estimable,not estimable,not estimable,not estimable
4,Normal,181081,rf,roc_auc,0,not estimable,not estimable,not estimable,not estimable
4,Normal,181081,rf,pr_auc_benign,0,not estimable,not estimable,not estimable,not estimable
4,Normal,181081,rf,pr_auc_ddos,0,not estimable,not estimable,not estimable,not estimable
4,Normal,181081,xgboost,accuracy,10,1.0,0.0,1.0,1.0
4,Normal,181081,xgboost,precision,0,not estimable,not estimable,not estimable,not estimable
4,Normal,181081,xgboost,recall,0,not estimable,not estimable,not estimable,not estimable
4,Normal,181081,xgboost,f1,0,not estimable,not estimable,not estimable,not estimable
4,Normal,181081,xgboost,balanced_accuracy,0,not estimable,not estimable,not estimable,not estimable
4,Normal,181081,xgboost,mcc,0,not estimable,not estimable,not estimable,not estimable
4,Normal,181081,xgboost,roc_auc,0,not estimable,not estimable,not estimable,not estimable
4,Normal,181081,xgboost,pr_auc_benign,0,not estimable,not estimable,not estimable,not estimable
4,Normal,181081,xgboost,pr_auc_ddos,0,not estimable,not estimable,not estimable,not estimable
4,Normal,206369,hybrid,accuracy,10,1.0,0.0,1.0,1.0
4,Normal,206369,hybrid,precision,0,not estimable,not estimable,not estimable,not estimable
4,Normal,206369,hybrid,recall,0,not estimable,not estimable,not estimable,not estimable
4,Normal,206369,hybrid,f1,0,not estimable,not estimable,not estimable,not estimable
4,Normal,206369,hybrid,balanced_accuracy,0,not estimable,not estimable,not estimable,not estimable
4,Normal,206369,hybrid,mcc,0,not estimable,not estimable,not estimable,not estimable
4,Normal,206369,hybrid,roc_auc,0,not estimable,not estimable,not estimable,not estimable
4,Normal,206369,hybrid,pr_auc_benign,0,not estimable,not estimable,not estimable,not estimable
4,Normal,206369,hybrid,pr_auc_ddos,0,not estimable,not estimable,not estimable,not estimable
4,Normal,206369,mlp,accuracy,10,1.0,0.0,1.0,1.0
4,Normal,206369,mlp,precision,0,not estimable,not estimable,not estimable,not estimable
4,Normal,206369,mlp,recall,0,not estimable,not estimable,not estimable,not estimable
4,Normal,206369,mlp,f1,0,not estimable,not estimable,not estimable,not estimable
4,Normal,206369,mlp,balanced_accuracy,0,not estimable,not estimable,not estimable,not estimable
4,Normal,206369,mlp,mcc,0,not estimable,not estimable,not estimable,not estimable
4,Normal,206369,mlp,roc_auc,0,not estimable,not estimable,not estimable,not estimable
4,Normal,206369,mlp,pr_auc_benign,0,not estimable,not estimable,not estimable,not estimable
4,Normal,206369,mlp,pr_auc_ddos,0,not estimable,not estimable,not estimable,not estimable
4,Normal,206369,rf,accuracy,10,1.0,0.0,1.0,1.0
4,Normal,206369,rf,precision,0,not estimable,not estimable,not estimable,not estimable
4,Normal,206369,rf,recall,0,not estimable,not estimable,not estimable,not estimable
4,Normal,206369,rf,f1,0,not estimable,not estimable,not estimable,not estimable
4,Normal,206369,rf,balanced_accuracy,0,not estimable,not estimable,not estimable,not estimable
4,Normal,206369,rf,mcc,0,not estimable,not estimable,not estimable,not estimable
4,Normal,206369,rf,roc_auc,0,not estimable,not estimable,not estimable,not estimable
4,Normal,206369,rf,pr_auc_benign,0,not estimable,not estimable,not estimable,not estimable
4,Normal,206369,rf,pr_auc_ddos,0,not estimable,not estimable,not estimable,not estimable
4,Normal,206369,xgboost,accuracy,10,1.0,0.0,1.0,1.0
4,Normal,206369,xgboost,precision,0,not estimable,not estimable,not estimable,not estimable
4,Normal,206369,xgboost,recall,0,not estimable,not estimable,not estimable,not estimable
4,Normal,206369,xgboost,f1,0,not estimable,not estimable,not estimable,not estimable
4,Normal,206369,xgboost,balanced_accuracy,0,not estimable,not estimable,not estimable,not estimable
4,Normal,206369,xgboost,mcc,0,not estimable,not estimable,not estimable,not estimable
4,Normal,206369,xgboost,roc_auc,0,not estimable,not estimable,not estimable,not estimable
4,Normal,206369,xgboost,pr_auc_benign,0,not estimable,not estimable,not estimable,not estimable
4,Normal,206369,xgboost,pr_auc_ddos,0,not estimable,not estimable,not estimable,not estimable
4,Normal,231701,hybrid,accuracy,10,1.0,0.0,1.0,1.0
4,Normal,231701,hybrid,precision,0,not estimable,not estimable,not estimable,not estimable
4,Normal,231701,hybrid,recall,0,not estimable,not estimable,not estimable,not estimable
4,Normal,231701,hybrid,f1,0,not estimable,not estimable,not estimable,not estimable
4,Normal,231701,hybrid,balanced_accuracy,0,not estimable,not estimable,not estimable,not estimable
4,Normal,231701,hybrid,mcc,0,not estimable,not estimable,not estimable,not estimable
4,Normal,231701,hybrid,roc_auc,0,not estimable,not estimable,not estimable,not estimable
4,Normal,231701,hybrid,pr_auc_benign,0,not estimable,not estimable,not estimable,not estimable
4,Normal,231701,hybrid,pr_auc_ddos,0,not estimable,not estimable,not estimable,not estimable
4,Normal,231701,mlp,accuracy,10,1.0,0.0,1.0,1.0
4,Normal,231701,mlp,precision,0,not estimable,not estimable,not estimable,not estimable
4,Normal,231701,mlp,recall,0,not estimable,not estimable,not estimable,not estimable
4,Normal,231701,mlp,f1,0,not estimable,not estimable,not estimable,not estimable
4,Normal,231701,mlp,balanced_accuracy,0,not estimable,not estimable,not estimable,not estimable
4,Normal,231701,mlp,mcc,0,not estimable,not estimable,not estimable,not estimable
4,Normal,231701,mlp,roc_auc,0,not estimable,not estimable,not estimable,not estimable
4,Normal,231701,mlp,pr_auc_benign,0,not estimable,not estimable,not estimable,not estimable
4,Normal,231701,mlp,pr_auc_ddos,0,not estimable,not estimable,not estimable,not estimable
4,Normal,231701,rf,accuracy,10,1.0,0.0,1.0,1.0
4,Normal,231701,rf,precision,0,not estimable,not estimable,not estimable,not estimable
4,Normal,231701,rf,recall,0,not estimable,not estimable,not estimable,not estimable
4,Normal,231701,rf,f1,0,not estimable,not estimable,not estimable,not estimable
4,Normal,231701,rf,balanced_accuracy,0,not estimable,not estimable,not estimable,not estimable
4,Normal,231701,rf,mcc,0,not estimable,not estimable,not estimable,not estimable
4,Normal,231701,rf,roc_auc,0,not estimable,not estimable,not estimable,not estimable
4,Normal,231701,rf,pr_auc_benign,0,not estimable,not estimable,not estimable,not estimable
4,Normal,231701,rf,pr_auc_ddos,0,not estimable,not estimable,not estimable,not estimable
4,Normal,231701,xgboost,accuracy,10,1.0,0.0,1.0,1.0
4,Normal,231701,xgboost,precision,0,not estimable,not estimable,not estimable,not estimable
4,Normal,231701,xgboost,recall,0,not estimable,not estimable,not estimable,not estimable
4,Normal,231701,xgboost,f1,0,not estimable,not estimable,not estimable,not estimable
4,Normal,231701,xgboost,balanced_accuracy,0,not estimable,not estimable,not estimable,not estimable
4,Normal,231701,xgboost,mcc,0,not estimable,not estimable,not estimable,not estimable
4,Normal,231701,xgboost,roc_auc,0,not estimable,not estimable,not estimable,not estimable
4,Normal,231701,xgboost,pr_auc_benign,0,not estimable,not estimable,not estimable,not estimable
4,Normal,231701,xgboost,pr_auc_ddos,0,not estimable,not estimable,not estimable,not estimable
4,Normal,257053,hybrid,accuracy,10,1.0,0.0,1.0,1.0
4,Normal,257053,hybrid,precision,0,not estimable,not estimable,not estimable,not estimable
4,Normal,257053,hybrid,recall,0,not estimable,not estimable,not estimable,not estimable
4,Normal,257053,hybrid,f1,0,not estimable,not estimable,not estimable,not estimable
4,Normal,257053,hybrid,balanced_accuracy,0,not estimable,not estimable,not estimable,not estimable
4,Normal,257053,hybrid,mcc,0,not estimable,not estimable,not estimable,not estimable
4,Normal,257053,hybrid,roc_auc,0,not estimable,not estimable,not estimable,not estimable
4,Normal,257053,hybrid,pr_auc_benign,0,not estimable,not estimable,not estimable,not estimable
4,Normal,257053,hybrid,pr_auc_ddos,0,not estimable,not estimable,not estimable,not estimable
4,Normal,257053,mlp,accuracy,10,1.0,0.0,1.0,1.0
4,Normal,257053,mlp,precision,0,not estimable,not estimable,not estimable,not estimable
4,Normal,257053,mlp,recall,0,not estimable,not estimable,not estimable,not estimable
4,Normal,257053,mlp,f1,0,not estimable,not estimable,not estimable,not estimable
4,Normal,257053,mlp,balanced_accuracy,0,not estimable,not estimable,not estimable,not estimable
4,Normal,257053,mlp,mcc,0,not estimable,not estimable,not estimable,not estimable
4,Normal,257053,mlp,roc_auc,0,not estimable,not estimable,not estimable,not estimable
4,Normal,257053,mlp,pr_auc_benign,0,not estimable,not estimable,not estimable,not estimable
4,Normal,257053,mlp,pr_auc_ddos,0,not estimable,not estimable,not estimable,not estimable
4,Normal,257053,rf,accuracy,10,1.0,0.0,1.0,1.0
4,Normal,257053,rf,precision,0,not estimable,not estimable,not estimable,not estimable
4,Normal,257053,rf,recall,0,not estimable,not estimable,not estimable,not estimable
4,Normal,257053,rf,f1,0,not estimable,not estimable,not estimable,not estimable
4,Normal,257053,rf,balanced_accuracy,0,not estimable,not estimable,not estimable,not estimable
4,Normal,257053,rf,mcc,0,not estimable,not estimable,not estimable,not estimable
4,Normal,257053,rf,roc_auc,0,not estimable,not estimable,not estimable,not estimable
4,Normal,257053,rf,pr_auc_benign,0,not estimable,not estimable,not estimable,not estimable
4,Normal,257053,rf,pr_auc_ddos,0,not estimable,not estimable,not estimable,not estimable
4,Normal,257053,xgboost,accuracy,10,1.0,0.0,1.0,1.0
4,Normal,257053,xgboost,precision,0,not estimable,not estimable,not estimable,not estimable
4,Normal,257053,xgboost,recall,0,not estimable,not estimable,not estimable,not estimable
4,Normal,257053,xgboost,f1,0,not estimable,not estimable,not estimable,not estimable
4,Normal,257053,xgboost,balanced_accuracy,0,not estimable,not estimable,not estimable,not estimable
4,Normal,257053,xgboost,mcc,0,not estimable,not estimable,not estimable,not estimable
4,Normal,257053,xgboost,roc_auc,0,not estimable,not estimable,not estimable,not estimable
4,Normal,257053,xgboost,pr_auc_benign,0,not estimable,not estimable,not estimable,not estimable
4,Normal,257053,xgboost,pr_auc_ddos,0,not estimable,not estimable,not estimable,not estimable
4,Normal,282427,hybrid,accuracy,10,1.0,0.0,1.0,1.0
4,Normal,282427,hybrid,precision,0,not estimable,not estimable,not estimable,not estimable
4,Normal,282427,hybrid,recall,0,not estimable,not estimable,not estimable,not estimable
4,Normal,282427,hybrid,f1,0,not estimable,not estimable,not estimable,not estimable
4,Normal,282427,hybrid,balanced_accuracy,0,not estimable,not estimable,not estimable,not estimable
4,Normal,282427,hybrid,mcc,0,not estimable,not estimable,not estimable,not estimable
4,Normal,282427,hybrid,roc_auc,0,not estimable,not estimable,not estimable,not estimable
4,Normal,282427,hybrid,pr_auc_benign,0,not estimable,not estimable,not estimable,not estimable
4,Normal,282427,hybrid,pr_auc_ddos,0,not estimable,not estimable,not estimable,not estimable
4,Normal,282427,mlp,accuracy,10,1.0,0.0,1.0,1.0
4,Normal,282427,mlp,precision,0,not estimable,not estimable,not estimable,not estimable
4,Normal,282427,mlp,recall,0,not estimable,not estimable,not estimable,not estimable
4,Normal,282427,mlp,f1,0,not estimable,not estimable,not estimable,not estimable
4,Normal,282427,mlp,balanced_accuracy,0,not estimable,not estimable,not estimable,not estimable
4,Normal,282427,mlp,mcc,0,not estimable,not estimable,not estimable,not estimable
4,Normal,282427,mlp,roc_auc,0,not estimable,not estimable,not estimable,not estimable
4,Normal,282427,mlp,pr_auc_benign,0,not estimable,not estimable,not estimable,not estimable
4,Normal,282427,mlp,pr_auc_ddos,0,not estimable,not estimable,not estimable,not estimable
4,Normal,282427,rf,accuracy,10,1.0,0.0,1.0,1.0
4,Normal,282427,rf,precision,0,not estimable,not estimable,not estimable,not estimable
4,Normal,282427,rf,recall,0,not estimable,not estimable,not estimable,not estimable
4,Normal,282427,rf,f1,0,not estimable,not estimable,not estimable,not estimable
4,Normal,282427,rf,balanced_accuracy,0,not estimable,not estimable,not estimable,not estimable
4,Normal,282427,rf,mcc,0,not estimable,not estimable,not estimable,not estimable
4,Normal,282427,rf,roc_auc,0,not estimable,not estimable,not estimable,not estimable
4,Normal,282427,rf,pr_auc_benign,0,not estimable,not estimable,not estimable,not estimable
4,Normal,282427,rf,pr_auc_ddos,0,not estimable,not estimable,not estimable,not estimable
4,Normal,282427,xgboost,accuracy,10,1.0,0.0,1.0,1.0
4,Normal,282427,xgboost,precision,0,not estimable,not estimable,not estimable,not estimable
4,Normal,282427,xgboost,recall,0,not estimable,not estimable,not estimable,not estimable
4,Normal,282427,xgboost,f1,0,not estimable,not estimable,not estimable,not estimable
4,Normal,282427,xgboost,balanced_accuracy,0,not estimable,not estimable,not estimable,not estimable
4,Normal,282427,xgboost,mcc,0,not estimable,not estimable,not estimable,not estimable
4,Normal,282427,xgboost,roc_auc,0,not estimable,not estimable,not estimable,not estimable
4,Normal,282427,xgboost,pr_auc_benign,0,not estimable,not estimable,not estimable,not estimable
4,Normal,282427,xgboost,pr_auc_ddos,0,not estimable,not estimable,not estimable,not estimable
4,Normal,307759,hybrid,accuracy,10,1.0,0.0,1.0,1.0
4,Normal,307759,hybrid,precision,0,not estimable,not estimable,not estimable,not estimable
4,Normal,307759,hybrid,recall,0,not estimable,not estimable,not estimable,not estimable
4,Normal,307759,hybrid,f1,0,not estimable,not estimable,not estimable,not estimable
4,Normal,307759,hybrid,balanced_accuracy,0,not estimable,not estimable,not estimable,not estimable
4,Normal,307759,hybrid,mcc,0,not estimable,not estimable,not estimable,not estimable
4,Normal,307759,hybrid,roc_auc,0,not estimable,not estimable,not estimable,not estimable
4,Normal,307759,hybrid,pr_auc_benign,0,not estimable,not estimable,not estimable,not estimable
4,Normal,307759,hybrid,pr_auc_ddos,0,not estimable,not estimable,not estimable,not estimable
4,Normal,307759,mlp,accuracy,10,1.0,0.0,1.0,1.0
4,Normal,307759,mlp,precision,0,not estimable,not estimable,not estimable,not estimable
4,Normal,307759,mlp,recall,0,not estimable,not estimable,not estimable,not estimable
4,Normal,307759,mlp,f1,0,not estimable,not estimable,not estimable,not estimable
4,Normal,307759,mlp,balanced_accuracy,0,not estimable,not estimable,not estimable,not estimable
4,Normal,307759,mlp,mcc,0,not estimable,not estimable,not estimable,not estimable
4,Normal,307759,mlp,roc_auc,0,not estimable,not estimable,not estimable,not estimable
4,Normal,307759,mlp,pr_auc_benign,0,not estimable,not estimable,not estimable,not estimable
4,Normal,307759,mlp,pr_auc_ddos,0,not estimable,not estimable,not estimable,not estimable
4,Normal,307759,rf,accuracy,10,1.0,0.0,1.0,1.0
4,Normal,307759,rf,precision,0,not estimable,not estimable,not estimable,not estimable
4,Normal,307759,rf,recall,0,not estimable,not estimable,not estimable,not estimable
4,Normal,307759,rf,f1,0,not estimable,not estimable,not estimable,not estimable
4,Normal,307759,rf,balanced_accuracy,0,not estimable,not estimable,not estimable,not estimable
4,Normal,307759,rf,mcc,0,not estimable,not estimable,not estimable,not estimable
4,Normal,307759,rf,roc_auc,0,not estimable,not estimable,not estimable,not estimable
4,Normal,307759,rf,pr_auc_benign,0,not estimable,not estimable,not estimable,not estimable
4,Normal,307759,rf,pr_auc_ddos,0,not estimable,not estimable,not estimable,not estimable
4,Normal,307759,xgboost,accuracy,10,1.0,0.0,1.0,1.0
4,Normal,307759,xgboost,precision,0,not estimable,not estimable,not estimable,not estimable
4,Normal,307759,xgboost,recall,0,not estimable,not estimable,not estimable,not estimable
4,Normal,307759,xgboost,f1,0,not estimable,not estimable,not estimable,not estimable
4,Normal,307759,xgboost,balanced_accuracy,0,not estimable,not estimable,not estimable,not estimable
4,Normal,307759,xgboost,mcc,0,not estimable,not estimable,not estimable,not estimable
4,Normal,307759,xgboost,roc_auc,0,not estimable,not estimable,not estimable,not estimable
4,Normal,307759,xgboost,pr_auc_benign,0,not estimable,not estimable,not estimable,not estimable
4,Normal,307759,xgboost,pr_auc_ddos,0,not estimable,not estimable,not estimable,not estimable
4,Normal,333019,hybrid,accuracy,10,1.0,0.0,1.0,1.0
4,Normal,333019,hybrid,precision,0,not estimable,not estimable,not estimable,not estimable
4,Normal,333019,hybrid,recall,0,not estimable,not estimable,not estimable,not estimable
4,Normal,333019,hybrid,f1,0,not estimable,not estimable,not estimable,not estimable
4,Normal,333019,hybrid,balanced_accuracy,0,not estimable,not estimable,not estimable,not estimable
4,Normal,333019,hybrid,mcc,0,not estimable,not estimable,not estimable,not estimable
4,Normal,333019,hybrid,roc_auc,0,not estimable,not estimable,not estimable,not estimable
4,Normal,333019,hybrid,pr_auc_benign,0,not estimable,not estimable,not estimable,not estimable
4,Normal,333019,hybrid,pr_auc_ddos,0,not estimable,not estimable,not estimable,not estimable
4,Normal,333019,mlp,accuracy,10,1.0,0.0,1.0,1.0
4,Normal,333019,mlp,precision,0,not estimable,not estimable,not estimable,not estimable
4,Normal,333019,mlp,recall,0,not estimable,not estimable,not estimable,not estimable
4,Normal,333019,mlp,f1,0,not estimable,not estimable,not estimable,not estimable
4,Normal,333019,mlp,balanced_accuracy,0,not estimable,not estimable,not estimable,not estimable
4,Normal,333019,mlp,mcc,0,not estimable,not estimable,not estimable,not estimable
4,Normal,333019,mlp,roc_auc,0,not estimable,not estimable,not estimable,not estimable
4,Normal,333019,mlp,pr_auc_benign,0,not estimable,not estimable,not estimable,not estimable
4,Normal,333019,mlp,pr_auc_ddos,0,not estimable,not estimable,not estimable,not estimable
4,Normal,333019,rf,accuracy,10,1.0,0.0,1.0,1.0
4,Normal,333019,rf,precision,0,not estimable,not estimable,not estimable,not estimable
4,Normal,333019,rf,recall,0,not estimable,not estimable,not estimable,not estimable
4,Normal,333019,rf,f1,0,not estimable,not estimable,not estimable,not estimable
4,Normal,333019,rf,balanced_accuracy,0,not estimable,not estimable,not estimable,not estimable
4,Normal,333019,rf,mcc,0,not estimable,not estimable,not estimable,not estimable
4,Normal,333019,rf,roc_auc,0,not estimable,not estimable,not estimable,not estimable
4,Normal,333019,rf,pr_auc_benign,0,not estimable,not estimable,not estimable,not estimable
4,Normal,333019,rf,pr_auc_ddos,0,not estimable,not estimable,not estimable,not estimable
4,Normal,333019,xgboost,accuracy,10,1.0,0.0,1.0,1.0
4,Normal,333019,xgboost,precision,0,not estimable,not estimable,not estimable,not estimable
4,Normal,333019,xgboost,recall,0,not estimable,not estimable,not estimable,not estimable
4,Normal,333019,xgboost,f1,0,not estimable,not estimable,not estimable,not estimable
4,Normal,333019,xgboost,balanced_accuracy,0,not estimable,not estimable,not estimable,not estimable
4,Normal,333019,xgboost,mcc,0,not estimable,not estimable,not estimable,not estimable
4,Normal,333019,xgboost,roc_auc,0,not estimable,not estimable,not estimable,not estimable
4,Normal,333019,xgboost,pr_auc_benign,0,not estimable,not estimable,not estimable,not estimable
4,Normal,333019,xgboost,pr_auc_ddos,0,not estimable,not estimable,not estimable,not estimable
4,SYNFlood,104729,hybrid,accuracy,10,0.058823529411764705,0.0,0.058823529411764705,0.058823529411764705
4,SYNFlood,104729,hybrid,precision,0,not estimable,not estimable,not estimable,not estimable
4,SYNFlood,104729,hybrid,recall,10,0.0,0.0,0.0,0.0
4,SYNFlood,104729,hybrid,f1,10,0.0,0.0,0.0,0.0
4,SYNFlood,104729,hybrid,balanced_accuracy,10,0.5,0.0,0.5,0.5
4,SYNFlood,104729,hybrid,mcc,0,not estimable,not estimable,not estimable,not estimable
4,SYNFlood,104729,hybrid,roc_auc,10,0.5,1.850371707708594e-17,0.5,0.5
4,SYNFlood,104729,hybrid,pr_auc_benign,10,0.06784690594585227,0.0011223005628736014,0.06704406048760604,0.0686497514040985
4,SYNFlood,104729,hybrid,pr_auc_ddos,10,0.9695490196582565,0.0017625519259477417,0.9682881659658666,0.9708098733506463
4,SYNFlood,104729,mlp,accuracy,10,0.059529411764705886,0.0008225951750354135,0.05894096262541162,0.060117860904000155
4,SYNFlood,104729,mlp,precision,5,1.0,0.0,1.0,1.0
4,SYNFlood,104729,mlp,recall,10,0.00075,0.0008740073734751264,0.0001247727894998381,0.001375227210500162
4,SYNFlood,104729,mlp,f1,10,0.001497504677756296,0.001744447750430572,0.0002496019323499621,0.00274540742316263
4,SYNFlood,104729,mlp,balanced_accuracy,10,0.500375,0.0004370036867375538,0.50006238639475,0.50068761360525
4,SYNFlood,104729,mlp,mcc,5,0.009292196886438963,0.001592570318575605,0.007314759657255731,0.011269634115622195
4,SYNFlood,104729,mlp,roc_auc,10,1.0,0.0,1.0,1.0
4,SYNFlood,104729,mlp,pr_auc_benign,10,1.0,3.700743415417188e-17,1.0,1.0
4,SYNFlood,104729,mlp,pr_auc_ddos,10,0.9999999999999998,1.4332917616497527e-16,0.9999999999999997,0.9999999999999999
4,SYNFlood,104729,rf,accuracy,10,0.058823529411764705,0.0,0.058823529411764705,0.058823529411764705
4,SYNFlood,104729,rf,precision,0,not estimable,not estimable,not estimable,not estimable
4,SYNFlood,104729,rf,recall,10,0.0,0.0,0.0,0.0
4,SYNFlood,104729,rf,f1,10,0.0,0.0,0.0,0.0
4,SYNFlood,104729,rf,balanced_accuracy,10,0.5,0.0,0.5,0.5
4,SYNFlood,104729,rf,mcc,0,not estimable,not estimable,not estimable,not estimable
4,SYNFlood,104729,rf,roc_auc,10,0.0,0.0,0.0,0.0
4,SYNFlood,104729,rf,pr_auc_benign,10,0.05748646603563825,0.0014234096415032809,0.05646822011853849,0.05850471195273801
4,SYNFlood,104729,rf,pr_auc_ddos,10,0.8979052710980084,0.0011657916975135335,0.8970713139562483,0.8987392282397686
4,SYNFlood,104729,xgboost,accuracy,10,0.058823529411764705,0.0,0.058823529411764705,0.058823529411764705
4,SYNFlood,104729,xgboost,precision,0,not estimable,not estimable,not estimable,not estimable
4,SYNFlood,104729,xgboost,recall,10,0.0,0.0,0.0,0.0
4,SYNFlood,104729,xgboost,f1,10,0.0,0.0,0.0,0.0
4,SYNFlood,104729,xgboost,balanced_accuracy,10,0.5,0.0,0.5,0.5
4,SYNFlood,104729,xgboost,mcc,0,not estimable,not estimable,not estimable,not estimable
4,SYNFlood,104729,xgboost,roc_auc,10,0.0,0.0,0.0,0.0
4,SYNFlood,104729,xgboost,pr_auc_benign,10,0.05755757406597217,0.001352155352348029,0.05659030039670091,0.058524847735243433
4,SYNFlood,104729,xgboost,pr_auc_ddos,10,0.911545011851976,0.0020921929113011366,0.9100483472042169,0.9130416764997351
4,SYNFlood,130363,hybrid,accuracy,10,0.058823529411764705,0.0,0.058823529411764705,0.058823529411764705
4,SYNFlood,130363,hybrid,precision,0,not estimable,not estimable,not estimable,not estimable
4,SYNFlood,130363,hybrid,recall,10,0.0,0.0,0.0,0.0
4,SYNFlood,130363,hybrid,f1,10,0.0,0.0,0.0,0.0
4,SYNFlood,130363,hybrid,balanced_accuracy,10,0.5,0.0,0.5,0.5
4,SYNFlood,130363,hybrid,mcc,0,not estimable,not estimable,not estimable,not estimable
4,SYNFlood,130363,hybrid,roc_auc,10,0.0,0.0,0.0,0.0
4,SYNFlood,130363,hybrid,pr_auc_benign,10,0.03457430637412274,0.0006273216072862492,0.034125547530074817,0.03502306521817066
4,SYNFlood,130363,hybrid,pr_auc_ddos,10,0.8834187733461706,0.0012986434390005587,0.882489779793665,0.8843477668986761
4,SYNFlood,130363,mlp,accuracy,10,0.058823529411764705,0.0,0.058823529411764705,0.058823529411764705
4,SYNFlood,130363,mlp,precision,0,not estimable,not estimable,not estimable,not estimable
4,SYNFlood,130363,mlp,recall,10,0.0,0.0,0.0,0.0
4,SYNFlood,130363,mlp,f1,10,0.0,0.0,0.0,0.0
4,SYNFlood,130363,mlp,balanced_accuracy,10,0.5,0.0,0.5,0.5
4,SYNFlood,130363,mlp,mcc,0,not estimable,not estimable,not estimable,not estimable
4,SYNFlood,130363,mlp,roc_auc,10,0.0,0.0,0.0,0.0
4,SYNFlood,130363,mlp,pr_auc_benign,10,0.03457430637412274,0.0006273216072862492,0.034125547530074817,0.03502306521817066
4,SYNFlood,130363,mlp,pr_auc_ddos,10,0.8829396263657655,0.0013140498635812745,0.8819996117210396,0.8838796410104914
4,SYNFlood,130363,rf,accuracy,10,0.058823529411764705,0.0,0.058823529411764705,0.058823529411764705
4,SYNFlood,130363,rf,precision,0,not estimable,not estimable,not estimable,not estimable
4,SYNFlood,130363,rf,recall,10,0.0,0.0,0.0,0.0
4,SYNFlood,130363,rf,f1,10,0.0,0.0,0.0,0.0
4,SYNFlood,130363,rf,balanced_accuracy,10,0.5,0.0,0.5,0.5
4,SYNFlood,130363,rf,mcc,0,not estimable,not estimable,not estimable,not estimable
4,SYNFlood,130363,rf,roc_auc,10,0.0,0.0,0.0,0.0
4,SYNFlood,130363,rf,pr_auc_benign,10,0.047127431639628174,0.001326369741916077,0.046178603884854535,0.04807625939440181
4,SYNFlood,130363,rf,pr_auc_ddos,10,0.8847219680319942,0.0015988462506965966,0.8835782223249449,0.8858657137390435
4,SYNFlood,130363,xgboost,accuracy,10,0.058823529411764705,0.0,0.058823529411764705,0.058823529411764705
4,SYNFlood,130363,xgboost,precision,0,not estimable,not estimable,not estimable,not estimable
4,SYNFlood,130363,xgboost,recall,10,0.0,0.0,0.0,0.0
4,SYNFlood,130363,xgboost,f1,10,0.0,0.0,0.0,0.0
4,SYNFlood,130363,xgboost,balanced_accuracy,10,0.5,0.0,0.5,0.5
4,SYNFlood,130363,xgboost,mcc,0,not estimable,not estimable,not estimable,not estimable
4,SYNFlood,130363,xgboost,roc_auc,10,0.0,0.0,0.0,0.0
4,SYNFlood,130363,xgboost,pr_auc_benign,10,0.047127431639628174,0.001326369741916077,0.046178603884854535,0.04807625939440181
4,SYNFlood,130363,xgboost,pr_auc_ddos,10,0.9145390597544404,0.0002664819652613511,0.9143484300402693,0.9147296894686114
4,SYNFlood,155921,hybrid,accuracy,10,0.058823529411764705,0.0,0.058823529411764705,0.058823529411764705
4,SYNFlood,155921,hybrid,precision,0,not estimable,not estimable,not estimable,not estimable
4,SYNFlood,155921,hybrid,recall,10,0.0,0.0,0.0,0.0
4,SYNFlood,155921,hybrid,f1,10,0.0,0.0,0.0,0.0
4,SYNFlood,155921,hybrid,balanced_accuracy,10,0.5,0.0,0.5,0.5
4,SYNFlood,155921,hybrid,mcc,0,not estimable,not estimable,not estimable,not estimable
4,SYNFlood,155921,hybrid,roc_auc,10,0.5,0.0,0.5,0.5
4,SYNFlood,155921,hybrid,pr_auc_benign,10,0.06790977475163133,0.001182516647685405,0.0670638533012634,0.06875569620199927
4,SYNFlood,155921,hybrid,pr_auc_ddos,10,0.9695490196582565,0.0017625519259477417,0.9682881659658666,0.9708098733506463
4,SYNFlood,155921,mlp,accuracy,10,0.058823529411764705,0.0,0.058823529411764705,0.058823529411764705
4,SYNFlood,155921,mlp,precision,0,not estimable,not estimable,not estimable,not estimable
4,SYNFlood,155921,mlp,recall,10,0.0,0.0,0.0,0.0
4,SYNFlood,155921,mlp,f1,10,0.0,0.0,0.0,0.0
4,SYNFlood,155921,mlp,balanced_accuracy,10,0.5,0.0,0.5,0.5
4,SYNFlood,155921,mlp,mcc,0,not estimable,not estimable,not estimable,not estimable
4,SYNFlood,155921,mlp,roc_auc,10,1.0,0.0,1.0,1.0
4,SYNFlood,155921,mlp,pr_auc_benign,10,1.0,0.0,1.0,1.0
4,SYNFlood,155921,mlp,pr_auc_ddos,10,0.9999999999999998,1.4332917616497527e-16,0.9999999999999997,0.9999999999999999
4,SYNFlood,155921,rf,accuracy,10,0.058823529411764705,0.0,0.058823529411764705,0.058823529411764705
4,SYNFlood,155921,rf,precision,0,not estimable,not estimable,not estimable,not estimable
4,SYNFlood,155921,rf,recall,10,0.0,0.0,0.0,0.0
4,SYNFlood,155921,rf,f1,10,0.0,0.0,0.0,0.0
4,SYNFlood,155921,rf,balanced_accuracy,10,0.5,0.0,0.5,0.5
4,SYNFlood,155921,rf,mcc,0,not estimable,not estimable,not estimable,not estimable
4,SYNFlood,155921,rf,roc_auc,10,0.0,0.0,0.0,0.0
4,SYNFlood,155921,rf,pr_auc_benign,10,0.055407916632552644,0.0013365905658699769,0.05445177734077869,0.0563640559243266
4,SYNFlood,155921,rf,pr_auc_ddos,10,0.8983037439293744,0.0009966147124201821,0.8975908087122351,0.8990166791465137
4,SYNFlood,155921,xgboost,accuracy,10,0.058823529411764705,0.0,0.058823529411764705,0.058823529411764705
4,SYNFlood,155921,xgboost,precision,0,not estimable,not estimable,not estimable,not estimable
4,SYNFlood,155921,xgboost,recall,10,0.0,0.0,0.0,0.0
4,SYNFlood,155921,xgboost,f1,10,0.0,0.0,0.0,0.0
4,SYNFlood,155921,xgboost,balanced_accuracy,10,0.5,0.0,0.5,0.5
4,SYNFlood,155921,xgboost,mcc,0,not estimable,not estimable,not estimable,not estimable
4,SYNFlood,155921,xgboost,roc_auc,10,0.0,0.0,0.0,0.0
4,SYNFlood,155921,xgboost,pr_auc_benign,10,0.05755757406597217,0.001352155352348029,0.05659030039670091,0.058524847735243433
4,SYNFlood,155921,xgboost,pr_auc_ddos,10,0.911545011851976,0.0020921929113011366,0.9100483472042169,0.9130416764997351
4,SYNFlood,181081,hybrid,accuracy,10,0.058823529411764705,0.0,0.058823529411764705,0.058823529411764705
4,SYNFlood,181081,hybrid,precision,0,not estimable,not estimable,not estimable,not estimable
4,SYNFlood,181081,hybrid,recall,10,0.0,0.0,0.0,0.0
4,SYNFlood,181081,hybrid,f1,10,0.0,0.0,0.0,0.0
4,SYNFlood,181081,hybrid,balanced_accuracy,10,0.5,0.0,0.5,0.5
4,SYNFlood,181081,hybrid,mcc,0,not estimable,not estimable,not estimable,not estimable
4,SYNFlood,181081,hybrid,roc_auc,10,0.5,0.0,0.5,0.5
4,SYNFlood,181081,hybrid,pr_auc_benign,10,0.0679867489635942,0.00120076155245735,0.06712777589459856,0.06884572203258985
4,SYNFlood,181081,hybrid,pr_auc_ddos,10,0.9695490196582565,0.0017625519259477417,0.9682881659658666,0.9708098733506463
4,SYNFlood,181081,mlp,accuracy,10,0.059529411764705886,0.0008225951750354135,0.05894096262541162,0.060117860904000155
4,SYNFlood,181081,mlp,precision,5,1.0,0.0,1.0,1.0
4,SYNFlood,181081,mlp,recall,10,0.00075,0.0008740073734751264,0.0001247727894998381,0.001375227210500162
4,SYNFlood,181081,mlp,f1,10,0.001497504677756296,0.001744447750430572,0.0002496019323499621,0.00274540742316263
4,SYNFlood,181081,mlp,balanced_accuracy,10,0.500375,0.0004370036867375538,0.50006238639475,0.50068761360525
4,SYNFlood,181081,mlp,mcc,5,0.009292196886438963,0.001592570318575605,0.007314759657255731,0.011269634115622195
4,SYNFlood,181081,mlp,roc_auc,10,1.0,0.0,1.0,1.0
4,SYNFlood,181081,mlp,pr_auc_benign,10,1.0,0.0,1.0,1.0
4,SYNFlood,181081,mlp,pr_auc_ddos,10,0.9999999999999998,1.4332917616497527e-16,0.9999999999999997,0.9999999999999999
4,SYNFlood,181081,rf,accuracy,10,0.058823529411764705,0.0,0.058823529411764705,0.058823529411764705
4,SYNFlood,181081,rf,precision,0,not estimable,not estimable,not estimable,not estimable
4,SYNFlood,181081,rf,recall,10,0.0,0.0,0.0,0.0
4,SYNFlood,181081,rf,f1,10,0.0,0.0,0.0,0.0
4,SYNFlood,181081,rf,balanced_accuracy,10,0.5,0.0,0.5,0.5
4,SYNFlood,181081,rf,mcc,0,not estimable,not estimable,not estimable,not estimable
4,SYNFlood,181081,rf,roc_auc,10,0.0,0.0,0.0,0.0
4,SYNFlood,181081,rf,pr_auc_benign,10,0.05755757406597217,0.001352155352348029,0.05659030039670091,0.058524847735243433
4,SYNFlood,181081,rf,pr_auc_ddos,10,0.9107358231535422,0.0022212173169529133,0.9091468600061591,0.9123247863009253
4,SYNFlood,181081,xgboost,accuracy,10,0.058823529411764705,0.0,0.058823529411764705,0.058823529411764705
4,SYNFlood,181081,xgboost,precision,0,not estimable,not estimable,not estimable,not estimable
4,SYNFlood,181081,xgboost,recall,10,0.0,0.0,0.0,0.0
4,SYNFlood,181081,xgboost,f1,10,0.0,0.0,0.0,0.0
4,SYNFlood,181081,xgboost,balanced_accuracy,10,0.5,0.0,0.5,0.5
4,SYNFlood,181081,xgboost,mcc,0,not estimable,not estimable,not estimable,not estimable
4,SYNFlood,181081,xgboost,roc_auc,10,0.0,0.0,0.0,0.0
4,SYNFlood,181081,xgboost,pr_auc_benign,10,0.05755757406597217,0.001352155352348029,0.05659030039670091,0.058524847735243433
4,SYNFlood,181081,xgboost,pr_auc_ddos,10,0.911545011851976,0.0020921929113011366,0.9100483472042169,0.9130416764997351
4,SYNFlood,206369,hybrid,accuracy,10,0.058823529411764705,0.0,0.058823529411764705,0.058823529411764705
4,SYNFlood,206369,hybrid,precision,0,not estimable,not estimable,not estimable,not estimable
4,SYNFlood,206369,hybrid,recall,10,0.0,0.0,0.0,0.0
4,SYNFlood,206369,hybrid,f1,10,0.0,0.0,0.0,0.0
4,SYNFlood,206369,hybrid,balanced_accuracy,10,0.5,0.0,0.5,0.5
4,SYNFlood,206369,hybrid,mcc,0,not estimable,not estimable,not estimable,not estimable
4,SYNFlood,206369,hybrid,roc_auc,10,0.5,1.850371707708594e-17,0.5,0.5
4,SYNFlood,206369,hybrid,pr_auc_benign,10,0.06784603575577232,0.0011232653411259994,0.06704250013674048,0.06864957137480415
4,SYNFlood,206369,hybrid,pr_auc_ddos,10,0.9695490196582565,0.0017625519259477417,0.9682881659658666,0.9708098733506463
4,SYNFlood,206369,mlp,accuracy,10,0.059529411764705886,0.0008225951750354135,0.05894096262541162,0.060117860904000155
4,SYNFlood,206369,mlp,precision,5,1.0,0.0,1.0,1.0
4,SYNFlood,206369,mlp,recall,10,0.00075,0.0008740073734751264,0.0001247727894998381,0.001375227210500162
4,SYNFlood,206369,mlp,f1,10,0.001497504677756296,0.001744447750430572,0.0002496019323499621,0.00274540742316263
4,SYNFlood,206369,mlp,balanced_accuracy,10,0.500375,0.0004370036867375538,0.50006238639475,0.50068761360525
4,SYNFlood,206369,mlp,mcc,5,0.009292196886438963,0.001592570318575605,0.007314759657255731,0.011269634115622195
4,SYNFlood,206369,mlp,roc_auc,10,0.5,1.850371707708594e-17,0.5,0.5
4,SYNFlood,206369,mlp,pr_auc_benign,10,0.06784603575577232,0.0011232653411259994,0.06704250013674048,0.06864957137480415
4,SYNFlood,206369,mlp,pr_auc_ddos,10,0.9695490196582565,0.0017625519259477417,0.9682881659658666,0.9708098733506463
4,SYNFlood,206369,rf,accuracy,10,0.058823529411764705,0.0,0.058823529411764705,0.058823529411764705
4,SYNFlood,206369,rf,precision,0,not estimable,not estimable,not estimable,not estimable
4,SYNFlood,206369,rf,recall,10,0.0,0.0,0.0,0.0
4,SYNFlood,206369,rf,f1,10,0.0,0.0,0.0,0.0
4,SYNFlood,206369,rf,balanced_accuracy,10,0.5,0.0,0.5,0.5
4,SYNFlood,206369,rf,mcc,0,not estimable,not estimable,not estimable,not estimable
4,SYNFlood,206369,rf,roc_auc,10,0.0,0.0,0.0,0.0
4,SYNFlood,206369,rf,pr_auc_benign,10,0.05755757406597217,0.001352155352348029,0.05659030039670091,0.058524847735243433
4,SYNFlood,206369,rf,pr_auc_ddos,10,0.8877908381553354,0.00041198130874435133,0.887496124480987,0.8880855518296839
4,SYNFlood,206369,xgboost,accuracy,10,0.058823529411764705,0.0,0.058823529411764705,0.058823529411764705
4,SYNFlood,206369,xgboost,precision,0,not estimable,not estimable,not estimable,not estimable
4,SYNFlood,206369,xgboost,recall,10,0.0,0.0,0.0,0.0
4,SYNFlood,206369,xgboost,f1,10,0.0,0.0,0.0,0.0
4,SYNFlood,206369,xgboost,balanced_accuracy,10,0.5,0.0,0.5,0.5
4,SYNFlood,206369,xgboost,mcc,0,not estimable,not estimable,not estimable,not estimable
4,SYNFlood,206369,xgboost,roc_auc,10,0.0,0.0,0.0,0.0
4,SYNFlood,206369,xgboost,pr_auc_benign,10,0.05755757406597217,0.001352155352348029,0.05659030039670091,0.058524847735243433
4,SYNFlood,206369,xgboost,pr_auc_ddos,10,0.911545011851976,0.0020921929113011366,0.9100483472042169,0.9130416764997351
4,SYNFlood,231701,hybrid,accuracy,10,0.058823529411764705,0.0,0.058823529411764705,0.058823529411764705
4,SYNFlood,231701,hybrid,precision,0,not estimable,not estimable,not estimable,not estimable
4,SYNFlood,231701,hybrid,recall,10,0.0,0.0,0.0,0.0
4,SYNFlood,231701,hybrid,f1,10,0.0,0.0,0.0,0.0
4,SYNFlood,231701,hybrid,balanced_accuracy,10,0.5,0.0,0.5,0.5
4,SYNFlood,231701,hybrid,mcc,0,not estimable,not estimable,not estimable,not estimable
4,SYNFlood,231701,hybrid,roc_auc,10,0.5,0.0,0.5,0.5
4,SYNFlood,231701,hybrid,pr_auc_benign,10,0.06790977475163133,0.001182516647685405,0.0670638533012634,0.06875569620199927
4,SYNFlood,231701,hybrid,pr_auc_ddos,10,0.9695490196582565,0.0017625519259477417,0.9682881659658666,0.9708098733506463
4,SYNFlood,231701,mlp,accuracy,10,0.06305882352941176,0.0026130715684639498,0.06118954473706929,0.06492810232175424
4,SYNFlood,231701,mlp,precision,10,1.0,0.0,1.0,1.0
4,SYNFlood,231701,mlp,recall,10,0.0045,0.0027763885414929463,0.002513891283136126,0.006486108716863873
4,SYNFlood,231701,mlp,f1,10,0.008946043020707157,0.005482686115544981,0.005023965644585669,0.012868120396828647
4,SYNFlood,231701,mlp,balanced_accuracy,10,0.50225,0.0013881942707464818,0.5012569456415681,0.5032430543584319
4,SYNFlood,231701,mlp,mcc,10,0.015697114830029793,0.004693109171146631,0.012339866773892837,0.01905436288616675
4,SYNFlood,231701,mlp,roc_auc,10,0.890925,0.03958474208019494,0.8626077813811652,0.9192422186188347
4,SYNFlood,231701,mlp,pr_auc_benign,10,0.7811251934415753,0.09281694481551182,0.7147279509750603,0.8475224359080903
4,SYNFlood,231701,mlp,pr_auc_ddos,10,0.9930312781568418,0.0027441366675410085,0.9910682410407405,0.994994315272943
4,SYNFlood,231701,rf,accuracy,10,0.058823529411764705,0.0,0.058823529411764705,0.058823529411764705
4,SYNFlood,231701,rf,precision,0,not estimable,not estimable,not estimable,not estimable
4,SYNFlood,231701,rf,recall,10,0.0,0.0,0.0,0.0
4,SYNFlood,231701,rf,f1,10,0.0,0.0,0.0,0.0
4,SYNFlood,231701,rf,balanced_accuracy,10,0.5,0.0,0.5,0.5
4,SYNFlood,231701,rf,mcc,0,not estimable,not estimable,not estimable,not estimable
4,SYNFlood,231701,rf,roc_auc,10,0.0,0.0,0.0,0.0
4,SYNFlood,231701,rf,pr_auc_benign,10,0.0554743560519738,0.0012920049906224194,0.05455011135936066,0.05639860074458695
4,SYNFlood,231701,rf,pr_auc_ddos,10,0.8868593742682561,0.0007589554049587234,0.8863164502779817,0.8874022982585306
4,SYNFlood,231701,xgboost,accuracy,10,0.058823529411764705,0.0,0.058823529411764705,0.058823529411764705
4,SYNFlood,231701,xgboost,precision,0,not estimable,not estimable,not estimable,not estimable
4,SYNFlood,231701,xgboost,recall,10,0.0,0.0,0.0,0.0
4,SYNFlood,231701,xgboost,f1,10,0.0,0.0,0.0,0.0
4,SYNFlood,231701,xgboost,balanced_accuracy,10,0.5,0.0,0.5,0.5
4,SYNFlood,231701,xgboost,mcc,0,not estimable,not estimable,not estimable,not estimable
4,SYNFlood,231701,xgboost,roc_auc,10,0.0,0.0,0.0,0.0
4,SYNFlood,231701,xgboost,pr_auc_benign,10,0.05755757406597217,0.001352155352348029,0.05659030039670091,0.058524847735243433
4,SYNFlood,231701,xgboost,pr_auc_ddos,10,0.911545011851976,0.0020921929113011366,0.9100483472042169,0.9130416764997351
4,SYNFlood,257053,hybrid,accuracy,10,0.058823529411764705,0.0,0.058823529411764705,0.058823529411764705
4,SYNFlood,257053,hybrid,precision,0,not estimable,not estimable,not estimable,not estimable
4,SYNFlood,257053,hybrid,recall,10,0.0,0.0,0.0,0.0
4,SYNFlood,257053,hybrid,f1,10,0.0,0.0,0.0,0.0
4,SYNFlood,257053,hybrid,balanced_accuracy,10,0.5,0.0,0.5,0.5
4,SYNFlood,257053,hybrid,mcc,0,not estimable,not estimable,not estimable,not estimable
4,SYNFlood,257053,hybrid,roc_auc,10,0.001,0.0007905694150420948,0.00043446070928647527,0.0015655392907135248
4,SYNFlood,257053,hybrid,pr_auc_benign,10,0.0354329568617637,0.000619753934194915,0.03498961160492392,0.03587630211860347
4,SYNFlood,257053,hybrid,pr_auc_ddos,10,0.8839176618107129,0.0015022588805311942,0.8828430105459425,0.8849923130754832
4,SYNFlood,257053,mlp,accuracy,10,0.059529411764705886,0.0008225951750354135,0.05894096262541162,0.060117860904000155
4,SYNFlood,257053,mlp,precision,5,1.0,0.0,1.0,1.0
4,SYNFlood,257053,mlp,recall,10,0.00075,0.0008740073734751264,0.0001247727894998381,0.001375227210500162
4,SYNFlood,257053,mlp,f1,10,0.001497504677756296,0.001744447750430572,0.0002496019323499621,0.00274540742316263
4,SYNFlood,257053,mlp,balanced_accuracy,10,0.500375,0.0004370036867375538,0.50006238639475,0.50068761360525
4,SYNFlood,257053,mlp,mcc,5,0.009292196886438963,0.001592570318575605,0.007314759657255731,0.011269634115622195
4,SYNFlood,257053,mlp,roc_auc,10,0.5,1.850371707708594e-17,0.5,0.5
4,SYNFlood,257053,mlp,pr_auc_benign,10,0.06784603575577232,0.0011232653411259994,0.06704250013674048,0.06864957137480415
4,SYNFlood,257053,mlp,pr_auc_ddos,10,0.9695490196582565,0.0017625519259477417,0.9682881659658666,0.9708098733506463
4,SYNFlood,257053,rf,accuracy,10,0.058823529411764705,0.0,0.058823529411764705,0.058823529411764705
4,SYNFlood,257053,rf,precision,0,not estimable,not estimable,not estimable,not estimable
4,SYNFlood,257053,rf,recall,10,0.0,0.0,0.0,0.0
4,SYNFlood,257053,rf,f1,10,0.0,0.0,0.0,0.0
4,SYNFlood,257053,rf,balanced_accuracy,10,0.5,0.0,0.5,0.5
4,SYNFlood,257053,rf,mcc,0,not estimable,not estimable,not estimable,not estimable
4,SYNFlood,257053,rf,roc_auc,10,0.0,0.0,0.0,0.0
4,SYNFlood,257053,rf,pr_auc_benign,10,0.05748646603563825,0.0014234096415032809,0.05646822011853849,0.05850471195273801
4,SYNFlood,257053,rf,pr_auc_ddos,10,0.8990039820230283,0.0008285783298414397,0.898411252792624,0.8995967112534327
4,SYNFlood,257053,xgboost,accuracy,10,0.058823529411764705,0.0,0.058823529411764705,0.058823529411764705
4,SYNFlood,257053,xgboost,precision,0,not estimable,not estimable,not estimable,not estimable
4,SYNFlood,257053,xgboost,recall,10,0.0,0.0,0.0,0.0
4,SYNFlood,257053,xgboost,f1,10,0.0,0.0,0.0,0.0
4,SYNFlood,257053,xgboost,balanced_accuracy,10,0.5,0.0,0.5,0.5
4,SYNFlood,257053,xgboost,mcc,0,not estimable,not estimable,not estimable,not estimable
4,SYNFlood,257053,xgboost,roc_auc,10,0.0,0.0,0.0,0.0
4,SYNFlood,257053,xgboost,pr_auc_benign,10,0.05755757406597217,0.001352155352348029,0.05659030039670091,0.058524847735243433
4,SYNFlood,257053,xgboost,pr_auc_ddos,10,0.911545011851976,0.0020921929113011366,0.9100483472042169,0.9130416764997351
4,SYNFlood,282427,hybrid,accuracy,10,0.058823529411764705,0.0,0.058823529411764705,0.058823529411764705
4,SYNFlood,282427,hybrid,precision,0,not estimable,not estimable,not estimable,not estimable
4,SYNFlood,282427,hybrid,recall,10,0.0,0.0,0.0,0.0
4,SYNFlood,282427,hybrid,f1,10,0.0,0.0,0.0,0.0
4,SYNFlood,282427,hybrid,balanced_accuracy,10,0.5,0.0,0.5,0.5
4,SYNFlood,282427,hybrid,mcc,0,not estimable,not estimable,not estimable,not estimable
4,SYNFlood,282427,hybrid,roc_auc,10,0.5,0.0,0.5,0.5
4,SYNFlood,282427,hybrid,pr_auc_benign,10,0.0679867489635942,0.00120076155245735,0.06712777589459856,0.06884572203258985
4,SYNFlood,282427,hybrid,pr_auc_ddos,10,0.9695490196582565,0.0017625519259477417,0.9682881659658666,0.9708098733506463
4,SYNFlood,282427,mlp,accuracy,10,0.059529411764705886,0.0008225951750354135,0.05894096262541162,0.060117860904000155
4,SYNFlood,282427,mlp,precision,5,1.0,0.0,1.0,1.0
4,SYNFlood,282427,mlp,recall,10,0.00075,0.0008740073734751264,0.0001247727894998381,0.001375227210500162
4,SYNFlood,282427,mlp,f1,10,0.001497504677756296,0.001744447750430572,0.0002496019323499621,0.00274540742316263
4,SYNFlood,282427,mlp,balanced_accuracy,10,0.500375,0.0004370036867375538,0.50006238639475,0.50068761360525
4,SYNFlood,282427,mlp,mcc,5,0.009292196886438963,0.001592570318575605,0.007314759657255731,0.011269634115622195
4,SYNFlood,282427,mlp,roc_auc,10,1.0,0.0,1.0,1.0
4,SYNFlood,282427,mlp,pr_auc_benign,10,1.0,0.0,1.0,1.0
4,SYNFlood,282427,mlp,pr_auc_ddos,10,0.9999999999999998,1.4332917616497527e-16,0.9999999999999997,0.9999999999999999
4,SYNFlood,282427,rf,accuracy,10,0.058823529411764705,0.0,0.058823529411764705,0.058823529411764705
4,SYNFlood,282427,rf,precision,0,not estimable,not estimable,not estimable,not estimable
4,SYNFlood,282427,rf,recall,10,0.0,0.0,0.0,0.0
4,SYNFlood,282427,rf,f1,10,0.0,0.0,0.0,0.0
4,SYNFlood,282427,rf,balanced_accuracy,10,0.5,0.0,0.5,0.5
4,SYNFlood,282427,rf,mcc,0,not estimable,not estimable,not estimable,not estimable
4,SYNFlood,282427,rf,roc_auc,10,0.0,0.0,0.0,0.0
4,SYNFlood,282427,rf,pr_auc_benign,10,0.05558348236042441,0.0012771189932829115,0.0546698864688106,0.056497078252038216
4,SYNFlood,282427,rf,pr_auc_ddos,10,0.9144393815124718,0.00028438986297428526,0.9142359412600001,0.9146428217649436
4,SYNFlood,282427,xgboost,accuracy,10,0.058823529411764705,0.0,0.058823529411764705,0.058823529411764705
4,SYNFlood,282427,xgboost,precision,0,not estimable,not estimable,not estimable,not estimable
4,SYNFlood,282427,xgboost,recall,10,0.0,0.0,0.0,0.0
4,SYNFlood,282427,xgboost,f1,10,0.0,0.0,0.0,0.0
4,SYNFlood,282427,xgboost,balanced_accuracy,10,0.5,0.0,0.5,0.5
4,SYNFlood,282427,xgboost,mcc,0,not estimable,not estimable,not estimable,not estimable
4,SYNFlood,282427,xgboost,roc_auc,10,0.0,0.0,0.0,0.0
4,SYNFlood,282427,xgboost,pr_auc_benign,10,0.05755757406597217,0.001352155352348029,0.05659030039670091,0.058524847735243433
4,SYNFlood,282427,xgboost,pr_auc_ddos,10,0.911545011851976,0.0020921929113011366,0.9100483472042169,0.9130416764997351
4,SYNFlood,307759,hybrid,accuracy,10,0.058823529411764705,0.0,0.058823529411764705,0.058823529411764705
4,SYNFlood,307759,hybrid,precision,0,not estimable,not estimable,not estimable,not estimable
4,SYNFlood,307759,hybrid,recall,10,0.0,0.0,0.0,0.0
4,SYNFlood,307759,hybrid,f1,10,0.0,0.0,0.0,0.0
4,SYNFlood,307759,hybrid,balanced_accuracy,10,0.5,0.0,0.5,0.5
4,SYNFlood,307759,hybrid,mcc,0,not estimable,not estimable,not estimable,not estimable
4,SYNFlood,307759,hybrid,roc_auc,10,0.0,0.0,0.0,0.0
4,SYNFlood,307759,hybrid,pr_auc_benign,10,0.03453090378354099,0.0006012354914751575,0.034100805822588946,0.034961001744493035
4,SYNFlood,307759,hybrid,pr_auc_ddos,10,0.8946505431345676,0.001839494723564799,0.8933346478805364,0.8959664383885988
4,SYNFlood,307759,mlp,accuracy,10,0.058823529411764705,0.0,0.058823529411764705,0.058823529411764705
4,SYNFlood,307759,mlp,precision,0,not estimable,not estimable,not estimable,not estimable
4,SYNFlood,307759,mlp,recall,10,0.0,0.0,0.0,0.0
4,SYNFlood,307759,mlp,f1,10,0.0,0.0,0.0,0.0
4,SYNFlood,307759,mlp,balanced_accuracy,10,0.5,0.0,0.5,0.5
4,SYNFlood,307759,mlp,mcc,0,not estimable,not estimable,not estimable,not estimable
4,SYNFlood,307759,mlp,roc_auc,10,0.5,0.0,0.5,0.5
4,SYNFlood,307759,mlp,pr_auc_benign,10,0.06634173554399347,0.001178843154967505,0.06549844195201039,0.06718502913597656
4,SYNFlood,307759,mlp,pr_auc_ddos,10,0.9695490196582565,0.0017625519259477475,0.9682881659658666,0.9708098733506463
4,SYNFlood,307759,rf,accuracy,10,0.058823529411764705,0.0,0.058823529411764705,0.058823529411764705
4,SYNFlood,307759,rf,precision,0,not estimable,not estimable,not estimable,not estimable
4,SYNFlood,307759,rf,recall,10,0.0,0.0,0.0,0.0
4,SYNFlood,307759,rf,f1,10,0.0,0.0,0.0,0.0
4,SYNFlood,307759,rf,balanced_accuracy,10,0.5,0.0,0.5,0.5
4,SYNFlood,307759,rf,mcc,0,not estimable,not estimable,not estimable,not estimable
4,SYNFlood,307759,rf,roc_auc,10,0.0,0.0,0.0,0.0
4,SYNFlood,307759,rf,pr_auc_benign,10,0.047127431639628174,0.001326369741916077,0.046178603884854535,0.04807625939440181
4,SYNFlood,307759,rf,pr_auc_ddos,10,0.8957719373625093,0.0022532954097047525,0.8941600269299451,0.8973838477950734
4,SYNFlood,307759,xgboost,accuracy,10,0.058823529411764705,0.0,0.058823529411764705,0.058823529411764705
4,SYNFlood,307759,xgboost,precision,0,not estimable,not estimable,not estimable,not estimable
4,SYNFlood,307759,xgboost,recall,10,0.0,0.0,0.0,0.0
4,SYNFlood,307759,xgboost,f1,10,0.0,0.0,0.0,0.0
4,SYNFlood,307759,xgboost,balanced_accuracy,10,0.5,0.0,0.5,0.5
4,SYNFlood,307759,xgboost,mcc,0,not estimable,not estimable,not estimable,not estimable
4,SYNFlood,307759,xgboost,roc_auc,10,0.0,0.0,0.0,0.0
4,SYNFlood,307759,xgboost,pr_auc_benign,10,0.047127431639628174,0.001326369741916077,0.046178603884854535,0.04807625939440181
4,SYNFlood,307759,xgboost,pr_auc_ddos,10,0.9145390597544404,0.0002664819652613511,0.9143484300402693,0.9147296894686114
4,SYNFlood,333019,hybrid,accuracy,10,0.058823529411764705,0.0,0.058823529411764705,0.058823529411764705
4,SYNFlood,333019,hybrid,precision,0,not estimable,not estimable,not estimable,not estimable
4,SYNFlood,333019,hybrid,recall,10,0.0,0.0,0.0,0.0
4,SYNFlood,333019,hybrid,f1,10,0.0,0.0,0.0,0.0
4,SYNFlood,333019,hybrid,balanced_accuracy,10,0.5,0.0,0.5,0.5
4,SYNFlood,333019,hybrid,mcc,0,not estimable,not estimable,not estimable,not estimable
4,SYNFlood,333019,hybrid,roc_auc,10,0.0,0.0,0.0,0.0
4,SYNFlood,333019,hybrid,pr_auc_benign,10,0.035209629715268365,0.0007578733625138301,0.034667479771529494,0.035751779659007235
4,SYNFlood,333019,hybrid,pr_auc_ddos,10,0.8835872012874442,0.0013799596728647653,0.8826000376054749,0.8845743649694134
4,SYNFlood,333019,mlp,accuracy,10,0.058823529411764705,0.0,0.058823529411764705,0.058823529411764705
4,SYNFlood,333019,mlp,precision,0,not estimable,not estimable,not estimable,not estimable
4,SYNFlood,333019,mlp,recall,10,0.0,0.0,0.0,0.0
4,SYNFlood,333019,mlp,f1,10,0.0,0.0,0.0,0.0
4,SYNFlood,333019,mlp,balanced_accuracy,10,0.5,0.0,0.5,0.5
4,SYNFlood,333019,mlp,mcc,0,not estimable,not estimable,not estimable,not estimable
4,SYNFlood,333019,mlp,roc_auc,10,0.0,0.0,0.0,0.0
4,SYNFlood,333019,mlp,pr_auc_benign,10,0.035209629715268365,0.0007578733625138301,0.034667479771529494,0.035751779659007235
4,SYNFlood,333019,mlp,pr_auc_ddos,10,0.8979536683512886,0.0016912999312774298,0.8967437852653517,0.8991635514372256
4,SYNFlood,333019,rf,accuracy,10,0.058823529411764705,0.0,0.058823529411764705,0.058823529411764705
4,SYNFlood,333019,rf,precision,0,not estimable,not estimable,not estimable,not estimable
4,SYNFlood,333019,rf,recall,10,0.0,0.0,0.0,0.0
4,SYNFlood,333019,rf,f1,10,0.0,0.0,0.0,0.0
4,SYNFlood,333019,rf,balanced_accuracy,10,0.5,0.0,0.5,0.5
4,SYNFlood,333019,rf,mcc,0,not estimable,not estimable,not estimable,not estimable
4,SYNFlood,333019,rf,roc_auc,10,0.0,0.0,0.0,0.0
4,SYNFlood,333019,rf,pr_auc_benign,10,0.058823529411764705,0.0,0.058823529411764705,0.058823529411764705
4,SYNFlood,333019,rf,pr_auc_ddos,10,0.8847197842444331,0.001598907693024968,0.8835759945841898,0.8858635739046764
4,SYNFlood,333019,xgboost,accuracy,10,0.058823529411764705,0.0,0.058823529411764705,0.058823529411764705
4,SYNFlood,333019,xgboost,precision,0,not estimable,not estimable,not estimable,not estimable
4,SYNFlood,333019,xgboost,recall,10,0.0,0.0,0.0,0.0
4,SYNFlood,333019,xgboost,f1,10,0.0,0.0,0.0,0.0
4,SYNFlood,333019,xgboost,balanced_accuracy,10,0.5,0.0,0.5,0.5
4,SYNFlood,333019,xgboost,mcc,0,not estimable,not estimable,not estimable,not estimable
4,SYNFlood,333019,xgboost,roc_auc,10,0.07026000000000002,0.020462676728348353,0.055621882887369134,0.0848981171126309
4,SYNFlood,333019,xgboost,pr_auc_benign,10,0.05310354721937562,0.0009894657959374652,0.052395726029012504,0.05381136840973874
4,SYNFlood,333019,xgboost,pr_auc_ddos,10,0.921657268843221,0.002054371212226444,0.9201876602090912,0.9231268774773508
4,UDPFlood,104729,hybrid,accuracy,10,0.997296803652968,0.005699488675912158,0.9932196350680519,1.001373972237884
4,UDPFlood,104729,hybrid,precision,10,0.9904761904761905,0.020077953397894494,0.9761132878548946,1.0048390930974864
4,UDPFlood,104729,hybrid,recall,10,1.0,0.0,1.0,1.0
4,UDPFlood,104729,hybrid,f1,10,0.9951219512195122,0.01028382978916547,0.9877653425598241,1.0024785598792003
4,UDPFlood,104729,hybrid,balanced_accuracy,10,0.998147512864494,0.00390622275959845,0.9953531694370864,1.0009418562919015
4,UDPFlood,104729,hybrid,mcc,10,0.9933637183349411,0.01399073690366256,0.9833553480710402,1.003372088598842
4,UDPFlood,104729,hybrid,roc_auc,10,1.0,0.0,1.0,1.0
4,UDPFlood,104729,hybrid,pr_auc_benign,10,1.0,8.275113844157577e-17,0.9999999999999999,1.0
4,UDPFlood,104729,hybrid,pr_auc_ddos,10,1.0,1.3343220141622404e-16,0.9999999999999999,1.0
4,UDPFlood,104729,mlp,accuracy,10,0.9863713850837138,0.019092967716888388,0.9727130987716253,1.0000296713958023
4,UDPFlood,104729,mlp,precision,10,0.956060606060606,0.060795159538602664,0.9125703688340038,0.9995508432872083
4,UDPFlood,104729,mlp,recall,10,1.0,0.0,1.0,1.0
4,UDPFlood,104729,mlp,f1,10,0.9766233766233767,0.03266414734065436,0.953256853245019,0.9999899000017345
4,UDPFlood,104729,mlp,balanced_accuracy,10,0.9906306900646523,0.013081445338768215,0.9812727878012555,0.9999885923280492
4,UDPFlood,104729,mlp,mcc,10,0.9684242786658961,0.04385427592243769,0.9370528195276621,0.9997957378041301
4,UDPFlood,104729,mlp,roc_auc,10,1.0,0.0,1.0,1.0
4,UDPFlood,104729,mlp,pr_auc_benign,10,1.0,8.275113844157577e-17,0.9999999999999999,1.0
4,UDPFlood,104729,mlp,pr_auc_ddos,10,1.0,0.0,1.0,1.0
4,UDPFlood,104729,rf,accuracy,10,0.997296803652968,0.005699488675912158,0.9932196350680519,1.001373972237884
4,UDPFlood,104729,rf,precision,10,0.9904761904761905,0.020077953397894494,0.9761132878548946,1.0048390930974864
4,UDPFlood,104729,rf,recall,10,1.0,0.0,1.0,1.0
4,UDPFlood,104729,rf,f1,10,0.9951219512195122,0.01028382978916547,0.9877653425598241,1.0024785598792003
4,UDPFlood,104729,rf,balanced_accuracy,10,0.998147512864494,0.00390622275959845,0.9953531694370864,1.0009418562919015
4,UDPFlood,104729,rf,mcc,10,0.9933637183349411,0.01399073690366256,0.9833553480710402,1.003372088598842
4,UDPFlood,104729,rf,roc_auc,10,1.0,0.0,1.0,1.0
4,UDPFlood,104729,rf,pr_auc_benign,10,1.0,0.0,1.0,1.0
4,UDPFlood,104729,rf,pr_auc_ddos,10,1.0,8.275113844157577e-17,0.9999999999999999,1.0
4,UDPFlood,104729,xgboost,accuracy,10,1.0,0.0,1.0,1.0
4,UDPFlood,104729,xgboost,precision,10,1.0,0.0,1.0,1.0
4,UDPFlood,104729,xgboost,recall,10,1.0,0.0,1.0,1.0
4,UDPFlood,104729,xgboost,f1,10,1.0,0.0,1.0,1.0
4,UDPFlood,104729,xgboost,balanced_accuracy,10,1.0,0.0,1.0,1.0
4,UDPFlood,104729,xgboost,mcc,10,1.0,0.0,1.0,1.0
4,UDPFlood,104729,xgboost,roc_auc,10,1.0,0.0,1.0,1.0
4,UDPFlood,104729,xgboost,pr_auc_benign,10,1.0,0.0,1.0,1.0
4,UDPFlood,104729,xgboost,pr_auc_ddos,10,1.0,0.0,1.0,1.0
4,UDPFlood,130363,hybrid,accuracy,10,0.9986111111111111,0.0043920523057893995,0.9954692261627026,1.0017529960595195
4,UDPFlood,130363,hybrid,precision,10,0.9952380952380953,0.01505846504842087,0.9844659182721234,1.0060102722040671
4,UDPFlood,130363,hybrid,recall,10,1.0,0.0,1.0,1.0
4,UDPFlood,130363,hybrid,f1,10,0.9975609756097562,0.007712872341874103,0.9920435191149901,1.0030784321045223
4,UDPFlood,130363,hybrid,balanced_accuracy,10,0.9990384615384615,0.0030406515963157387,0.9968633104203326,1.0012136126565905
4,UDPFlood,130363,hybrid,mcc,10,0.9966470865606374,0.010602843265774651,0.9890622694073535,1.0042319037139213
4,UDPFlood,130363,hybrid,roc_auc,10,1.0,3.700743415417188e-17,1.0,1.0
4,UDPFlood,130363,hybrid,pr_auc_benign,10,1.0,1.1102230246251565e-16,0.9999999999999999,1.0
4,UDPFlood,130363,hybrid,pr_auc_ddos,10,1.0,8.275113844157577e-17,0.9999999999999999,1.0
4,UDPFlood,130363,mlp,accuracy,10,0.9972777777777777,0.005740442047187582,0.9931713129158962,1.001384242639659
4,UDPFlood,130363,mlp,precision,10,0.9904761904761905,0.020077953397894494,0.9761132878548946,1.0048390930974864
4,UDPFlood,130363,mlp,recall,10,1.0,0.0,1.0,1.0
4,UDPFlood,130363,mlp,f1,10,0.9951219512195124,0.01028382978916547,0.9877653425598243,1.0024785598792005
4,UDPFlood,130363,mlp,balanced_accuracy,10,0.9981293706293707,0.003945570047229271,0.9953068798480245,1.000951861410717
4,UDPFlood,130363,mlp,mcc,10,0.993345842243683,0.014028724907404361,0.9833102969989607,1.0033813874884054
4,UDPFlood,130363,mlp,roc_auc,10,1.0,0.0,1.0,1.0
4,UDPFlood,130363,mlp,pr_auc_benign,10,1.0,7.401486830834377e-17,1.0,1.0
4,UDPFlood,130363,mlp,pr_auc_ddos,10,1.0,0.0,1.0,1.0
4,UDPFlood,130363,rf,accuracy,10,0.9945745814307457,0.009412244665522308,0.9878414672084125,1.001307695653079
4,UDPFlood,130363,rf,precision,10,0.9813852813852815,0.03220512849282807,0.958347120309695,1.0044234424608678
4,UDPFlood,130363,rf,recall,10,1.0,0.0,1.0,1.0
4,UDPFlood,130363,rf,f1,10,0.9903600464576077,0.016759921268680058,0.9783707210342365,1.0023493718809788
4,UDPFlood,130363,rf,balanced_accuracy,10,0.9962768834938645,0.0064413405481684935,0.9916690260489094,1.0008847409388195
4,UDPFlood,130363,rf,mcc,10,0.9869086868578693,0.02266404497380059,0.9706958057682307,1.0031215679475078
4,UDPFlood,130363,rf,roc_auc,10,1.0,0.0,1.0,1.0
4,UDPFlood,130363,rf,pr_auc_benign,10,1.0,0.0,1.0,1.0
4,UDPFlood,130363,rf,pr_auc_ddos,10,1.0,1.4802973661668753e-16,0.9999999999999999,1.0
4,UDPFlood,130363,xgboost,accuracy,10,1.0,0.0,1.0,1.0
4,UDPFlood,130363,xgboost,precision,10,1.0,0.0,1.0,1.0
4,UDPFlood,130363,xgboost,recall,10,1.0,0.0,1.0,1.0
4,UDPFlood,130363,xgboost,f1,10,1.0,0.0,1.0,1.0
4,UDPFlood,130363,xgboost,balanced_accuracy,10,1.0,0.0,1.0,1.0
4,UDPFlood,130363,xgboost,mcc,10,1.0,0.0,1.0,1.0
4,UDPFlood,130363,xgboost,roc_auc,10,1.0,3.700743415417188e-17,1.0,1.0
4,UDPFlood,130363,xgboost,pr_auc_benign,10,1.0,0.0,1.0,1.0
4,UDPFlood,130363,xgboost,pr_auc_ddos,10,1.0,0.0,1.0,1.0
4,UDPFlood,155921,hybrid,accuracy,10,0.997296803652968,0.005699488675912158,0.9932196350680519,1.001373972237884
4,UDPFlood,155921,hybrid,precision,10,0.9904761904761905,0.020077953397894494,0.9761132878548946,1.0048390930974864
4,UDPFlood,155921,hybrid,recall,10,1.0,0.0,1.0,1.0
4,UDPFlood,155921,hybrid,f1,10,0.9951219512195122,0.01028382978916547,0.9877653425598241,1.0024785598792003
4,UDPFlood,155921,hybrid,balanced_accuracy,10,0.998147512864494,0.00390622275959845,0.9953531694370864,1.0009418562919015
4,UDPFlood,155921,hybrid,mcc,10,0.9933637183349411,0.01399073690366256,0.9833553480710402,1.003372088598842
4,UDPFlood,155921,hybrid,roc_auc,10,1.0,0.0,1.0,1.0
4,UDPFlood,155921,hybrid,pr_auc_benign,10,1.0,1.0467283057891834e-16,0.9999999999999999,1.0
4,UDPFlood,155921,hybrid,pr_auc_ddos,10,1.0,7.401486830834377e-17,1.0,1.0
4,UDPFlood,155921,mlp,accuracy,10,0.7053233311589476,0.01249318111512646,0.6963862477704789,0.7142604145474164
4,UDPFlood,155921,mlp,precision,4,0.0,0.0,0.0,0.0
4,UDPFlood,155921,mlp,recall,10,0.0,0.0,0.0,0.0
4,UDPFlood,155921,mlp,f1,10,0.0,0.0,0.0,0.0
4,UDPFlood,155921,mlp,balanced_accuracy,10,0.4906306900646523,0.013081445338768224,0.4812727878012555,0.49998859232804915
4,UDPFlood,155921,mlp,mcc,4,-0.1139723057113085,0.019456348020637202,-0.1449316971476093,-0.08301291427500768
4,UDPFlood,155921,mlp,roc_auc,10,0.0,0.0,0.0,0.0
4,UDPFlood,155921,mlp,pr_auc_benign,10,0.5311261856295368,0.006664831463838008,0.526358452414632,0.5358939188444417
4,UDPFlood,155921,mlp,pr_auc_ddos,10,0.28104805392476623,0.00674057395986401,0.27622613779225236,0.2858699700572801
4,UDPFlood,155921,rf,accuracy,10,0.997296803652968,0.005699488675912158,0.9932196350680519,1.001373972237884
4,UDPFlood,155921,rf,precision,10,0.9904761904761905,0.020077953397894494,0.9761132878548946,1.0048390930974864
4,UDPFlood,155921,rf,recall,10,1.0,0.0,1.0,1.0
4,UDPFlood,155921,rf,f1,10,0.9951219512195122,0.01028382978916547,0.9877653425598241,1.0024785598792003
4,UDPFlood,155921,rf,balanced_accuracy,10,0.998147512864494,0.00390622275959845,0.9953531694370864,1.0009418562919015
4,UDPFlood,155921,rf,mcc,10,0.9933637183349411,0.01399073690366256,0.9833553480710402,1.003372088598842
4,UDPFlood,155921,rf,roc_auc,10,1.0,0.0,1.0,1.0
4,UDPFlood,155921,rf,pr_auc_benign,10,1.0,0.0,1.0,1.0
4,UDPFlood,155921,rf,pr_auc_ddos,10,1.0,1.2819751242557092e-16,0.9999999999999999,1.0
4,UDPFlood,155921,xgboost,accuracy,10,1.0,0.0,1.0,1.0
4,UDPFlood,155921,xgboost,precision,10,1.0,0.0,1.0,1.0
4,UDPFlood,155921,xgboost,recall,10,1.0,0.0,1.0,1.0
4,UDPFlood,155921,xgboost,f1,10,1.0,0.0,1.0,1.0
4,UDPFlood,155921,xgboost,balanced_accuracy,10,1.0,0.0,1.0,1.0
4,UDPFlood,155921,xgboost,mcc,10,1.0,0.0,1.0,1.0
4,UDPFlood,155921,xgboost,roc_auc,10,1.0,0.0,1.0,1.0
4,UDPFlood,155921,xgboost,pr_auc_benign,10,1.0,0.0,1.0,1.0
4,UDPFlood,155921,xgboost,pr_auc_ddos,10,1.0,0.0,1.0,1.0
4,UDPFlood,181081,hybrid,accuracy,10,0.997296803652968,0.005699488675912158,0.9932196350680519,1.001373972237884
4,UDPFlood,181081,hybrid,precision,10,0.9904761904761905,0.020077953397894494,0.9761132878548946,1.0048390930974864
4,UDPFlood,181081,hybrid,recall,10,1.0,0.0,1.0,1.0
4,UDPFlood,181081,hybrid,f1,10,0.9951219512195122,0.01028382978916547,0.9877653425598241,1.0024785598792003
4,UDPFlood,181081,hybrid,balanced_accuracy,10,0.998147512864494,0.00390622275959845,0.9953531694370864,1.0009418562919015
4,UDPFlood,181081,hybrid,mcc,10,0.9933637183349411,0.01399073690366256,0.9833553480710402,1.003372088598842
4,UDPFlood,181081,hybrid,roc_auc,10,1.0,0.0,1.0,1.0
4,UDPFlood,181081,hybrid,pr_auc_benign,10,1.0,8.275113844157577e-17,0.9999999999999999,1.0
4,UDPFlood,181081,hybrid,pr_auc_ddos,10,1.0,3.700743415417188e-17,1.0,1.0
4,UDPFlood,181081,mlp,accuracy,10,0.7053233311589476,0.01249318111512646,0.6963862477704789,0.7142604145474164
4,UDPFlood,181081,mlp,precision,4,0.0,0.0,0.0,0.0
4,UDPFlood,181081,mlp,recall,10,0.0,0.0,0.0,0.0
4,UDPFlood,181081,mlp,f1,10,0.0,0.0,0.0,0.0
4,UDPFlood,181081,mlp,balanced_accuracy,10,0.4906306900646523,0.013081445338768224,0.4812727878012555,0.49998859232804915
4,UDPFlood,181081,mlp,mcc,4,-0.1139723057113085,0.019456348020637202,-0.1449316971476093,-0.08301291427500768
4,UDPFlood,181081,mlp,roc_auc,10,0.0,0.0,0.0,0.0
4,UDPFlood,181081,mlp,pr_auc_benign,10,0.5301686034135035,0.0068127452469788075,0.525295059052338,0.535042147774669
4,UDPFlood,181081,mlp,pr_auc_ddos,10,0.28104805392476623,0.00674057395986401,0.27622613779225236,0.2858699700572801
4,UDPFlood,181081,rf,accuracy,10,0.997296803652968,0.005699488675912158,0.9932196350680519,1.001373972237884
4,UDPFlood,181081,rf,precision,10,0.9904761904761905,0.020077953397894494,0.9761132878548946,1.0048390930974864
4,UDPFlood,181081,rf,recall,10,1.0,0.0,1.0,1.0
4,UDPFlood,181081,rf,f1,10,0.9951219512195122,0.01028382978916547,0.9877653425598241,1.0024785598792003
4,UDPFlood,181081,rf,balanced_accuracy,10,0.998147512864494,0.00390622275959845,0.9953531694370864,1.0009418562919015
4,UDPFlood,181081,rf,mcc,10,0.9933637183349411,0.01399073690366256,0.9833553480710402,1.003372088598842
4,UDPFlood,181081,rf,roc_auc,10,1.0,0.0,1.0,1.0
4,UDPFlood,181081,rf,pr_auc_benign,10,1.0,0.0,1.0,1.0
4,UDPFlood,181081,rf,pr_auc_ddos,10,1.0,1.1102230246251565e-16,0.9999999999999999,1.0
4,UDPFlood,181081,xgboost,accuracy,10,1.0,0.0,1.0,1.0
4,UDPFlood,181081,xgboost,precision,10,1.0,0.0,1.0,1.0
4,UDPFlood,181081,xgboost,recall,10,1.0,0.0,1.0,1.0
4,UDPFlood,181081,xgboost,f1,10,1.0,0.0,1.0,1.0
4,UDPFlood,181081,xgboost,balanced_accuracy,10,1.0,0.0,1.0,1.0
4,UDPFlood,181081,xgboost,mcc,10,1.0,0.0,1.0,1.0
4,UDPFlood,181081,xgboost,roc_auc,10,1.0,0.0,1.0,1.0
4,UDPFlood,181081,xgboost,pr_auc_benign,10,1.0,0.0,1.0,1.0
4,UDPFlood,181081,xgboost,pr_auc_ddos,10,1.0,0.0,1.0,1.0
4,UDPFlood,206369,hybrid,accuracy,10,0.997296803652968,0.005699488675912158,0.9932196350680519,1.001373972237884
4,UDPFlood,206369,hybrid,precision,10,0.9904761904761905,0.020077953397894494,0.9761132878548946,1.0048390930974864
4,UDPFlood,206369,hybrid,recall,10,1.0,0.0,1.0,1.0
4,UDPFlood,206369,hybrid,f1,10,0.9951219512195122,0.01028382978916547,0.9877653425598241,1.0024785598792003
4,UDPFlood,206369,hybrid,balanced_accuracy,10,0.998147512864494,0.00390622275959845,0.9953531694370864,1.0009418562919015
4,UDPFlood,206369,hybrid,mcc,10,0.9933637183349411,0.01399073690366256,0.9833553480710402,1.003372088598842
4,UDPFlood,206369,hybrid,roc_auc,10,1.0,0.0,1.0,1.0
4,UDPFlood,206369,hybrid,pr_auc_benign,10,1.0,1.0467283057891834e-16,0.9999999999999999,1.0
4,UDPFlood,206369,hybrid,pr_auc_ddos,10,1.0,7.401486830834377e-17,1.0,1.0
4,UDPFlood,206369,mlp,accuracy,10,0.9863713850837138,0.019092967716888388,0.9727130987716253,1.0000296713958023
4,UDPFlood,206369,mlp,precision,10,0.956060606060606,0.060795159538602664,0.9125703688340038,0.9995508432872083
4,UDPFlood,206369,mlp,recall,10,1.0,0.0,1.0,1.0
4,UDPFlood,206369,mlp,f1,10,0.9766233766233767,0.03266414734065436,0.953256853245019,0.9999899000017345
4,UDPFlood,206369,mlp,balanced_accuracy,10,0.9906306900646523,0.013081445338768215,0.9812727878012555,0.9999885923280492
4,UDPFlood,206369,mlp,mcc,10,0.9684242786658961,0.04385427592243769,0.9370528195276621,0.9997957378041301
4,UDPFlood,206369,mlp,roc_auc,10,1.0,3.700743415417188e-17,1.0,1.0
4,UDPFlood,206369,mlp,pr_auc_benign,10,1.0,1.1102230246251565e-16,0.9999999999999999,1.0
4,UDPFlood,206369,mlp,pr_auc_ddos,10,1.0,0.0,1.0,1.0
4,UDPFlood,206369,rf,accuracy,10,0.997296803652968,0.005699488675912158,0.9932196350680519,1.001373972237884
4,UDPFlood,206369,rf,precision,10,0.9904761904761905,0.020077953397894494,0.9761132878548946,1.0048390930974864
4,UDPFlood,206369,rf,recall,10,1.0,0.0,1.0,1.0
4,UDPFlood,206369,rf,f1,10,0.9951219512195122,0.01028382978916547,0.9877653425598241,1.0024785598792003
4,UDPFlood,206369,rf,balanced_accuracy,10,0.998147512864494,0.00390622275959845,0.9953531694370864,1.0009418562919015
4,UDPFlood,206369,rf,mcc,10,0.9933637183349411,0.01399073690366256,0.9833553480710402,1.003372088598842
4,UDPFlood,206369,rf,roc_auc,10,1.0,0.0,1.0,1.0
4,UDPFlood,206369,rf,pr_auc_benign,10,1.0,0.0,1.0,1.0
4,UDPFlood,206369,rf,pr_auc_ddos,10,1.0,1.4802973661668753e-16,0.9999999999999999,1.0
4,UDPFlood,206369,xgboost,accuracy,10,1.0,0.0,1.0,1.0
4,UDPFlood,206369,xgboost,precision,10,1.0,0.0,1.0,1.0
4,UDPFlood,206369,xgboost,recall,10,1.0,0.0,1.0,1.0
4,UDPFlood,206369,xgboost,f1,10,1.0,0.0,1.0,1.0
4,UDPFlood,206369,xgboost,balanced_accuracy,10,1.0,0.0,1.0,1.0
4,UDPFlood,206369,xgboost,mcc,10,1.0,0.0,1.0,1.0
4,UDPFlood,206369,xgboost,roc_auc,10,1.0,0.0,1.0,1.0
4,UDPFlood,206369,xgboost,pr_auc_benign,10,1.0,0.0,1.0,1.0
4,UDPFlood,206369,xgboost,pr_auc_ddos,10,1.0,0.0,1.0,1.0
4,UDPFlood,231701,hybrid,accuracy,10,0.997296803652968,0.005699488675912158,0.9932196350680519,1.001373972237884
4,UDPFlood,231701,hybrid,precision,10,0.9904761904761905,0.020077953397894494,0.9761132878548946,1.0048390930974864
4,UDPFlood,231701,hybrid,recall,10,1.0,0.0,1.0,1.0
4,UDPFlood,231701,hybrid,f1,10,0.9951219512195122,0.01028382978916547,0.9877653425598241,1.0024785598792003
4,UDPFlood,231701,hybrid,balanced_accuracy,10,0.998147512864494,0.00390622275959845,0.9953531694370864,1.0009418562919015
4,UDPFlood,231701,hybrid,mcc,10,0.9933637183349411,0.01399073690366256,0.9833553480710402,1.003372088598842
4,UDPFlood,231701,hybrid,roc_auc,10,1.0,0.0,1.0,1.0
4,UDPFlood,231701,hybrid,pr_auc_benign,10,1.0,7.401486830834377e-17,1.0,1.0
4,UDPFlood,231701,hybrid,pr_auc_ddos,10,1.0,1.3343220141622404e-16,0.9999999999999999,1.0
4,UDPFlood,231701,mlp,accuracy,10,0.7053233311589476,0.01249318111512646,0.6963862477704789,0.7142604145474164
4,UDPFlood,231701,mlp,precision,4,0.0,0.0,0.0,0.0
4,UDPFlood,231701,mlp,recall,10,0.0,0.0,0.0,0.0
4,UDPFlood,231701,mlp,f1,10,0.0,0.0,0.0,0.0
4,UDPFlood,231701,mlp,balanced_accuracy,10,0.4906306900646523,0.013081445338768224,0.4812727878012555,0.49998859232804915
4,UDPFlood,231701,mlp,mcc,4,-0.1139723057113085,0.019456348020637202,-0.1449316971476093,-0.08301291427500768
4,UDPFlood,231701,mlp,roc_auc,10,0.0,0.0,0.0,0.0
4,UDPFlood,231701,mlp,pr_auc_benign,10,0.5314949354568023,0.0068961258082683875,0.526561744235293,0.5364281266783115
4,UDPFlood,231701,mlp,pr_auc_ddos,10,0.28104805392476623,0.00674057395986401,0.27622613779225236,0.2858699700572801
4,UDPFlood,231701,rf,accuracy,10,0.997296803652968,0.005699488675912158,0.9932196350680519,1.001373972237884
4,UDPFlood,231701,rf,precision,10,0.9904761904761905,0.020077953397894494,0.9761132878548946,1.0048390930974864
4,UDPFlood,231701,rf,recall,10,1.0,0.0,1.0,1.0
4,UDPFlood,231701,rf,f1,10,0.9951219512195122,0.01028382978916547,0.9877653425598241,1.0024785598792003
4,UDPFlood,231701,rf,balanced_accuracy,10,0.998147512864494,0.00390622275959845,0.9953531694370864,1.0009418562919015
4,UDPFlood,231701,rf,mcc,10,0.9933637183349411,0.01399073690366256,0.9833553480710402,1.003372088598842
4,UDPFlood,231701,rf,roc_auc,10,1.0,0.0,1.0,1.0
4,UDPFlood,231701,rf,pr_auc_benign,10,1.0,0.0,1.0,1.0
4,UDPFlood,231701,rf,pr_auc_ddos,10,1.0,1.0467283057891834e-16,0.9999999999999999,1.0
4,UDPFlood,231701,xgboost,accuracy,10,1.0,0.0,1.0,1.0
4,UDPFlood,231701,xgboost,precision,10,1.0,0.0,1.0,1.0
4,UDPFlood,231701,xgboost,recall,10,1.0,0.0,1.0,1.0
4,UDPFlood,231701,xgboost,f1,10,1.0,0.0,1.0,1.0
4,UDPFlood,231701,xgboost,balanced_accuracy,10,1.0,0.0,1.0,1.0
4,UDPFlood,231701,xgboost,mcc,10,1.0,0.0,1.0,1.0
4,UDPFlood,231701,xgboost,roc_auc,10,1.0,0.0,1.0,1.0
4,UDPFlood,231701,xgboost,pr_auc_benign,10,1.0,0.0,1.0,1.0
4,UDPFlood,231701,xgboost,pr_auc_ddos,10,1.0,0.0,1.0,1.0
4,UDPFlood,257053,hybrid,accuracy,10,0.997296803652968,0.005699488675912158,0.9932196350680519,1.001373972237884
4,UDPFlood,257053,hybrid,precision,10,0.9904761904761905,0.020077953397894494,0.9761132878548946,1.0048390930974864
4,UDPFlood,257053,hybrid,recall,10,1.0,0.0,1.0,1.0
4,UDPFlood,257053,hybrid,f1,10,0.9951219512195122,0.01028382978916547,0.9877653425598241,1.0024785598792003
4,UDPFlood,257053,hybrid,balanced_accuracy,10,0.998147512864494,0.00390622275959845,0.9953531694370864,1.0009418562919015
4,UDPFlood,257053,hybrid,mcc,10,0.9933637183349411,0.01399073690366256,0.9833553480710402,1.003372088598842
4,UDPFlood,257053,hybrid,roc_auc,10,1.0,0.0,1.0,1.0
4,UDPFlood,257053,hybrid,pr_auc_benign,10,1.0,8.275113844157577e-17,0.9999999999999999,1.0
4,UDPFlood,257053,hybrid,pr_auc_ddos,10,1.0,1.2819751242557092e-16,0.9999999999999999,1.0
4,UDPFlood,257053,mlp,accuracy,10,0.703953468145249,0.013972109413070635,0.6939584231853841,0.7139485131051138
4,UDPFlood,257053,mlp,precision,4,0.0,0.0,0.0,0.0
4,UDPFlood,257053,mlp,recall,10,0.0,0.0,0.0,0.0
4,UDPFlood,257053,mlp,f1,10,0.0,0.0,0.0,0.0
4,UDPFlood,257053,mlp,balanced_accuracy,10,0.4896872938382373,0.014139922725803295,0.4795722024661924,0.49980238521028214
4,UDPFlood,257053,mlp,mcc,4,-0.11998984793926887,0.018680024807569934,-0.14971393590500354,-0.09026575997353421
4,UDPFlood,257053,mlp,roc_auc,10,0.0,0.0,0.0,0.0
4,UDPFlood,257053,mlp,pr_auc_benign,10,0.5329203448367663,0.008069809253131539,0.5271475510575301,0.5386931386160025
4,UDPFlood,257053,mlp,pr_auc_ddos,10,0.27975350465851884,0.008461782776122313,0.27370030991264654,0.28580669940439113
4,UDPFlood,257053,rf,accuracy,10,0.997296803652968,0.005699488675912158,0.9932196350680519,1.001373972237884
4,UDPFlood,257053,rf,precision,10,0.9904761904761905,0.020077953397894494,0.9761132878548946,1.0048390930974864
4,UDPFlood,257053,rf,recall,10,1.0,0.0,1.0,1.0
4,UDPFlood,257053,rf,f1,10,0.9951219512195122,0.01028382978916547,0.9877653425598241,1.0024785598792003
4,UDPFlood,257053,rf,balanced_accuracy,10,0.998147512864494,0.00390622275959845,0.9953531694370864,1.0009418562919015
4,UDPFlood,257053,rf,mcc,10,0.9933637183349411,0.01399073690366256,0.9833553480710402,1.003372088598842
4,UDPFlood,257053,rf,roc_auc,10,1.0,0.0,1.0,1.0
4,UDPFlood,257053,rf,pr_auc_benign,10,1.0,0.0,1.0,1.0
4,UDPFlood,257053,rf,pr_auc_ddos,10,1.0,1.4802973661668753e-16,0.9999999999999999,1.0
4,UDPFlood,257053,xgboost,accuracy,10,1.0,0.0,1.0,1.0
4,UDPFlood,257053,xgboost,precision,10,1.0,0.0,1.0,1.0
4,UDPFlood,257053,xgboost,recall,10,1.0,0.0,1.0,1.0
4,UDPFlood,257053,xgboost,f1,10,1.0,0.0,1.0,1.0
4,UDPFlood,257053,xgboost,balanced_accuracy,10,1.0,0.0,1.0,1.0
4,UDPFlood,257053,xgboost,mcc,10,1.0,0.0,1.0,1.0
4,UDPFlood,257053,xgboost,roc_auc,10,1.0,0.0,1.0,1.0
4,UDPFlood,257053,xgboost,pr_auc_benign,10,1.0,0.0,1.0,1.0
4,UDPFlood,257053,xgboost,pr_auc_ddos,10,1.0,0.0,1.0,1.0
4,UDPFlood,282427,hybrid,accuracy,10,0.997296803652968,0.005699488675912158,0.9932196350680519,1.001373972237884
4,UDPFlood,282427,hybrid,precision,10,0.9904761904761905,0.020077953397894494,0.9761132878548946,1.0048390930974864
4,UDPFlood,282427,hybrid,recall,10,1.0,0.0,1.0,1.0
4,UDPFlood,282427,hybrid,f1,10,0.9951219512195122,0.01028382978916547,0.9877653425598241,1.0024785598792003
4,UDPFlood,282427,hybrid,balanced_accuracy,10,0.998147512864494,0.00390622275959845,0.9953531694370864,1.0009418562919015
4,UDPFlood,282427,hybrid,mcc,10,0.9933637183349411,0.01399073690366256,0.9833553480710402,1.003372088598842
4,UDPFlood,282427,hybrid,roc_auc,10,1.0,0.0,1.0,1.0
4,UDPFlood,282427,hybrid,pr_auc_benign,10,1.0,1.1102230246251565e-16,0.9999999999999999,1.0
4,UDPFlood,282427,hybrid,pr_auc_ddos,10,1.0,1.0467283057891834e-16,0.9999999999999999,1.0
4,UDPFlood,282427,mlp,accuracy,10,0.7053233311589476,0.01249318111512646,0.6963862477704789,0.7142604145474164
4,UDPFlood,282427,mlp,precision,4,0.0,0.0,0.0,0.0
4,UDPFlood,282427,mlp,recall,10,0.0,0.0,0.0,0.0
4,UDPFlood,282427,mlp,f1,10,0.0,0.0,0.0,0.0
4,UDPFlood,282427,mlp,balanced_accuracy,10,0.4906306900646523,0.013081445338768224,0.4812727878012555,0.49998859232804915
4,UDPFlood,282427,mlp,mcc,4,-0.1139723057113085,0.019456348020637202,-0.1449316971476093,-0.08301291427500768
4,UDPFlood,282427,mlp,roc_auc,10,0.0,0.0,0.0,0.0
4,UDPFlood,282427,mlp,pr_auc_benign,10,0.5300762010248856,0.006820437645783812,0.5251971538531113,0.53495524819666
4,UDPFlood,282427,mlp,pr_auc_ddos,10,0.28104805392476623,0.00674057395986401,0.27622613779225236,0.2858699700572801
4,UDPFlood,282427,rf,accuracy,10,0.997296803652968,0.005699488675912158,0.9932196350680519,1.001373972237884
4,UDPFlood,282427,rf,precision,10,0.9904761904761905,0.020077953397894494,0.9761132878548946,1.0048390930974864
4,UDPFlood,282427,rf,recall,10,1.0,0.0,1.0,1.0
4,UDPFlood,282427,rf,f1,10,0.9951219512195122,0.01028382978916547,0.9877653425598241,1.0024785598792003
4,UDPFlood,282427,rf,balanced_accuracy,10,0.998147512864494,0.00390622275959845,0.9953531694370864,1.0009418562919015
4,UDPFlood,282427,rf,mcc,10,0.9933637183349411,0.01399073690366256,0.9833553480710402,1.003372088598842
4,UDPFlood,282427,rf,roc_auc,10,1.0,0.0,1.0,1.0
4,UDPFlood,282427,rf,pr_auc_benign,10,1.0,0.0,1.0,1.0
4,UDPFlood,282427,rf,pr_auc_ddos,10,1.0,8.275113844157577e-17,0.9999999999999999,1.0
4,UDPFlood,282427,xgboost,accuracy,10,1.0,0.0,1.0,1.0
4,UDPFlood,282427,xgboost,precision,10,1.0,0.0,1.0,1.0
4,UDPFlood,282427,xgboost,recall,10,1.0,0.0,1.0,1.0
4,UDPFlood,282427,xgboost,f1,10,1.0,0.0,1.0,1.0
4,UDPFlood,282427,xgboost,balanced_accuracy,10,1.0,0.0,1.0,1.0
4,UDPFlood,282427,xgboost,mcc,10,1.0,0.0,1.0,1.0
4,UDPFlood,282427,xgboost,roc_auc,10,1.0,0.0,1.0,1.0
4,UDPFlood,282427,xgboost,pr_auc_benign,10,1.0,0.0,1.0,1.0
4,UDPFlood,282427,xgboost,pr_auc_ddos,10,1.0,0.0,1.0,1.0
4,UDPFlood,307759,hybrid,accuracy,10,0.9945745814307457,0.009412244665522308,0.9878414672084125,1.001307695653079
4,UDPFlood,307759,hybrid,precision,10,0.9813852813852815,0.03220512849282807,0.958347120309695,1.0044234424608678
4,UDPFlood,307759,hybrid,recall,10,1.0,0.0,1.0,1.0
4,UDPFlood,307759,hybrid,f1,10,0.9903600464576077,0.016759921268680058,0.9783707210342365,1.0023493718809788
4,UDPFlood,307759,hybrid,balanced_accuracy,10,0.9962768834938645,0.0064413405481684935,0.9916690260489094,1.0008847409388195
4,UDPFlood,307759,hybrid,mcc,10,0.9869086868578693,0.02266404497380059,0.9706958057682307,1.0031215679475078
4,UDPFlood,307759,hybrid,roc_auc,10,1.0,0.0,1.0,1.0
4,UDPFlood,307759,hybrid,pr_auc_benign,10,1.0,7.401486830834377e-17,1.0,1.0
4,UDPFlood,307759,hybrid,pr_auc_ddos,10,1.0,0.0,1.0,1.0
4,UDPFlood,307759,mlp,accuracy,10,0.9836681887366818,0.02359200885952406,0.9667914822728831,1.0005448952004805
4,UDPFlood,307759,mlp,precision,10,0.9487747035573122,0.07249662687754668,0.8969137408595993,1.000635666255025
4,UDPFlood,307759,mlp,recall,10,1.0,0.0,1.0,1.0
4,UDPFlood,307759,mlp,f1,10,0.9723883351790328,0.03961520752681696,0.944049322892563,1.0007273474655025
4,UDPFlood,307759,mlp,balanced_accuracy,10,0.9887782029291465,0.016150232794717608,0.977225022366126,1.0003313834921672
4,UDPFlood,307759,mlp,mcc,10,0.9628425582263345,0.05292667980321739,0.9249810923180694,1.0007040241345997
4,UDPFlood,307759,mlp,roc_auc,10,1.0,0.0,1.0,1.0
4,UDPFlood,307759,mlp,pr_auc_benign,10,1.0,0.0,1.0,1.0
4,UDPFlood,307759,mlp,pr_auc_ddos,10,1.0,0.0,1.0,1.0
4,UDPFlood,307759,rf,accuracy,10,0.9945745814307457,0.009412244665522308,0.9878414672084125,1.001307695653079
4,UDPFlood,307759,rf,precision,10,0.9813852813852815,0.03220512849282807,0.958347120309695,1.0044234424608678
4,UDPFlood,307759,rf,recall,10,1.0,0.0,1.0,1.0
4,UDPFlood,307759,rf,f1,10,0.9903600464576077,0.016759921268680058,0.9783707210342365,1.0023493718809788
4,UDPFlood,307759,rf,balanced_accuracy,10,0.9962768834938645,0.0064413405481684935,0.9916690260489094,1.0008847409388195
4,UDPFlood,307759,rf,mcc,10,0.9869086868578693,0.02266404497380059,0.9706958057682307,1.0031215679475078
4,UDPFlood,307759,rf,roc_auc,10,1.0,0.0,1.0,1.0
4,UDPFlood,307759,rf,pr_auc_benign,10,1.0,0.0,1.0,1.0
4,UDPFlood,307759,rf,pr_auc_ddos,10,1.0,1.2819751242557092e-16,0.9999999999999999,1.0
4,UDPFlood,307759,xgboost,accuracy,10,1.0,0.0,1.0,1.0
4,UDPFlood,307759,xgboost,precision,10,1.0,0.0,1.0,1.0
4,UDPFlood,307759,xgboost,recall,10,1.0,0.0,1.0,1.0
4,UDPFlood,307759,xgboost,f1,10,1.0,0.0,1.0,1.0
4,UDPFlood,307759,xgboost,balanced_accuracy,10,1.0,0.0,1.0,1.0
4,UDPFlood,307759,xgboost,mcc,10,1.0,0.0,1.0,1.0
4,UDPFlood,307759,xgboost,roc_auc,10,1.0,3.700743415417188e-17,1.0,1.0
4,UDPFlood,307759,xgboost,pr_auc_benign,10,1.0,0.0,1.0,1.0
4,UDPFlood,307759,xgboost,pr_auc_ddos,10,1.0,0.0,1.0,1.0
4,UDPFlood,333019,hybrid,accuracy,10,1.0,0.0,1.0,1.0
4,UDPFlood,333019,hybrid,precision,10,1.0,0.0,1.0,1.0
4,UDPFlood,333019,hybrid,recall,10,1.0,0.0,1.0,1.0
4,UDPFlood,333019,hybrid,f1,10,1.0,0.0,1.0,1.0
4,UDPFlood,333019,hybrid,balanced_accuracy,10,1.0,0.0,1.0,1.0
4,UDPFlood,333019,hybrid,mcc,10,1.0,0.0,1.0,1.0
4,UDPFlood,333019,hybrid,roc_auc,10,1.0,3.700743415417188e-17,1.0,1.0
4,UDPFlood,333019,hybrid,pr_auc_benign,10,1.0,8.275113844157577e-17,0.9999999999999999,1.0
4,UDPFlood,333019,hybrid,pr_auc_ddos,10,1.0,1.0467283057891834e-16,0.9999999999999999,1.0
4,UDPFlood,333019,mlp,accuracy,10,0.9986666666666666,0.004216370213557832,0.9956504571161945,1.0016828762171388
4,UDPFlood,333019,mlp,precision,10,0.9952380952380953,0.015058465048420872,0.9844659182721234,1.0060102722040671
4,UDPFlood,333019,mlp,recall,10,1.0,0.0,1.0,1.0
4,UDPFlood,333019,mlp,f1,10,0.9975609756097562,0.007712872341874104,0.9920435191149901,1.0030784321045223
4,UDPFlood,333019,mlp,balanced_accuracy,10,0.9990909090909093,0.0028747978728803285,0.9970344025792237,1.0011474156025948
4,UDPFlood,333019,mlp,mcc,10,0.9966987556830457,0.010439451154262612,0.9892308222051159,1.0041666891609753
4,UDPFlood,333019,mlp,roc_auc,10,1.0,0.0,1.0,1.0
4,UDPFlood,333019,mlp,pr_auc_benign,10,1.0,0.0,1.0,1.0
4,UDPFlood,333019,mlp,pr_auc_ddos,10,1.0,0.0,1.0,1.0
4,UDPFlood,333019,rf,accuracy,10,0.9959079147640791,0.006590227311837614,0.9911935501445232,1.0006222793836352
4,UDPFlood,333019,rf,precision,10,0.9857142857142858,0.023002185311411835,0.9692595135989438,1.0021690578296278
4,UDPFlood,333019,rf,recall,10,1.0,0.0,1.0,1.0
4,UDPFlood,333019,rf,f1,10,0.9926829268292682,0.011781607110723132,0.9842548728189711,1.0011109808395653
4,UDPFlood,333019,rf,balanced_accuracy,10,0.9971859744029554,0.004532751099794043,0.9939434396005915,1.0004285092053193
4,UDPFlood,333019,rf,mcc,10,0.9900108048955785,0.016084607825811365,0.9785045696072702,1.0015170401838867
4,UDPFlood,333019,rf,roc_auc,10,1.0,0.0,1.0,1.0
4,UDPFlood,333019,rf,pr_auc_benign,10,1.0,0.0,1.0,1.0
4,UDPFlood,333019,rf,pr_auc_ddos,10,1.0,1.2819751242557092e-16,0.9999999999999999,1.0
4,UDPFlood,333019,xgboost,accuracy,10,1.0,0.0,1.0,1.0
4,UDPFlood,333019,xgboost,precision,10,1.0,0.0,1.0,1.0
4,UDPFlood,333019,xgboost,recall,10,1.0,0.0,1.0,1.0
4,UDPFlood,333019,xgboost,f1,10,1.0,0.0,1.0,1.0
4,UDPFlood,333019,xgboost,balanced_accuracy,10,1.0,0.0,1.0,1.0
4,UDPFlood,333019,xgboost,mcc,10,1.0,0.0,1.0,1.0
4,UDPFlood,333019,xgboost,roc_auc,10,1.0,0.0,1.0,1.0
4,UDPFlood,333019,xgboost,pr_auc_benign,10,1.0,5.233641528945917e-17,1.0,1.0
4,UDPFlood,333019,xgboost,pr_auc_ddos,10,1.0,0.0,1.0,1.0
6,DNSAmplification,104729,hybrid,accuracy,10,1.0,0.0,1.0,1.0
6,DNSAmplification,104729,hybrid,precision,10,1.0,0.0,1.0,1.0
6,DNSAmplification,104729,hybrid,recall,10,1.0,0.0,1.0,1.0
6,DNSAmplification,104729,hybrid,f1,10,1.0,0.0,1.0,1.0
6,DNSAmplification,104729,hybrid,balanced_accuracy,10,1.0,0.0,1.0,1.0
6,DNSAmplification,104729,hybrid,mcc,10,1.0,0.0,1.0,1.0
6,DNSAmplification,104729,hybrid,roc_auc,10,1.0,0.0,1.0,1.0
6,DNSAmplification,104729,hybrid,pr_auc_benign,10,1.0,0.0,1.0,1.0
6,DNSAmplification,104729,hybrid,pr_auc_ddos,10,1.0,3.700743415417188e-17,1.0,1.0
6,DNSAmplification,104729,mlp,accuracy,10,0.8333333333333334,0.0,0.8333333333333334,0.8333333333333334
6,DNSAmplification,104729,mlp,precision,0,not estimable,not estimable,not estimable,not estimable
6,DNSAmplification,104729,mlp,recall,10,0.0,0.0,0.0,0.0
6,DNSAmplification,104729,mlp,f1,10,0.0,0.0,0.0,0.0
6,DNSAmplification,104729,mlp,balanced_accuracy,10,0.5,0.0,0.5,0.5
6,DNSAmplification,104729,mlp,mcc,0,not estimable,not estimable,not estimable,not estimable
6,DNSAmplification,104729,mlp,roc_auc,10,0.0,0.0,0.0,0.0
6,DNSAmplification,104729,mlp,pr_auc_benign,10,0.6498195682033032,0.0,0.6498195682033032,0.6498195682033032
6,DNSAmplification,104729,mlp,pr_auc_ddos,10,0.16666666666666669,2.925694557147251e-17,0.16666666666666666,0.1666666666666667
6,DNSAmplification,104729,rf,accuracy,10,1.0,0.0,1.0,1.0
6,DNSAmplification,104729,rf,precision,10,1.0,0.0,1.0,1.0
6,DNSAmplification,104729,rf,recall,10,1.0,0.0,1.0,1.0
6,DNSAmplification,104729,rf,f1,10,1.0,0.0,1.0,1.0
6,DNSAmplification,104729,rf,balanced_accuracy,10,1.0,0.0,1.0,1.0
6,DNSAmplification,104729,rf,mcc,10,1.0,0.0,1.0,1.0
6,DNSAmplification,104729,rf,roc_auc,10,1.0,0.0,1.0,1.0
6,DNSAmplification,104729,rf,pr_auc_benign,10,1.0,0.0,1.0,1.0
6,DNSAmplification,104729,rf,pr_auc_ddos,10,1.0,6.409875621278546e-17,1.0,1.0
6,DNSAmplification,104729,xgboost,accuracy,10,1.0,0.0,1.0,1.0
6,DNSAmplification,104729,xgboost,precision,10,1.0,0.0,1.0,1.0
6,DNSAmplification,104729,xgboost,recall,10,1.0,0.0,1.0,1.0
6,DNSAmplification,104729,xgboost,f1,10,1.0,0.0,1.0,1.0
6,DNSAmplification,104729,xgboost,balanced_accuracy,10,1.0,0.0,1.0,1.0
6,DNSAmplification,104729,xgboost,mcc,10,1.0,0.0,1.0,1.0
6,DNSAmplification,104729,xgboost,roc_auc,10,1.0,0.0,1.0,1.0
6,DNSAmplification,104729,xgboost,pr_auc_benign,10,1.0,0.0,1.0,1.0
6,DNSAmplification,104729,xgboost,pr_auc_ddos,10,1.0,0.0,1.0,1.0
6,DNSAmplification,130363,hybrid,accuracy,10,1.0,0.0,1.0,1.0
6,DNSAmplification,130363,hybrid,precision,10,1.0,0.0,1.0,1.0
6,DNSAmplification,130363,hybrid,recall,10,1.0,0.0,1.0,1.0
6,DNSAmplification,130363,hybrid,f1,10,1.0,0.0,1.0,1.0
6,DNSAmplification,130363,hybrid,balanced_accuracy,10,1.0,0.0,1.0,1.0
6,DNSAmplification,130363,hybrid,mcc,10,1.0,0.0,1.0,1.0
6,DNSAmplification,130363,hybrid,roc_auc,10,1.0,0.0,1.0,1.0
6,DNSAmplification,130363,hybrid,pr_auc_benign,10,1.0,0.0,1.0,1.0
6,DNSAmplification,130363,hybrid,pr_auc_ddos,10,1.0,0.0,1.0,1.0
6,DNSAmplification,130363,mlp,accuracy,10,0.8333333333333334,0.0,0.8333333333333334,0.8333333333333334
6,DNSAmplification,130363,mlp,precision,0,not estimable,not estimable,not estimable,not estimable
6,DNSAmplification,130363,mlp,recall,10,0.0,0.0,0.0,0.0
6,DNSAmplification,130363,mlp,f1,10,0.0,0.0,0.0,0.0
6,DNSAmplification,130363,mlp,balanced_accuracy,10,0.5,0.0,0.5,0.5
6,DNSAmplification,130363,mlp,mcc,0,not estimable,not estimable,not estimable,not estimable
6,DNSAmplification,130363,mlp,roc_auc,10,0.0,0.0,0.0,0.0
6,DNSAmplification,130363,mlp,pr_auc_benign,10,0.6498195682033032,0.0,0.6498195682033032,0.6498195682033032
6,DNSAmplification,130363,mlp,pr_auc_ddos,10,0.16391402714932127,0.008704610452198024,0.15768712394840312,0.17014093035023942
6,DNSAmplification,130363,rf,accuracy,10,1.0,0.0,1.0,1.0
6,DNSAmplification,130363,rf,precision,10,1.0,0.0,1.0,1.0
6,DNSAmplification,130363,rf,recall,10,1.0,0.0,1.0,1.0
6,DNSAmplification,130363,rf,f1,10,1.0,0.0,1.0,1.0
6,DNSAmplification,130363,rf,balanced_accuracy,10,1.0,0.0,1.0,1.0
6,DNSAmplification,130363,rf,mcc,10,1.0,0.0,1.0,1.0
6,DNSAmplification,130363,rf,roc_auc,10,1.0,0.0,1.0,1.0
6,DNSAmplification,130363,rf,pr_auc_benign,10,1.0,0.0,1.0,1.0
6,DNSAmplification,130363,rf,pr_auc_ddos,10,1.0,0.0,1.0,1.0
6,DNSAmplification,130363,xgboost,accuracy,10,1.0,0.0,1.0,1.0
6,DNSAmplification,130363,xgboost,precision,10,1.0,0.0,1.0,1.0
6,DNSAmplification,130363,xgboost,recall,10,1.0,0.0,1.0,1.0
6,DNSAmplification,130363,xgboost,f1,10,1.0,0.0,1.0,1.0
6,DNSAmplification,130363,xgboost,balanced_accuracy,10,1.0,0.0,1.0,1.0
6,DNSAmplification,130363,xgboost,mcc,10,1.0,0.0,1.0,1.0
6,DNSAmplification,130363,xgboost,roc_auc,10,1.0,0.0,1.0,1.0
6,DNSAmplification,130363,xgboost,pr_auc_benign,10,1.0,0.0,1.0,1.0
6,DNSAmplification,130363,xgboost,pr_auc_ddos,10,1.0,0.0,1.0,1.0
6,DNSAmplification,155921,hybrid,accuracy,10,1.0,0.0,1.0,1.0
6,DNSAmplification,155921,hybrid,precision,10,1.0,0.0,1.0,1.0
6,DNSAmplification,155921,hybrid,recall,10,1.0,0.0,1.0,1.0
6,DNSAmplification,155921,hybrid,f1,10,1.0,0.0,1.0,1.0
6,DNSAmplification,155921,hybrid,balanced_accuracy,10,1.0,0.0,1.0,1.0
6,DNSAmplification,155921,hybrid,mcc,10,1.0,0.0,1.0,1.0
6,DNSAmplification,155921,hybrid,roc_auc,10,1.0,0.0,1.0,1.0
6,DNSAmplification,155921,hybrid,pr_auc_benign,10,1.0,0.0,1.0,1.0
6,DNSAmplification,155921,hybrid,pr_auc_ddos,10,1.0,0.0,1.0,1.0
6,DNSAmplification,155921,mlp,accuracy,10,0.8333333333333334,0.0,0.8333333333333334,0.8333333333333334
6,DNSAmplification,155921,mlp,precision,0,not estimable,not estimable,not estimable,not estimable
6,DNSAmplification,155921,mlp,recall,10,0.0,0.0,0.0,0.0
6,DNSAmplification,155921,mlp,f1,10,0.0,0.0,0.0,0.0
6,DNSAmplification,155921,mlp,balanced_accuracy,10,0.5,0.0,0.5,0.5
6,DNSAmplification,155921,mlp,mcc,0,not estimable,not estimable,not estimable,not estimable
6,DNSAmplification,155921,mlp,roc_auc,10,0.0,0.0,0.0,0.0
6,DNSAmplification,155921,mlp,pr_auc_benign,10,0.8333333333333334,0.0,0.8333333333333334,0.8333333333333334
6,DNSAmplification,155921,mlp,pr_auc_ddos,10,0.16666666666666669,2.925694557147251e-17,0.16666666666666666,0.1666666666666667
6,DNSAmplification,155921,rf,accuracy,10,1.0,0.0,1.0,1.0
6,DNSAmplification,155921,rf,precision,10,1.0,0.0,1.0,1.0
6,DNSAmplification,155921,rf,recall,10,1.0,0.0,1.0,1.0
6,DNSAmplification,155921,rf,f1,10,1.0,0.0,1.0,1.0
6,DNSAmplification,155921,rf,balanced_accuracy,10,1.0,0.0,1.0,1.0
6,DNSAmplification,155921,rf,mcc,10,1.0,0.0,1.0,1.0
6,DNSAmplification,155921,rf,roc_auc,10,1.0,0.0,1.0,1.0
6,DNSAmplification,155921,rf,pr_auc_benign,10,1.0,0.0,1.0,1.0
6,DNSAmplification,155921,rf,pr_auc_ddos,10,1.0,0.0,1.0,1.0
6,DNSAmplification,155921,xgboost,accuracy,10,1.0,0.0,1.0,1.0
6,DNSAmplification,155921,xgboost,precision,10,1.0,0.0,1.0,1.0
6,DNSAmplification,155921,xgboost,recall,10,1.0,0.0,1.0,1.0
6,DNSAmplification,155921,xgboost,f1,10,1.0,0.0,1.0,1.0
6,DNSAmplification,155921,xgboost,balanced_accuracy,10,1.0,0.0,1.0,1.0
6,DNSAmplification,155921,xgboost,mcc,10,1.0,0.0,1.0,1.0
6,DNSAmplification,155921,xgboost,roc_auc,10,1.0,0.0,1.0,1.0
6,DNSAmplification,155921,xgboost,pr_auc_benign,10,1.0,0.0,1.0,1.0
6,DNSAmplification,155921,xgboost,pr_auc_ddos,10,1.0,0.0,1.0,1.0
6,DNSAmplification,181081,hybrid,accuracy,10,1.0,0.0,1.0,1.0
6,DNSAmplification,181081,hybrid,precision,10,1.0,0.0,1.0,1.0
6,DNSAmplification,181081,hybrid,recall,10,1.0,0.0,1.0,1.0
6,DNSAmplification,181081,hybrid,f1,10,1.0,0.0,1.0,1.0
6,DNSAmplification,181081,hybrid,balanced_accuracy,10,1.0,0.0,1.0,1.0
6,DNSAmplification,181081,hybrid,mcc,10,1.0,0.0,1.0,1.0
6,DNSAmplification,181081,hybrid,roc_auc,10,1.0,0.0,1.0,1.0
6,DNSAmplification,181081,hybrid,pr_auc_benign,10,1.0,0.0,1.0,1.0
6,DNSAmplification,181081,hybrid,pr_auc_ddos,10,1.0,9.064933036736789e-17,0.9999999999999999,1.0
6,DNSAmplification,181081,mlp,accuracy,10,0.8333333333333334,0.0,0.8333333333333334,0.8333333333333334
6,DNSAmplification,181081,mlp,precision,0,not estimable,not estimable,not estimable,not estimable
6,DNSAmplification,181081,mlp,recall,10,0.0,0.0,0.0,0.0
6,DNSAmplification,181081,mlp,f1,10,0.0,0.0,0.0,0.0
6,DNSAmplification,181081,mlp,balanced_accuracy,10,0.5,0.0,0.5,0.5
6,DNSAmplification,181081,mlp,mcc,0,not estimable,not estimable,not estimable,not estimable
6,DNSAmplification,181081,mlp,roc_auc,10,0.0,0.0,0.0,0.0
6,DNSAmplification,181081,mlp,pr_auc_benign,10,0.8333333333333334,0.0,0.8333333333333334,0.8333333333333334
6,DNSAmplification,181081,mlp,pr_auc_ddos,10,0.16666666666666669,2.925694557147251e-17,0.16666666666666666,0.1666666666666667
6,DNSAmplification,181081,rf,accuracy,10,1.0,0.0,1.0,1.0
6,DNSAmplification,181081,rf,precision,10,1.0,0.0,1.0,1.0
6,DNSAmplification,181081,rf,recall,10,1.0,0.0,1.0,1.0
6,DNSAmplification,181081,rf,f1,10,1.0,0.0,1.0,1.0
6,DNSAmplification,181081,rf,balanced_accuracy,10,1.0,0.0,1.0,1.0
6,DNSAmplification,181081,rf,mcc,10,1.0,0.0,1.0,1.0
6,DNSAmplification,181081,rf,roc_auc,10,1.0,0.0,1.0,1.0
6,DNSAmplification,181081,rf,pr_auc_benign,10,1.0,0.0,1.0,1.0
6,DNSAmplification,181081,rf,pr_auc_ddos,10,1.0,0.0,1.0,1.0
6,DNSAmplification,181081,xgboost,accuracy,10,1.0,0.0,1.0,1.0
6,DNSAmplification,181081,xgboost,precision,10,1.0,0.0,1.0,1.0
6,DNSAmplification,181081,xgboost,recall,10,1.0,0.0,1.0,1.0
6,DNSAmplification,181081,xgboost,f1,10,1.0,0.0,1.0,1.0
6,DNSAmplification,181081,xgboost,balanced_accuracy,10,1.0,0.0,1.0,1.0
6,DNSAmplification,181081,xgboost,mcc,10,1.0,0.0,1.0,1.0
6,DNSAmplification,181081,xgboost,roc_auc,10,1.0,0.0,1.0,1.0
6,DNSAmplification,181081,xgboost,pr_auc_benign,10,1.0,0.0,1.0,1.0
6,DNSAmplification,181081,xgboost,pr_auc_ddos,10,1.0,0.0,1.0,1.0
6,DNSAmplification,206369,hybrid,accuracy,10,1.0,0.0,1.0,1.0
6,DNSAmplification,206369,hybrid,precision,10,1.0,0.0,1.0,1.0
6,DNSAmplification,206369,hybrid,recall,10,1.0,0.0,1.0,1.0
6,DNSAmplification,206369,hybrid,f1,10,1.0,0.0,1.0,1.0
6,DNSAmplification,206369,hybrid,balanced_accuracy,10,1.0,0.0,1.0,1.0
6,DNSAmplification,206369,hybrid,mcc,10,1.0,0.0,1.0,1.0
6,DNSAmplification,206369,hybrid,roc_auc,10,1.0,0.0,1.0,1.0
6,DNSAmplification,206369,hybrid,pr_auc_benign,10,1.0,0.0,1.0,1.0
6,DNSAmplification,206369,hybrid,pr_auc_ddos,10,1.0,0.0,1.0,1.0
6,DNSAmplification,206369,mlp,accuracy,10,0.8333333333333334,0.0,0.8333333333333334,0.8333333333333334
6,DNSAmplification,206369,mlp,precision,0,not estimable,not estimable,not estimable,not estimable
6,DNSAmplification,206369,mlp,recall,10,0.0,0.0,0.0,0.0
6,DNSAmplification,206369,mlp,f1,10,0.0,0.0,0.0,0.0
6,DNSAmplification,206369,mlp,balanced_accuracy,10,0.5,0.0,0.5,0.5
6,DNSAmplification,206369,mlp,mcc,0,not estimable,not estimable,not estimable,not estimable
6,DNSAmplification,206369,mlp,roc_auc,10,0.0,0.0,0.0,0.0
6,DNSAmplification,206369,mlp,pr_auc_benign,10,0.7008053573111879,0.0079590356080646,0.6951118062239517,0.706498908398424
6,DNSAmplification,206369,mlp,pr_auc_ddos,10,0.16666666666666669,2.925694557147251e-17,0.16666666666666666,0.1666666666666667
6,DNSAmplification,206369,rf,accuracy,10,1.0,0.0,1.0,1.0
6,DNSAmplification,206369,rf,precision,10,1.0,0.0,1.0,1.0
6,DNSAmplification,206369,rf,recall,10,1.0,0.0,1.0,1.0
6,DNSAmplification,206369,rf,f1,10,1.0,0.0,1.0,1.0
6,DNSAmplification,206369,rf,balanced_accuracy,10,1.0,0.0,1.0,1.0
6,DNSAmplification,206369,rf,mcc,10,1.0,0.0,1.0,1.0
6,DNSAmplification,206369,rf,roc_auc,10,1.0,0.0,1.0,1.0
6,DNSAmplification,206369,rf,pr_auc_benign,10,1.0,0.0,1.0,1.0
6,DNSAmplification,206369,rf,pr_auc_ddos,10,1.0,3.700743415417188e-17,1.0,1.0
6,DNSAmplification,206369,xgboost,accuracy,10,1.0,0.0,1.0,1.0
6,DNSAmplification,206369,xgboost,precision,10,1.0,0.0,1.0,1.0
6,DNSAmplification,206369,xgboost,recall,10,1.0,0.0,1.0,1.0
6,DNSAmplification,206369,xgboost,f1,10,1.0,0.0,1.0,1.0
6,DNSAmplification,206369,xgboost,balanced_accuracy,10,1.0,0.0,1.0,1.0
6,DNSAmplification,206369,xgboost,mcc,10,1.0,0.0,1.0,1.0
6,DNSAmplification,206369,xgboost,roc_auc,10,1.0,0.0,1.0,1.0
6,DNSAmplification,206369,xgboost,pr_auc_benign,10,1.0,0.0,1.0,1.0
6,DNSAmplification,206369,xgboost,pr_auc_ddos,10,1.0,0.0,1.0,1.0
6,DNSAmplification,231701,hybrid,accuracy,10,1.0,0.0,1.0,1.0
6,DNSAmplification,231701,hybrid,precision,10,1.0,0.0,1.0,1.0
6,DNSAmplification,231701,hybrid,recall,10,1.0,0.0,1.0,1.0
6,DNSAmplification,231701,hybrid,f1,10,1.0,0.0,1.0,1.0
6,DNSAmplification,231701,hybrid,balanced_accuracy,10,1.0,0.0,1.0,1.0
6,DNSAmplification,231701,hybrid,mcc,10,1.0,0.0,1.0,1.0
6,DNSAmplification,231701,hybrid,roc_auc,10,1.0,0.0,1.0,1.0
6,DNSAmplification,231701,hybrid,pr_auc_benign,10,1.0,0.0,1.0,1.0
6,DNSAmplification,231701,hybrid,pr_auc_ddos,10,1.0,6.409875621278546e-17,1.0,1.0
6,DNSAmplification,231701,mlp,accuracy,10,0.8333333333333334,0.0,0.8333333333333334,0.8333333333333334
6,DNSAmplification,231701,mlp,precision,0,not estimable,not estimable,not estimable,not estimable
6,DNSAmplification,231701,mlp,recall,10,0.0,0.0,0.0,0.0
6,DNSAmplification,231701,mlp,f1,10,0.0,0.0,0.0,0.0
6,DNSAmplification,231701,mlp,balanced_accuracy,10,0.5,0.0,0.5,0.5
6,DNSAmplification,231701,mlp,mcc,0,not estimable,not estimable,not estimable,not estimable
6,DNSAmplification,231701,mlp,roc_auc,10,0.0,0.0,0.0,0.0
6,DNSAmplification,231701,mlp,pr_auc_benign,10,0.8333333333333334,0.0,0.8333333333333334,0.8333333333333334
6,DNSAmplification,231701,mlp,pr_auc_ddos,10,0.16666666666666669,2.925694557147251e-17,0.16666666666666666,0.1666666666666667
6,DNSAmplification,231701,rf,accuracy,10,1.0,0.0,1.0,1.0
6,DNSAmplification,231701,rf,precision,10,1.0,0.0,1.0,1.0
6,DNSAmplification,231701,rf,recall,10,1.0,0.0,1.0,1.0
6,DNSAmplification,231701,rf,f1,10,1.0,0.0,1.0,1.0
6,DNSAmplification,231701,rf,balanced_accuracy,10,1.0,0.0,1.0,1.0
6,DNSAmplification,231701,rf,mcc,10,1.0,0.0,1.0,1.0
6,DNSAmplification,231701,rf,roc_auc,10,1.0,0.0,1.0,1.0
6,DNSAmplification,231701,rf,pr_auc_benign,10,1.0,0.0,1.0,1.0
6,DNSAmplification,231701,rf,pr_auc_ddos,10,1.0,3.700743415417188e-17,1.0,1.0
6,DNSAmplification,231701,xgboost,accuracy,10,1.0,0.0,1.0,1.0
6,DNSAmplification,231701,xgboost,precision,10,1.0,0.0,1.0,1.0
6,DNSAmplification,231701,xgboost,recall,10,1.0,0.0,1.0,1.0
6,DNSAmplification,231701,xgboost,f1,10,1.0,0.0,1.0,1.0
6,DNSAmplification,231701,xgboost,balanced_accuracy,10,1.0,0.0,1.0,1.0
6,DNSAmplification,231701,xgboost,mcc,10,1.0,0.0,1.0,1.0
6,DNSAmplification,231701,xgboost,roc_auc,10,1.0,0.0,1.0,1.0
6,DNSAmplification,231701,xgboost,pr_auc_benign,10,1.0,0.0,1.0,1.0
6,DNSAmplification,231701,xgboost,pr_auc_ddos,10,1.0,0.0,1.0,1.0
6,DNSAmplification,257053,hybrid,accuracy,10,1.0,0.0,1.0,1.0
6,DNSAmplification,257053,hybrid,precision,10,1.0,0.0,1.0,1.0
6,DNSAmplification,257053,hybrid,recall,10,1.0,0.0,1.0,1.0
6,DNSAmplification,257053,hybrid,f1,10,1.0,0.0,1.0,1.0
6,DNSAmplification,257053,hybrid,balanced_accuracy,10,1.0,0.0,1.0,1.0
6,DNSAmplification,257053,hybrid,mcc,10,1.0,0.0,1.0,1.0
6,DNSAmplification,257053,hybrid,roc_auc,10,1.0,0.0,1.0,1.0
6,DNSAmplification,257053,hybrid,pr_auc_benign,10,1.0,0.0,1.0,1.0
6,DNSAmplification,257053,hybrid,pr_auc_ddos,10,1.0,3.700743415417188e-17,1.0,1.0
6,DNSAmplification,257053,mlp,accuracy,10,0.8283333333333334,0.008050764858994157,0.8225741630929636,0.8340925035737031
6,DNSAmplification,257053,mlp,precision,3,0.0,0.0,0.0,0.0
6,DNSAmplification,257053,mlp,recall,10,0.0,0.0,0.0,0.0
6,DNSAmplification,257053,mlp,f1,10,0.0,0.0,0.0,0.0
6,DNSAmplification,257053,mlp,balanced_accuracy,10,0.497,0.004830458915396484,0.4935444978557782,0.5004555021442219
6,DNSAmplification,257053,mlp,mcc,3,-0.0582222509739582,0.0,-0.0582222509739582,-0.0582222509739582
6,DNSAmplification,257053,mlp,roc_auc,10,0.0,0.0,0.0,0.0
6,DNSAmplification,257053,mlp,pr_auc_benign,10,0.6498195682033032,0.0,0.6498195682033032,0.6498195682033032
6,DNSAmplification,257053,mlp,pr_auc_ddos,10,0.16666666666666669,2.925694557147251e-17,0.16666666666666666,0.1666666666666667
6,DNSAmplification,257053,rf,accuracy,10,1.0,0.0,1.0,1.0
6,DNSAmplification,257053,rf,precision,10,1.0,0.0,1.0,1.0
6,DNSAmplification,257053,rf,recall,10,1.0,0.0,1.0,1.0
6,DNSAmplification,257053,rf,f1,10,1.0,0.0,1.0,1.0
6,DNSAmplification,257053,rf,balanced_accuracy,10,1.0,0.0,1.0,1.0
6,DNSAmplification,257053,rf,mcc,10,1.0,0.0,1.0,1.0
6,DNSAmplification,257053,rf,roc_auc,10,1.0,0.0,1.0,1.0
6,DNSAmplification,257053,rf,pr_auc_benign,10,1.0,0.0,1.0,1.0
6,DNSAmplification,257053,rf,pr_auc_ddos,10,1.0,0.0,1.0,1.0
6,DNSAmplification,257053,xgboost,accuracy,10,1.0,0.0,1.0,1.0
6,DNSAmplification,257053,xgboost,precision,10,1.0,0.0,1.0,1.0
6,DNSAmplification,257053,xgboost,recall,10,1.0,0.0,1.0,1.0
6,DNSAmplification,257053,xgboost,f1,10,1.0,0.0,1.0,1.0
6,DNSAmplification,257053,xgboost,balanced_accuracy,10,1.0,0.0,1.0,1.0
6,DNSAmplification,257053,xgboost,mcc,10,1.0,0.0,1.0,1.0
6,DNSAmplification,257053,xgboost,roc_auc,10,1.0,0.0,1.0,1.0
6,DNSAmplification,257053,xgboost,pr_auc_benign,10,1.0,0.0,1.0,1.0
6,DNSAmplification,257053,xgboost,pr_auc_ddos,10,1.0,0.0,1.0,1.0
6,DNSAmplification,282427,hybrid,accuracy,10,1.0,0.0,1.0,1.0
6,DNSAmplification,282427,hybrid,precision,10,1.0,0.0,1.0,1.0
6,DNSAmplification,282427,hybrid,recall,10,1.0,0.0,1.0,1.0
6,DNSAmplification,282427,hybrid,f1,10,1.0,0.0,1.0,1.0
6,DNSAmplification,282427,hybrid,balanced_accuracy,10,1.0,0.0,1.0,1.0
6,DNSAmplification,282427,hybrid,mcc,10,1.0,0.0,1.0,1.0
6,DNSAmplification,282427,hybrid,roc_auc,10,1.0,0.0,1.0,1.0
6,DNSAmplification,282427,hybrid,pr_auc_benign,10,1.0,0.0,1.0,1.0
6,DNSAmplification,282427,hybrid,pr_auc_ddos,10,1.0,5.233641528945917e-17,1.0,1.0
6,DNSAmplification,282427,mlp,accuracy,10,0.8333333333333334,0.0,0.8333333333333334,0.8333333333333334
6,DNSAmplification,282427,mlp,precision,0,not estimable,not estimable,not estimable,not estimable
6,DNSAmplification,282427,mlp,recall,10,0.0,0.0,0.0,0.0
6,DNSAmplification,282427,mlp,f1,10,0.0,0.0,0.0,0.0
6,DNSAmplification,282427,mlp,balanced_accuracy,10,0.5,0.0,0.5,0.5
6,DNSAmplification,282427,mlp,mcc,0,not estimable,not estimable,not estimable,not estimable
6,DNSAmplification,282427,mlp,roc_auc,10,0.0,0.0,0.0,0.0
6,DNSAmplification,282427,mlp,pr_auc_benign,10,0.6500295272778134,0.00025045550410575715,0.6498503622033085,0.6502086923523183
6,DNSAmplification,282427,mlp,pr_auc_ddos,10,0.16666666666666669,2.925694557147251e-17,0.16666666666666666,0.1666666666666667
6,DNSAmplification,282427,rf,accuracy,10,1.0,0.0,1.0,1.0
6,DNSAmplification,282427,rf,precision,10,1.0,0.0,1.0,1.0
6,DNSAmplification,282427,rf,recall,10,1.0,0.0,1.0,1.0
6,DNSAmplification,282427,rf,f1,10,1.0,0.0,1.0,1.0
6,DNSAmplification,282427,rf,balanced_accuracy,10,1.0,0.0,1.0,1.0
6,DNSAmplification,282427,rf,mcc,10,1.0,0.0,1.0,1.0
6,DNSAmplification,282427,rf,roc_auc,10,1.0,0.0,1.0,1.0
6,DNSAmplification,282427,rf,pr_auc_benign,10,1.0,0.0,1.0,1.0
6,DNSAmplification,282427,rf,pr_auc_ddos,10,1.0,3.700743415417188e-17,1.0,1.0
6,DNSAmplification,282427,xgboost,accuracy,10,1.0,0.0,1.0,1.0
6,DNSAmplification,282427,xgboost,precision,10,1.0,0.0,1.0,1.0
6,DNSAmplification,282427,xgboost,recall,10,1.0,0.0,1.0,1.0
6,DNSAmplification,282427,xgboost,f1,10,1.0,0.0,1.0,1.0
6,DNSAmplification,282427,xgboost,balanced_accuracy,10,1.0,0.0,1.0,1.0
6,DNSAmplification,282427,xgboost,mcc,10,1.0,0.0,1.0,1.0
6,DNSAmplification,282427,xgboost,roc_auc,10,1.0,0.0,1.0,1.0
6,DNSAmplification,282427,xgboost,pr_auc_benign,10,1.0,0.0,1.0,1.0
6,DNSAmplification,282427,xgboost,pr_auc_ddos,10,1.0,0.0,1.0,1.0
6,DNSAmplification,307759,hybrid,accuracy,10,1.0,0.0,1.0,1.0
6,DNSAmplification,307759,hybrid,precision,10,1.0,0.0,1.0,1.0
6,DNSAmplification,307759,hybrid,recall,10,1.0,0.0,1.0,1.0
6,DNSAmplification,307759,hybrid,f1,10,1.0,0.0,1.0,1.0
6,DNSAmplification,307759,hybrid,balanced_accuracy,10,1.0,0.0,1.0,1.0
6,DNSAmplification,307759,hybrid,mcc,10,1.0,0.0,1.0,1.0
6,DNSAmplification,307759,hybrid,roc_auc,10,1.0,0.0,1.0,1.0
6,DNSAmplification,307759,hybrid,pr_auc_benign,10,1.0,0.0,1.0,1.0
6,DNSAmplification,307759,hybrid,pr_auc_ddos,10,1.0,0.0,1.0,1.0
6,DNSAmplification,307759,mlp,accuracy,10,0.8333333333333334,0.0,0.8333333333333334,0.8333333333333334
6,DNSAmplification,307759,mlp,precision,0,not estimable,not estimable,not estimable,not estimable
6,DNSAmplification,307759,mlp,recall,10,0.0,0.0,0.0,0.0
6,DNSAmplification,307759,mlp,f1,10,0.0,0.0,0.0,0.0
6,DNSAmplification,307759,mlp,balanced_accuracy,10,0.5,0.0,0.5,0.5
6,DNSAmplification,307759,mlp,mcc,0,not estimable,not estimable,not estimable,not estimable
6,DNSAmplification,307759,mlp,roc_auc,10,0.0,0.0,0.0,0.0
6,DNSAmplification,307759,mlp,pr_auc_benign,10,0.6498195682033032,0.0,0.6498195682033032,0.6498195682033032
6,DNSAmplification,307759,mlp,pr_auc_ddos,10,0.16666666666666669,2.925694557147251e-17,0.16666666666666666,0.1666666666666667
6,DNSAmplification,307759,rf,accuracy,10,1.0,0.0,1.0,1.0
6,DNSAmplification,307759,rf,precision,10,1.0,0.0,1.0,1.0
6,DNSAmplification,307759,rf,recall,10,1.0,0.0,1.0,1.0
6,DNSAmplification,307759,rf,f1,10,1.0,0.0,1.0,1.0
6,DNSAmplification,307759,rf,balanced_accuracy,10,1.0,0.0,1.0,1.0
6,DNSAmplification,307759,rf,mcc,10,1.0,0.0,1.0,1.0
6,DNSAmplification,307759,rf,roc_auc,10,1.0,0.0,1.0,1.0
6,DNSAmplification,307759,rf,pr_auc_benign,10,1.0,0.0,1.0,1.0
6,DNSAmplification,307759,rf,pr_auc_ddos,10,1.0,0.0,1.0,1.0
6,DNSAmplification,307759,xgboost,accuracy,10,1.0,0.0,1.0,1.0
6,DNSAmplification,307759,xgboost,precision,10,1.0,0.0,1.0,1.0
6,DNSAmplification,307759,xgboost,recall,10,1.0,0.0,1.0,1.0
6,DNSAmplification,307759,xgboost,f1,10,1.0,0.0,1.0,1.0
6,DNSAmplification,307759,xgboost,balanced_accuracy,10,1.0,0.0,1.0,1.0
6,DNSAmplification,307759,xgboost,mcc,10,1.0,0.0,1.0,1.0
6,DNSAmplification,307759,xgboost,roc_auc,10,1.0,0.0,1.0,1.0
6,DNSAmplification,307759,xgboost,pr_auc_benign,10,1.0,0.0,1.0,1.0
6,DNSAmplification,307759,xgboost,pr_auc_ddos,10,1.0,0.0,1.0,1.0
6,DNSAmplification,333019,hybrid,accuracy,10,1.0,0.0,1.0,1.0
6,DNSAmplification,333019,hybrid,precision,10,1.0,0.0,1.0,1.0
6,DNSAmplification,333019,hybrid,recall,10,1.0,0.0,1.0,1.0
6,DNSAmplification,333019,hybrid,f1,10,1.0,0.0,1.0,1.0
6,DNSAmplification,333019,hybrid,balanced_accuracy,10,1.0,0.0,1.0,1.0
6,DNSAmplification,333019,hybrid,mcc,10,1.0,0.0,1.0,1.0
6,DNSAmplification,333019,hybrid,roc_auc,10,1.0,0.0,1.0,1.0
6,DNSAmplification,333019,hybrid,pr_auc_benign,10,1.0,0.0,1.0,1.0
6,DNSAmplification,333019,hybrid,pr_auc_ddos,10,1.0,3.700743415417188e-17,1.0,1.0
6,DNSAmplification,333019,mlp,accuracy,10,0.8333333333333334,0.0,0.8333333333333334,0.8333333333333334
6,DNSAmplification,333019,mlp,precision,0,not estimable,not estimable,not estimable,not estimable
6,DNSAmplification,333019,mlp,recall,10,0.0,0.0,0.0,0.0
6,DNSAmplification,333019,mlp,f1,10,0.0,0.0,0.0,0.0
6,DNSAmplification,333019,mlp,balanced_accuracy,10,0.5,0.0,0.5,0.5
6,DNSAmplification,333019,mlp,mcc,0,not estimable,not estimable,not estimable,not estimable
6,DNSAmplification,333019,mlp,roc_auc,10,0.0,0.0,0.0,0.0
6,DNSAmplification,333019,mlp,pr_auc_benign,10,0.6498195682033032,0.0,0.6498195682033032,0.6498195682033032
6,DNSAmplification,333019,mlp,pr_auc_ddos,10,0.16666666666666669,2.925694557147251e-17,0.16666666666666666,0.1666666666666667
6,DNSAmplification,333019,rf,accuracy,10,1.0,0.0,1.0,1.0
6,DNSAmplification,333019,rf,precision,10,1.0,0.0,1.0,1.0
6,DNSAmplification,333019,rf,recall,10,1.0,0.0,1.0,1.0
6,DNSAmplification,333019,rf,f1,10,1.0,0.0,1.0,1.0
6,DNSAmplification,333019,rf,balanced_accuracy,10,1.0,0.0,1.0,1.0
6,DNSAmplification,333019,rf,mcc,10,1.0,0.0,1.0,1.0
6,DNSAmplification,333019,rf,roc_auc,10,1.0,0.0,1.0,1.0
6,DNSAmplification,333019,rf,pr_auc_benign,10,1.0,0.0,1.0,1.0
6,DNSAmplification,333019,rf,pr_auc_ddos,10,1.0,3.700743415417188e-17,1.0,1.0
6,DNSAmplification,333019,xgboost,accuracy,10,1.0,0.0,1.0,1.0
6,DNSAmplification,333019,xgboost,precision,10,1.0,0.0,1.0,1.0
6,DNSAmplification,333019,xgboost,recall,10,1.0,0.0,1.0,1.0
6,DNSAmplification,333019,xgboost,f1,10,1.0,0.0,1.0,1.0
6,DNSAmplification,333019,xgboost,balanced_accuracy,10,1.0,0.0,1.0,1.0
6,DNSAmplification,333019,xgboost,mcc,10,1.0,0.0,1.0,1.0
6,DNSAmplification,333019,xgboost,roc_auc,10,1.0,0.0,1.0,1.0
6,DNSAmplification,333019,xgboost,pr_auc_benign,10,1.0,0.0,1.0,1.0
6,DNSAmplification,333019,xgboost,pr_auc_ddos,10,1.0,0.0,1.0,1.0
6,Normal,104729,hybrid,accuracy,10,1.0,0.0,1.0,1.0
6,Normal,104729,hybrid,precision,0,not estimable,not estimable,not estimable,not estimable
6,Normal,104729,hybrid,recall,0,not estimable,not estimable,not estimable,not estimable
6,Normal,104729,hybrid,f1,0,not estimable,not estimable,not estimable,not estimable
6,Normal,104729,hybrid,balanced_accuracy,0,not estimable,not estimable,not estimable,not estimable
6,Normal,104729,hybrid,mcc,0,not estimable,not estimable,not estimable,not estimable
6,Normal,104729,hybrid,roc_auc,0,not estimable,not estimable,not estimable,not estimable
6,Normal,104729,hybrid,pr_auc_benign,0,not estimable,not estimable,not estimable,not estimable
6,Normal,104729,hybrid,pr_auc_ddos,0,not estimable,not estimable,not estimable,not estimable
6,Normal,104729,mlp,accuracy,10,1.0,0.0,1.0,1.0
6,Normal,104729,mlp,precision,0,not estimable,not estimable,not estimable,not estimable
6,Normal,104729,mlp,recall,0,not estimable,not estimable,not estimable,not estimable
6,Normal,104729,mlp,f1,0,not estimable,not estimable,not estimable,not estimable
6,Normal,104729,mlp,balanced_accuracy,0,not estimable,not estimable,not estimable,not estimable
6,Normal,104729,mlp,mcc,0,not estimable,not estimable,not estimable,not estimable
6,Normal,104729,mlp,roc_auc,0,not estimable,not estimable,not estimable,not estimable
6,Normal,104729,mlp,pr_auc_benign,0,not estimable,not estimable,not estimable,not estimable
6,Normal,104729,mlp,pr_auc_ddos,0,not estimable,not estimable,not estimable,not estimable
6,Normal,104729,rf,accuracy,10,1.0,0.0,1.0,1.0
6,Normal,104729,rf,precision,0,not estimable,not estimable,not estimable,not estimable
6,Normal,104729,rf,recall,0,not estimable,not estimable,not estimable,not estimable
6,Normal,104729,rf,f1,0,not estimable,not estimable,not estimable,not estimable
6,Normal,104729,rf,balanced_accuracy,0,not estimable,not estimable,not estimable,not estimable
6,Normal,104729,rf,mcc,0,not estimable,not estimable,not estimable,not estimable
6,Normal,104729,rf,roc_auc,0,not estimable,not estimable,not estimable,not estimable
6,Normal,104729,rf,pr_auc_benign,0,not estimable,not estimable,not estimable,not estimable
6,Normal,104729,rf,pr_auc_ddos,0,not estimable,not estimable,not estimable,not estimable
6,Normal,104729,xgboost,accuracy,10,1.0,0.0,1.0,1.0
6,Normal,104729,xgboost,precision,0,not estimable,not estimable,not estimable,not estimable
6,Normal,104729,xgboost,recall,0,not estimable,not estimable,not estimable,not estimable
6,Normal,104729,xgboost,f1,0,not estimable,not estimable,not estimable,not estimable
6,Normal,104729,xgboost,balanced_accuracy,0,not estimable,not estimable,not estimable,not estimable
6,Normal,104729,xgboost,mcc,0,not estimable,not estimable,not estimable,not estimable
6,Normal,104729,xgboost,roc_auc,0,not estimable,not estimable,not estimable,not estimable
6,Normal,104729,xgboost,pr_auc_benign,0,not estimable,not estimable,not estimable,not estimable
6,Normal,104729,xgboost,pr_auc_ddos,0,not estimable,not estimable,not estimable,not estimable
6,Normal,130363,hybrid,accuracy,10,1.0,0.0,1.0,1.0
6,Normal,130363,hybrid,precision,0,not estimable,not estimable,not estimable,not estimable
6,Normal,130363,hybrid,recall,0,not estimable,not estimable,not estimable,not estimable
6,Normal,130363,hybrid,f1,0,not estimable,not estimable,not estimable,not estimable
6,Normal,130363,hybrid,balanced_accuracy,0,not estimable,not estimable,not estimable,not estimable
6,Normal,130363,hybrid,mcc,0,not estimable,not estimable,not estimable,not estimable
6,Normal,130363,hybrid,roc_auc,0,not estimable,not estimable,not estimable,not estimable
6,Normal,130363,hybrid,pr_auc_benign,0,not estimable,not estimable,not estimable,not estimable
6,Normal,130363,hybrid,pr_auc_ddos,0,not estimable,not estimable,not estimable,not estimable
6,Normal,130363,mlp,accuracy,10,1.0,0.0,1.0,1.0
6,Normal,130363,mlp,precision,0,not estimable,not estimable,not estimable,not estimable
6,Normal,130363,mlp,recall,0,not estimable,not estimable,not estimable,not estimable
6,Normal,130363,mlp,f1,0,not estimable,not estimable,not estimable,not estimable
6,Normal,130363,mlp,balanced_accuracy,0,not estimable,not estimable,not estimable,not estimable
6,Normal,130363,mlp,mcc,0,not estimable,not estimable,not estimable,not estimable
6,Normal,130363,mlp,roc_auc,0,not estimable,not estimable,not estimable,not estimable
6,Normal,130363,mlp,pr_auc_benign,0,not estimable,not estimable,not estimable,not estimable
6,Normal,130363,mlp,pr_auc_ddos,0,not estimable,not estimable,not estimable,not estimable
6,Normal,130363,rf,accuracy,10,1.0,0.0,1.0,1.0
6,Normal,130363,rf,precision,0,not estimable,not estimable,not estimable,not estimable
6,Normal,130363,rf,recall,0,not estimable,not estimable,not estimable,not estimable
6,Normal,130363,rf,f1,0,not estimable,not estimable,not estimable,not estimable
6,Normal,130363,rf,balanced_accuracy,0,not estimable,not estimable,not estimable,not estimable
6,Normal,130363,rf,mcc,0,not estimable,not estimable,not estimable,not estimable
6,Normal,130363,rf,roc_auc,0,not estimable,not estimable,not estimable,not estimable
6,Normal,130363,rf,pr_auc_benign,0,not estimable,not estimable,not estimable,not estimable
6,Normal,130363,rf,pr_auc_ddos,0,not estimable,not estimable,not estimable,not estimable
6,Normal,130363,xgboost,accuracy,10,1.0,0.0,1.0,1.0
6,Normal,130363,xgboost,precision,0,not estimable,not estimable,not estimable,not estimable
6,Normal,130363,xgboost,recall,0,not estimable,not estimable,not estimable,not estimable
6,Normal,130363,xgboost,f1,0,not estimable,not estimable,not estimable,not estimable
6,Normal,130363,xgboost,balanced_accuracy,0,not estimable,not estimable,not estimable,not estimable
6,Normal,130363,xgboost,mcc,0,not estimable,not estimable,not estimable,not estimable
6,Normal,130363,xgboost,roc_auc,0,not estimable,not estimable,not estimable,not estimable
6,Normal,130363,xgboost,pr_auc_benign,0,not estimable,not estimable,not estimable,not estimable
6,Normal,130363,xgboost,pr_auc_ddos,0,not estimable,not estimable,not estimable,not estimable
6,Normal,155921,hybrid,accuracy,10,1.0,0.0,1.0,1.0
6,Normal,155921,hybrid,precision,0,not estimable,not estimable,not estimable,not estimable
6,Normal,155921,hybrid,recall,0,not estimable,not estimable,not estimable,not estimable
6,Normal,155921,hybrid,f1,0,not estimable,not estimable,not estimable,not estimable
6,Normal,155921,hybrid,balanced_accuracy,0,not estimable,not estimable,not estimable,not estimable
6,Normal,155921,hybrid,mcc,0,not estimable,not estimable,not estimable,not estimable
6,Normal,155921,hybrid,roc_auc,0,not estimable,not estimable,not estimable,not estimable
6,Normal,155921,hybrid,pr_auc_benign,0,not estimable,not estimable,not estimable,not estimable
6,Normal,155921,hybrid,pr_auc_ddos,0,not estimable,not estimable,not estimable,not estimable
6,Normal,155921,mlp,accuracy,10,1.0,0.0,1.0,1.0
6,Normal,155921,mlp,precision,0,not estimable,not estimable,not estimable,not estimable
6,Normal,155921,mlp,recall,0,not estimable,not estimable,not estimable,not estimable
6,Normal,155921,mlp,f1,0,not estimable,not estimable,not estimable,not estimable
6,Normal,155921,mlp,balanced_accuracy,0,not estimable,not estimable,not estimable,not estimable
6,Normal,155921,mlp,mcc,0,not estimable,not estimable,not estimable,not estimable
6,Normal,155921,mlp,roc_auc,0,not estimable,not estimable,not estimable,not estimable
6,Normal,155921,mlp,pr_auc_benign,0,not estimable,not estimable,not estimable,not estimable
6,Normal,155921,mlp,pr_auc_ddos,0,not estimable,not estimable,not estimable,not estimable
6,Normal,155921,rf,accuracy,10,1.0,0.0,1.0,1.0
6,Normal,155921,rf,precision,0,not estimable,not estimable,not estimable,not estimable
6,Normal,155921,rf,recall,0,not estimable,not estimable,not estimable,not estimable
6,Normal,155921,rf,f1,0,not estimable,not estimable,not estimable,not estimable
6,Normal,155921,rf,balanced_accuracy,0,not estimable,not estimable,not estimable,not estimable
6,Normal,155921,rf,mcc,0,not estimable,not estimable,not estimable,not estimable
6,Normal,155921,rf,roc_auc,0,not estimable,not estimable,not estimable,not estimable
6,Normal,155921,rf,pr_auc_benign,0,not estimable,not estimable,not estimable,not estimable
6,Normal,155921,rf,pr_auc_ddos,0,not estimable,not estimable,not estimable,not estimable
6,Normal,155921,xgboost,accuracy,10,1.0,0.0,1.0,1.0
6,Normal,155921,xgboost,precision,0,not estimable,not estimable,not estimable,not estimable
6,Normal,155921,xgboost,recall,0,not estimable,not estimable,not estimable,not estimable
6,Normal,155921,xgboost,f1,0,not estimable,not estimable,not estimable,not estimable
6,Normal,155921,xgboost,balanced_accuracy,0,not estimable,not estimable,not estimable,not estimable
6,Normal,155921,xgboost,mcc,0,not estimable,not estimable,not estimable,not estimable
6,Normal,155921,xgboost,roc_auc,0,not estimable,not estimable,not estimable,not estimable
6,Normal,155921,xgboost,pr_auc_benign,0,not estimable,not estimable,not estimable,not estimable
6,Normal,155921,xgboost,pr_auc_ddos,0,not estimable,not estimable,not estimable,not estimable
6,Normal,181081,hybrid,accuracy,10,1.0,0.0,1.0,1.0
6,Normal,181081,hybrid,precision,0,not estimable,not estimable,not estimable,not estimable
6,Normal,181081,hybrid,recall,0,not estimable,not estimable,not estimable,not estimable
6,Normal,181081,hybrid,f1,0,not estimable,not estimable,not estimable,not estimable
6,Normal,181081,hybrid,balanced_accuracy,0,not estimable,not estimable,not estimable,not estimable
6,Normal,181081,hybrid,mcc,0,not estimable,not estimable,not estimable,not estimable
6,Normal,181081,hybrid,roc_auc,0,not estimable,not estimable,not estimable,not estimable
6,Normal,181081,hybrid,pr_auc_benign,0,not estimable,not estimable,not estimable,not estimable
6,Normal,181081,hybrid,pr_auc_ddos,0,not estimable,not estimable,not estimable,not estimable
6,Normal,181081,mlp,accuracy,10,1.0,0.0,1.0,1.0
6,Normal,181081,mlp,precision,0,not estimable,not estimable,not estimable,not estimable
6,Normal,181081,mlp,recall,0,not estimable,not estimable,not estimable,not estimable
6,Normal,181081,mlp,f1,0,not estimable,not estimable,not estimable,not estimable
6,Normal,181081,mlp,balanced_accuracy,0,not estimable,not estimable,not estimable,not estimable
6,Normal,181081,mlp,mcc,0,not estimable,not estimable,not estimable,not estimable
6,Normal,181081,mlp,roc_auc,0,not estimable,not estimable,not estimable,not estimable
6,Normal,181081,mlp,pr_auc_benign,0,not estimable,not estimable,not estimable,not estimable
6,Normal,181081,mlp,pr_auc_ddos,0,not estimable,not estimable,not estimable,not estimable
6,Normal,181081,rf,accuracy,10,1.0,0.0,1.0,1.0
6,Normal,181081,rf,precision,0,not estimable,not estimable,not estimable,not estimable
6,Normal,181081,rf,recall,0,not estimable,not estimable,not estimable,not estimable
6,Normal,181081,rf,f1,0,not estimable,not estimable,not estimable,not estimable
6,Normal,181081,rf,balanced_accuracy,0,not estimable,not estimable,not estimable,not estimable
6,Normal,181081,rf,mcc,0,not estimable,not estimable,not estimable,not estimable
6,Normal,181081,rf,roc_auc,0,not estimable,not estimable,not estimable,not estimable
6,Normal,181081,rf,pr_auc_benign,0,not estimable,not estimable,not estimable,not estimable
6,Normal,181081,rf,pr_auc_ddos,0,not estimable,not estimable,not estimable,not estimable
6,Normal,181081,xgboost,accuracy,10,1.0,0.0,1.0,1.0
6,Normal,181081,xgboost,precision,0,not estimable,not estimable,not estimable,not estimable
6,Normal,181081,xgboost,recall,0,not estimable,not estimable,not estimable,not estimable
6,Normal,181081,xgboost,f1,0,not estimable,not estimable,not estimable,not estimable
6,Normal,181081,xgboost,balanced_accuracy,0,not estimable,not estimable,not estimable,not estimable
6,Normal,181081,xgboost,mcc,0,not estimable,not estimable,not estimable,not estimable
6,Normal,181081,xgboost,roc_auc,0,not estimable,not estimable,not estimable,not estimable
6,Normal,181081,xgboost,pr_auc_benign,0,not estimable,not estimable,not estimable,not estimable
6,Normal,181081,xgboost,pr_auc_ddos,0,not estimable,not estimable,not estimable,not estimable
6,Normal,206369,hybrid,accuracy,10,1.0,0.0,1.0,1.0
6,Normal,206369,hybrid,precision,0,not estimable,not estimable,not estimable,not estimable
6,Normal,206369,hybrid,recall,0,not estimable,not estimable,not estimable,not estimable
6,Normal,206369,hybrid,f1,0,not estimable,not estimable,not estimable,not estimable
6,Normal,206369,hybrid,balanced_accuracy,0,not estimable,not estimable,not estimable,not estimable
6,Normal,206369,hybrid,mcc,0,not estimable,not estimable,not estimable,not estimable
6,Normal,206369,hybrid,roc_auc,0,not estimable,not estimable,not estimable,not estimable
6,Normal,206369,hybrid,pr_auc_benign,0,not estimable,not estimable,not estimable,not estimable
6,Normal,206369,hybrid,pr_auc_ddos,0,not estimable,not estimable,not estimable,not estimable
6,Normal,206369,mlp,accuracy,10,1.0,0.0,1.0,1.0
6,Normal,206369,mlp,precision,0,not estimable,not estimable,not estimable,not estimable
6,Normal,206369,mlp,recall,0,not estimable,not estimable,not estimable,not estimable
6,Normal,206369,mlp,f1,0,not estimable,not estimable,not estimable,not estimable
6,Normal,206369,mlp,balanced_accuracy,0,not estimable,not estimable,not estimable,not estimable
6,Normal,206369,mlp,mcc,0,not estimable,not estimable,not estimable,not estimable
6,Normal,206369,mlp,roc_auc,0,not estimable,not estimable,not estimable,not estimable
6,Normal,206369,mlp,pr_auc_benign,0,not estimable,not estimable,not estimable,not estimable
6,Normal,206369,mlp,pr_auc_ddos,0,not estimable,not estimable,not estimable,not estimable
6,Normal,206369,rf,accuracy,10,1.0,0.0,1.0,1.0
6,Normal,206369,rf,precision,0,not estimable,not estimable,not estimable,not estimable
6,Normal,206369,rf,recall,0,not estimable,not estimable,not estimable,not estimable
6,Normal,206369,rf,f1,0,not estimable,not estimable,not estimable,not estimable
6,Normal,206369,rf,balanced_accuracy,0,not estimable,not estimable,not estimable,not estimable
6,Normal,206369,rf,mcc,0,not estimable,not estimable,not estimable,not estimable
6,Normal,206369,rf,roc_auc,0,not estimable,not estimable,not estimable,not estimable
6,Normal,206369,rf,pr_auc_benign,0,not estimable,not estimable,not estimable,not estimable
6,Normal,206369,rf,pr_auc_ddos,0,not estimable,not estimable,not estimable,not estimable
6,Normal,206369,xgboost,accuracy,10,1.0,0.0,1.0,1.0
6,Normal,206369,xgboost,precision,0,not estimable,not estimable,not estimable,not estimable
6,Normal,206369,xgboost,recall,0,not estimable,not estimable,not estimable,not estimable
6,Normal,206369,xgboost,f1,0,not estimable,not estimable,not estimable,not estimable
6,Normal,206369,xgboost,balanced_accuracy,0,not estimable,not estimable,not estimable,not estimable
6,Normal,206369,xgboost,mcc,0,not estimable,not estimable,not estimable,not estimable
6,Normal,206369,xgboost,roc_auc,0,not estimable,not estimable,not estimable,not estimable
6,Normal,206369,xgboost,pr_auc_benign,0,not estimable,not estimable,not estimable,not estimable
6,Normal,206369,xgboost,pr_auc_ddos,0,not estimable,not estimable,not estimable,not estimable
6,Normal,231701,hybrid,accuracy,10,1.0,0.0,1.0,1.0
6,Normal,231701,hybrid,precision,0,not estimable,not estimable,not estimable,not estimable
6,Normal,231701,hybrid,recall,0,not estimable,not estimable,not estimable,not estimable
6,Normal,231701,hybrid,f1,0,not estimable,not estimable,not estimable,not estimable
6,Normal,231701,hybrid,balanced_accuracy,0,not estimable,not estimable,not estimable,not estimable
6,Normal,231701,hybrid,mcc,0,not estimable,not estimable,not estimable,not estimable
6,Normal,231701,hybrid,roc_auc,0,not estimable,not estimable,not estimable,not estimable
6,Normal,231701,hybrid,pr_auc_benign,0,not estimable,not estimable,not estimable,not estimable
6,Normal,231701,hybrid,pr_auc_ddos,0,not estimable,not estimable,not estimable,not estimable
6,Normal,231701,mlp,accuracy,10,1.0,0.0,1.0,1.0
6,Normal,231701,mlp,precision,0,not estimable,not estimable,not estimable,not estimable
6,Normal,231701,mlp,recall,0,not estimable,not estimable,not estimable,not estimable
6,Normal,231701,mlp,f1,0,not estimable,not estimable,not estimable,not estimable
6,Normal,231701,mlp,balanced_accuracy,0,not estimable,not estimable,not estimable,not estimable
6,Normal,231701,mlp,mcc,0,not estimable,not estimable,not estimable,not estimable
6,Normal,231701,mlp,roc_auc,0,not estimable,not estimable,not estimable,not estimable
6,Normal,231701,mlp,pr_auc_benign,0,not estimable,not estimable,not estimable,not estimable
6,Normal,231701,mlp,pr_auc_ddos,0,not estimable,not estimable,not estimable,not estimable
6,Normal,231701,rf,accuracy,10,1.0,0.0,1.0,1.0
6,Normal,231701,rf,precision,0,not estimable,not estimable,not estimable,not estimable
6,Normal,231701,rf,recall,0,not estimable,not estimable,not estimable,not estimable
6,Normal,231701,rf,f1,0,not estimable,not estimable,not estimable,not estimable
6,Normal,231701,rf,balanced_accuracy,0,not estimable,not estimable,not estimable,not estimable
6,Normal,231701,rf,mcc,0,not estimable,not estimable,not estimable,not estimable
6,Normal,231701,rf,roc_auc,0,not estimable,not estimable,not estimable,not estimable
6,Normal,231701,rf,pr_auc_benign,0,not estimable,not estimable,not estimable,not estimable
6,Normal,231701,rf,pr_auc_ddos,0,not estimable,not estimable,not estimable,not estimable
6,Normal,231701,xgboost,accuracy,10,1.0,0.0,1.0,1.0
6,Normal,231701,xgboost,precision,0,not estimable,not estimable,not estimable,not estimable
6,Normal,231701,xgboost,recall,0,not estimable,not estimable,not estimable,not estimable
6,Normal,231701,xgboost,f1,0,not estimable,not estimable,not estimable,not estimable
6,Normal,231701,xgboost,balanced_accuracy,0,not estimable,not estimable,not estimable,not estimable
6,Normal,231701,xgboost,mcc,0,not estimable,not estimable,not estimable,not estimable
6,Normal,231701,xgboost,roc_auc,0,not estimable,not estimable,not estimable,not estimable
6,Normal,231701,xgboost,pr_auc_benign,0,not estimable,not estimable,not estimable,not estimable
6,Normal,231701,xgboost,pr_auc_ddos,0,not estimable,not estimable,not estimable,not estimable
6,Normal,257053,hybrid,accuracy,10,1.0,0.0,1.0,1.0
6,Normal,257053,hybrid,precision,0,not estimable,not estimable,not estimable,not estimable
6,Normal,257053,hybrid,recall,0,not estimable,not estimable,not estimable,not estimable
6,Normal,257053,hybrid,f1,0,not estimable,not estimable,not estimable,not estimable
6,Normal,257053,hybrid,balanced_accuracy,0,not estimable,not estimable,not estimable,not estimable
6,Normal,257053,hybrid,mcc,0,not estimable,not estimable,not estimable,not estimable
6,Normal,257053,hybrid,roc_auc,0,not estimable,not estimable,not estimable,not estimable
6,Normal,257053,hybrid,pr_auc_benign,0,not estimable,not estimable,not estimable,not estimable
6,Normal,257053,hybrid,pr_auc_ddos,0,not estimable,not estimable,not estimable,not estimable
6,Normal,257053,mlp,accuracy,10,0.9940000000000001,0.009660917830792967,0.9870889957115565,1.0009110042884437
6,Normal,257053,mlp,precision,3,0.0,0.0,0.0,0.0
6,Normal,257053,mlp,recall,0,not estimable,not estimable,not estimable,not estimable
6,Normal,257053,mlp,f1,3,0.0,0.0,0.0,0.0
6,Normal,257053,mlp,balanced_accuracy,0,not estimable,not estimable,not estimable,not estimable
6,Normal,257053,mlp,mcc,0,not estimable,not estimable,not estimable,not estimable
6,Normal,257053,mlp,roc_auc,0,not estimable,not estimable,not estimable,not estimable
6,Normal,257053,mlp,pr_auc_benign,0,not estimable,not estimable,not estimable,not estimable
6,Normal,257053,mlp,pr_auc_ddos,0,not estimable,not estimable,not estimable,not estimable
6,Normal,257053,rf,accuracy,10,1.0,0.0,1.0,1.0
6,Normal,257053,rf,precision,0,not estimable,not estimable,not estimable,not estimable
6,Normal,257053,rf,recall,0,not estimable,not estimable,not estimable,not estimable
6,Normal,257053,rf,f1,0,not estimable,not estimable,not estimable,not estimable
6,Normal,257053,rf,balanced_accuracy,0,not estimable,not estimable,not estimable,not estimable
6,Normal,257053,rf,mcc,0,not estimable,not estimable,not estimable,not estimable
6,Normal,257053,rf,roc_auc,0,not estimable,not estimable,not estimable,not estimable
6,Normal,257053,rf,pr_auc_benign,0,not estimable,not estimable,not estimable,not estimable
6,Normal,257053,rf,pr_auc_ddos,0,not estimable,not estimable,not estimable,not estimable
6,Normal,257053,xgboost,accuracy,10,1.0,0.0,1.0,1.0
6,Normal,257053,xgboost,precision,0,not estimable,not estimable,not estimable,not estimable
6,Normal,257053,xgboost,recall,0,not estimable,not estimable,not estimable,not estimable
6,Normal,257053,xgboost,f1,0,not estimable,not estimable,not estimable,not estimable
6,Normal,257053,xgboost,balanced_accuracy,0,not estimable,not estimable,not estimable,not estimable
6,Normal,257053,xgboost,mcc,0,not estimable,not estimable,not estimable,not estimable
6,Normal,257053,xgboost,roc_auc,0,not estimable,not estimable,not estimable,not estimable
6,Normal,257053,xgboost,pr_auc_benign,0,not estimable,not estimable,not estimable,not estimable
6,Normal,257053,xgboost,pr_auc_ddos,0,not estimable,not estimable,not estimable,not estimable
6,Normal,282427,hybrid,accuracy,10,1.0,0.0,1.0,1.0
6,Normal,282427,hybrid,precision,0,not estimable,not estimable,not estimable,not estimable
6,Normal,282427,hybrid,recall,0,not estimable,not estimable,not estimable,not estimable
6,Normal,282427,hybrid,f1,0,not estimable,not estimable,not estimable,not estimable
6,Normal,282427,hybrid,balanced_accuracy,0,not estimable,not estimable,not estimable,not estimable
6,Normal,282427,hybrid,mcc,0,not estimable,not estimable,not estimable,not estimable
6,Normal,282427,hybrid,roc_auc,0,not estimable,not estimable,not estimable,not estimable
6,Normal,282427,hybrid,pr_auc_benign,0,not estimable,not estimable,not estimable,not estimable
6,Normal,282427,hybrid,pr_auc_ddos,0,not estimable,not estimable,not estimable,not estimable
6,Normal,282427,mlp,accuracy,10,1.0,0.0,1.0,1.0
6,Normal,282427,mlp,precision,0,not estimable,not estimable,not estimable,not estimable
6,Normal,282427,mlp,recall,0,not estimable,not estimable,not estimable,not estimable
6,Normal,282427,mlp,f1,0,not estimable,not estimable,not estimable,not estimable
6,Normal,282427,mlp,balanced_accuracy,0,not estimable,not estimable,not estimable,not estimable
6,Normal,282427,mlp,mcc,0,not estimable,not estimable,not estimable,not estimable
6,Normal,282427,mlp,roc_auc,0,not estimable,not estimable,not estimable,not estimable
6,Normal,282427,mlp,pr_auc_benign,0,not estimable,not estimable,not estimable,not estimable
6,Normal,282427,mlp,pr_auc_ddos,0,not estimable,not estimable,not estimable,not estimable
6,Normal,282427,rf,accuracy,10,1.0,0.0,1.0,1.0
6,Normal,282427,rf,precision,0,not estimable,not estimable,not estimable,not estimable
6,Normal,282427,rf,recall,0,not estimable,not estimable,not estimable,not estimable
6,Normal,282427,rf,f1,0,not estimable,not estimable,not estimable,not estimable
6,Normal,282427,rf,balanced_accuracy,0,not estimable,not estimable,not estimable,not estimable
6,Normal,282427,rf,mcc,0,not estimable,not estimable,not estimable,not estimable
6,Normal,282427,rf,roc_auc,0,not estimable,not estimable,not estimable,not estimable
6,Normal,282427,rf,pr_auc_benign,0,not estimable,not estimable,not estimable,not estimable
6,Normal,282427,rf,pr_auc_ddos,0,not estimable,not estimable,not estimable,not estimable
6,Normal,282427,xgboost,accuracy,10,1.0,0.0,1.0,1.0
6,Normal,282427,xgboost,precision,0,not estimable,not estimable,not estimable,not estimable
6,Normal,282427,xgboost,recall,0,not estimable,not estimable,not estimable,not estimable
6,Normal,282427,xgboost,f1,0,not estimable,not estimable,not estimable,not estimable
6,Normal,282427,xgboost,balanced_accuracy,0,not estimable,not estimable,not estimable,not estimable
6,Normal,282427,xgboost,mcc,0,not estimable,not estimable,not estimable,not estimable
6,Normal,282427,xgboost,roc_auc,0,not estimable,not estimable,not estimable,not estimable
6,Normal,282427,xgboost,pr_auc_benign,0,not estimable,not estimable,not estimable,not estimable
6,Normal,282427,xgboost,pr_auc_ddos,0,not estimable,not estimable,not estimable,not estimable
6,Normal,307759,hybrid,accuracy,10,1.0,0.0,1.0,1.0
6,Normal,307759,hybrid,precision,0,not estimable,not estimable,not estimable,not estimable
6,Normal,307759,hybrid,recall,0,not estimable,not estimable,not estimable,not estimable
6,Normal,307759,hybrid,f1,0,not estimable,not estimable,not estimable,not estimable
6,Normal,307759,hybrid,balanced_accuracy,0,not estimable,not estimable,not estimable,not estimable
6,Normal,307759,hybrid,mcc,0,not estimable,not estimable,not estimable,not estimable
6,Normal,307759,hybrid,roc_auc,0,not estimable,not estimable,not estimable,not estimable
6,Normal,307759,hybrid,pr_auc_benign,0,not estimable,not estimable,not estimable,not estimable
6,Normal,307759,hybrid,pr_auc_ddos,0,not estimable,not estimable,not estimable,not estimable
6,Normal,307759,mlp,accuracy,10,1.0,0.0,1.0,1.0
6,Normal,307759,mlp,precision,0,not estimable,not estimable,not estimable,not estimable
6,Normal,307759,mlp,recall,0,not estimable,not estimable,not estimable,not estimable
6,Normal,307759,mlp,f1,0,not estimable,not estimable,not estimable,not estimable
6,Normal,307759,mlp,balanced_accuracy,0,not estimable,not estimable,not estimable,not estimable
6,Normal,307759,mlp,mcc,0,not estimable,not estimable,not estimable,not estimable
6,Normal,307759,mlp,roc_auc,0,not estimable,not estimable,not estimable,not estimable
6,Normal,307759,mlp,pr_auc_benign,0,not estimable,not estimable,not estimable,not estimable
6,Normal,307759,mlp,pr_auc_ddos,0,not estimable,not estimable,not estimable,not estimable
6,Normal,307759,rf,accuracy,10,1.0,0.0,1.0,1.0
6,Normal,307759,rf,precision,0,not estimable,not estimable,not estimable,not estimable
6,Normal,307759,rf,recall,0,not estimable,not estimable,not estimable,not estimable
6,Normal,307759,rf,f1,0,not estimable,not estimable,not estimable,not estimable
6,Normal,307759,rf,balanced_accuracy,0,not estimable,not estimable,not estimable,not estimable
6,Normal,307759,rf,mcc,0,not estimable,not estimable,not estimable,not estimable
6,Normal,307759,rf,roc_auc,0,not estimable,not estimable,not estimable,not estimable
6,Normal,307759,rf,pr_auc_benign,0,not estimable,not estimable,not estimable,not estimable
6,Normal,307759,rf,pr_auc_ddos,0,not estimable,not estimable,not estimable,not estimable
6,Normal,307759,xgboost,accuracy,10,1.0,0.0,1.0,1.0
6,Normal,307759,xgboost,precision,0,not estimable,not estimable,not estimable,not estimable
6,Normal,307759,xgboost,recall,0,not estimable,not estimable,not estimable,not estimable
6,Normal,307759,xgboost,f1,0,not estimable,not estimable,not estimable,not estimable
6,Normal,307759,xgboost,balanced_accuracy,0,not estimable,not estimable,not estimable,not estimable
6,Normal,307759,xgboost,mcc,0,not estimable,not estimable,not estimable,not estimable
6,Normal,307759,xgboost,roc_auc,0,not estimable,not estimable,not estimable,not estimable
6,Normal,307759,xgboost,pr_auc_benign,0,not estimable,not estimable,not estimable,not estimable
6,Normal,307759,xgboost,pr_auc_ddos,0,not estimable,not estimable,not estimable,not estimable
6,Normal,333019,hybrid,accuracy,10,1.0,0.0,1.0,1.0
6,Normal,333019,hybrid,precision,0,not estimable,not estimable,not estimable,not estimable
6,Normal,333019,hybrid,recall,0,not estimable,not estimable,not estimable,not estimable
6,Normal,333019,hybrid,f1,0,not estimable,not estimable,not estimable,not estimable
6,Normal,333019,hybrid,balanced_accuracy,0,not estimable,not estimable,not estimable,not estimable
6,Normal,333019,hybrid,mcc,0,not estimable,not estimable,not estimable,not estimable
6,Normal,333019,hybrid,roc_auc,0,not estimable,not estimable,not estimable,not estimable
6,Normal,333019,hybrid,pr_auc_benign,0,not estimable,not estimable,not estimable,not estimable
6,Normal,333019,hybrid,pr_auc_ddos,0,not estimable,not estimable,not estimable,not estimable
6,Normal,333019,mlp,accuracy,10,1.0,0.0,1.0,1.0
6,Normal,333019,mlp,precision,0,not estimable,not estimable,not estimable,not estimable
6,Normal,333019,mlp,recall,0,not estimable,not estimable,not estimable,not estimable
6,Normal,333019,mlp,f1,0,not estimable,not estimable,not estimable,not estimable
6,Normal,333019,mlp,balanced_accuracy,0,not estimable,not estimable,not estimable,not estimable
6,Normal,333019,mlp,mcc,0,not estimable,not estimable,not estimable,not estimable
6,Normal,333019,mlp,roc_auc,0,not estimable,not estimable,not estimable,not estimable
6,Normal,333019,mlp,pr_auc_benign,0,not estimable,not estimable,not estimable,not estimable
6,Normal,333019,mlp,pr_auc_ddos,0,not estimable,not estimable,not estimable,not estimable
6,Normal,333019,rf,accuracy,10,1.0,0.0,1.0,1.0
6,Normal,333019,rf,precision,0,not estimable,not estimable,not estimable,not estimable
6,Normal,333019,rf,recall,0,not estimable,not estimable,not estimable,not estimable
6,Normal,333019,rf,f1,0,not estimable,not estimable,not estimable,not estimable
6,Normal,333019,rf,balanced_accuracy,0,not estimable,not estimable,not estimable,not estimable
6,Normal,333019,rf,mcc,0,not estimable,not estimable,not estimable,not estimable
6,Normal,333019,rf,roc_auc,0,not estimable,not estimable,not estimable,not estimable
6,Normal,333019,rf,pr_auc_benign,0,not estimable,not estimable,not estimable,not estimable
6,Normal,333019,rf,pr_auc_ddos,0,not estimable,not estimable,not estimable,not estimable
6,Normal,333019,xgboost,accuracy,10,1.0,0.0,1.0,1.0
6,Normal,333019,xgboost,precision,0,not estimable,not estimable,not estimable,not estimable
6,Normal,333019,xgboost,recall,0,not estimable,not estimable,not estimable,not estimable
6,Normal,333019,xgboost,f1,0,not estimable,not estimable,not estimable,not estimable
6,Normal,333019,xgboost,balanced_accuracy,0,not estimable,not estimable,not estimable,not estimable
6,Normal,333019,xgboost,mcc,0,not estimable,not estimable,not estimable,not estimable
6,Normal,333019,xgboost,roc_auc,0,not estimable,not estimable,not estimable,not estimable
6,Normal,333019,xgboost,pr_auc_benign,0,not estimable,not estimable,not estimable,not estimable
6,Normal,333019,xgboost,pr_auc_ddos,0,not estimable,not estimable,not estimable,not estimable
6,SYNFlood,104729,hybrid,accuracy,10,0.058823529411764705,0.0,0.058823529411764705,0.058823529411764705
6,SYNFlood,104729,hybrid,precision,0,not estimable,not estimable,not estimable,not estimable
6,SYNFlood,104729,hybrid,recall,10,0.0,0.0,0.0,0.0
6,SYNFlood,104729,hybrid,f1,10,0.0,0.0,0.0,0.0
6,SYNFlood,104729,hybrid,balanced_accuracy,10,0.5,0.0,0.5,0.5
6,SYNFlood,104729,hybrid,mcc,0,not estimable,not estimable,not estimable,not estimable
6,SYNFlood,104729,hybrid,roc_auc,10,0.499375,0.0008838834764831786,0.49874270785100877,0.5000072921489912
6,SYNFlood,104729,hybrid,pr_auc_benign,10,0.05877821865415785,9.572980209690829e-05,0.05870973767911893,0.05884669962919677
6,SYNFlood,104729,hybrid,pr_auc_ddos,10,0.9694795442808747,0.001768500535064032,0.9682144352098726,0.9707446533518768
6,SYNFlood,104729,mlp,accuracy,10,0.058823529411764705,0.0,0.058823529411764705,0.058823529411764705
6,SYNFlood,104729,mlp,precision,0,not estimable,not estimable,not estimable,not estimable
6,SYNFlood,104729,mlp,recall,10,0.0,0.0,0.0,0.0
6,SYNFlood,104729,mlp,f1,10,0.0,0.0,0.0,0.0
6,SYNFlood,104729,mlp,balanced_accuracy,10,0.5,0.0,0.5,0.5
6,SYNFlood,104729,mlp,mcc,0,not estimable,not estimable,not estimable,not estimable
6,SYNFlood,104729,mlp,roc_auc,10,1.0,0.0,1.0,1.0
6,SYNFlood,104729,mlp,pr_auc_benign,10,1.0,0.0,1.0,1.0
6,SYNFlood,104729,mlp,pr_auc_ddos,10,1.0,1.1702778228589004e-16,0.9999999999999999,1.0
6,SYNFlood,104729,rf,accuracy,10,0.058823529411764705,0.0,0.058823529411764705,0.058823529411764705
6,SYNFlood,104729,rf,precision,0,not estimable,not estimable,not estimable,not estimable
6,SYNFlood,104729,rf,recall,10,0.0,0.0,0.0,0.0
6,SYNFlood,104729,rf,f1,10,0.0,0.0,0.0,0.0
6,SYNFlood,104729,rf,balanced_accuracy,10,0.5,0.0,0.5,0.5
6,SYNFlood,104729,rf,mcc,0,not estimable,not estimable,not estimable,not estimable
6,SYNFlood,104729,rf,roc_auc,10,0.0,0.0,0.0,0.0
6,SYNFlood,104729,rf,pr_auc_benign,10,0.058823529411764705,0.0,0.058823529411764705,0.058823529411764705
6,SYNFlood,104729,rf,pr_auc_ddos,10,0.9114286365684048,0.0022823525939823838,0.9097959398783991,0.9130613332584104
6,SYNFlood,104729,xgboost,accuracy,10,0.058823529411764705,0.0,0.058823529411764705,0.058823529411764705
6,SYNFlood,104729,xgboost,precision,0,not estimable,not estimable,not estimable,not estimable
6,SYNFlood,104729,xgboost,recall,10,0.0,0.0,0.0,0.0
6,SYNFlood,104729,xgboost,f1,10,0.0,0.0,0.0,0.0
6,SYNFlood,104729,xgboost,balanced_accuracy,10,0.5,0.0,0.5,0.5
6,SYNFlood,104729,xgboost,mcc,0,not estimable,not estimable,not estimable,not estimable
6,SYNFlood,104729,xgboost,roc_auc,10,0.0,0.0,0.0,0.0
6,SYNFlood,104729,xgboost,pr_auc_benign,10,0.044551030326177396,0.001203256507390863,0.04369027247393993,0.04541178817841486
6,SYNFlood,104729,xgboost,pr_auc_ddos,10,0.8876967548340732,0.00022086215599095813,0.8875387595655135,0.8878547501026328
6,SYNFlood,130363,hybrid,accuracy,10,0.058823529411764705,0.0,0.058823529411764705,0.058823529411764705
6,SYNFlood,130363,hybrid,precision,0,not estimable,not estimable,not estimable,not estimable
6,SYNFlood,130363,hybrid,recall,10,0.0,0.0,0.0,0.0
6,SYNFlood,130363,hybrid,f1,10,0.0,0.0,0.0,0.0
6,SYNFlood,130363,hybrid,balanced_accuracy,10,0.5,0.0,0.5,0.5
6,SYNFlood,130363,hybrid,mcc,0,not estimable,not estimable,not estimable,not estimable
6,SYNFlood,130363,hybrid,roc_auc,10,0.5,0.0,0.5,0.5
6,SYNFlood,130363,hybrid,pr_auc_benign,10,0.05884595137542516,0.0,0.05884595137542516,0.05884595137542516
6,SYNFlood,130363,hybrid,pr_auc_ddos,10,0.9695490196582565,0.0017625519259477417,0.9682881659658666,0.9708098733506463
6,SYNFlood,130363,mlp,accuracy,10,0.5294117647058824,0.0,0.5294117647058824,0.5294117647058824
6,SYNFlood,130363,mlp,precision,10,1.0,0.0,1.0,1.0
6,SYNFlood,130363,mlp,recall,10,0.5,0.0,0.5,0.5
6,SYNFlood,130363,mlp,f1,10,0.6666666666666667,1.1702778228589004e-16,0.6666666666666666,0.6666666666666669
6,SYNFlood,130363,mlp,balanced_accuracy,10,0.75,0.0,0.75,0.75
6,SYNFlood,130363,mlp,mcc,10,0.23570226039551584,2.925694557147251e-17,0.2357022603955158,0.23570226039551587
6,SYNFlood,130363,mlp,roc_auc,10,1.0,0.0,1.0,1.0
6,SYNFlood,130363,mlp,pr_auc_benign,10,1.0,0.0,1.0,1.0
6,SYNFlood,130363,mlp,pr_auc_ddos,10,0.9999999999999998,1.4332917616497527e-16,0.9999999999999997,0.9999999999999999
6,SYNFlood,130363,rf,accuracy,10,0.058823529411764705,0.0,0.058823529411764705,0.058823529411764705
6,SYNFlood,130363,rf,precision,0,not estimable,not estimable,not estimable,not estimable
6,SYNFlood,130363,rf,recall,10,0.0,0.0,0.0,0.0
6,SYNFlood,130363,rf,f1,10,0.0,0.0,0.0,0.0
6,SYNFlood,130363,rf,balanced_accuracy,10,0.5,0.0,0.5,0.5
6,SYNFlood,130363,rf,mcc,0,not estimable,not estimable,not estimable,not estimable
6,SYNFlood,130363,rf,roc_auc,10,0.0,0.0,0.0,0.0
6,SYNFlood,130363,rf,pr_auc_benign,10,0.04738546618649324,0.001405994314161573,0.046379678444077414,0.04839125392890906
6,SYNFlood,130363,rf,pr_auc_ddos,10,0.9116605777788372,0.0020852509540675887,0.9101688791081263,0.9131522764495482
6,SYNFlood,130363,xgboost,accuracy,10,0.058823529411764705,0.0,0.058823529411764705,0.058823529411764705
6,SYNFlood,130363,xgboost,precision,0,not estimable,not estimable,not estimable,not estimable
6,SYNFlood,130363,xgboost,recall,10,0.0,0.0,0.0,0.0
6,SYNFlood,130363,xgboost,f1,10,0.0,0.0,0.0,0.0
6,SYNFlood,130363,xgboost,balanced_accuracy,10,0.5,0.0,0.5,0.5
6,SYNFlood,130363,xgboost,mcc,0,not estimable,not estimable,not estimable,not estimable
6,SYNFlood,130363,xgboost,roc_auc,10,0.0,0.0,0.0,0.0
6,SYNFlood,130363,xgboost,pr_auc_benign,10,0.03931161866422019,0.0009299605271110153,0.03864636497885477,0.039976872349585614
6,SYNFlood,130363,xgboost,pr_auc_ddos,10,0.9148642287073878,7.622889782019264e-05,0.9148096978388962,0.9149187595758794
6,SYNFlood,155921,hybrid,accuracy,10,0.058823529411764705,0.0,0.058823529411764705,0.058823529411764705
6,SYNFlood,155921,hybrid,precision,0,not estimable,not estimable,not estimable,not estimable
6,SYNFlood,155921,hybrid,recall,10,0.0,0.0,0.0,0.0
6,SYNFlood,155921,hybrid,f1,10,0.0,0.0,0.0,0.0
6,SYNFlood,155921,hybrid,balanced_accuracy,10,0.5,0.0,0.5,0.5
6,SYNFlood,155921,hybrid,mcc,0,not estimable,not estimable,not estimable,not estimable
6,SYNFlood,155921,hybrid,roc_auc,10,0.5,0.0,0.5,0.5
6,SYNFlood,155921,hybrid,pr_auc_benign,10,0.08260641782716141,0.0023213699421063333,0.0809458098077219,0.08426702584660092
6,SYNFlood,155921,hybrid,pr_auc_ddos,10,0.9695490196582565,0.001762551925947745,0.9682881659658666,0.9708098733506463
6,SYNFlood,155921,mlp,accuracy,10,0.058823529411764705,0.0,0.058823529411764705,0.058823529411764705
6,SYNFlood,155921,mlp,precision,0,not estimable,not estimable,not estimable,not estimable
6,SYNFlood,155921,mlp,recall,10,0.0,0.0,0.0,0.0
6,SYNFlood,155921,mlp,f1,10,0.0,0.0,0.0,0.0
6,SYNFlood,155921,mlp,balanced_accuracy,10,0.5,0.0,0.5,0.5
6,SYNFlood,155921,mlp,mcc,0,not estimable,not estimable,not estimable,not estimable
6,SYNFlood,155921,mlp,roc_auc,10,1.0,0.0,1.0,1.0
6,SYNFlood,155921,mlp,pr_auc_benign,10,1.0,0.0,1.0,1.0
6,SYNFlood,155921,mlp,pr_auc_ddos,10,1.0,1.1702778228589004e-16,0.9999999999999999,1.0
6,SYNFlood,155921,rf,accuracy,10,0.058823529411764705,0.0,0.058823529411764705,0.058823529411764705
6,SYNFlood,155921,rf,precision,0,not estimable,not estimable,not estimable,not estimable
6,SYNFlood,155921,rf,recall,10,0.0,0.0,0.0,0.0
6,SYNFlood,155921,rf,f1,10,0.0,0.0,0.0,0.0
6,SYNFlood,155921,rf,balanced_accuracy,10,0.5,0.0,0.5,0.5
6,SYNFlood,155921,rf,mcc,0,not estimable,not estimable,not estimable,not estimable
6,SYNFlood,155921,rf,roc_auc,10,0.0,0.0,0.0,0.0
6,SYNFlood,155921,rf,pr_auc_benign,10,0.05659613435449562,0.00111866246805811,0.05579589143250029,0.05739637727649095
6,SYNFlood,155921,rf,pr_auc_ddos,10,0.8989940701750418,0.0007181291053969395,0.898480351560105,0.8995077887899787
6,SYNFlood,155921,xgboost,accuracy,10,0.058823529411764705,0.0,0.058823529411764705,0.058823529411764705
6,SYNFlood,155921,xgboost,precision,0,not estimable,not estimable,not estimable,not estimable
6,SYNFlood,155921,xgboost,recall,10,0.0,0.0,0.0,0.0
6,SYNFlood,155921,xgboost,f1,10,0.0,0.0,0.0,0.0
6,SYNFlood,155921,xgboost,balanced_accuracy,10,0.5,0.0,0.5,0.5
6,SYNFlood,155921,xgboost,mcc,0,not estimable,not estimable,not estimable,not estimable
6,SYNFlood,155921,xgboost,roc_auc,10,0.0,0.0,0.0,0.0
6,SYNFlood,155921,xgboost,pr_auc_benign,10,0.044551030326177396,0.001203256507390863,0.04369027247393993,0.04541178817841486
6,SYNFlood,155921,xgboost,pr_auc_ddos,10,0.8876967548340732,0.00022086215599095813,0.8875387595655135,0.8878547501026328
6,SYNFlood,181081,hybrid,accuracy,10,0.058823529411764705,0.0,0.058823529411764705,0.058823529411764705
6,SYNFlood,181081,hybrid,precision,0,not estimable,not estimable,not estimable,not estimable
6,SYNFlood,181081,hybrid,recall,10,0.0,0.0,0.0,0.0
6,SYNFlood,181081,hybrid,f1,10,0.0,0.0,0.0,0.0
6,SYNFlood,181081,hybrid,balanced_accuracy,10,0.5,0.0,0.5,0.5
6,SYNFlood,181081,hybrid,mcc,0,not estimable,not estimable,not estimable,not estimable
6,SYNFlood,181081,hybrid,roc_auc,10,0.00075,0.0008740073734751264,0.0001247727894998381,0.001375227210500162
6,SYNFlood,181081,hybrid,pr_auc_benign,10,0.04349247516265816,0.0012699520203944216,0.04258400621459517,0.04440094411072115
6,SYNFlood,181081,hybrid,pr_auc_ddos,10,0.883672563771497,0.0014145959640509283,0.88266062277943,0.8846845047635641
6,SYNFlood,181081,mlp,accuracy,10,0.058823529411764705,0.0,0.058823529411764705,0.058823529411764705
6,SYNFlood,181081,mlp,precision,0,not estimable,not estimable,not estimable,not estimable
6,SYNFlood,181081,mlp,recall,10,0.0,0.0,0.0,0.0
6,SYNFlood,181081,mlp,f1,10,0.0,0.0,0.0,0.0
6,SYNFlood,181081,mlp,balanced_accuracy,10,0.5,0.0,0.5,0.5
6,SYNFlood,181081,mlp,mcc,0,not estimable,not estimable,not estimable,not estimable
6,SYNFlood,181081,mlp,roc_auc,10,1.0,0.0,1.0,1.0
6,SYNFlood,181081,mlp,pr_auc_benign,10,1.0,0.0,1.0,1.0
6,SYNFlood,181081,mlp,pr_auc_ddos,10,0.9999999999999998,1.4332917616497527e-16,0.9999999999999997,0.9999999999999999
6,SYNFlood,181081,rf,accuracy,10,0.058823529411764705,0.0,0.058823529411764705,0.058823529411764705
6,SYNFlood,181081,rf,precision,0,not estimable,not estimable,not estimable,not estimable
6,SYNFlood,181081,rf,recall,10,0.0,0.0,0.0,0.0
6,SYNFlood,181081,rf,f1,10,0.0,0.0,0.0,0.0
6,SYNFlood,181081,rf,balanced_accuracy,10,0.5,0.0,0.5,0.5
6,SYNFlood,181081,rf,mcc,0,not estimable,not estimable,not estimable,not estimable
6,SYNFlood,181081,rf,roc_auc,10,0.0,0.0,0.0,0.0
6,SYNFlood,181081,rf,pr_auc_benign,10,0.05670033999434874,0.0010548523352512363,0.05594574409152884,0.05745493589716864
6,SYNFlood,181081,rf,pr_auc_ddos,10,0.8964832002699648,0.0021396427685822102,0.8949525920391115,0.898013808500818
6,SYNFlood,181081,xgboost,accuracy,10,0.058823529411764705,0.0,0.058823529411764705,0.058823529411764705
6,SYNFlood,181081,xgboost,precision,0,not estimable,not estimable,not estimable,not estimable
6,SYNFlood,181081,xgboost,recall,10,0.0,0.0,0.0,0.0
6,SYNFlood,181081,xgboost,f1,10,0.0,0.0,0.0,0.0
6,SYNFlood,181081,xgboost,balanced_accuracy,10,0.5,0.0,0.5,0.5
6,SYNFlood,181081,xgboost,mcc,0,not estimable,not estimable,not estimable,not estimable
6,SYNFlood,181081,xgboost,roc_auc,10,0.0,0.0,0.0,0.0
6,SYNFlood,181081,xgboost,pr_auc_benign,10,0.044551030326177396,0.001203256507390863,0.04369027247393993,0.04541178817841486
6,SYNFlood,181081,xgboost,pr_auc_ddos,10,0.8876967548340732,0.00022086215599095813,0.8875387595655135,0.8878547501026328
6,SYNFlood,206369,hybrid,accuracy,10,0.058823529411764705,0.0,0.058823529411764705,0.058823529411764705
6,SYNFlood,206369,hybrid,precision,0,not estimable,not estimable,not estimable,not estimable
6,SYNFlood,206369,hybrid,recall,10,0.0,0.0,0.0,0.0
6,SYNFlood,206369,hybrid,f1,10,0.0,0.0,0.0,0.0
6,SYNFlood,206369,hybrid,balanced_accuracy,10,0.5,0.0,0.5,0.5
6,SYNFlood,206369,hybrid,mcc,0,not estimable,not estimable,not estimable,not estimable
6,SYNFlood,206369,hybrid,roc_auc,10,0.5,0.0,0.5,0.5
6,SYNFlood,206369,hybrid,pr_auc_benign,10,0.06801711874469067,0.0012870375887118182,0.06709642751733909,0.06893780997204225
6,SYNFlood,206369,hybrid,pr_auc_ddos,10,0.9695490196582565,0.0017625519259477475,0.9682881659658666,0.9708098733506463
6,SYNFlood,206369,mlp,accuracy,10,0.5288235294117647,0.0008318903308077053,0.5282284309185965,0.5294186279049329
6,SYNFlood,206369,mlp,precision,10,1.0,0.0,1.0,1.0
6,SYNFlood,206369,mlp,recall,10,0.499375,0.0008838834764831786,0.49874270785100877,0.5000072921489912
6,SYNFlood,206369,mlp,f1,10,0.666110462112974,0.0007867671522367082,0.6655476427972167,0.6666732814287313
6,SYNFlood,206369,mlp,balanced_accuracy,10,0.7496875000000001,0.0004419417382415828,0.7493713539255045,0.7500036460744957
6,SYNFlood,206369,mlp,mcc,10,0.23542440506442244,0.000392838319424536,0.23514338545968524,0.23570542466915964
6,SYNFlood,206369,mlp,roc_auc,10,1.0,0.0,1.0,1.0
6,SYNFlood,206369,mlp,pr_auc_benign,10,1.0,5.233641528945917e-17,1.0,1.0
6,SYNFlood,206369,mlp,pr_auc_ddos,10,1.0,1.1702778228589004e-16,0.9999999999999999,1.0
6,SYNFlood,206369,rf,accuracy,10,0.058823529411764705,0.0,0.058823529411764705,0.058823529411764705
6,SYNFlood,206369,rf,precision,0,not estimable,not estimable,not estimable,not estimable
6,SYNFlood,206369,rf,recall,10,0.0,0.0,0.0,0.0
6,SYNFlood,206369,rf,f1,10,0.0,0.0,0.0,0.0
6,SYNFlood,206369,rf,balanced_accuracy,10,0.5,0.0,0.5,0.5
6,SYNFlood,206369,rf,mcc,0,not estimable,not estimable,not estimable,not estimable
6,SYNFlood,206369,rf,roc_auc,10,0.0,0.0,0.0,0.0
6,SYNFlood,206369,rf,pr_auc_benign,10,0.05848306017653963,0.0007632992030596174,0.057937028820295534,0.05902909153278372
6,SYNFlood,206369,rf,pr_auc_ddos,10,0.9147413129296819,0.00042613108259194604,0.9144364771168935,0.9150461487424703
6,SYNFlood,206369,xgboost,accuracy,10,0.058823529411764705,0.0,0.058823529411764705,0.058823529411764705
6,SYNFlood,206369,xgboost,precision,0,not estimable,not estimable,not estimable,not estimable
6,SYNFlood,206369,xgboost,recall,10,0.0,0.0,0.0,0.0
6,SYNFlood,206369,xgboost,f1,10,0.0,0.0,0.0,0.0
6,SYNFlood,206369,xgboost,balanced_accuracy,10,0.5,0.0,0.5,0.5
6,SYNFlood,206369,xgboost,mcc,0,not estimable,not estimable,not estimable,not estimable
6,SYNFlood,206369,xgboost,roc_auc,10,0.0,0.0,0.0,0.0
6,SYNFlood,206369,xgboost,pr_auc_benign,10,0.044551030326177396,0.001203256507390863,0.04369027247393993,0.04541178817841486
6,SYNFlood,206369,xgboost,pr_auc_ddos,10,0.8876967548340732,0.00022086215599095813,0.8875387595655135,0.8878547501026328
6,SYNFlood,231701,hybrid,accuracy,10,0.058823529411764705,0.0,0.058823529411764705,0.058823529411764705
6,SYNFlood,231701,hybrid,precision,0,not estimable,not estimable,not estimable,not estimable
6,SYNFlood,231701,hybrid,recall,10,0.0,0.0,0.0,0.0
6,SYNFlood,231701,hybrid,f1,10,0.0,0.0,0.0,0.0
6,SYNFlood,231701,hybrid,balanced_accuracy,10,0.5,0.0,0.5,0.5
6,SYNFlood,231701,hybrid,mcc,0,not estimable,not estimable,not estimable,not estimable
6,SYNFlood,231701,hybrid,roc_auc,10,0.0,0.0,0.0,0.0
6,SYNFlood,231701,hybrid,pr_auc_benign,10,0.043461471739381446,0.0012685299152149915,0.0425540201040796,0.044368923374683296
6,SYNFlood,231701,hybrid,pr_auc_ddos,10,0.8979536679304789,0.0016912996765452734,0.8967437850267664,0.8991635508341914
6,SYNFlood,231701,mlp,accuracy,10,0.058823529411764705,0.0,0.058823529411764705,0.058823529411764705
6,SYNFlood,231701,mlp,precision,0,not estimable,not estimable,not estimable,not estimable
6,SYNFlood,231701,mlp,recall,10,0.0,0.0,0.0,0.0
6,SYNFlood,231701,mlp,f1,10,0.0,0.0,0.0,0.0
6,SYNFlood,231701,mlp,balanced_accuracy,10,0.5,0.0,0.5,0.5
6,SYNFlood,231701,mlp,mcc,0,not estimable,not estimable,not estimable,not estimable
6,SYNFlood,231701,mlp,roc_auc,10,1.0,0.0,1.0,1.0
6,SYNFlood,231701,mlp,pr_auc_benign,10,1.0,0.0,1.0,1.0
6,SYNFlood,231701,mlp,pr_auc_ddos,10,1.0,1.4332917616497527e-16,0.9999999999999999,1.0
6,SYNFlood,231701,rf,accuracy,10,0.058823529411764705,0.0,0.058823529411764705,0.058823529411764705
6,SYNFlood,231701,rf,precision,0,not estimable,not estimable,not estimable,not estimable
6,SYNFlood,231701,rf,recall,10,0.0,0.0,0.0,0.0
6,SYNFlood,231701,rf,f1,10,0.0,0.0,0.0,0.0
6,SYNFlood,231701,rf,balanced_accuracy,10,0.5,0.0,0.5,0.5
6,SYNFlood,231701,rf,mcc,0,not estimable,not estimable,not estimable,not estimable
6,SYNFlood,231701,rf,roc_auc,10,0.0,0.0,0.0,0.0
6,SYNFlood,231701,rf,pr_auc_benign,10,0.05670033999434874,0.0010548523352512363,0.05594574409152884,0.05745493589716864
6,SYNFlood,231701,rf,pr_auc_ddos,10,0.910656700956112,0.002112726793429539,0.9091453472539656,0.9121680546582583
6,SYNFlood,231701,xgboost,accuracy,10,0.058823529411764705,0.0,0.058823529411764705,0.058823529411764705
6,SYNFlood,231701,xgboost,precision,0,not estimable,not estimable,not estimable,not estimable
6,SYNFlood,231701,xgboost,recall,10,0.0,0.0,0.0,0.0
6,SYNFlood,231701,xgboost,f1,10,0.0,0.0,0.0,0.0
6,SYNFlood,231701,xgboost,balanced_accuracy,10,0.5,0.0,0.5,0.5
6,SYNFlood,231701,xgboost,mcc,0,not estimable,not estimable,not estimable,not estimable
6,SYNFlood,231701,xgboost,roc_auc,10,0.0,0.0,0.0,0.0
6,SYNFlood,231701,xgboost,pr_auc_benign,10,0.044551030326177396,0.001203256507390863,0.04369027247393993,0.04541178817841486
6,SYNFlood,231701,xgboost,pr_auc_ddos,10,0.8876967548340732,0.00022086215599095813,0.8875387595655135,0.8878547501026328
6,SYNFlood,257053,hybrid,accuracy,10,0.058823529411764705,0.0,0.058823529411764705,0.058823529411764705
6,SYNFlood,257053,hybrid,precision,0,not estimable,not estimable,not estimable,not estimable
6,SYNFlood,257053,hybrid,recall,10,0.0,0.0,0.0,0.0
6,SYNFlood,257053,hybrid,f1,10,0.0,0.0,0.0,0.0
6,SYNFlood,257053,hybrid,balanced_accuracy,10,0.5,0.0,0.5,0.5
6,SYNFlood,257053,hybrid,mcc,0,not estimable,not estimable,not estimable,not estimable
6,SYNFlood,257053,hybrid,roc_auc,10,0.0,0.0,0.0,0.0
6,SYNFlood,257053,hybrid,pr_auc_benign,10,0.030594048341956902,3.657118196434064e-18,0.0305940483419569,0.030594048341956906
6,SYNFlood,257053,hybrid,pr_auc_ddos,10,0.8829396263657655,0.0013140498635812745,0.8819996117210396,0.8838796410104914
6,SYNFlood,257053,mlp,accuracy,10,0.05847058823529412,0.0007940571267182966,0.05790255398594693,0.05903862248464131
6,SYNFlood,257053,mlp,precision,2,0.0,0.0,0.0,0.0
6,SYNFlood,257053,mlp,recall,10,0.0,0.0,0.0,0.0
6,SYNFlood,257053,mlp,f1,10,0.0,0.0,0.0,0.0
6,SYNFlood,257053,mlp,balanced_accuracy,10,0.497,0.006749485577105535,0.49217170888054884,0.5018282911194512
6,SYNFlood,257053,mlp,mcc,2,-0.16576840854118444,0.040289196325430994,-0.5277524757270564,0.19621565864468757
6,SYNFlood,257053,mlp,roc_auc,10,0.029230000000000006,0.014648581652994404,0.018751035951596363,0.03970896404840365
6,SYNFlood,257053,mlp,pr_auc_benign,10,0.030767991952818836,0.00012609397518205493,0.030677789756868832,0.03085819414876884
6,SYNFlood,257053,mlp,pr_auc_ddos,10,0.8874293463779356,0.002364062053580518,0.8857381982617217,0.8891204944941494
6,SYNFlood,257053,rf,accuracy,10,0.058823529411764705,0.0,0.058823529411764705,0.058823529411764705
6,SYNFlood,257053,rf,precision,0,not estimable,not estimable,not estimable,not estimable
6,SYNFlood,257053,rf,recall,10,0.0,0.0,0.0,0.0
6,SYNFlood,257053,rf,f1,10,0.0,0.0,0.0,0.0
6,SYNFlood,257053,rf,balanced_accuracy,10,0.5,0.0,0.5,0.5
6,SYNFlood,257053,rf,mcc,0,not estimable,not estimable,not estimable,not estimable
6,SYNFlood,257053,rf,roc_auc,10,0.0,0.0,0.0,0.0
6,SYNFlood,257053,rf,pr_auc_benign,10,0.058823529411764705,0.0,0.058823529411764705,0.058823529411764705
6,SYNFlood,257053,rf,pr_auc_ddos,10,0.9144273987132848,0.00027557565120730213,0.9142302637680715,0.9146245336584982
6,SYNFlood,257053,xgboost,accuracy,10,0.058823529411764705,0.0,0.058823529411764705,0.058823529411764705
6,SYNFlood,257053,xgboost,precision,0,not estimable,not estimable,not estimable,not estimable
6,SYNFlood,257053,xgboost,recall,10,0.0,0.0,0.0,0.0
6,SYNFlood,257053,xgboost,f1,10,0.0,0.0,0.0,0.0
6,SYNFlood,257053,xgboost,balanced_accuracy,10,0.5,0.0,0.5,0.5
6,SYNFlood,257053,xgboost,mcc,0,not estimable,not estimable,not estimable,not estimable
6,SYNFlood,257053,xgboost,roc_auc,10,0.0,0.0,0.0,0.0
6,SYNFlood,257053,xgboost,pr_auc_benign,10,0.044551030326177396,0.001203256507390863,0.04369027247393993,0.04541178817841486
6,SYNFlood,257053,xgboost,pr_auc_ddos,10,0.8876967548340732,0.00022086215599095813,0.8875387595655135,0.8878547501026328
6,SYNFlood,282427,hybrid,accuracy,10,0.058823529411764705,0.0,0.058823529411764705,0.058823529411764705
6,SYNFlood,282427,hybrid,precision,0,not estimable,not estimable,not estimable,not estimable
6,SYNFlood,282427,hybrid,recall,10,0.0,0.0,0.0,0.0
6,SYNFlood,282427,hybrid,f1,10,0.0,0.0,0.0,0.0
6,SYNFlood,282427,hybrid,balanced_accuracy,10,0.5,0.0,0.5,0.5
6,SYNFlood,282427,hybrid,mcc,0,not estimable,not estimable,not estimable,not estimable
6,SYNFlood,282427,hybrid,roc_auc,10,0.0,0.0,0.0,0.0
6,SYNFlood,282427,hybrid,pr_auc_benign,10,0.03061029736482717,1.122085359151286e-05,0.030602270449719398,0.030618324279934942
6,SYNFlood,282427,hybrid,pr_auc_ddos,10,0.8832589189586454,0.001392120060846126,0.8822630562591542,0.8842547816581365
6,SYNFlood,282427,mlp,accuracy,10,0.058823529411764705,0.0,0.058823529411764705,0.058823529411764705
6,SYNFlood,282427,mlp,precision,0,not estimable,not estimable,not estimable,not estimable
6,SYNFlood,282427,mlp,recall,10,0.0,0.0,0.0,0.0
6,SYNFlood,282427,mlp,f1,10,0.0,0.0,0.0,0.0
6,SYNFlood,282427,mlp,balanced_accuracy,10,0.5,0.0,0.5,0.5
6,SYNFlood,282427,mlp,mcc,0,not estimable,not estimable,not estimable,not estimable
6,SYNFlood,282427,mlp,roc_auc,10,1.0,0.0,1.0,1.0
6,SYNFlood,282427,mlp,pr_auc_benign,10,1.0,0.0,1.0,1.0
6,SYNFlood,282427,mlp,pr_auc_ddos,10,0.9999999999999998,1.4332917616497527e-16,0.9999999999999997,0.9999999999999999
6,SYNFlood,282427,rf,accuracy,10,0.058823529411764705,0.0,0.058823529411764705,0.058823529411764705
6,SYNFlood,282427,rf,precision,0,not estimable,not estimable,not estimable,not estimable
6,SYNFlood,282427,rf,recall,10,0.0,0.0,0.0,0.0
6,SYNFlood,282427,rf,f1,10,0.0,0.0,0.0,0.0
6,SYNFlood,282427,rf,balanced_accuracy,10,0.5,0.0,0.5,0.5
6,SYNFlood,282427,rf,mcc,0,not estimable,not estimable,not estimable,not estimable
6,SYNFlood,282427,rf,roc_auc,10,0.0,0.0,0.0,0.0
6,SYNFlood,282427,rf,pr_auc_benign,10,0.05670033999434874,0.0010548523352512363,0.05594574409152884,0.05745493589716864
6,SYNFlood,282427,rf,pr_auc_ddos,10,0.9103921113833774,0.0022528104101053334,0.9087805478986262,0.9120036748681286
6,SYNFlood,282427,xgboost,accuracy,10,0.058823529411764705,0.0,0.058823529411764705,0.058823529411764705
6,SYNFlood,282427,xgboost,precision,0,not estimable,not estimable,not estimable,not estimable
6,SYNFlood,282427,xgboost,recall,10,0.0,0.0,0.0,0.0
6,SYNFlood,282427,xgboost,f1,10,0.0,0.0,0.0,0.0
6,SYNFlood,282427,xgboost,balanced_accuracy,10,0.5,0.0,0.5,0.5
6,SYNFlood,282427,xgboost,mcc,0,not estimable,not estimable,not estimable,not estimable
6,SYNFlood,282427,xgboost,roc_auc,10,0.0,0.0,0.0,0.0
6,SYNFlood,282427,xgboost,pr_auc_benign,10,0.044551030326177396,0.001203256507390863,0.04369027247393993,0.04541178817841486
6,SYNFlood,282427,xgboost,pr_auc_ddos,10,0.8876967548340732,0.00022086215599095813,0.8875387595655135,0.8878547501026328
6,SYNFlood,307759,hybrid,accuracy,10,0.058823529411764705,0.0,0.058823529411764705,0.058823529411764705
6,SYNFlood,307759,hybrid,precision,0,not estimable,not estimable,not estimable,not estimable
6,SYNFlood,307759,hybrid,recall,10,0.0,0.0,0.0,0.0
6,SYNFlood,307759,hybrid,f1,10,0.0,0.0,0.0,0.0
6,SYNFlood,307759,hybrid,balanced_accuracy,10,0.5,0.0,0.5,0.5
6,SYNFlood,307759,hybrid,mcc,0,not estimable,not estimable,not estimable,not estimable
6,SYNFlood,307759,hybrid,roc_auc,10,0.5,0.0,0.5,0.5
6,SYNFlood,307759,hybrid,pr_auc_benign,10,0.05884595137542516,0.0,0.05884595137542516,0.05884595137542516
6,SYNFlood,307759,hybrid,pr_auc_ddos,10,0.9695490196582565,0.0017625519259477417,0.9682881659658666,0.9708098733506463
6,SYNFlood,307759,mlp,accuracy,10,0.059529411764705886,0.0008225951750354135,0.05894096262541162,0.060117860904000155
6,SYNFlood,307759,mlp,precision,5,1.0,0.0,1.0,1.0
6,SYNFlood,307759,mlp,recall,10,0.00075,0.0008740073734751264,0.0001247727894998381,0.001375227210500162
6,SYNFlood,307759,mlp,f1,10,0.001497504677756296,0.001744447750430572,0.0002496019323499621,0.00274540742316263
6,SYNFlood,307759,mlp,balanced_accuracy,10,0.500375,0.0004370036867375538,0.50006238639475,0.50068761360525
6,SYNFlood,307759,mlp,mcc,5,0.009292196886438963,0.001592570318575605,0.007314759657255731,0.011269634115622195
6,SYNFlood,307759,mlp,roc_auc,10,0.5,0.0,0.5,0.5
6,SYNFlood,307759,mlp,pr_auc_benign,10,0.05884595137542516,0.0,0.05884595137542516,0.05884595137542516
6,SYNFlood,307759,mlp,pr_auc_ddos,10,0.9695490196582565,0.0017625519259477417,0.9682881659658666,0.9708098733506463
6,SYNFlood,307759,rf,accuracy,10,0.058823529411764705,0.0,0.058823529411764705,0.058823529411764705
6,SYNFlood,307759,rf,precision,0,not estimable,not estimable,not estimable,not estimable
6,SYNFlood,307759,rf,recall,10,0.0,0.0,0.0,0.0
6,SYNFlood,307759,rf,f1,10,0.0,0.0,0.0,0.0
6,SYNFlood,307759,rf,balanced_accuracy,10,0.5,0.0,0.5,0.5
6,SYNFlood,307759,rf,mcc,0,not estimable,not estimable,not estimable,not estimable
6,SYNFlood,307759,rf,roc_auc,10,0.0,0.0,0.0,0.0
6,SYNFlood,307759,rf,pr_auc_benign,10,0.04741648153625992,0.0013620669485605304,0.04644211753818868,0.048390845534331164
6,SYNFlood,307759,rf,pr_auc_ddos,10,0.914426961159854,0.00027619333074497166,0.9142293843533177,0.9146245379663903
6,SYNFlood,307759,xgboost,accuracy,10,0.058823529411764705,0.0,0.058823529411764705,0.058823529411764705
6,SYNFlood,307759,xgboost,precision,0,not estimable,not estimable,not estimable,not estimable
6,SYNFlood,307759,xgboost,recall,10,0.0,0.0,0.0,0.0
6,SYNFlood,307759,xgboost,f1,10,0.0,0.0,0.0,0.0
6,SYNFlood,307759,xgboost,balanced_accuracy,10,0.5,0.0,0.5,0.5
6,SYNFlood,307759,xgboost,mcc,0,not estimable,not estimable,not estimable,not estimable
6,SYNFlood,307759,xgboost,roc_auc,10,0.0,0.0,0.0,0.0
6,SYNFlood,307759,xgboost,pr_auc_benign,10,0.03931161866422019,0.0009299605271110153,0.03864636497885477,0.039976872349585614
6,SYNFlood,307759,xgboost,pr_auc_ddos,10,0.9148642287073878,7.622889782019264e-05,0.9148096978388962,0.9149187595758794
6,SYNFlood,333019,hybrid,accuracy,10,0.058823529411764705,0.0,0.058823529411764705,0.058823529411764705
6,SYNFlood,333019,hybrid,precision,0,not estimable,not estimable,not estimable,not estimable
6,SYNFlood,333019,hybrid,recall,10,0.0,0.0,0.0,0.0
6,SYNFlood,333019,hybrid,f1,10,0.0,0.0,0.0,0.0
6,SYNFlood,333019,hybrid,balanced_accuracy,10,0.5,0.0,0.5,0.5
6,SYNFlood,333019,hybrid,mcc,0,not estimable,not estimable,not estimable,not estimable
6,SYNFlood,333019,hybrid,roc_auc,10,0.30076500000000006,0.024180660316321666,0.28346719765136114,0.318062802348639
6,SYNFlood,333019,hybrid,pr_auc_benign,10,0.04053651088254465,0.0012908553490073682,0.03961308859400024,0.041459933171089064
6,SYNFlood,333019,hybrid,pr_auc_ddos,10,0.9464052575765172,0.003265271946096228,0.9440694227399472,0.9487410924130871
6,SYNFlood,333019,mlp,accuracy,10,0.06458823529411764,0.0026277436184707374,0.0627084607494778,0.06646800983875747
6,SYNFlood,333019,mlp,precision,10,1.0,0.0,1.0,1.0
6,SYNFlood,333019,mlp,recall,10,0.006125,0.002791977594625159,0.004127739546320178,0.008122260453679822
6,SYNFlood,333019,mlp,f1,10,0.012161685378572654,0.0055016303261837506,0.008226056130542225,0.016097314626603083
6,SYNFlood,333019,mlp,balanced_accuracy,10,0.5030625,0.0013959887973125917,0.5020638697731601,0.5040611302268398
6,SYNFlood,333019,mlp,mcc,10,0.01862154134367172,0.004218684111017735,0.015603676530671904,0.02163940615667154
6,SYNFlood,333019,mlp,roc_auc,10,1.0,0.0,1.0,1.0
6,SYNFlood,333019,mlp,pr_auc_benign,10,1.0,0.0,1.0,1.0
6,SYNFlood,333019,mlp,pr_auc_ddos,10,0.9999999999999998,1.4332917616497527e-16,0.9999999999999997,0.9999999999999999
6,SYNFlood,333019,rf,accuracy,10,0.058823529411764705,0.0,0.058823529411764705,0.058823529411764705
6,SYNFlood,333019,rf,precision,0,not estimable,not estimable,not estimable,not estimable
6,SYNFlood,333019,rf,recall,10,0.0,0.0,0.0,0.0
6,SYNFlood,333019,rf,f1,10,0.0,0.0,0.0,0.0
6,SYNFlood,333019,rf,balanced_accuracy,10,0.5,0.0,0.5,0.5
6,SYNFlood,333019,rf,mcc,0,not estimable,not estimable,not estimable,not estimable
6,SYNFlood,333019,rf,roc_auc,10,0.0,0.0,0.0,0.0
6,SYNFlood,333019,rf,pr_auc_benign,10,0.058823529411764705,0.0,0.058823529411764705,0.058823529411764705
6,SYNFlood,333019,rf,pr_auc_ddos,10,0.9143904148048503,0.0002837507594896727,0.9141874317394699,0.9145933978702306
6,SYNFlood,333019,xgboost,accuracy,10,0.058823529411764705,0.0,0.058823529411764705,0.058823529411764705
6,SYNFlood,333019,xgboost,precision,0,not estimable,not estimable,not estimable,not estimable
6,SYNFlood,333019,xgboost,recall,10,0.0,0.0,0.0,0.0
6,SYNFlood,333019,xgboost,f1,10,0.0,0.0,0.0,0.0
6,SYNFlood,333019,xgboost,balanced_accuracy,10,0.5,0.0,0.5,0.5
6,SYNFlood,333019,xgboost,mcc,0,not estimable,not estimable,not estimable,not estimable
6,SYNFlood,333019,xgboost,roc_auc,10,0.0,0.0,0.0,0.0
6,SYNFlood,333019,xgboost,pr_auc_benign,10,0.045297589180863594,0.0009707078234137708,0.044603186635687644,0.045991991726039544
6,SYNFlood,333019,xgboost,pr_auc_ddos,10,0.9149586331911198,8.628232449087833e-05,0.9148969105344306,0.915020355847809
6,UDPFlood,104729,hybrid,accuracy,10,0.997296803652968,0.005699488675912158,0.9932196350680519,1.001373972237884
6,UDPFlood,104729,hybrid,precision,10,0.9904761904761905,0.020077953397894494,0.9761132878548946,1.0048390930974864
6,UDPFlood,104729,hybrid,recall,10,1.0,0.0,1.0,1.0
6,UDPFlood,104729,hybrid,f1,10,0.9951219512195122,0.01028382978916547,0.9877653425598241,1.0024785598792003
6,UDPFlood,104729,hybrid,balanced_accuracy,10,0.998147512864494,0.00390622275959845,0.9953531694370864,1.0009418562919015
6,UDPFlood,104729,hybrid,mcc,10,0.9933637183349411,0.01399073690366256,0.9833553480710402,1.003372088598842
6,UDPFlood,104729,hybrid,roc_auc,10,0.9924851563530808,0.013164204627406908,0.9830680516610216,1.00190226104514
6,UDPFlood,104729,hybrid,pr_auc_benign,10,0.9979399250271568,0.003620627757202324,0.9953498839570291,1.0005299660972846
6,UDPFlood,104729,hybrid,pr_auc_ddos,10,0.9583830991420001,0.07025364390715912,0.9081266698021682,1.0086395284818321
6,UDPFlood,104729,mlp,accuracy,10,0.7066756903674711,0.011307096834126817,0.6985870805604997,0.7147643001744426
6,UDPFlood,104729,mlp,precision,4,0.0,0.0,0.0,0.0
6,UDPFlood,104729,mlp,recall,10,0.0,0.0,0.0,0.0
6,UDPFlood,104729,mlp,f1,10,0.0,0.0,0.0,0.0
6,UDPFlood,104729,mlp,balanced_accuracy,10,0.4915579232088666,0.011992543748051317,0.4829789742183308,0.5001368721994024
6,UDPFlood,104729,mlp,mcc,4,-0.10717305491650536,0.024398744309902198,-0.1459969017578172,-0.06834920807519351
6,UDPFlood,104729,mlp,roc_auc,10,0.0,0.0,0.0,0.0
6,UDPFlood,104729,mlp,pr_auc_benign,10,0.5143833825912358,0.01104211251747917,0.5064843311451568,0.5222824340373149
6,UDPFlood,104729,mlp,pr_auc_ddos,10,0.28104805392476623,0.00674057395986401,0.27622613779225236,0.2858699700572801
6,UDPFlood,104729,rf,accuracy,10,0.997296803652968,0.005699488675912158,0.9932196350680519,1.001373972237884
6,UDPFlood,104729,rf,precision,10,0.9904761904761905,0.020077953397894494,0.9761132878548946,1.0048390930974864
6,UDPFlood,104729,rf,recall,10,1.0,0.0,1.0,1.0
6,UDPFlood,104729,rf,f1,10,0.9951219512195122,0.01028382978916547,0.9877653425598241,1.0024785598792003
6,UDPFlood,104729,rf,balanced_accuracy,10,0.998147512864494,0.00390622275959845,0.9953531694370864,1.0009418562919015
6,UDPFlood,104729,rf,mcc,10,0.9933637183349411,0.01399073690366256,0.9833553480710402,1.003372088598842
6,UDPFlood,104729,rf,roc_auc,10,0.996295025728988,0.0078124455191969,0.9907063388741728,1.0018837125838032
6,UDPFlood,104729,rf,pr_auc_benign,10,0.9989982220760201,0.002113286533139424,0.9974864679602067,1.0005099761918335
6,UDPFlood,104729,rf,pr_auc_ddos,10,0.9814732000455685,0.039073054553116646,0.9535220206329373,1.0094243794581996
6,UDPFlood,104729,xgboost,accuracy,10,1.0,0.0,1.0,1.0
6,UDPFlood,104729,xgboost,precision,10,1.0,0.0,1.0,1.0
6,UDPFlood,104729,xgboost,recall,10,1.0,0.0,1.0,1.0
6,UDPFlood,104729,xgboost,f1,10,1.0,0.0,1.0,1.0
6,UDPFlood,104729,xgboost,balanced_accuracy,10,1.0,0.0,1.0,1.0
6,UDPFlood,104729,xgboost,mcc,10,1.0,0.0,1.0,1.0
6,UDPFlood,104729,xgboost,roc_auc,10,1.0,3.700743415417188e-17,1.0,1.0
6,UDPFlood,104729,xgboost,pr_auc_benign,10,1.0,0.0,1.0,1.0
6,UDPFlood,104729,xgboost,pr_auc_ddos,10,1.0,0.0,1.0,1.0
6,UDPFlood,130363,hybrid,accuracy,10,0.9959444444444443,0.009064810085876248,0.9894598699480399,1.0024290189408487
6,UDPFlood,130363,hybrid,precision,10,0.9861471861471862,0.030935474045279354,0.9640172811488725,1.0082770911455
6,UDPFlood,130363,hybrid,recall,10,1.0,0.0,1.0,1.0
6,UDPFlood,130363,hybrid,f1,10,0.9927990708478515,0.01613802923126664,0.9812546201882232,1.0043435215074799
6,UDPFlood,130363,hybrid,balanced_accuracy,10,0.9972202797202797,0.006198258584864221,0.9927863126364955,1.001654246804064
6,UDPFlood,130363,hybrid,mcc,10,0.9902437242059736,0.021788525583708196,0.9746571519583643,1.0058302964535828
6,UDPFlood,130363,hybrid,roc_auc,10,0.9925537669877291,0.012882681096337,0.983338052097819,1.0017694818776393
6,UDPFlood,130363,hybrid,pr_auc_benign,10,0.9979726335504313,0.003487459266913216,0.9954778554794919,1.0004674116213708
6,UDPFlood,130363,hybrid,pr_auc_ddos,10,0.9626374458874458,0.06192441338395841,0.9183393891239544,1.0069355026509372
6,UDPFlood,130363,mlp,accuracy,10,0.7094344422700587,0.007598337862521825,0.703998918806071,0.7148699657340464
6,UDPFlood,130363,mlp,precision,4,0.0,0.0,0.0,0.0
6,UDPFlood,130363,mlp,recall,10,0.0,0.0,0.0,0.0
6,UDPFlood,130363,mlp,f1,10,0.0,0.0,0.0,0.0
6,UDPFlood,130363,mlp,balanced_accuracy,10,0.49346285789682015,0.009760289173369492,0.48648076763220705,0.5004449481614333
6,UDPFlood,130363,mlp,mcc,4,-0.09334866026917395,0.024218990326659234,-0.13188647841056994,-0.05481084212777795
6,UDPFlood,130363,mlp,roc_auc,10,0.010024475524475525,0.018952927207174168,-0.0035336318418708185,0.02358258289082187
6,UDPFlood,130363,mlp,pr_auc_benign,10,0.5130176911014678,0.008339050472566022,0.5070522937565324,0.5189830884464032
6,UDPFlood,130363,mlp,pr_auc_ddos,10,0.24017806735761046,0.008730457397780285,0.23393267436567133,0.2464234603495496
6,UDPFlood,130363,rf,accuracy,10,0.9986666666666666,0.004216370213557832,0.9956504571161945,1.0016828762171388
6,UDPFlood,130363,rf,precision,10,0.9952380952380953,0.015058465048420872,0.9844659182721234,1.0060102722040671
6,UDPFlood,130363,rf,recall,10,1.0,0.0,1.0,1.0
6,UDPFlood,130363,rf,f1,10,0.9975609756097562,0.007712872341874104,0.9920435191149901,1.0030784321045223
6,UDPFlood,130363,rf,balanced_accuracy,10,0.9990909090909093,0.0028747978728803285,0.9970344025792237,1.0011474156025948
6,UDPFlood,130363,rf,mcc,10,0.9966987556830457,0.010439451154262612,0.9892308222051159,1.0041666891609753
6,UDPFlood,130363,rf,roc_auc,10,1.0,3.700743415417188e-17,1.0,1.0
6,UDPFlood,130363,rf,pr_auc_benign,10,1.0,0.0,1.0,1.0
6,UDPFlood,130363,rf,pr_auc_ddos,10,1.0,3.700743415417188e-17,1.0,1.0
6,UDPFlood,130363,xgboost,accuracy,10,0.9959444444444443,0.009064810085876248,0.9894598699480399,1.0024290189408487
6,UDPFlood,130363,xgboost,precision,10,0.9861471861471862,0.030935474045279354,0.9640172811488725,1.0082770911455
6,UDPFlood,130363,xgboost,recall,10,1.0,0.0,1.0,1.0
6,UDPFlood,130363,xgboost,f1,10,0.9927990708478515,0.01613802923126664,0.9812546201882232,1.0043435215074799
6,UDPFlood,130363,xgboost,balanced_accuracy,10,0.9972202797202797,0.006198258584864221,0.9927863126364955,1.001654246804064
6,UDPFlood,130363,xgboost,mcc,10,0.9902437242059736,0.021788525583708196,0.9746571519583643,1.0058302964535828
6,UDPFlood,130363,xgboost,roc_auc,10,1.0,3.700743415417188e-17,1.0,1.0
6,UDPFlood,130363,xgboost,pr_auc_benign,10,1.0,0.0,1.0,1.0
6,UDPFlood,130363,xgboost,pr_auc_ddos,10,1.0,3.700743415417188e-17,1.0,1.0
6,UDPFlood,155921,hybrid,accuracy,10,0.997296803652968,0.005699488675912158,0.9932196350680519,1.001373972237884
6,UDPFlood,155921,hybrid,precision,10,0.9904761904761905,0.020077953397894494,0.9761132878548946,1.0048390930974864
6,UDPFlood,155921,hybrid,recall,10,1.0,0.0,1.0,1.0
6,UDPFlood,155921,hybrid,f1,10,0.9951219512195122,0.01028382978916547,0.9877653425598241,1.0024785598792003
6,UDPFlood,155921,hybrid,balanced_accuracy,10,0.998147512864494,0.00390622275959845,0.9953531694370864,1.0009418562919015
6,UDPFlood,155921,hybrid,mcc,10,0.9933637183349411,0.01399073690366256,0.9833553480710402,1.003372088598842
6,UDPFlood,155921,hybrid,roc_auc,10,0.996295025728988,0.007812445519196923,0.9907063388741728,1.0018837125838032
6,UDPFlood,155921,hybrid,pr_auc_benign,10,0.9989982220760198,0.0021132865331393975,0.9974864679602065,1.0005099761918332
6,UDPFlood,155921,hybrid,pr_auc_ddos,10,0.9782659598528406,0.04600167472351742,0.9453583441523431,1.011173575553338
6,UDPFlood,155921,mlp,accuracy,10,0.7162487497282017,0.0037107043115365713,0.7135942717728634,0.7189032276835401
6,UDPFlood,155921,mlp,precision,2,0.0,0.0,0.0,0.0
6,UDPFlood,155921,mlp,recall,10,0.0,0.0,0.0,0.0
6,UDPFlood,155921,mlp,f1,10,0.0,0.0,0.0,0.0
6,UDPFlood,155921,mlp,balanced_accuracy,10,0.498147512864494,0.0039062227595984614,0.4953531694370864,0.5009418562919016
6,UDPFlood,155921,mlp,mcc,2,-0.07124766875856153,0.0016231000265016268,-0.08583064391390599,-0.056664693603217076
6,UDPFlood,155921,mlp,roc_auc,10,0.0,0.0,0.0,0.0
6,UDPFlood,155921,mlp,pr_auc_benign,10,0.7121920814503959,0.002904169301003765,0.7101145638847636,0.7142695990160283
6,UDPFlood,155921,mlp,pr_auc_ddos,10,0.28104805392476623,0.00674057395986401,0.27622613779225236,0.2858699700572801
6,UDPFlood,155921,rf,accuracy,10,0.997296803652968,0.005699488675912158,0.9932196350680519,1.001373972237884
6,UDPFlood,155921,rf,precision,10,0.9904761904761905,0.020077953397894494,0.9761132878548946,1.0048390930974864
6,UDPFlood,155921,rf,recall,10,1.0,0.0,1.0,1.0
6,UDPFlood,155921,rf,f1,10,0.9951219512195122,0.01028382978916547,0.9877653425598241,1.0024785598792003
6,UDPFlood,155921,rf,balanced_accuracy,10,0.998147512864494,0.00390622275959845,0.9953531694370864,1.0009418562919015
6,UDPFlood,155921,rf,mcc,10,0.9933637183349411,0.01399073690366256,0.9833553480710402,1.003372088598842
6,UDPFlood,155921,rf,roc_auc,10,1.0,3.700743415417188e-17,1.0,1.0
6,UDPFlood,155921,rf,pr_auc_benign,10,1.0,0.0,1.0,1.0
6,UDPFlood,155921,rf,pr_auc_ddos,10,1.0,0.0,1.0,1.0
6,UDPFlood,155921,xgboost,accuracy,10,1.0,0.0,1.0,1.0
6,UDPFlood,155921,xgboost,precision,10,1.0,0.0,1.0,1.0
6,UDPFlood,155921,xgboost,recall,10,1.0,0.0,1.0,1.0
6,UDPFlood,155921,xgboost,f1,10,1.0,0.0,1.0,1.0
6,UDPFlood,155921,xgboost,balanced_accuracy,10,1.0,0.0,1.0,1.0
6,UDPFlood,155921,xgboost,mcc,10,1.0,0.0,1.0,1.0
6,UDPFlood,155921,xgboost,roc_auc,10,1.0,3.700743415417188e-17,1.0,1.0
6,UDPFlood,155921,xgboost,pr_auc_benign,10,1.0,0.0,1.0,1.0
6,UDPFlood,155921,xgboost,pr_auc_ddos,10,1.0,0.0,1.0,1.0
6,UDPFlood,181081,hybrid,accuracy,10,1.0,0.0,1.0,1.0
6,UDPFlood,181081,hybrid,precision,10,1.0,0.0,1.0,1.0
6,UDPFlood,181081,hybrid,recall,10,1.0,0.0,1.0,1.0
6,UDPFlood,181081,hybrid,f1,10,1.0,0.0,1.0,1.0
6,UDPFlood,181081,hybrid,balanced_accuracy,10,1.0,0.0,1.0,1.0
6,UDPFlood,181081,hybrid,mcc,10,1.0,0.0,1.0,1.0
6,UDPFlood,181081,hybrid,roc_auc,10,1.0,0.0,1.0,1.0
6,UDPFlood,181081,hybrid,pr_auc_benign,10,1.0,5.233641528945917e-17,1.0,1.0
6,UDPFlood,181081,hybrid,pr_auc_ddos,10,1.0,9.064933036736789e-17,0.9999999999999999,1.0
6,UDPFlood,181081,mlp,accuracy,10,0.7189519460752338,0.006740573959863997,0.7141300299427199,0.7237738622077478
6,UDPFlood,181081,mlp,precision,0,not estimable,not estimable,not estimable,not estimable
6,UDPFlood,181081,mlp,recall,10,0.0,0.0,0.0,0.0
6,UDPFlood,181081,mlp,f1,10,0.0,0.0,0.0,0.0
6,UDPFlood,181081,mlp,balanced_accuracy,10,0.5,0.0,0.5,0.5
6,UDPFlood,181081,mlp,mcc,0,not estimable,not estimable,not estimable,not estimable
6,UDPFlood,181081,mlp,roc_auc,10,0.0,0.0,0.0,0.0
6,UDPFlood,181081,mlp,pr_auc_benign,10,0.7129501324521375,0.001747421850911958,0.7117001021634126,0.7142001627408623
6,UDPFlood,181081,mlp,pr_auc_ddos,10,0.28104805392476623,0.00674057395986401,0.27622613779225236,0.2858699700572801
6,UDPFlood,181081,rf,accuracy,10,0.997296803652968,0.005699488675912158,0.9932196350680519,1.001373972237884
6,UDPFlood,181081,rf,precision,10,0.9904761904761905,0.020077953397894494,0.9761132878548946,1.0048390930974864
6,UDPFlood,181081,rf,recall,10,1.0,0.0,1.0,1.0
6,UDPFlood,181081,rf,f1,10,0.9951219512195122,0.01028382978916547,0.9877653425598241,1.0024785598792003
6,UDPFlood,181081,rf,balanced_accuracy,10,0.998147512864494,0.00390622275959845,0.9953531694370864,1.0009418562919015
6,UDPFlood,181081,rf,mcc,10,0.9933637183349411,0.01399073690366256,0.9833553480710402,1.003372088598842
6,UDPFlood,181081,rf,roc_auc,10,0.9978816466552315,0.004690841862977188,0.9945260205336516,1.0012372727768115
6,UDPFlood,181081,rf,pr_auc_benign,10,0.9993629414198544,0.0013842065486438283,0.9983727397059677,1.0003531431337411
6,UDPFlood,181081,rf,pr_auc_ddos,10,0.992810606060606,0.016868882865471963,0.9807433342064823,1.0048778779147298
6,UDPFlood,181081,xgboost,accuracy,10,1.0,0.0,1.0,1.0
6,UDPFlood,181081,xgboost,precision,10,1.0,0.0,1.0,1.0
6,UDPFlood,181081,xgboost,recall,10,1.0,0.0,1.0,1.0
6,UDPFlood,181081,xgboost,f1,10,1.0,0.0,1.0,1.0
6,UDPFlood,181081,xgboost,balanced_accuracy,10,1.0,0.0,1.0,1.0
6,UDPFlood,181081,xgboost,mcc,10,1.0,0.0,1.0,1.0
6,UDPFlood,181081,xgboost,roc_auc,10,1.0,3.700743415417188e-17,1.0,1.0
6,UDPFlood,181081,xgboost,pr_auc_benign,10,1.0,0.0,1.0,1.0
6,UDPFlood,181081,xgboost,pr_auc_ddos,10,1.0,0.0,1.0,1.0
6,UDPFlood,206369,hybrid,accuracy,10,0.9986666666666666,0.004216370213557832,0.9956504571161945,1.0016828762171388
6,UDPFlood,206369,hybrid,precision,10,0.9952380952380953,0.015058465048420872,0.9844659182721234,1.0060102722040671
6,UDPFlood,206369,hybrid,recall,10,1.0,0.0,1.0,1.0
6,UDPFlood,206369,hybrid,f1,10,0.9975609756097562,0.007712872341874104,0.9920435191149901,1.0030784321045223
6,UDPFlood,206369,hybrid,balanced_accuracy,10,0.9990909090909093,0.0028747978728803285,0.9970344025792237,1.0011474156025948
6,UDPFlood,206369,hybrid,mcc,10,0.9966987556830457,0.010439451154262612,0.9892308222051159,1.0041666891609753
6,UDPFlood,206369,hybrid,roc_auc,10,1.0,0.0,1.0,1.0
6,UDPFlood,206369,hybrid,pr_auc_benign,10,1.0,7.401486830834377e-17,1.0,1.0
6,UDPFlood,206369,hybrid,pr_auc_ddos,10,1.0,7.401486830834377e-17,1.0,1.0
6,UDPFlood,206369,mlp,accuracy,10,0.9986666666666666,0.004216370213557832,0.9956504571161945,1.0016828762171388
6,UDPFlood,206369,mlp,precision,10,0.9952380952380953,0.015058465048420872,0.9844659182721234,1.0060102722040671
6,UDPFlood,206369,mlp,recall,10,1.0,0.0,1.0,1.0
6,UDPFlood,206369,mlp,f1,10,0.9975609756097562,0.007712872341874104,0.9920435191149901,1.0030784321045223
6,UDPFlood,206369,mlp,balanced_accuracy,10,0.9990909090909093,0.0028747978728803285,0.9970344025792237,1.0011474156025948
6,UDPFlood,206369,mlp,mcc,10,0.9966987556830457,0.010439451154262612,0.9892308222051159,1.0041666891609753
6,UDPFlood,206369,mlp,roc_auc,10,1.0,0.0,1.0,1.0
6,UDPFlood,206369,mlp,pr_auc_benign,10,1.0,0.0,1.0,1.0
6,UDPFlood,206369,mlp,pr_auc_ddos,10,1.0,0.0,1.0,1.0
6,UDPFlood,206369,rf,accuracy,10,0.997296803652968,0.005699488675912158,0.9932196350680519,1.001373972237884
6,UDPFlood,206369,rf,precision,10,0.9904761904761905,0.020077953397894494,0.9761132878548946,1.0048390930974864
6,UDPFlood,206369,rf,recall,10,1.0,0.0,1.0,1.0
6,UDPFlood,206369,rf,f1,10,0.9951219512195122,0.01028382978916547,0.9877653425598241,1.0024785598792003
6,UDPFlood,206369,rf,balanced_accuracy,10,0.998147512864494,0.00390622275959845,0.9953531694370864,1.0009418562919015
6,UDPFlood,206369,rf,mcc,10,0.9933637183349411,0.01399073690366256,0.9833553480710402,1.003372088598842
6,UDPFlood,206369,rf,roc_auc,10,0.996295025728988,0.007812445519196923,0.9907063388741728,1.0018837125838032
6,UDPFlood,206369,rf,pr_auc_benign,10,0.9989982220760201,0.002113286533139424,0.9974864679602067,1.0005099761918335
6,UDPFlood,206369,rf,pr_auc_ddos,10,0.9839345246471793,0.03388295804915756,0.9596961166114013,1.0081729326829574
6,UDPFlood,206369,xgboost,accuracy,10,1.0,0.0,1.0,1.0
6,UDPFlood,206369,xgboost,precision,10,1.0,0.0,1.0,1.0
6,UDPFlood,206369,xgboost,recall,10,1.0,0.0,1.0,1.0
6,UDPFlood,206369,xgboost,f1,10,1.0,0.0,1.0,1.0
6,UDPFlood,206369,xgboost,balanced_accuracy,10,1.0,0.0,1.0,1.0
6,UDPFlood,206369,xgboost,mcc,10,1.0,0.0,1.0,1.0
6,UDPFlood,206369,xgboost,roc_auc,10,1.0,3.700743415417188e-17,1.0,1.0
6,UDPFlood,206369,xgboost,pr_auc_benign,10,1.0,0.0,1.0,1.0
6,UDPFlood,206369,xgboost,pr_auc_ddos,10,1.0,0.0,1.0,1.0
6,UDPFlood,231701,hybrid,accuracy,10,0.997296803652968,0.005699488675912158,0.9932196350680519,1.001373972237884
6,UDPFlood,231701,hybrid,precision,10,0.9904761904761905,0.020077953397894494,0.9761132878548946,1.0048390930974864
6,UDPFlood,231701,hybrid,recall,10,1.0,0.0,1.0,1.0
6,UDPFlood,231701,hybrid,f1,10,0.9951219512195122,0.01028382978916547,0.9877653425598241,1.0024785598792003
6,UDPFlood,231701,hybrid,balanced_accuracy,10,0.998147512864494,0.00390622275959845,0.9953531694370864,1.0009418562919015
6,UDPFlood,231701,hybrid,mcc,10,0.9933637183349411,0.01399073690366256,0.9833553480710402,1.003372088598842
6,UDPFlood,231701,hybrid,roc_auc,10,0.996295025728988,0.007812445519196923,0.9907063388741728,1.0018837125838032
6,UDPFlood,231701,hybrid,pr_auc_benign,10,0.9989982220760198,0.0021132865331394365,0.9974864679602063,1.0005099761918332
6,UDPFlood,231701,hybrid,pr_auc_ddos,10,0.9770559191625369,0.04842613932134946,0.942413945968656,1.0116978923564177
6,UDPFlood,231701,mlp,accuracy,10,0.7148788867145032,0.006668399299449903,0.7101086012237539,0.7196491722052525
6,UDPFlood,231701,mlp,precision,2,0.0,0.0,0.0,0.0
6,UDPFlood,231701,mlp,recall,10,0.0,0.0,0.0,0.0
6,UDPFlood,231701,mlp,f1,10,0.0,0.0,0.0,0.0
6,UDPFlood,231701,mlp,balanced_accuracy,10,0.4972041166380789,0.006328713809738711,0.49267682750825853,0.5017314057678992
6,UDPFlood,231701,mlp,mcc,2,-0.08660048291561293,0.023335258027997383,-0.2962594580308457,0.12305849219961984
6,UDPFlood,231701,mlp,roc_auc,10,0.0,0.0,0.0,0.0
6,UDPFlood,231701,mlp,pr_auc_benign,10,0.7114234833271389,0.003998831638233827,0.7085628914988437,0.7142840751554341
6,UDPFlood,231701,mlp,pr_auc_ddos,10,0.28104805392476623,0.00674057395986401,0.27622613779225236,0.2858699700572801
6,UDPFlood,231701,rf,accuracy,10,0.997296803652968,0.005699488675912158,0.9932196350680519,1.001373972237884
6,UDPFlood,231701,rf,precision,10,0.9904761904761905,0.020077953397894494,0.9761132878548946,1.0048390930974864
6,UDPFlood,231701,rf,recall,10,1.0,0.0,1.0,1.0
6,UDPFlood,231701,rf,f1,10,0.9951219512195122,0.01028382978916547,0.9877653425598241,1.0024785598792003
6,UDPFlood,231701,rf,balanced_accuracy,10,0.998147512864494,0.00390622275959845,0.9953531694370864,1.0009418562919015
6,UDPFlood,231701,rf,mcc,10,0.9933637183349411,0.01399073690366256,0.9833553480710402,1.003372088598842
6,UDPFlood,231701,rf,roc_auc,10,0.996295025728988,0.007812445519196923,0.9907063388741728,1.0018837125838032
6,UDPFlood,231701,rf,pr_auc_benign,10,0.9989982220760201,0.002113286533139424,0.9974864679602067,1.0005099761918335
6,UDPFlood,231701,rf,pr_auc_ddos,10,0.9777641525141526,0.04689069392658532,0.9442205707871842,1.011307734241121
6,UDPFlood,231701,xgboost,accuracy,10,1.0,0.0,1.0,1.0
6,UDPFlood,231701,xgboost,precision,10,1.0,0.0,1.0,1.0
6,UDPFlood,231701,xgboost,recall,10,1.0,0.0,1.0,1.0
6,UDPFlood,231701,xgboost,f1,10,1.0,0.0,1.0,1.0
6,UDPFlood,231701,xgboost,balanced_accuracy,10,1.0,0.0,1.0,1.0
6,UDPFlood,231701,xgboost,mcc,10,1.0,0.0,1.0,1.0
6,UDPFlood,231701,xgboost,roc_auc,10,1.0,3.700743415417188e-17,1.0,1.0
6,UDPFlood,231701,xgboost,pr_auc_benign,10,1.0,0.0,1.0,1.0
6,UDPFlood,231701,xgboost,pr_auc_ddos,10,1.0,0.0,1.0,1.0
6,UDPFlood,257053,hybrid,accuracy,10,0.9986666666666666,0.004216370213557832,0.9956504571161945,1.0016828762171388
6,UDPFlood,257053,hybrid,precision,10,0.9952380952380953,0.015058465048420872,0.9844659182721234,1.0060102722040671
6,UDPFlood,257053,hybrid,recall,10,1.0,0.0,1.0,1.0
6,UDPFlood,257053,hybrid,f1,10,0.9975609756097562,0.007712872341874104,0.9920435191149901,1.0030784321045223
6,UDPFlood,257053,hybrid,balanced_accuracy,10,0.9990909090909093,0.0028747978728803285,0.9970344025792237,1.0011474156025948
6,UDPFlood,257053,hybrid,mcc,10,0.9966987556830457,0.010439451154262612,0.9892308222051159,1.0041666891609753
6,UDPFlood,257053,hybrid,roc_auc,10,1.0,0.0,1.0,1.0
6,UDPFlood,257053,hybrid,pr_auc_benign,10,1.0,7.401486830834377e-17,1.0,1.0
6,UDPFlood,257053,hybrid,pr_auc_ddos,10,1.0,1.3846913936850747e-16,0.9999999999999999,1.0
6,UDPFlood,257053,mlp,accuracy,10,0.7176186127419004,0.004538898245653675,0.7143716805362937,0.7208655449475071
6,UDPFlood,257053,mlp,precision,1,0.0,not estimable,not estimable,not estimable
6,UDPFlood,257053,mlp,recall,10,0.0,0.0,0.0,0.0
6,UDPFlood,257053,mlp,f1,10,0.0,0.0,0.0,0.0
6,UDPFlood,257053,mlp,balanced_accuracy,10,0.49909090909090914,0.0028747978728803462,0.4970344025792236,0.5011474156025947
6,UDPFlood,257053,mlp,mcc,1,-0.07009996372327816,not estimable,not estimable,not estimable
6,UDPFlood,257053,mlp,roc_auc,10,0.0,0.0,0.0,0.0
6,UDPFlood,257053,mlp,pr_auc_benign,10,0.5108332426705553,0.007056671839634409,0.5057852037367794,0.5158812816043312
6,UDPFlood,257053,mlp,pr_auc_ddos,10,0.28104805392476623,0.00674057395986401,0.27622613779225236,0.2858699700572801
6,UDPFlood,257053,rf,accuracy,10,0.997296803652968,0.005699488675912158,0.9932196350680519,1.001373972237884
6,UDPFlood,257053,rf,precision,10,0.9904761904761905,0.020077953397894494,0.9761132878548946,1.0048390930974864
6,UDPFlood,257053,rf,recall,10,1.0,0.0,1.0,1.0
6,UDPFlood,257053,rf,f1,10,0.9951219512195122,0.01028382978916547,0.9877653425598241,1.0024785598792003
6,UDPFlood,257053,rf,balanced_accuracy,10,0.998147512864494,0.00390622275959845,0.9953531694370864,1.0009418562919015
6,UDPFlood,257053,rf,mcc,10,0.9933637183349411,0.01399073690366256,0.9833553480710402,1.003372088598842
6,UDPFlood,257053,rf,roc_auc,10,0.996295025728988,0.0078124455191969,0.9907063388741728,1.0018837125838032
6,UDPFlood,257053,rf,pr_auc_benign,10,0.9989982220760201,0.002113286533139418,0.9974864679602067,1.0005099761918335
6,UDPFlood,257053,rf,pr_auc_ddos,10,0.9772787461076936,0.04790064962935277,0.9430126855940083,1.011544806621379
6,UDPFlood,257053,xgboost,accuracy,10,1.0,0.0,1.0,1.0
6,UDPFlood,257053,xgboost,precision,10,1.0,0.0,1.0,1.0
6,UDPFlood,257053,xgboost,recall,10,1.0,0.0,1.0,1.0
6,UDPFlood,257053,xgboost,f1,10,1.0,0.0,1.0,1.0
6,UDPFlood,257053,xgboost,balanced_accuracy,10,1.0,0.0,1.0,1.0
6,UDPFlood,257053,xgboost,mcc,10,1.0,0.0,1.0,1.0
6,UDPFlood,257053,xgboost,roc_auc,10,1.0,3.700743415417188e-17,1.0,1.0
6,UDPFlood,257053,xgboost,pr_auc_benign,10,1.0,0.0,1.0,1.0
6,UDPFlood,257053,xgboost,pr_auc_ddos,10,1.0,0.0,1.0,1.0
6,UDPFlood,282427,hybrid,accuracy,10,0.997296803652968,0.005699488675912158,0.9932196350680519,1.001373972237884
6,UDPFlood,282427,hybrid,precision,10,0.9904761904761905,0.020077953397894494,0.9761132878548946,1.0048390930974864
6,UDPFlood,282427,hybrid,recall,10,1.0,0.0,1.0,1.0
6,UDPFlood,282427,hybrid,f1,10,0.9951219512195122,0.01028382978916547,0.9877653425598241,1.0024785598792003
6,UDPFlood,282427,hybrid,balanced_accuracy,10,0.998147512864494,0.00390622275959845,0.9953531694370864,1.0009418562919015
6,UDPFlood,282427,hybrid,mcc,10,0.9933637183349411,0.01399073690366256,0.9833553480710402,1.003372088598842
6,UDPFlood,282427,hybrid,roc_auc,10,1.0,0.0,1.0,1.0
6,UDPFlood,282427,hybrid,pr_auc_benign,10,1.0,0.0,1.0,1.0
6,UDPFlood,282427,hybrid,pr_auc_ddos,10,1.0,1.3343220141622404e-16,0.9999999999999999,1.0
6,UDPFlood,282427,mlp,accuracy,10,0.7162487497282017,0.0037107043115365713,0.7135942717728634,0.7189032276835401
6,UDPFlood,282427,mlp,precision,2,0.0,0.0,0.0,0.0
6,UDPFlood,282427,mlp,recall,10,0.0,0.0,0.0,0.0
6,UDPFlood,282427,mlp,f1,10,0.0,0.0,0.0,0.0
6,UDPFlood,282427,mlp,balanced_accuracy,10,0.498147512864494,0.0039062227595984614,0.4953531694370864,0.5009418562919016
6,UDPFlood,282427,mlp,mcc,2,-0.07124766875856153,0.0016231000265016268,-0.08583064391390599,-0.056664693603217076
6,UDPFlood,282427,mlp,roc_auc,10,0.0,0.0,0.0,0.0
6,UDPFlood,282427,mlp,pr_auc_benign,10,0.5114737573445489,0.007193213337438967,0.5063280425073645,0.5166194721817333
6,UDPFlood,282427,mlp,pr_auc_ddos,10,0.28104805392476623,0.00674057395986401,0.27622613779225236,0.2858699700572801
6,UDPFlood,282427,rf,accuracy,10,0.997296803652968,0.005699488675912158,0.9932196350680519,1.001373972237884
6,UDPFlood,282427,rf,precision,10,0.9904761904761905,0.020077953397894494,0.9761132878548946,1.0048390930974864
6,UDPFlood,282427,rf,recall,10,1.0,0.0,1.0,1.0
6,UDPFlood,282427,rf,f1,10,0.9951219512195122,0.01028382978916547,0.9877653425598241,1.0024785598792003
6,UDPFlood,282427,rf,balanced_accuracy,10,0.998147512864494,0.00390622275959845,0.9953531694370864,1.0009418562919015
6,UDPFlood,282427,rf,mcc,10,0.9933637183349411,0.01399073690366256,0.9833553480710402,1.003372088598842
6,UDPFlood,282427,rf,roc_auc,10,1.0,0.0,1.0,1.0
6,UDPFlood,282427,rf,pr_auc_benign,10,1.0,0.0,1.0,1.0
6,UDPFlood,282427,rf,pr_auc_ddos,10,1.0,1.0467283057891834e-16,0.9999999999999999,1.0
6,UDPFlood,282427,xgboost,accuracy,10,1.0,0.0,1.0,1.0
6,UDPFlood,282427,xgboost,precision,10,1.0,0.0,1.0,1.0
6,UDPFlood,282427,xgboost,recall,10,1.0,0.0,1.0,1.0
6,UDPFlood,282427,xgboost,f1,10,1.0,0.0,1.0,1.0
6,UDPFlood,282427,xgboost,balanced_accuracy,10,1.0,0.0,1.0,1.0
6,UDPFlood,282427,xgboost,mcc,10,1.0,0.0,1.0,1.0
6,UDPFlood,282427,xgboost,roc_auc,10,1.0,3.700743415417188e-17,1.0,1.0
6,UDPFlood,282427,xgboost,pr_auc_benign,10,1.0,0.0,1.0,1.0
6,UDPFlood,282427,xgboost,pr_auc_ddos,10,1.0,0.0,1.0,1.0
6,UDPFlood,307759,hybrid,accuracy,10,0.9959444444444443,0.009064810085876248,0.9894598699480399,1.0024290189408487
6,UDPFlood,307759,hybrid,precision,10,0.9861471861471862,0.030935474045279354,0.9640172811488725,1.0082770911455
6,UDPFlood,307759,hybrid,recall,10,1.0,0.0,1.0,1.0
6,UDPFlood,307759,hybrid,f1,10,0.9927990708478515,0.01613802923126664,0.9812546201882232,1.0043435215074799
6,UDPFlood,307759,hybrid,balanced_accuracy,10,0.9972202797202797,0.006198258584864221,0.9927863126364955,1.001654246804064
6,UDPFlood,307759,hybrid,mcc,10,0.9902437242059736,0.021788525583708196,0.9746571519583643,1.0058302964535828
6,UDPFlood,307759,hybrid,roc_auc,10,0.9905760654439899,0.015968606571149385,0.9791528124543074,1.0019993184336724
6,UDPFlood,307759,hybrid,pr_auc_benign,10,0.9974148545020863,0.004372587080933485,0.9942868941367051,1.0005428148674675
6,UDPFlood,307759,hybrid,pr_auc_ddos,10,0.9510070236145752,0.08121803836820674,0.8929071389770525,1.0091069082520978
6,UDPFlood,307759,mlp,accuracy,10,0.7053423570341378,0.013607392341109192,0.6956082149504326,0.7150764991178431
6,UDPFlood,307759,mlp,precision,4,0.0,0.0,0.0,0.0
6,UDPFlood,307759,mlp,recall,10,0.0,0.0,0.0,0.0
6,UDPFlood,307759,mlp,f1,10,0.0,0.0,0.0,0.0
6,UDPFlood,307759,mlp,balanced_accuracy,10,0.4906488322997757,0.013788665145817277,0.48078501546335456,0.5005126491361968
6,UDPFlood,307759,mlp,mcc,4,-0.11218299551989783,0.030139086379005846,-0.16014100756565303,-0.06422498347414263
6,UDPFlood,307759,mlp,roc_auc,10,0.0,0.0,0.0,0.0
6,UDPFlood,307759,mlp,pr_auc_benign,10,0.5108332426705553,0.007056671839634409,0.5057852037367794,0.5158812816043312
6,UDPFlood,307759,mlp,pr_auc_ddos,10,0.28104805392476623,0.00674057395986401,0.27622613779225236,0.2858699700572801
6,UDPFlood,307759,rf,accuracy,10,0.9986666666666666,0.004216370213557832,0.9956504571161945,1.0016828762171388
6,UDPFlood,307759,rf,precision,10,0.9952380952380953,0.015058465048420872,0.9844659182721234,1.0060102722040671
6,UDPFlood,307759,rf,recall,10,1.0,0.0,1.0,1.0
6,UDPFlood,307759,rf,f1,10,0.9975609756097562,0.007712872341874104,0.9920435191149901,1.0030784321045223
6,UDPFlood,307759,rf,balanced_accuracy,10,0.9990909090909093,0.0028747978728803285,0.9970344025792237,1.0011474156025948
6,UDPFlood,307759,rf,mcc,10,0.9966987556830457,0.010439451154262612,0.9892308222051159,1.0041666891609753
6,UDPFlood,307759,rf,roc_auc,10,1.0,0.0,1.0,1.0
6,UDPFlood,307759,rf,pr_auc_benign,10,1.0,3.700743415417188e-17,1.0,1.0
6,UDPFlood,307759,rf,pr_auc_ddos,10,1.0,9.064933036736789e-17,0.9999999999999999,1.0
6,UDPFlood,307759,xgboost,accuracy,10,0.9959444444444443,0.009064810085876248,0.9894598699480399,1.0024290189408487
6,UDPFlood,307759,xgboost,precision,10,0.9861471861471862,0.030935474045279354,0.9640172811488725,1.0082770911455
6,UDPFlood,307759,xgboost,recall,10,1.0,0.0,1.0,1.0
6,UDPFlood,307759,xgboost,f1,10,0.9927990708478515,0.01613802923126664,0.9812546201882232,1.0043435215074799
6,UDPFlood,307759,xgboost,balanced_accuracy,10,0.9972202797202797,0.006198258584864221,0.9927863126364955,1.001654246804064
6,UDPFlood,307759,xgboost,mcc,10,0.9902437242059736,0.021788525583708196,0.9746571519583643,1.0058302964535828
6,UDPFlood,307759,xgboost,roc_auc,10,1.0,3.700743415417188e-17,1.0,1.0
6,UDPFlood,307759,xgboost,pr_auc_benign,10,1.0,0.0,1.0,1.0
6,UDPFlood,307759,xgboost,pr_auc_ddos,10,1.0,3.700743415417188e-17,1.0,1.0
6,UDPFlood,333019,hybrid,accuracy,10,0.9972222222222221,0.005856069741052534,0.9930330422910109,1.0014114021534335
6,UDPFlood,333019,hybrid,precision,10,0.9904761904761905,0.020077953397894494,0.9761132878548946,1.0048390930974864
6,UDPFlood,333019,hybrid,recall,10,1.0,0.0,1.0,1.0
6,UDPFlood,333019,hybrid,f1,10,0.9951219512195124,0.01028382978916547,0.9877653425598243,1.0024785598792005
6,UDPFlood,333019,hybrid,balanced_accuracy,10,0.998076923076923,0.004054202128420985,0.9951767215860844,1.0009771245677614
6,UDPFlood,333019,hybrid,mcc,10,0.9932941731212749,0.014137124354366202,0.983181083583563,1.0034072626589867
6,UDPFlood,333019,hybrid,roc_auc,10,0.9926446760786382,0.012657180459765738,0.983590274626404,1.0016990775308723
6,UDPFlood,333019,hybrid,pr_auc_benign,10,0.9979908086370995,0.003442856510276136,0.9955279374561466,1.0004536798180526
6,UDPFlood,333019,hybrid,pr_auc_ddos,10,0.9591815435381612,0.06883435666266265,0.909940411130261,1.0084226759460615
6,UDPFlood,333019,mlp,accuracy,10,0.7053233311589476,0.01249318111512646,0.6963862477704789,0.7142604145474164
6,UDPFlood,333019,mlp,precision,4,0.0,0.0,0.0,0.0
6,UDPFlood,333019,mlp,recall,10,0.0,0.0,0.0,0.0
6,UDPFlood,333019,mlp,f1,10,0.0,0.0,0.0,0.0
6,UDPFlood,333019,mlp,balanced_accuracy,10,0.4906306900646523,0.013081445338768224,0.4812727878012555,0.49998859232804915
6,UDPFlood,333019,mlp,mcc,4,-0.1139723057113085,0.019456348020637202,-0.1449316971476093,-0.08301291427500768
6,UDPFlood,333019,mlp,roc_auc,10,0.0,0.0,0.0,0.0
6,UDPFlood,333019,mlp,pr_auc_benign,10,0.5108332426705553,0.007056671839634409,0.5057852037367794,0.5158812816043312
6,UDPFlood,333019,mlp,pr_auc_ddos,10,0.28104805392476623,0.00674057395986401,0.27622613779225236,0.2858699700572801
6,UDPFlood,333019,rf,accuracy,10,1.0,0.0,1.0,1.0
6,UDPFlood,333019,rf,precision,10,1.0,0.0,1.0,1.0
6,UDPFlood,333019,rf,recall,10,1.0,0.0,1.0,1.0
6,UDPFlood,333019,rf,f1,10,1.0,0.0,1.0,1.0
6,UDPFlood,333019,rf,balanced_accuracy,10,1.0,0.0,1.0,1.0
6,UDPFlood,333019,rf,mcc,10,1.0,0.0,1.0,1.0
6,UDPFlood,333019,rf,roc_auc,10,1.0,3.700743415417188e-17,1.0,1.0
6,UDPFlood,333019,rf,pr_auc_benign,10,1.0,3.700743415417188e-17,1.0,1.0
6,UDPFlood,333019,rf,pr_auc_ddos,10,1.0,1.0467283057891834e-16,0.9999999999999999,1.0
6,UDPFlood,333019,xgboost,accuracy,10,0.9958523592085236,0.006678536894115528,0.9910748217194201,1.000629896697627
6,UDPFlood,333019,xgboost,precision,10,0.9857142857142858,0.023002185311411835,0.9692595135989438,1.0021690578296278
6,UDPFlood,333019,xgboost,recall,10,1.0,0.0,1.0,1.0
6,UDPFlood,333019,xgboost,f1,10,0.9926829268292682,0.011781607110723132,0.9842548728189711,1.0011109808395653
6,UDPFlood,333019,xgboost,balanced_accuracy,10,0.9971335268505079,0.004615724373599765,0.9938316365437146,1.0004354171573013
6,UDPFlood,333019,xgboost,mcc,10,0.9899591357731703,0.016167400579494475,0.978393674116749,1.0015245974295917
6,UDPFlood,333019,xgboost,roc_auc,10,1.0,0.0,1.0,1.0
6,UDPFlood,333019,xgboost,pr_auc_benign,10,1.0,0.0,1.0,1.0
6,UDPFlood,333019,xgboost,pr_auc_ddos,10,1.0,0.0,1.0,1.0
8,DNSAmplification,104729,hybrid,accuracy,10,1.0,0.0,1.0,1.0
8,DNSAmplification,104729,hybrid,precision,10,1.0,0.0,1.0,1.0
8,DNSAmplification,104729,hybrid,recall,10,1.0,0.0,1.0,1.0
8,DNSAmplification,104729,hybrid,f1,10,1.0,0.0,1.0,1.0
8,DNSAmplification,104729,hybrid,balanced_accuracy,10,1.0,0.0,1.0,1.0
8,DNSAmplification,104729,hybrid,mcc,10,1.0,0.0,1.0,1.0
8,DNSAmplification,104729,hybrid,roc_auc,10,1.0,0.0,1.0,1.0
8,DNSAmplification,104729,hybrid,pr_auc_benign,10,1.0,0.0,1.0,1.0
8,DNSAmplification,104729,hybrid,pr_auc_ddos,10,1.0,3.700743415417188e-17,1.0,1.0
8,DNSAmplification,104729,mlp,accuracy,10,1.0,0.0,1.0,1.0
8,DNSAmplification,104729,mlp,precision,10,1.0,0.0,1.0,1.0
8,DNSAmplification,104729,mlp,recall,10,1.0,0.0,1.0,1.0
8,DNSAmplification,104729,mlp,f1,10,1.0,0.0,1.0,1.0
8,DNSAmplification,104729,mlp,balanced_accuracy,10,1.0,0.0,1.0,1.0
8,DNSAmplification,104729,mlp,mcc,10,1.0,0.0,1.0,1.0
8,DNSAmplification,104729,mlp,roc_auc,10,1.0,0.0,1.0,1.0
8,DNSAmplification,104729,mlp,pr_auc_benign,10,1.0,0.0,1.0,1.0
8,DNSAmplification,104729,mlp,pr_auc_ddos,10,1.0,0.0,1.0,1.0
8,DNSAmplification,104729,rf,accuracy,10,0.8333333333333334,0.0,0.8333333333333334,0.8333333333333334
8,DNSAmplification,104729,rf,precision,0,not estimable,not estimable,not estimable,not estimable
8,DNSAmplification,104729,rf,recall,10,0.0,0.0,0.0,0.0
8,DNSAmplification,104729,rf,f1,10,0.0,0.0,0.0,0.0
8,DNSAmplification,104729,rf,balanced_accuracy,10,0.5,0.0,0.5,0.5
8,DNSAmplification,104729,rf,mcc,0,not estimable,not estimable,not estimable,not estimable
8,DNSAmplification,104729,rf,roc_auc,10,1.0,0.0,1.0,1.0
8,DNSAmplification,104729,rf,pr_auc_benign,10,1.0,0.0,1.0,1.0
8,DNSAmplification,104729,rf,pr_auc_ddos,10,1.0,0.0,1.0,1.0
8,DNSAmplification,104729,xgboost,accuracy,10,1.0,0.0,1.0,1.0
8,DNSAmplification,104729,xgboost,precision,10,1.0,0.0,1.0,1.0
8,DNSAmplification,104729,xgboost,recall,10,1.0,0.0,1.0,1.0
8,DNSAmplification,104729,xgboost,f1,10,1.0,0.0,1.0,1.0
8,DNSAmplification,104729,xgboost,balanced_accuracy,10,1.0,0.0,1.0,1.0
8,DNSAmplification,104729,xgboost,mcc,10,1.0,0.0,1.0,1.0
8,DNSAmplification,104729,xgboost,roc_auc,10,1.0,0.0,1.0,1.0
8,DNSAmplification,104729,xgboost,pr_auc_benign,10,1.0,0.0,1.0,1.0
8,DNSAmplification,104729,xgboost,pr_auc_ddos,10,1.0,3.700743415417188e-17,1.0,1.0
8,DNSAmplification,130363,hybrid,accuracy,10,1.0,0.0,1.0,1.0
8,DNSAmplification,130363,hybrid,precision,10,1.0,0.0,1.0,1.0
8,DNSAmplification,130363,hybrid,recall,10,1.0,0.0,1.0,1.0
8,DNSAmplification,130363,hybrid,f1,10,1.0,0.0,1.0,1.0
8,DNSAmplification,130363,hybrid,balanced_accuracy,10,1.0,0.0,1.0,1.0
8,DNSAmplification,130363,hybrid,mcc,10,1.0,0.0,1.0,1.0
8,DNSAmplification,130363,hybrid,roc_auc,10,1.0,0.0,1.0,1.0
8,DNSAmplification,130363,hybrid,pr_auc_benign,10,1.0,0.0,1.0,1.0
8,DNSAmplification,130363,hybrid,pr_auc_ddos,10,1.0,0.0,1.0,1.0
8,DNSAmplification,130363,mlp,accuracy,10,1.0,0.0,1.0,1.0
8,DNSAmplification,130363,mlp,precision,10,1.0,0.0,1.0,1.0
8,DNSAmplification,130363,mlp,recall,10,1.0,0.0,1.0,1.0
8,DNSAmplification,130363,mlp,f1,10,1.0,0.0,1.0,1.0
8,DNSAmplification,130363,mlp,balanced_accuracy,10,1.0,0.0,1.0,1.0
8,DNSAmplification,130363,mlp,mcc,10,1.0,0.0,1.0,1.0
8,DNSAmplification,130363,mlp,roc_auc,10,1.0,0.0,1.0,1.0
8,DNSAmplification,130363,mlp,pr_auc_benign,10,1.0,0.0,1.0,1.0
8,DNSAmplification,130363,mlp,pr_auc_ddos,10,1.0,0.0,1.0,1.0
8,DNSAmplification,130363,rf,accuracy,10,1.0,0.0,1.0,1.0
8,DNSAmplification,130363,rf,precision,10,1.0,0.0,1.0,1.0
8,DNSAmplification,130363,rf,recall,10,1.0,0.0,1.0,1.0
8,DNSAmplification,130363,rf,f1,10,1.0,0.0,1.0,1.0
8,DNSAmplification,130363,rf,balanced_accuracy,10,1.0,0.0,1.0,1.0
8,DNSAmplification,130363,rf,mcc,10,1.0,0.0,1.0,1.0
8,DNSAmplification,130363,rf,roc_auc,10,1.0,0.0,1.0,1.0
8,DNSAmplification,130363,rf,pr_auc_benign,10,1.0,0.0,1.0,1.0
8,DNSAmplification,130363,rf,pr_auc_ddos,10,1.0,0.0,1.0,1.0
8,DNSAmplification,130363,xgboost,accuracy,10,1.0,0.0,1.0,1.0
8,DNSAmplification,130363,xgboost,precision,10,1.0,0.0,1.0,1.0
8,DNSAmplification,130363,xgboost,recall,10,1.0,0.0,1.0,1.0
8,DNSAmplification,130363,xgboost,f1,10,1.0,0.0,1.0,1.0
8,DNSAmplification,130363,xgboost,balanced_accuracy,10,1.0,0.0,1.0,1.0
8,DNSAmplification,130363,xgboost,mcc,10,1.0,0.0,1.0,1.0
8,DNSAmplification,130363,xgboost,roc_auc,10,1.0,0.0,1.0,1.0
8,DNSAmplification,130363,xgboost,pr_auc_benign,10,1.0,0.0,1.0,1.0
8,DNSAmplification,130363,xgboost,pr_auc_ddos,10,1.0,0.0,1.0,1.0
8,DNSAmplification,155921,hybrid,accuracy,10,1.0,0.0,1.0,1.0
8,DNSAmplification,155921,hybrid,precision,10,1.0,0.0,1.0,1.0
8,DNSAmplification,155921,hybrid,recall,10,1.0,0.0,1.0,1.0
8,DNSAmplification,155921,hybrid,f1,10,1.0,0.0,1.0,1.0
8,DNSAmplification,155921,hybrid,balanced_accuracy,10,1.0,0.0,1.0,1.0
8,DNSAmplification,155921,hybrid,mcc,10,1.0,0.0,1.0,1.0
8,DNSAmplification,155921,hybrid,roc_auc,10,1.0,0.0,1.0,1.0
8,DNSAmplification,155921,hybrid,pr_auc_benign,10,1.0,0.0,1.0,1.0
8,DNSAmplification,155921,hybrid,pr_auc_ddos,10,1.0,0.0,1.0,1.0
8,DNSAmplification,155921,mlp,accuracy,10,0.32999999999999996,0.04634811914358714,0.2968445528910645,0.36315544710893544
8,DNSAmplification,155921,mlp,precision,10,0.19976464124980958,0.011275517038524766,0.1916986222677117,0.20783066023190747
8,DNSAmplification,155921,mlp,recall,10,1.0,0.0,1.0,1.0
8,DNSAmplification,155921,mlp,f1,10,0.3328743489152631,0.01561044145980651,0.3217073118114638,0.34404138601906237
8,DNSAmplification,155921,mlp,balanced_accuracy,10,0.5980000000000001,0.027808871486152263,0.5781067317346388,0.6178932682653614
8,DNSAmplification,155921,mlp,mcc,10,0.19670781297862258,0.03372446874532087,0.17258278136086938,0.22083284459637578
8,DNSAmplification,155921,mlp,roc_auc,10,1.0,0.0,1.0,1.0
8,DNSAmplification,155921,mlp,pr_auc_benign,10,1.0,0.0,1.0,1.0
8,DNSAmplification,155921,mlp,pr_auc_ddos,10,1.0,0.0,1.0,1.0
8,DNSAmplification,155921,rf,accuracy,10,1.0,0.0,1.0,1.0
8,DNSAmplification,155921,rf,precision,10,1.0,0.0,1.0,1.0
8,DNSAmplification,155921,rf,recall,10,1.0,0.0,1.0,1.0
8,DNSAmplification,155921,rf,f1,10,1.0,0.0,1.0,1.0
8,DNSAmplification,155921,rf,balanced_accuracy,10,1.0,0.0,1.0,1.0
8,DNSAmplification,155921,rf,mcc,10,1.0,0.0,1.0,1.0
8,DNSAmplification,155921,rf,roc_auc,10,1.0,0.0,1.0,1.0
8,DNSAmplification,155921,rf,pr_auc_benign,10,1.0,0.0,1.0,1.0
8,DNSAmplification,155921,rf,pr_auc_ddos,10,1.0,3.700743415417188e-17,1.0,1.0
8,DNSAmplification,155921,xgboost,accuracy,10,1.0,0.0,1.0,1.0
8,DNSAmplification,155921,xgboost,precision,10,1.0,0.0,1.0,1.0
8,DNSAmplification,155921,xgboost,recall,10,1.0,0.0,1.0,1.0
8,DNSAmplification,155921,xgboost,f1,10,1.0,0.0,1.0,1.0
8,DNSAmplification,155921,xgboost,balanced_accuracy,10,1.0,0.0,1.0,1.0
8,DNSAmplification,155921,xgboost,mcc,10,1.0,0.0,1.0,1.0
8,DNSAmplification,155921,xgboost,roc_auc,10,1.0,0.0,1.0,1.0
8,DNSAmplification,155921,xgboost,pr_auc_benign,10,1.0,0.0,1.0,1.0
8,DNSAmplification,155921,xgboost,pr_auc_ddos,10,1.0,3.700743415417188e-17,1.0,1.0
8,DNSAmplification,181081,hybrid,accuracy,10,0.9949999999999999,0.008050764858994157,0.9892408297596301,1.0007591702403695
8,DNSAmplification,181081,hybrid,precision,10,1.0,0.0,1.0,1.0
8,DNSAmplification,181081,hybrid,recall,10,0.97,0.04830458915396478,0.9354449785577819,1.004555021442218
8,DNSAmplification,181081,hybrid,f1,10,0.9842105263157894,0.025423467975770966,0.9660236729251482,1.0023973797064305
8,DNSAmplification,181081,hybrid,balanced_accuracy,10,0.985,0.024152294576982418,0.9677224892788909,1.002277510721109
8,DNSAmplification,181081,hybrid,mcc,10,0.9818009309883173,0.029303285053132868,0.9608386236574138,1.0027632383192209
8,DNSAmplification,181081,hybrid,roc_auc,10,1.0,0.0,1.0,1.0
8,DNSAmplification,181081,hybrid,pr_auc_benign,10,1.0,0.0,1.0,1.0
8,DNSAmplification,181081,hybrid,pr_auc_ddos,10,1.0,3.700743415417188e-17,1.0,1.0
8,DNSAmplification,181081,mlp,accuracy,10,0.8333333333333334,0.0,0.8333333333333334,0.8333333333333334
8,DNSAmplification,181081,mlp,precision,0,not estimable,not estimable,not estimable,not estimable
8,DNSAmplification,181081,mlp,recall,10,0.0,0.0,0.0,0.0
8,DNSAmplification,181081,mlp,f1,10,0.0,0.0,0.0,0.0
8,DNSAmplification,181081,mlp,balanced_accuracy,10,0.5,0.0,0.5,0.5
8,DNSAmplification,181081,mlp,mcc,0,not estimable,not estimable,not estimable,not estimable
8,DNSAmplification,181081,mlp,roc_auc,10,0.0,0.0,0.0,0.0
8,DNSAmplification,181081,mlp,pr_auc_benign,10,0.8333333333333334,0.0,0.8333333333333334,0.8333333333333334
8,DNSAmplification,181081,mlp,pr_auc_ddos,10,0.16666666666666669,2.925694557147251e-17,0.16666666666666666,0.1666666666666667
8,DNSAmplification,181081,rf,accuracy,10,0.9949999999999999,0.008050764858994157,0.9892408297596301,1.0007591702403695
8,DNSAmplification,181081,rf,precision,10,1.0,0.0,1.0,1.0
8,DNSAmplification,181081,rf,recall,10,0.97,0.04830458915396478,0.9354449785577819,1.004555021442218
8,DNSAmplification,181081,rf,f1,10,0.9842105263157894,0.025423467975770966,0.9660236729251482,1.0023973797064305
8,DNSAmplification,181081,rf,balanced_accuracy,10,0.985,0.024152294576982418,0.9677224892788909,1.002277510721109
8,DNSAmplification,181081,rf,mcc,10,0.9818009309883173,0.029303285053132868,0.9608386236574138,1.0027632383192209
8,DNSAmplification,181081,rf,roc_auc,10,1.0,0.0,1.0,1.0
8,DNSAmplification,181081,rf,pr_auc_benign,10,1.0,0.0,1.0,1.0
8,DNSAmplification,181081,rf,pr_auc_ddos,10,1.0,0.0,1.0,1.0
8,DNSAmplification,181081,xgboost,accuracy,10,1.0,0.0,1.0,1.0
8,DNSAmplification,181081,xgboost,precision,10,1.0,0.0,1.0,1.0
8,DNSAmplification,181081,xgboost,recall,10,1.0,0.0,1.0,1.0
8,DNSAmplification,181081,xgboost,f1,10,1.0,0.0,1.0,1.0
8,DNSAmplification,181081,xgboost,balanced_accuracy,10,1.0,0.0,1.0,1.0
8,DNSAmplification,181081,xgboost,mcc,10,1.0,0.0,1.0,1.0
8,DNSAmplification,181081,xgboost,roc_auc,10,1.0,0.0,1.0,1.0
8,DNSAmplification,181081,xgboost,pr_auc_benign,10,1.0,0.0,1.0,1.0
8,DNSAmplification,181081,xgboost,pr_auc_ddos,10,1.0,3.700743415417188e-17,1.0,1.0
8,DNSAmplification,206369,hybrid,accuracy,10,1.0,0.0,1.0,1.0
8,DNSAmplification,206369,hybrid,precision,10,1.0,0.0,1.0,1.0
8,DNSAmplification,206369,hybrid,recall,10,1.0,0.0,1.0,1.0
8,DNSAmplification,206369,hybrid,f1,10,1.0,0.0,1.0,1.0
8,DNSAmplification,206369,hybrid,balanced_accuracy,10,1.0,0.0,1.0,1.0
8,DNSAmplification,206369,hybrid,mcc,10,1.0,0.0,1.0,1.0
8,DNSAmplification,206369,hybrid,roc_auc,10,1.0,0.0,1.0,1.0
8,DNSAmplification,206369,hybrid,pr_auc_benign,10,1.0,0.0,1.0,1.0
8,DNSAmplification,206369,hybrid,pr_auc_ddos,10,1.0,3.700743415417188e-17,1.0,1.0
8,DNSAmplification,206369,mlp,accuracy,10,0.16666666666666669,2.925694557147251e-17,0.16666666666666666,0.1666666666666667
8,DNSAmplification,206369,mlp,precision,10,0.16666666666666669,2.925694557147251e-17,0.16666666666666666,0.1666666666666667
8,DNSAmplification,206369,mlp,recall,10,1.0,0.0,1.0,1.0
8,DNSAmplification,206369,mlp,f1,10,0.2857142857142857,0.0,0.2857142857142857,0.2857142857142857
8,DNSAmplification,206369,mlp,balanced_accuracy,10,0.5,0.0,0.5,0.5
8,DNSAmplification,206369,mlp,mcc,0,not estimable,not estimable,not estimable,not estimable
8,DNSAmplification,206369,mlp,roc_auc,10,1.0,0.0,1.0,1.0
8,DNSAmplification,206369,mlp,pr_auc_benign,10,1.0,0.0,1.0,1.0
8,DNSAmplification,206369,mlp,pr_auc_ddos,10,1.0,0.0,1.0,1.0
8,DNSAmplification,206369,rf,accuracy,10,1.0,0.0,1.0,1.0
8,DNSAmplification,206369,rf,precision,10,1.0,0.0,1.0,1.0
8,DNSAmplification,206369,rf,recall,10,1.0,0.0,1.0,1.0
8,DNSAmplification,206369,rf,f1,10,1.0,0.0,1.0,1.0
8,DNSAmplification,206369,rf,balanced_accuracy,10,1.0,0.0,1.0,1.0
8,DNSAmplification,206369,rf,mcc,10,1.0,0.0,1.0,1.0
8,DNSAmplification,206369,rf,roc_auc,10,1.0,0.0,1.0,1.0
8,DNSAmplification,206369,rf,pr_auc_benign,10,1.0,0.0,1.0,1.0
8,DNSAmplification,206369,rf,pr_auc_ddos,10,1.0,0.0,1.0,1.0
8,DNSAmplification,206369,xgboost,accuracy,10,1.0,0.0,1.0,1.0
8,DNSAmplification,206369,xgboost,precision,10,1.0,0.0,1.0,1.0
8,DNSAmplification,206369,xgboost,recall,10,1.0,0.0,1.0,1.0
8,DNSAmplification,206369,xgboost,f1,10,1.0,0.0,1.0,1.0
8,DNSAmplification,206369,xgboost,balanced_accuracy,10,1.0,0.0,1.0,1.0
8,DNSAmplification,206369,xgboost,mcc,10,1.0,0.0,1.0,1.0
8,DNSAmplification,206369,xgboost,roc_auc,10,1.0,0.0,1.0,1.0
8,DNSAmplification,206369,xgboost,pr_auc_benign,10,1.0,0.0,1.0,1.0
8,DNSAmplification,206369,xgboost,pr_auc_ddos,10,1.0,3.700743415417188e-17,1.0,1.0
8,DNSAmplification,231701,hybrid,accuracy,10,1.0,0.0,1.0,1.0
8,DNSAmplification,231701,hybrid,precision,10,1.0,0.0,1.0,1.0
8,DNSAmplification,231701,hybrid,recall,10,1.0,0.0,1.0,1.0
8,DNSAmplification,231701,hybrid,f1,10,1.0,0.0,1.0,1.0
8,DNSAmplification,231701,hybrid,balanced_accuracy,10,1.0,0.0,1.0,1.0
8,DNSAmplification,231701,hybrid,mcc,10,1.0,0.0,1.0,1.0
8,DNSAmplification,231701,hybrid,roc_auc,10,1.0,0.0,1.0,1.0
8,DNSAmplification,231701,hybrid,pr_auc_benign,10,1.0,0.0,1.0,1.0
8,DNSAmplification,231701,hybrid,pr_auc_ddos,10,1.0,0.0,1.0,1.0
8,DNSAmplification,231701,mlp,accuracy,10,1.0,0.0,1.0,1.0
8,DNSAmplification,231701,mlp,precision,10,1.0,0.0,1.0,1.0
8,DNSAmplification,231701,mlp,recall,10,1.0,0.0,1.0,1.0
8,DNSAmplification,231701,mlp,f1,10,1.0,0.0,1.0,1.0
8,DNSAmplification,231701,mlp,balanced_accuracy,10,1.0,0.0,1.0,1.0
8,DNSAmplification,231701,mlp,mcc,10,1.0,0.0,1.0,1.0
8,DNSAmplification,231701,mlp,roc_auc,10,1.0,0.0,1.0,1.0
8,DNSAmplification,231701,mlp,pr_auc_benign,10,1.0,0.0,1.0,1.0
8,DNSAmplification,231701,mlp,pr_auc_ddos,10,1.0,0.0,1.0,1.0
8,DNSAmplification,231701,rf,accuracy,10,0.9283333333333333,0.02727319490807461,0.9088232650074761,0.9478434016591906
8,DNSAmplification,231701,rf,precision,10,1.0,0.0,1.0,1.0
8,DNSAmplification,231701,rf,recall,10,0.5700000000000001,0.1636391694484477,0.45293959004485684,0.6870604099551433
8,DNSAmplification,231701,rf,f1,10,0.7130539395245277,0.1397576261539687,0.6130773564907495,0.8130305225583059
8,DNSAmplification,231701,rf,balanced_accuracy,10,0.7849999999999999,0.08181958472422385,0.7264697950224283,0.8435302049775716
8,DNSAmplification,231701,rf,mcc,10,0.7188095818263105,0.11859870250762798,0.6339691809462221,0.8036499827063989
8,DNSAmplification,231701,rf,roc_auc,10,1.0,0.0,1.0,1.0
8,DNSAmplification,231701,rf,pr_auc_benign,10,1.0,0.0,1.0,1.0
8,DNSAmplification,231701,rf,pr_auc_ddos,10,1.0,3.700743415417188e-17,1.0,1.0
8,DNSAmplification,231701,xgboost,accuracy,10,1.0,0.0,1.0,1.0
8,DNSAmplification,231701,xgboost,precision,10,1.0,0.0,1.0,1.0
8,DNSAmplification,231701,xgboost,recall,10,1.0,0.0,1.0,1.0
8,DNSAmplification,231701,xgboost,f1,10,1.0,0.0,1.0,1.0
8,DNSAmplification,231701,xgboost,balanced_accuracy,10,1.0,0.0,1.0,1.0
8,DNSAmplification,231701,xgboost,mcc,10,1.0,0.0,1.0,1.0
8,DNSAmplification,231701,xgboost,roc_auc,10,1.0,0.0,1.0,1.0
8,DNSAmplification,231701,xgboost,pr_auc_benign,10,1.0,0.0,1.0,1.0
8,DNSAmplification,231701,xgboost,pr_auc_ddos,10,1.0,3.700743415417188e-17,1.0,1.0
8,DNSAmplification,257053,hybrid,accuracy,10,1.0,0.0,1.0,1.0
8,DNSAmplification,257053,hybrid,precision,10,1.0,0.0,1.0,1.0
8,DNSAmplification,257053,hybrid,recall,10,1.0,0.0,1.0,1.0
8,DNSAmplification,257053,hybrid,f1,10,1.0,0.0,1.0,1.0
8,DNSAmplification,257053,hybrid,balanced_accuracy,10,1.0,0.0,1.0,1.0
8,DNSAmplification,257053,hybrid,mcc,10,1.0,0.0,1.0,1.0
8,DNSAmplification,257053,hybrid,roc_auc,10,1.0,0.0,1.0,1.0
8,DNSAmplification,257053,hybrid,pr_auc_benign,10,1.0,0.0,1.0,1.0
8,DNSAmplification,257053,hybrid,pr_auc_ddos,10,1.0,5.233641528945917e-17,1.0,1.0
8,DNSAmplification,257053,mlp,accuracy,10,1.0,0.0,1.0,1.0
8,DNSAmplification,257053,mlp,precision,10,1.0,0.0,1.0,1.0
8,DNSAmplification,257053,mlp,recall,10,1.0,0.0,1.0,1.0
8,DNSAmplification,257053,mlp,f1,10,1.0,0.0,1.0,1.0
8,DNSAmplification,257053,mlp,balanced_accuracy,10,1.0,0.0,1.0,1.0
8,DNSAmplification,257053,mlp,mcc,10,1.0,0.0,1.0,1.0
8,DNSAmplification,257053,mlp,roc_auc,10,1.0,0.0,1.0,1.0
8,DNSAmplification,257053,mlp,pr_auc_benign,10,1.0,0.0,1.0,1.0
8,DNSAmplification,257053,mlp,pr_auc_ddos,10,1.0,0.0,1.0,1.0
8,DNSAmplification,257053,rf,accuracy,10,1.0,0.0,1.0,1.0
8,DNSAmplification,257053,rf,precision,10,1.0,0.0,1.0,1.0
8,DNSAmplification,257053,rf,recall,10,1.0,0.0,1.0,1.0
8,DNSAmplification,257053,rf,f1,10,1.0,0.0,1.0,1.0
8,DNSAmplification,257053,rf,balanced_accuracy,10,1.0,0.0,1.0,1.0
8,DNSAmplification,257053,rf,mcc,10,1.0,0.0,1.0,1.0
8,DNSAmplification,257053,rf,roc_auc,10,1.0,0.0,1.0,1.0
8,DNSAmplification,257053,rf,pr_auc_benign,10,1.0,0.0,1.0,1.0
8,DNSAmplification,257053,rf,pr_auc_ddos,10,1.0,0.0,1.0,1.0
8,DNSAmplification,257053,xgboost,accuracy,10,1.0,0.0,1.0,1.0
8,DNSAmplification,257053,xgboost,precision,10,1.0,0.0,1.0,1.0
8,DNSAmplification,257053,xgboost,recall,10,1.0,0.0,1.0,1.0
8,DNSAmplification,257053,xgboost,f1,10,1.0,0.0,1.0,1.0
8,DNSAmplification,257053,xgboost,balanced_accuracy,10,1.0,0.0,1.0,1.0
8,DNSAmplification,257053,xgboost,mcc,10,1.0,0.0,1.0,1.0
8,DNSAmplification,257053,xgboost,roc_auc,10,1.0,0.0,1.0,1.0
8,DNSAmplification,257053,xgboost,pr_auc_benign,10,1.0,0.0,1.0,1.0
8,DNSAmplification,257053,xgboost,pr_auc_ddos,10,1.0,3.700743415417188e-17,1.0,1.0
8,DNSAmplification,282427,hybrid,accuracy,10,1.0,0.0,1.0,1.0
8,DNSAmplification,282427,hybrid,precision,10,1.0,0.0,1.0,1.0
8,DNSAmplification,282427,hybrid,recall,10,1.0,0.0,1.0,1.0
8,DNSAmplification,282427,hybrid,f1,10,1.0,0.0,1.0,1.0
8,DNSAmplification,282427,hybrid,balanced_accuracy,10,1.0,0.0,1.0,1.0
8,DNSAmplification,282427,hybrid,mcc,10,1.0,0.0,1.0,1.0
8,DNSAmplification,282427,hybrid,roc_auc,10,1.0,0.0,1.0,1.0
8,DNSAmplification,282427,hybrid,pr_auc_benign,10,1.0,0.0,1.0,1.0
8,DNSAmplification,282427,hybrid,pr_auc_ddos,10,1.0,8.275113844157577e-17,0.9999999999999999,1.0
8,DNSAmplification,282427,mlp,accuracy,10,0.8333333333333334,0.0,0.8333333333333334,0.8333333333333334
8,DNSAmplification,282427,mlp,precision,0,not estimable,not estimable,not estimable,not estimable
8,DNSAmplification,282427,mlp,recall,10,0.0,0.0,0.0,0.0
8,DNSAmplification,282427,mlp,f1,10,0.0,0.0,0.0,0.0
8,DNSAmplification,282427,mlp,balanced_accuracy,10,0.5,0.0,0.5,0.5
8,DNSAmplification,282427,mlp,mcc,0,not estimable,not estimable,not estimable,not estimable
8,DNSAmplification,282427,mlp,roc_auc,10,0.0,0.0,0.0,0.0
8,DNSAmplification,282427,mlp,pr_auc_benign,10,0.8333333333333334,0.0,0.8333333333333334,0.8333333333333334
8,DNSAmplification,282427,mlp,pr_auc_ddos,10,0.16666666666666669,2.925694557147251e-17,0.16666666666666666,0.1666666666666667
8,DNSAmplification,282427,rf,accuracy,10,1.0,0.0,1.0,1.0
8,DNSAmplification,282427,rf,precision,10,1.0,0.0,1.0,1.0
8,DNSAmplification,282427,rf,recall,10,1.0,0.0,1.0,1.0
8,DNSAmplification,282427,rf,f1,10,1.0,0.0,1.0,1.0
8,DNSAmplification,282427,rf,balanced_accuracy,10,1.0,0.0,1.0,1.0
8,DNSAmplification,282427,rf,mcc,10,1.0,0.0,1.0,1.0
8,DNSAmplification,282427,rf,roc_auc,10,1.0,0.0,1.0,1.0
8,DNSAmplification,282427,rf,pr_auc_benign,10,1.0,0.0,1.0,1.0
8,DNSAmplification,282427,rf,pr_auc_ddos,10,1.0,8.275113844157577e-17,0.9999999999999999,1.0
8,DNSAmplification,282427,xgboost,accuracy,10,1.0,0.0,1.0,1.0
8,DNSAmplification,282427,xgboost,precision,10,1.0,0.0,1.0,1.0
8,DNSAmplification,282427,xgboost,recall,10,1.0,0.0,1.0,1.0
8,DNSAmplification,282427,xgboost,f1,10,1.0,0.0,1.0,1.0
8,DNSAmplification,282427,xgboost,balanced_accuracy,10,1.0,0.0,1.0,1.0
8,DNSAmplification,282427,xgboost,mcc,10,1.0,0.0,1.0,1.0
8,DNSAmplification,282427,xgboost,roc_auc,10,1.0,0.0,1.0,1.0
8,DNSAmplification,282427,xgboost,pr_auc_benign,10,1.0,0.0,1.0,1.0
8,DNSAmplification,282427,xgboost,pr_auc_ddos,10,1.0,3.700743415417188e-17,1.0,1.0
8,DNSAmplification,307759,hybrid,accuracy,10,1.0,0.0,1.0,1.0
8,DNSAmplification,307759,hybrid,precision,10,1.0,0.0,1.0,1.0
8,DNSAmplification,307759,hybrid,recall,10,1.0,0.0,1.0,1.0
8,DNSAmplification,307759,hybrid,f1,10,1.0,0.0,1.0,1.0
8,DNSAmplification,307759,hybrid,balanced_accuracy,10,1.0,0.0,1.0,1.0
8,DNSAmplification,307759,hybrid,mcc,10,1.0,0.0,1.0,1.0
8,DNSAmplification,307759,hybrid,roc_auc,10,1.0,0.0,1.0,1.0
8,DNSAmplification,307759,hybrid,pr_auc_benign,10,1.0,0.0,1.0,1.0
8,DNSAmplification,307759,hybrid,pr_auc_ddos,10,1.0,5.233641528945917e-17,1.0,1.0
8,DNSAmplification,307759,mlp,accuracy,10,1.0,0.0,1.0,1.0
8,DNSAmplification,307759,mlp,precision,10,1.0,0.0,1.0,1.0
8,DNSAmplification,307759,mlp,recall,10,1.0,0.0,1.0,1.0
8,DNSAmplification,307759,mlp,f1,10,1.0,0.0,1.0,1.0
8,DNSAmplification,307759,mlp,balanced_accuracy,10,1.0,0.0,1.0,1.0
8,DNSAmplification,307759,mlp,mcc,10,1.0,0.0,1.0,1.0
8,DNSAmplification,307759,mlp,roc_auc,10,1.0,0.0,1.0,1.0
8,DNSAmplification,307759,mlp,pr_auc_benign,10,1.0,0.0,1.0,1.0
8,DNSAmplification,307759,mlp,pr_auc_ddos,10,1.0,0.0,1.0,1.0
8,DNSAmplification,307759,rf,accuracy,10,1.0,0.0,1.0,1.0
8,DNSAmplification,307759,rf,precision,10,1.0,0.0,1.0,1.0
8,DNSAmplification,307759,rf,recall,10,1.0,0.0,1.0,1.0
8,DNSAmplification,307759,rf,f1,10,1.0,0.0,1.0,1.0
8,DNSAmplification,307759,rf,balanced_accuracy,10,1.0,0.0,1.0,1.0
8,DNSAmplification,307759,rf,mcc,10,1.0,0.0,1.0,1.0
8,DNSAmplification,307759,rf,roc_auc,10,1.0,0.0,1.0,1.0
8,DNSAmplification,307759,rf,pr_auc_benign,10,1.0,0.0,1.0,1.0
8,DNSAmplification,307759,rf,pr_auc_ddos,10,1.0,0.0,1.0,1.0
8,DNSAmplification,307759,xgboost,accuracy,10,1.0,0.0,1.0,1.0
8,DNSAmplification,307759,xgboost,precision,10,1.0,0.0,1.0,1.0
8,DNSAmplification,307759,xgboost,recall,10,1.0,0.0,1.0,1.0
8,DNSAmplification,307759,xgboost,f1,10,1.0,0.0,1.0,1.0
8,DNSAmplification,307759,xgboost,balanced_accuracy,10,1.0,0.0,1.0,1.0
8,DNSAmplification,307759,xgboost,mcc,10,1.0,0.0,1.0,1.0
8,DNSAmplification,307759,xgboost,roc_auc,10,1.0,0.0,1.0,1.0
8,DNSAmplification,307759,xgboost,pr_auc_benign,10,1.0,0.0,1.0,1.0
8,DNSAmplification,307759,xgboost,pr_auc_ddos,10,1.0,0.0,1.0,1.0
8,DNSAmplification,333019,hybrid,accuracy,10,1.0,0.0,1.0,1.0
8,DNSAmplification,333019,hybrid,precision,10,1.0,0.0,1.0,1.0
8,DNSAmplification,333019,hybrid,recall,10,1.0,0.0,1.0,1.0
8,DNSAmplification,333019,hybrid,f1,10,1.0,0.0,1.0,1.0
8,DNSAmplification,333019,hybrid,balanced_accuracy,10,1.0,0.0,1.0,1.0
8,DNSAmplification,333019,hybrid,mcc,10,1.0,0.0,1.0,1.0
8,DNSAmplification,333019,hybrid,roc_auc,10,1.0,0.0,1.0,1.0
8,DNSAmplification,333019,hybrid,pr_auc_benign,10,1.0,0.0,1.0,1.0
8,DNSAmplification,333019,hybrid,pr_auc_ddos,10,1.0,0.0,1.0,1.0
8,DNSAmplification,333019,mlp,accuracy,10,0.8333333333333334,0.0,0.8333333333333334,0.8333333333333334
8,DNSAmplification,333019,mlp,precision,0,not estimable,not estimable,not estimable,not estimable
8,DNSAmplification,333019,mlp,recall,10,0.0,0.0,0.0,0.0
8,DNSAmplification,333019,mlp,f1,10,0.0,0.0,0.0,0.0
8,DNSAmplification,333019,mlp,balanced_accuracy,10,0.5,0.0,0.5,0.5
8,DNSAmplification,333019,mlp,mcc,0,not estimable,not estimable,not estimable,not estimable
8,DNSAmplification,333019,mlp,roc_auc,10,0.0,0.0,0.0,0.0
8,DNSAmplification,333019,mlp,pr_auc_benign,10,0.6520705087930854,0.0010244741876214648,0.6513376441079636,0.6528033734782072
8,DNSAmplification,333019,mlp,pr_auc_ddos,10,0.16666666666666669,2.925694557147251e-17,0.16666666666666666,0.1666666666666667
8,DNSAmplification,333019,rf,accuracy,10,1.0,0.0,1.0,1.0
8,DNSAmplification,333019,rf,precision,10,1.0,0.0,1.0,1.0
8,DNSAmplification,333019,rf,recall,10,1.0,0.0,1.0,1.0
8,DNSAmplification,333019,rf,f1,10,1.0,0.0,1.0,1.0
8,DNSAmplification,333019,rf,balanced_accuracy,10,1.0,0.0,1.0,1.0
8,DNSAmplification,333019,rf,mcc,10,1.0,0.0,1.0,1.0
8,DNSAmplification,333019,rf,roc_auc,10,1.0,0.0,1.0,1.0
8,DNSAmplification,333019,rf,pr_auc_benign,10,1.0,0.0,1.0,1.0
8,DNSAmplification,333019,rf,pr_auc_ddos,10,1.0,0.0,1.0,1.0
8,DNSAmplification,333019,xgboost,accuracy,10,1.0,0.0,1.0,1.0
8,DNSAmplification,333019,xgboost,precision,10,1.0,0.0,1.0,1.0
8,DNSAmplification,333019,xgboost,recall,10,1.0,0.0,1.0,1.0
8,DNSAmplification,333019,xgboost,f1,10,1.0,0.0,1.0,1.0
8,DNSAmplification,333019,xgboost,balanced_accuracy,10,1.0,0.0,1.0,1.0
8,DNSAmplification,333019,xgboost,mcc,10,1.0,0.0,1.0,1.0
8,DNSAmplification,333019,xgboost,roc_auc,10,1.0,0.0,1.0,1.0
8,DNSAmplification,333019,xgboost,pr_auc_benign,10,1.0,0.0,1.0,1.0
8,DNSAmplification,333019,xgboost,pr_auc_ddos,10,1.0,0.0,1.0,1.0
8,Normal,104729,hybrid,accuracy,10,1.0,0.0,1.0,1.0
8,Normal,104729,hybrid,precision,0,not estimable,not estimable,not estimable,not estimable
8,Normal,104729,hybrid,recall,0,not estimable,not estimable,not estimable,not estimable
8,Normal,104729,hybrid,f1,0,not estimable,not estimable,not estimable,not estimable
8,Normal,104729,hybrid,balanced_accuracy,0,not estimable,not estimable,not estimable,not estimable
8,Normal,104729,hybrid,mcc,0,not estimable,not estimable,not estimable,not estimable
8,Normal,104729,hybrid,roc_auc,0,not estimable,not estimable,not estimable,not estimable
8,Normal,104729,hybrid,pr_auc_benign,0,not estimable,not estimable,not estimable,not estimable
8,Normal,104729,hybrid,pr_auc_ddos,0,not estimable,not estimable,not estimable,not estimable
8,Normal,104729,mlp,accuracy,10,1.0,0.0,1.0,1.0
8,Normal,104729,mlp,precision,0,not estimable,not estimable,not estimable,not estimable
8,Normal,104729,mlp,recall,0,not estimable,not estimable,not estimable,not estimable
8,Normal,104729,mlp,f1,0,not estimable,not estimable,not estimable,not estimable
8,Normal,104729,mlp,balanced_accuracy,0,not estimable,not estimable,not estimable,not estimable
8,Normal,104729,mlp,mcc,0,not estimable,not estimable,not estimable,not estimable
8,Normal,104729,mlp,roc_auc,0,not estimable,not estimable,not estimable,not estimable
8,Normal,104729,mlp,pr_auc_benign,0,not estimable,not estimable,not estimable,not estimable
8,Normal,104729,mlp,pr_auc_ddos,0,not estimable,not estimable,not estimable,not estimable
8,Normal,104729,rf,accuracy,10,1.0,0.0,1.0,1.0
8,Normal,104729,rf,precision,0,not estimable,not estimable,not estimable,not estimable
8,Normal,104729,rf,recall,0,not estimable,not estimable,not estimable,not estimable
8,Normal,104729,rf,f1,0,not estimable,not estimable,not estimable,not estimable
8,Normal,104729,rf,balanced_accuracy,0,not estimable,not estimable,not estimable,not estimable
8,Normal,104729,rf,mcc,0,not estimable,not estimable,not estimable,not estimable
8,Normal,104729,rf,roc_auc,0,not estimable,not estimable,not estimable,not estimable
8,Normal,104729,rf,pr_auc_benign,0,not estimable,not estimable,not estimable,not estimable
8,Normal,104729,rf,pr_auc_ddos,0,not estimable,not estimable,not estimable,not estimable
8,Normal,104729,xgboost,accuracy,10,1.0,0.0,1.0,1.0
8,Normal,104729,xgboost,precision,0,not estimable,not estimable,not estimable,not estimable
8,Normal,104729,xgboost,recall,0,not estimable,not estimable,not estimable,not estimable
8,Normal,104729,xgboost,f1,0,not estimable,not estimable,not estimable,not estimable
8,Normal,104729,xgboost,balanced_accuracy,0,not estimable,not estimable,not estimable,not estimable
8,Normal,104729,xgboost,mcc,0,not estimable,not estimable,not estimable,not estimable
8,Normal,104729,xgboost,roc_auc,0,not estimable,not estimable,not estimable,not estimable
8,Normal,104729,xgboost,pr_auc_benign,0,not estimable,not estimable,not estimable,not estimable
8,Normal,104729,xgboost,pr_auc_ddos,0,not estimable,not estimable,not estimable,not estimable
8,Normal,130363,hybrid,accuracy,10,1.0,0.0,1.0,1.0
8,Normal,130363,hybrid,precision,0,not estimable,not estimable,not estimable,not estimable
8,Normal,130363,hybrid,recall,0,not estimable,not estimable,not estimable,not estimable
8,Normal,130363,hybrid,f1,0,not estimable,not estimable,not estimable,not estimable
8,Normal,130363,hybrid,balanced_accuracy,0,not estimable,not estimable,not estimable,not estimable
8,Normal,130363,hybrid,mcc,0,not estimable,not estimable,not estimable,not estimable
8,Normal,130363,hybrid,roc_auc,0,not estimable,not estimable,not estimable,not estimable
8,Normal,130363,hybrid,pr_auc_benign,0,not estimable,not estimable,not estimable,not estimable
8,Normal,130363,hybrid,pr_auc_ddos,0,not estimable,not estimable,not estimable,not estimable
8,Normal,130363,mlp,accuracy,10,1.0,0.0,1.0,1.0
8,Normal,130363,mlp,precision,0,not estimable,not estimable,not estimable,not estimable
8,Normal,130363,mlp,recall,0,not estimable,not estimable,not estimable,not estimable
8,Normal,130363,mlp,f1,0,not estimable,not estimable,not estimable,not estimable
8,Normal,130363,mlp,balanced_accuracy,0,not estimable,not estimable,not estimable,not estimable
8,Normal,130363,mlp,mcc,0,not estimable,not estimable,not estimable,not estimable
8,Normal,130363,mlp,roc_auc,0,not estimable,not estimable,not estimable,not estimable
8,Normal,130363,mlp,pr_auc_benign,0,not estimable,not estimable,not estimable,not estimable
8,Normal,130363,mlp,pr_auc_ddos,0,not estimable,not estimable,not estimable,not estimable
8,Normal,130363,rf,accuracy,10,1.0,0.0,1.0,1.0
8,Normal,130363,rf,precision,0,not estimable,not estimable,not estimable,not estimable
8,Normal,130363,rf,recall,0,not estimable,not estimable,not estimable,not estimable
8,Normal,130363,rf,f1,0,not estimable,not estimable,not estimable,not estimable
8,Normal,130363,rf,balanced_accuracy,0,not estimable,not estimable,not estimable,not estimable
8,Normal,130363,rf,mcc,0,not estimable,not estimable,not estimable,not estimable
8,Normal,130363,rf,roc_auc,0,not estimable,not estimable,not estimable,not estimable
8,Normal,130363,rf,pr_auc_benign,0,not estimable,not estimable,not estimable,not estimable
8,Normal,130363,rf,pr_auc_ddos,0,not estimable,not estimable,not estimable,not estimable
8,Normal,130363,xgboost,accuracy,10,1.0,0.0,1.0,1.0
8,Normal,130363,xgboost,precision,0,not estimable,not estimable,not estimable,not estimable
8,Normal,130363,xgboost,recall,0,not estimable,not estimable,not estimable,not estimable
8,Normal,130363,xgboost,f1,0,not estimable,not estimable,not estimable,not estimable
8,Normal,130363,xgboost,balanced_accuracy,0,not estimable,not estimable,not estimable,not estimable
8,Normal,130363,xgboost,mcc,0,not estimable,not estimable,not estimable,not estimable
8,Normal,130363,xgboost,roc_auc,0,not estimable,not estimable,not estimable,not estimable
8,Normal,130363,xgboost,pr_auc_benign,0,not estimable,not estimable,not estimable,not estimable
8,Normal,130363,xgboost,pr_auc_ddos,0,not estimable,not estimable,not estimable,not estimable
8,Normal,155921,hybrid,accuracy,10,1.0,0.0,1.0,1.0
8,Normal,155921,hybrid,precision,0,not estimable,not estimable,not estimable,not estimable
8,Normal,155921,hybrid,recall,0,not estimable,not estimable,not estimable,not estimable
8,Normal,155921,hybrid,f1,0,not estimable,not estimable,not estimable,not estimable
8,Normal,155921,hybrid,balanced_accuracy,0,not estimable,not estimable,not estimable,not estimable
8,Normal,155921,hybrid,mcc,0,not estimable,not estimable,not estimable,not estimable
8,Normal,155921,hybrid,roc_auc,0,not estimable,not estimable,not estimable,not estimable
8,Normal,155921,hybrid,pr_auc_benign,0,not estimable,not estimable,not estimable,not estimable
8,Normal,155921,hybrid,pr_auc_ddos,0,not estimable,not estimable,not estimable,not estimable
8,Normal,155921,mlp,accuracy,10,0.2,0.04,0.1713857237604664,0.22861427623953362
8,Normal,155921,mlp,precision,10,0.0,0.0,0.0,0.0
8,Normal,155921,mlp,recall,0,not estimable,not estimable,not estimable,not estimable
8,Normal,155921,mlp,f1,10,0.0,0.0,0.0,0.0
8,Normal,155921,mlp,balanced_accuracy,0,not estimable,not estimable,not estimable,not estimable
8,Normal,155921,mlp,mcc,0,not estimable,not estimable,not estimable,not estimable
8,Normal,155921,mlp,roc_auc,0,not estimable,not estimable,not estimable,not estimable
8,Normal,155921,mlp,pr_auc_benign,0,not estimable,not estimable,not estimable,not estimable
8,Normal,155921,mlp,pr_auc_ddos,0,not estimable,not estimable,not estimable,not estimable
8,Normal,155921,rf,accuracy,10,1.0,0.0,1.0,1.0
8,Normal,155921,rf,precision,0,not estimable,not estimable,not estimable,not estimable
8,Normal,155921,rf,recall,0,not estimable,not estimable,not estimable,not estimable
8,Normal,155921,rf,f1,0,not estimable,not estimable,not estimable,not estimable
8,Normal,155921,rf,balanced_accuracy,0,not estimable,not estimable,not estimable,not estimable
8,Normal,155921,rf,mcc,0,not estimable,not estimable,not estimable,not estimable
8,Normal,155921,rf,roc_auc,0,not estimable,not estimable,not estimable,not estimable
8,Normal,155921,rf,pr_auc_benign,0,not estimable,not estimable,not estimable,not estimable
8,Normal,155921,rf,pr_auc_ddos,0,not estimable,not estimable,not estimable,not estimable
8,Normal,155921,xgboost,accuracy,10,1.0,0.0,1.0,1.0
8,Normal,155921,xgboost,precision,0,not estimable,not estimable,not estimable,not estimable
8,Normal,155921,xgboost,recall,0,not estimable,not estimable,not estimable,not estimable
8,Normal,155921,xgboost,f1,0,not estimable,not estimable,not estimable,not estimable
8,Normal,155921,xgboost,balanced_accuracy,0,not estimable,not estimable,not estimable,not estimable
8,Normal,155921,xgboost,mcc,0,not estimable,not estimable,not estimable,not estimable
8,Normal,155921,xgboost,roc_auc,0,not estimable,not estimable,not estimable,not estimable
8,Normal,155921,xgboost,pr_auc_benign,0,not estimable,not estimable,not estimable,not estimable
8,Normal,155921,xgboost,pr_auc_ddos,0,not estimable,not estimable,not estimable,not estimable
8,Normal,181081,hybrid,accuracy,10,1.0,0.0,1.0,1.0
8,Normal,181081,hybrid,precision,0,not estimable,not estimable,not estimable,not estimable
8,Normal,181081,hybrid,recall,0,not estimable,not estimable,not estimable,not estimable
8,Normal,181081,hybrid,f1,0,not estimable,not estimable,not estimable,not estimable
8,Normal,181081,hybrid,balanced_accuracy,0,not estimable,not estimable,not estimable,not estimable
8,Normal,181081,hybrid,mcc,0,not estimable,not estimable,not estimable,not estimable
8,Normal,181081,hybrid,roc_auc,0,not estimable,not estimable,not estimable,not estimable
8,Normal,181081,hybrid,pr_auc_benign,0,not estimable,not estimable,not estimable,not estimable
8,Normal,181081,hybrid,pr_auc_ddos,0,not estimable,not estimable,not estimable,not estimable
8,Normal,181081,mlp,accuracy,10,1.0,0.0,1.0,1.0
8,Normal,181081,mlp,precision,0,not estimable,not estimable,not estimable,not estimable
8,Normal,181081,mlp,recall,0,not estimable,not estimable,not estimable,not estimable
8,Normal,181081,mlp,f1,0,not estimable,not estimable,not estimable,not estimable
8,Normal,181081,mlp,balanced_accuracy,0,not estimable,not estimable,not estimable,not estimable
8,Normal,181081,mlp,mcc,0,not estimable,not estimable,not estimable,not estimable
8,Normal,181081,mlp,roc_auc,0,not estimable,not estimable,not estimable,not estimable
8,Normal,181081,mlp,pr_auc_benign,0,not estimable,not estimable,not estimable,not estimable
8,Normal,181081,mlp,pr_auc_ddos,0,not estimable,not estimable,not estimable,not estimable
8,Normal,181081,rf,accuracy,10,1.0,0.0,1.0,1.0
8,Normal,181081,rf,precision,0,not estimable,not estimable,not estimable,not estimable
8,Normal,181081,rf,recall,0,not estimable,not estimable,not estimable,not estimable
8,Normal,181081,rf,f1,0,not estimable,not estimable,not estimable,not estimable
8,Normal,181081,rf,balanced_accuracy,0,not estimable,not estimable,not estimable,not estimable
8,Normal,181081,rf,mcc,0,not estimable,not estimable,not estimable,not estimable
8,Normal,181081,rf,roc_auc,0,not estimable,not estimable,not estimable,not estimable
8,Normal,181081,rf,pr_auc_benign,0,not estimable,not estimable,not estimable,not estimable
8,Normal,181081,rf,pr_auc_ddos,0,not estimable,not estimable,not estimable,not estimable
8,Normal,181081,xgboost,accuracy,10,1.0,0.0,1.0,1.0
8,Normal,181081,xgboost,precision,0,not estimable,not estimable,not estimable,not estimable
8,Normal,181081,xgboost,recall,0,not estimable,not estimable,not estimable,not estimable
8,Normal,181081,xgboost,f1,0,not estimable,not estimable,not estimable,not estimable
8,Normal,181081,xgboost,balanced_accuracy,0,not estimable,not estimable,not estimable,not estimable
8,Normal,181081,xgboost,mcc,0,not estimable,not estimable,not estimable,not estimable
8,Normal,181081,xgboost,roc_auc,0,not estimable,not estimable,not estimable,not estimable
8,Normal,181081,xgboost,pr_auc_benign,0,not estimable,not estimable,not estimable,not estimable
8,Normal,181081,xgboost,pr_auc_ddos,0,not estimable,not estimable,not estimable,not estimable
8,Normal,206369,hybrid,accuracy,10,1.0,0.0,1.0,1.0
8,Normal,206369,hybrid,precision,0,not estimable,not estimable,not estimable,not estimable
8,Normal,206369,hybrid,recall,0,not estimable,not estimable,not estimable,not estimable
8,Normal,206369,hybrid,f1,0,not estimable,not estimable,not estimable,not estimable
8,Normal,206369,hybrid,balanced_accuracy,0,not estimable,not estimable,not estimable,not estimable
8,Normal,206369,hybrid,mcc,0,not estimable,not estimable,not estimable,not estimable
8,Normal,206369,hybrid,roc_auc,0,not estimable,not estimable,not estimable,not estimable
8,Normal,206369,hybrid,pr_auc_benign,0,not estimable,not estimable,not estimable,not estimable
8,Normal,206369,hybrid,pr_auc_ddos,0,not estimable,not estimable,not estimable,not estimable
8,Normal,206369,mlp,accuracy,10,0.0,0.0,0.0,0.0
8,Normal,206369,mlp,precision,10,0.0,0.0,0.0,0.0
8,Normal,206369,mlp,recall,0,not estimable,not estimable,not estimable,not estimable
8,Normal,206369,mlp,f1,10,0.0,0.0,0.0,0.0
8,Normal,206369,mlp,balanced_accuracy,0,not estimable,not estimable,not estimable,not estimable
8,Normal,206369,mlp,mcc,0,not estimable,not estimable,not estimable,not estimable
8,Normal,206369,mlp,roc_auc,0,not estimable,not estimable,not estimable,not estimable
8,Normal,206369,mlp,pr_auc_benign,0,not estimable,not estimable,not estimable,not estimable
8,Normal,206369,mlp,pr_auc_ddos,0,not estimable,not estimable,not estimable,not estimable
8,Normal,206369,rf,accuracy,10,1.0,0.0,1.0,1.0
8,Normal,206369,rf,precision,0,not estimable,not estimable,not estimable,not estimable
8,Normal,206369,rf,recall,0,not estimable,not estimable,not estimable,not estimable
8,Normal,206369,rf,f1,0,not estimable,not estimable,not estimable,not estimable
8,Normal,206369,rf,balanced_accuracy,0,not estimable,not estimable,not estimable,not estimable
8,Normal,206369,rf,mcc,0,not estimable,not estimable,not estimable,not estimable
8,Normal,206369,rf,roc_auc,0,not estimable,not estimable,not estimable,not estimable
8,Normal,206369,rf,pr_auc_benign,0,not estimable,not estimable,not estimable,not estimable
8,Normal,206369,rf,pr_auc_ddos,0,not estimable,not estimable,not estimable,not estimable
8,Normal,206369,xgboost,accuracy,10,1.0,0.0,1.0,1.0
8,Normal,206369,xgboost,precision,0,not estimable,not estimable,not estimable,not estimable
8,Normal,206369,xgboost,recall,0,not estimable,not estimable,not estimable,not estimable
8,Normal,206369,xgboost,f1,0,not estimable,not estimable,not estimable,not estimable
8,Normal,206369,xgboost,balanced_accuracy,0,not estimable,not estimable,not estimable,not estimable
8,Normal,206369,xgboost,mcc,0,not estimable,not estimable,not estimable,not estimable
8,Normal,206369,xgboost,roc_auc,0,not estimable,not estimable,not estimable,not estimable
8,Normal,206369,xgboost,pr_auc_benign,0,not estimable,not estimable,not estimable,not estimable
8,Normal,206369,xgboost,pr_auc_ddos,0,not estimable,not estimable,not estimable,not estimable
8,Normal,231701,hybrid,accuracy,10,1.0,0.0,1.0,1.0
8,Normal,231701,hybrid,precision,0,not estimable,not estimable,not estimable,not estimable
8,Normal,231701,hybrid,recall,0,not estimable,not estimable,not estimable,not estimable
8,Normal,231701,hybrid,f1,0,not estimable,not estimable,not estimable,not estimable
8,Normal,231701,hybrid,balanced_accuracy,0,not estimable,not estimable,not estimable,not estimable
8,Normal,231701,hybrid,mcc,0,not estimable,not estimable,not estimable,not estimable
8,Normal,231701,hybrid,roc_auc,0,not estimable,not estimable,not estimable,not estimable
8,Normal,231701,hybrid,pr_auc_benign,0,not estimable,not estimable,not estimable,not estimable
8,Normal,231701,hybrid,pr_auc_ddos,0,not estimable,not estimable,not estimable,not estimable
8,Normal,231701,mlp,accuracy,10,1.0,0.0,1.0,1.0
8,Normal,231701,mlp,precision,0,not estimable,not estimable,not estimable,not estimable
8,Normal,231701,mlp,recall,0,not estimable,not estimable,not estimable,not estimable
8,Normal,231701,mlp,f1,0,not estimable,not estimable,not estimable,not estimable
8,Normal,231701,mlp,balanced_accuracy,0,not estimable,not estimable,not estimable,not estimable
8,Normal,231701,mlp,mcc,0,not estimable,not estimable,not estimable,not estimable
8,Normal,231701,mlp,roc_auc,0,not estimable,not estimable,not estimable,not estimable
8,Normal,231701,mlp,pr_auc_benign,0,not estimable,not estimable,not estimable,not estimable
8,Normal,231701,mlp,pr_auc_ddos,0,not estimable,not estimable,not estimable,not estimable
8,Normal,231701,rf,accuracy,10,1.0,0.0,1.0,1.0
8,Normal,231701,rf,precision,0,not estimable,not estimable,not estimable,not estimable
8,Normal,231701,rf,recall,0,not estimable,not estimable,not estimable,not estimable
8,Normal,231701,rf,f1,0,not estimable,not estimable,not estimable,not estimable
8,Normal,231701,rf,balanced_accuracy,0,not estimable,not estimable,not estimable,not estimable
8,Normal,231701,rf,mcc,0,not estimable,not estimable,not estimable,not estimable
8,Normal,231701,rf,roc_auc,0,not estimable,not estimable,not estimable,not estimable
8,Normal,231701,rf,pr_auc_benign,0,not estimable,not estimable,not estimable,not estimable
8,Normal,231701,rf,pr_auc_ddos,0,not estimable,not estimable,not estimable,not estimable
8,Normal,231701,xgboost,accuracy,10,1.0,0.0,1.0,1.0
8,Normal,231701,xgboost,precision,0,not estimable,not estimable,not estimable,not estimable
8,Normal,231701,xgboost,recall,0,not estimable,not estimable,not estimable,not estimable
8,Normal,231701,xgboost,f1,0,not estimable,not estimable,not estimable,not estimable
8,Normal,231701,xgboost,balanced_accuracy,0,not estimable,not estimable,not estimable,not estimable
8,Normal,231701,xgboost,mcc,0,not estimable,not estimable,not estimable,not estimable
8,Normal,231701,xgboost,roc_auc,0,not estimable,not estimable,not estimable,not estimable
8,Normal,231701,xgboost,pr_auc_benign,0,not estimable,not estimable,not estimable,not estimable
8,Normal,231701,xgboost,pr_auc_ddos,0,not estimable,not estimable,not estimable,not estimable
8,Normal,257053,hybrid,accuracy,10,1.0,0.0,1.0,1.0
8,Normal,257053,hybrid,precision,0,not estimable,not estimable,not estimable,not estimable
8,Normal,257053,hybrid,recall,0,not estimable,not estimable,not estimable,not estimable
8,Normal,257053,hybrid,f1,0,not estimable,not estimable,not estimable,not estimable
8,Normal,257053,hybrid,balanced_accuracy,0,not estimable,not estimable,not estimable,not estimable
8,Normal,257053,hybrid,mcc,0,not estimable,not estimable,not estimable,not estimable
8,Normal,257053,hybrid,roc_auc,0,not estimable,not estimable,not estimable,not estimable
8,Normal,257053,hybrid,pr_auc_benign,0,not estimable,not estimable,not estimable,not estimable
8,Normal,257053,hybrid,pr_auc_ddos,0,not estimable,not estimable,not estimable,not estimable
8,Normal,257053,mlp,accuracy,10,1.0,0.0,1.0,1.0
8,Normal,257053,mlp,precision,0,not estimable,not estimable,not estimable,not estimable
8,Normal,257053,mlp,recall,0,not estimable,not estimable,not estimable,not estimable
8,Normal,257053,mlp,f1,0,not estimable,not estimable,not estimable,not estimable
8,Normal,257053,mlp,balanced_accuracy,0,not estimable,not estimable,not estimable,not estimable
8,Normal,257053,mlp,mcc,0,not estimable,not estimable,not estimable,not estimable
8,Normal,257053,mlp,roc_auc,0,not estimable,not estimable,not estimable,not estimable
8,Normal,257053,mlp,pr_auc_benign,0,not estimable,not estimable,not estimable,not estimable
8,Normal,257053,mlp,pr_auc_ddos,0,not estimable,not estimable,not estimable,not estimable
8,Normal,257053,rf,accuracy,10,1.0,0.0,1.0,1.0
8,Normal,257053,rf,precision,0,not estimable,not estimable,not estimable,not estimable
8,Normal,257053,rf,recall,0,not estimable,not estimable,not estimable,not estimable
8,Normal,257053,rf,f1,0,not estimable,not estimable,not estimable,not estimable
8,Normal,257053,rf,balanced_accuracy,0,not estimable,not estimable,not estimable,not estimable
8,Normal,257053,rf,mcc,0,not estimable,not estimable,not estimable,not estimable
8,Normal,257053,rf,roc_auc,0,not estimable,not estimable,not estimable,not estimable
8,Normal,257053,rf,pr_auc_benign,0,not estimable,not estimable,not estimable,not estimable
8,Normal,257053,rf,pr_auc_ddos,0,not estimable,not estimable,not estimable,not estimable
8,Normal,257053,xgboost,accuracy,10,1.0,0.0,1.0,1.0
8,Normal,257053,xgboost,precision,0,not estimable,not estimable,not estimable,not estimable
8,Normal,257053,xgboost,recall,0,not estimable,not estimable,not estimable,not estimable
8,Normal,257053,xgboost,f1,0,not estimable,not estimable,not estimable,not estimable
8,Normal,257053,xgboost,balanced_accuracy,0,not estimable,not estimable,not estimable,not estimable
8,Normal,257053,xgboost,mcc,0,not estimable,not estimable,not estimable,not estimable
8,Normal,257053,xgboost,roc_auc,0,not estimable,not estimable,not estimable,not estimable
8,Normal,257053,xgboost,pr_auc_benign,0,not estimable,not estimable,not estimable,not estimable
8,Normal,257053,xgboost,pr_auc_ddos,0,not estimable,not estimable,not estimable,not estimable
8,Normal,282427,hybrid,accuracy,10,1.0,0.0,1.0,1.0
8,Normal,282427,hybrid,precision,0,not estimable,not estimable,not estimable,not estimable
8,Normal,282427,hybrid,recall,0,not estimable,not estimable,not estimable,not estimable
8,Normal,282427,hybrid,f1,0,not estimable,not estimable,not estimable,not estimable
8,Normal,282427,hybrid,balanced_accuracy,0,not estimable,not estimable,not estimable,not estimable
8,Normal,282427,hybrid,mcc,0,not estimable,not estimable,not estimable,not estimable
8,Normal,282427,hybrid,roc_auc,0,not estimable,not estimable,not estimable,not estimable
8,Normal,282427,hybrid,pr_auc_benign,0,not estimable,not estimable,not estimable,not estimable
8,Normal,282427,hybrid,pr_auc_ddos,0,not estimable,not estimable,not estimable,not estimable
8,Normal,282427,mlp,accuracy,10,1.0,0.0,1.0,1.0
8,Normal,282427,mlp,precision,0,not estimable,not estimable,not estimable,not estimable
8,Normal,282427,mlp,recall,0,not estimable,not estimable,not estimable,not estimable
8,Normal,282427,mlp,f1,0,not estimable,not estimable,not estimable,not estimable
8,Normal,282427,mlp,balanced_accuracy,0,not estimable,not estimable,not estimable,not estimable
8,Normal,282427,mlp,mcc,0,not estimable,not estimable,not estimable,not estimable
8,Normal,282427,mlp,roc_auc,0,not estimable,not estimable,not estimable,not estimable
8,Normal,282427,mlp,pr_auc_benign,0,not estimable,not estimable,not estimable,not estimable
8,Normal,282427,mlp,pr_auc_ddos,0,not estimable,not estimable,not estimable,not estimable
8,Normal,282427,rf,accuracy,10,1.0,0.0,1.0,1.0
8,Normal,282427,rf,precision,0,not estimable,not estimable,not estimable,not estimable
8,Normal,282427,rf,recall,0,not estimable,not estimable,not estimable,not estimable
8,Normal,282427,rf,f1,0,not estimable,not estimable,not estimable,not estimable
8,Normal,282427,rf,balanced_accuracy,0,not estimable,not estimable,not estimable,not estimable
8,Normal,282427,rf,mcc,0,not estimable,not estimable,not estimable,not estimable
8,Normal,282427,rf,roc_auc,0,not estimable,not estimable,not estimable,not estimable
8,Normal,282427,rf,pr_auc_benign,0,not estimable,not estimable,not estimable,not estimable
8,Normal,282427,rf,pr_auc_ddos,0,not estimable,not estimable,not estimable,not estimable
8,Normal,282427,xgboost,accuracy,10,1.0,0.0,1.0,1.0
8,Normal,282427,xgboost,precision,0,not estimable,not estimable,not estimable,not estimable
8,Normal,282427,xgboost,recall,0,not estimable,not estimable,not estimable,not estimable
8,Normal,282427,xgboost,f1,0,not estimable,not estimable,not estimable,not estimable
8,Normal,282427,xgboost,balanced_accuracy,0,not estimable,not estimable,not estimable,not estimable
8,Normal,282427,xgboost,mcc,0,not estimable,not estimable,not estimable,not estimable
8,Normal,282427,xgboost,roc_auc,0,not estimable,not estimable,not estimable,not estimable
8,Normal,282427,xgboost,pr_auc_benign,0,not estimable,not estimable,not estimable,not estimable
8,Normal,282427,xgboost,pr_auc_ddos,0,not estimable,not estimable,not estimable,not estimable
8,Normal,307759,hybrid,accuracy,10,1.0,0.0,1.0,1.0
8,Normal,307759,hybrid,precision,0,not estimable,not estimable,not estimable,not estimable
8,Normal,307759,hybrid,recall,0,not estimable,not estimable,not estimable,not estimable
8,Normal,307759,hybrid,f1,0,not estimable,not estimable,not estimable,not estimable
8,Normal,307759,hybrid,balanced_accuracy,0,not estimable,not estimable,not estimable,not estimable
8,Normal,307759,hybrid,mcc,0,not estimable,not estimable,not estimable,not estimable
8,Normal,307759,hybrid,roc_auc,0,not estimable,not estimable,not estimable,not estimable
8,Normal,307759,hybrid,pr_auc_benign,0,not estimable,not estimable,not estimable,not estimable
8,Normal,307759,hybrid,pr_auc_ddos,0,not estimable,not estimable,not estimable,not estimable
8,Normal,307759,mlp,accuracy,10,1.0,0.0,1.0,1.0
8,Normal,307759,mlp,precision,0,not estimable,not estimable,not estimable,not estimable
8,Normal,307759,mlp,recall,0,not estimable,not estimable,not estimable,not estimable
8,Normal,307759,mlp,f1,0,not estimable,not estimable,not estimable,not estimable
8,Normal,307759,mlp,balanced_accuracy,0,not estimable,not estimable,not estimable,not estimable
8,Normal,307759,mlp,mcc,0,not estimable,not estimable,not estimable,not estimable
8,Normal,307759,mlp,roc_auc,0,not estimable,not estimable,not estimable,not estimable
8,Normal,307759,mlp,pr_auc_benign,0,not estimable,not estimable,not estimable,not estimable
8,Normal,307759,mlp,pr_auc_ddos,0,not estimable,not estimable,not estimable,not estimable
8,Normal,307759,rf,accuracy,10,1.0,0.0,1.0,1.0
8,Normal,307759,rf,precision,0,not estimable,not estimable,not estimable,not estimable
8,Normal,307759,rf,recall,0,not estimable,not estimable,not estimable,not estimable
8,Normal,307759,rf,f1,0,not estimable,not estimable,not estimable,not estimable
8,Normal,307759,rf,balanced_accuracy,0,not estimable,not estimable,not estimable,not estimable
8,Normal,307759,rf,mcc,0,not estimable,not estimable,not estimable,not estimable
8,Normal,307759,rf,roc_auc,0,not estimable,not estimable,not estimable,not estimable
8,Normal,307759,rf,pr_auc_benign,0,not estimable,not estimable,not estimable,not estimable
8,Normal,307759,rf,pr_auc_ddos,0,not estimable,not estimable,not estimable,not estimable
8,Normal,307759,xgboost,accuracy,10,1.0,0.0,1.0,1.0
8,Normal,307759,xgboost,precision,0,not estimable,not estimable,not estimable,not estimable
8,Normal,307759,xgboost,recall,0,not estimable,not estimable,not estimable,not estimable
8,Normal,307759,xgboost,f1,0,not estimable,not estimable,not estimable,not estimable
8,Normal,307759,xgboost,balanced_accuracy,0,not estimable,not estimable,not estimable,not estimable
8,Normal,307759,xgboost,mcc,0,not estimable,not estimable,not estimable,not estimable
8,Normal,307759,xgboost,roc_auc,0,not estimable,not estimable,not estimable,not estimable
8,Normal,307759,xgboost,pr_auc_benign,0,not estimable,not estimable,not estimable,not estimable
8,Normal,307759,xgboost,pr_auc_ddos,0,not estimable,not estimable,not estimable,not estimable
8,Normal,333019,hybrid,accuracy,10,1.0,0.0,1.0,1.0
8,Normal,333019,hybrid,precision,0,not estimable,not estimable,not estimable,not estimable
8,Normal,333019,hybrid,recall,0,not estimable,not estimable,not estimable,not estimable
8,Normal,333019,hybrid,f1,0,not estimable,not estimable,not estimable,not estimable
8,Normal,333019,hybrid,balanced_accuracy,0,not estimable,not estimable,not estimable,not estimable
8,Normal,333019,hybrid,mcc,0,not estimable,not estimable,not estimable,not estimable
8,Normal,333019,hybrid,roc_auc,0,not estimable,not estimable,not estimable,not estimable
8,Normal,333019,hybrid,pr_auc_benign,0,not estimable,not estimable,not estimable,not estimable
8,Normal,333019,hybrid,pr_auc_ddos,0,not estimable,not estimable,not estimable,not estimable
8,Normal,333019,mlp,accuracy,10,1.0,0.0,1.0,1.0
8,Normal,333019,mlp,precision,0,not estimable,not estimable,not estimable,not estimable
8,Normal,333019,mlp,recall,0,not estimable,not estimable,not estimable,not estimable
8,Normal,333019,mlp,f1,0,not estimable,not estimable,not estimable,not estimable
8,Normal,333019,mlp,balanced_accuracy,0,not estimable,not estimable,not estimable,not estimable
8,Normal,333019,mlp,mcc,0,not estimable,not estimable,not estimable,not estimable
8,Normal,333019,mlp,roc_auc,0,not estimable,not estimable,not estimable,not estimable
8,Normal,333019,mlp,pr_auc_benign,0,not estimable,not estimable,not estimable,not estimable
8,Normal,333019,mlp,pr_auc_ddos,0,not estimable,not estimable,not estimable,not estimable
8,Normal,333019,rf,accuracy,10,1.0,0.0,1.0,1.0
8,Normal,333019,rf,precision,0,not estimable,not estimable,not estimable,not estimable
8,Normal,333019,rf,recall,0,not estimable,not estimable,not estimable,not estimable
8,Normal,333019,rf,f1,0,not estimable,not estimable,not estimable,not estimable
8,Normal,333019,rf,balanced_accuracy,0,not estimable,not estimable,not estimable,not estimable
8,Normal,333019,rf,mcc,0,not estimable,not estimable,not estimable,not estimable
8,Normal,333019,rf,roc_auc,0,not estimable,not estimable,not estimable,not estimable
8,Normal,333019,rf,pr_auc_benign,0,not estimable,not estimable,not estimable,not estimable
8,Normal,333019,rf,pr_auc_ddos,0,not estimable,not estimable,not estimable,not estimable
8,Normal,333019,xgboost,accuracy,10,1.0,0.0,1.0,1.0
8,Normal,333019,xgboost,precision,0,not estimable,not estimable,not estimable,not estimable
8,Normal,333019,xgboost,recall,0,not estimable,not estimable,not estimable,not estimable
8,Normal,333019,xgboost,f1,0,not estimable,not estimable,not estimable,not estimable
8,Normal,333019,xgboost,balanced_accuracy,0,not estimable,not estimable,not estimable,not estimable
8,Normal,333019,xgboost,mcc,0,not estimable,not estimable,not estimable,not estimable
8,Normal,333019,xgboost,roc_auc,0,not estimable,not estimable,not estimable,not estimable
8,Normal,333019,xgboost,pr_auc_benign,0,not estimable,not estimable,not estimable,not estimable
8,Normal,333019,xgboost,pr_auc_ddos,0,not estimable,not estimable,not estimable,not estimable
8,SYNFlood,104729,hybrid,accuracy,10,0.058823529411764705,0.0,0.058823529411764705,0.058823529411764705
8,SYNFlood,104729,hybrid,precision,0,not estimable,not estimable,not estimable,not estimable
8,SYNFlood,104729,hybrid,recall,10,0.0,0.0,0.0,0.0
8,SYNFlood,104729,hybrid,f1,10,0.0,0.0,0.0,0.0
8,SYNFlood,104729,hybrid,balanced_accuracy,10,0.5,0.0,0.5,0.5
8,SYNFlood,104729,hybrid,mcc,0,not estimable,not estimable,not estimable,not estimable
8,SYNFlood,104729,hybrid,roc_auc,10,0.0,0.0,0.0,0.0
8,SYNFlood,104729,hybrid,pr_auc_benign,10,0.05836790999661747,0.0007925268969070417,0.05780097040773351,0.058934849585501436
8,SYNFlood,104729,hybrid,pr_auc_ddos,10,0.8979536683512886,0.0016912999312774493,0.8967437852653517,0.8991635514372256
8,SYNFlood,104729,mlp,accuracy,10,0.058823529411764705,0.0,0.058823529411764705,0.058823529411764705
8,SYNFlood,104729,mlp,precision,0,not estimable,not estimable,not estimable,not estimable
8,SYNFlood,104729,mlp,recall,10,0.0,0.0,0.0,0.0
8,SYNFlood,104729,mlp,f1,10,0.0,0.0,0.0,0.0
8,SYNFlood,104729,mlp,balanced_accuracy,10,0.5,0.0,0.5,0.5
8,SYNFlood,104729,mlp,mcc,0,not estimable,not estimable,not estimable,not estimable
8,SYNFlood,104729,mlp,roc_auc,10,1.0,0.0,1.0,1.0
8,SYNFlood,104729,mlp,pr_auc_benign,10,1.0,0.0,1.0,1.0
8,SYNFlood,104729,mlp,pr_auc_ddos,10,1.0,1.3846913936850747e-16,0.9999999999999999,1.0
8,SYNFlood,104729,rf,accuracy,10,0.058823529411764705,0.0,0.058823529411764705,0.058823529411764705
8,SYNFlood,104729,rf,precision,0,not estimable,not estimable,not estimable,not estimable
8,SYNFlood,104729,rf,recall,10,0.0,0.0,0.0,0.0
8,SYNFlood,104729,rf,f1,10,0.0,0.0,0.0,0.0
8,SYNFlood,104729,rf,balanced_accuracy,10,0.5,0.0,0.5,0.5
8,SYNFlood,104729,rf,mcc,0,not estimable,not estimable,not estimable,not estimable
8,SYNFlood,104729,rf,roc_auc,10,0.0,0.0,0.0,0.0
8,SYNFlood,104729,rf,pr_auc_benign,10,0.058823529411764705,0.0,0.058823529411764705,0.058823529411764705
8,SYNFlood,104729,rf,pr_auc_ddos,10,0.9149240196078432,0.0003436135039235167,0.9146782133148207,0.9151698259008657
8,SYNFlood,104729,xgboost,accuracy,10,0.058823529411764705,0.0,0.058823529411764705,0.058823529411764705
8,SYNFlood,104729,xgboost,precision,0,not estimable,not estimable,not estimable,not estimable
8,SYNFlood,104729,xgboost,recall,10,0.0,0.0,0.0,0.0
8,SYNFlood,104729,xgboost,f1,10,0.0,0.0,0.0,0.0
8,SYNFlood,104729,xgboost,balanced_accuracy,10,0.5,0.0,0.5,0.5
8,SYNFlood,104729,xgboost,mcc,0,not estimable,not estimable,not estimable,not estimable
8,SYNFlood,104729,xgboost,roc_auc,10,0.0,0.0,0.0,0.0
8,SYNFlood,104729,xgboost,pr_auc_benign,10,0.05836790999661747,0.0007925268969070417,0.05780097040773351,0.058934849585501436
8,SYNFlood,104729,xgboost,pr_auc_ddos,10,0.8989105898497041,0.0007525405253430763,0.8983722547878638,0.8994489249115444
8,SYNFlood,130363,hybrid,accuracy,10,0.058823529411764705,0.0,0.058823529411764705,0.058823529411764705
8,SYNFlood,130363,hybrid,precision,0,not estimable,not estimable,not estimable,not estimable
8,SYNFlood,130363,hybrid,recall,10,0.0,0.0,0.0,0.0
8,SYNFlood,130363,hybrid,f1,10,0.0,0.0,0.0,0.0
8,SYNFlood,130363,hybrid,balanced_accuracy,10,0.5,0.0,0.5,0.5
8,SYNFlood,130363,hybrid,mcc,0,not estimable,not estimable,not estimable,not estimable
8,SYNFlood,130363,hybrid,roc_auc,10,0.0,0.0,0.0,0.0
8,SYNFlood,130363,hybrid,pr_auc_benign,10,0.030594048341956902,3.657118196434064e-18,0.0305940483419569,0.030594048341956906
8,SYNFlood,130363,hybrid,pr_auc_ddos,10,0.8837511336457796,0.0012863986160905855,0.8828308995119054,0.8846713677796538
8,SYNFlood,130363,mlp,accuracy,10,0.058823529411764705,0.0,0.058823529411764705,0.058823529411764705
8,SYNFlood,130363,mlp,precision,0,not estimable,not estimable,not estimable,not estimable
8,SYNFlood,130363,mlp,recall,10,0.0,0.0,0.0,0.0
8,SYNFlood,130363,mlp,f1,10,0.0,0.0,0.0,0.0
8,SYNFlood,130363,mlp,balanced_accuracy,10,0.5,0.0,0.5,0.5
8,SYNFlood,130363,mlp,mcc,0,not estimable,not estimable,not estimable,not estimable
8,SYNFlood,130363,mlp,roc_auc,10,1.0,0.0,1.0,1.0
8,SYNFlood,130363,mlp,pr_auc_benign,10,1.0,0.0,1.0,1.0
8,SYNFlood,130363,mlp,pr_auc_ddos,10,1.0,1.1702778228589004e-16,0.9999999999999999,1.0
8,SYNFlood,130363,rf,accuracy,10,0.058823529411764705,0.0,0.058823529411764705,0.058823529411764705
8,SYNFlood,130363,rf,precision,0,not estimable,not estimable,not estimable,not estimable
8,SYNFlood,130363,rf,recall,10,0.0,0.0,0.0,0.0
8,SYNFlood,130363,rf,f1,10,0.0,0.0,0.0,0.0
8,SYNFlood,130363,rf,balanced_accuracy,10,0.5,0.0,0.5,0.5
8,SYNFlood,130363,rf,mcc,0,not estimable,not estimable,not estimable,not estimable
8,SYNFlood,130363,rf,roc_auc,10,0.0,0.0,0.0,0.0
8,SYNFlood,130363,rf,pr_auc_benign,10,0.04741648153625992,0.0013620669485605304,0.04644211753818868,0.048390845534331164
8,SYNFlood,130363,rf,pr_auc_ddos,10,0.9144394012470037,0.0002844675976592122,0.9142359053864884,0.9146428971075191
8,SYNFlood,130363,xgboost,accuracy,10,0.058823529411764705,0.0,0.058823529411764705,0.058823529411764705
8,SYNFlood,130363,xgboost,precision,0,not estimable,not estimable,not estimable,not estimable
8,SYNFlood,130363,xgboost,recall,10,0.0,0.0,0.0,0.0
8,SYNFlood,130363,xgboost,f1,10,0.0,0.0,0.0,0.0
8,SYNFlood,130363,xgboost,balanced_accuracy,10,0.5,0.0,0.5,0.5
8,SYNFlood,130363,xgboost,mcc,0,not estimable,not estimable,not estimable,not estimable
8,SYNFlood,130363,xgboost,roc_auc,10,0.0,0.0,0.0,0.0
8,SYNFlood,130363,xgboost,pr_auc_benign,10,0.04510799329874617,0.001099587968238585,0.04432139545192501,0.045894591145567334
8,SYNFlood,130363,xgboost,pr_auc_ddos,10,0.8990068170184179,0.0007084217104064289,0.8985000426555266,0.8995135913813092
8,SYNFlood,155921,hybrid,accuracy,10,0.058823529411764705,0.0,0.058823529411764705,0.058823529411764705
8,SYNFlood,155921,hybrid,precision,0,not estimable,not estimable,not estimable,not estimable
8,SYNFlood,155921,hybrid,recall,10,0.0,0.0,0.0,0.0
8,SYNFlood,155921,hybrid,f1,10,0.0,0.0,0.0,0.0
8,SYNFlood,155921,hybrid,balanced_accuracy,10,0.5,0.0,0.5,0.5
8,SYNFlood,155921,hybrid,mcc,0,not estimable,not estimable,not estimable,not estimable
8,SYNFlood,155921,hybrid,roc_auc,10,0.0,0.0,0.0,0.0
8,SYNFlood,155921,hybrid,pr_auc_benign,10,0.030594048341956902,3.657118196434064e-18,0.0305940483419569,0.030594048341956906
8,SYNFlood,155921,hybrid,pr_auc_ddos,10,0.8841823218865024,0.0011567445462141244,0.8833548366869037,0.885009807086101
8,SYNFlood,155921,mlp,accuracy,10,0.013058823529411765,0.002905668008289052,0.010980233853172806,0.015137413205650724
8,SYNFlood,155921,mlp,precision,10,0.0,0.0,0.0,0.0
8,SYNFlood,155921,mlp,recall,10,0.0,0.0,0.0,0.0
8,SYNFlood,155921,mlp,f1,10,0.0,0.0,0.0,0.0
8,SYNFlood,155921,mlp,balanced_accuracy,10,0.11100000000000002,0.024698178070456937,0.09333198775196887,0.12866801224803115
8,SYNFlood,155921,mlp,mcc,10,-0.8756246355642302,0.029329963013856864,-0.8966060271585753,-0.8546432439698851
8,SYNFlood,155921,mlp,roc_auc,10,0.005990000000000006,0.006985721548670234,0.0009927158468471921,0.01098728415315282
8,SYNFlood,155921,mlp,pr_auc_benign,10,0.03061141475529087,2.356100947453666e-05,0.030594560224451204,0.03062826928613054
8,SYNFlood,155921,mlp,pr_auc_ddos,10,0.8841389967204872,0.001710029700638537,0.8829157151646903,0.8853622782762842
8,SYNFlood,155921,rf,accuracy,10,0.058823529411764705,0.0,0.058823529411764705,0.058823529411764705
8,SYNFlood,155921,rf,precision,0,not estimable,not estimable,not estimable,not estimable
8,SYNFlood,155921,rf,recall,10,0.0,0.0,0.0,0.0
8,SYNFlood,155921,rf,f1,10,0.0,0.0,0.0,0.0
8,SYNFlood,155921,rf,balanced_accuracy,10,0.5,0.0,0.5,0.5
8,SYNFlood,155921,rf,mcc,0,not estimable,not estimable,not estimable,not estimable
8,SYNFlood,155921,rf,roc_auc,10,0.0,0.0,0.0,0.0
8,SYNFlood,155921,rf,pr_auc_benign,10,0.05670033999434874,0.0010548523352512363,0.05594574409152884,0.05745493589716864
8,SYNFlood,155921,rf,pr_auc_ddos,10,0.9144402814722532,0.0002836274970092294,0.9142373865835395,0.9146431763609669
8,SYNFlood,155921,xgboost,accuracy,10,0.058823529411764705,0.0,0.058823529411764705,0.058823529411764705
8,SYNFlood,155921,xgboost,precision,0,not estimable,not estimable,not estimable,not estimable
8,SYNFlood,155921,xgboost,recall,10,0.0,0.0,0.0,0.0
8,SYNFlood,155921,xgboost,f1,10,0.0,0.0,0.0,0.0
8,SYNFlood,155921,xgboost,balanced_accuracy,10,0.5,0.0,0.5,0.5
8,SYNFlood,155921,xgboost,mcc,0,not estimable,not estimable,not estimable,not estimable
8,SYNFlood,155921,xgboost,roc_auc,10,0.0,0.0,0.0,0.0
8,SYNFlood,155921,xgboost,pr_auc_benign,10,0.05836790999661747,0.0007925268969070417,0.05780097040773351,0.058934849585501436
8,SYNFlood,155921,xgboost,pr_auc_ddos,10,0.8989105898497041,0.0007525405253430763,0.8983722547878638,0.8994489249115444
8,SYNFlood,181081,hybrid,accuracy,10,0.058823529411764705,0.0,0.058823529411764705,0.058823529411764705
8,SYNFlood,181081,hybrid,precision,0,not estimable,not estimable,not estimable,not estimable
8,SYNFlood,181081,hybrid,recall,10,0.0,0.0,0.0,0.0
8,SYNFlood,181081,hybrid,f1,10,0.0,0.0,0.0,0.0
8,SYNFlood,181081,hybrid,balanced_accuracy,10,0.5,0.0,0.5,0.5
8,SYNFlood,181081,hybrid,mcc,0,not estimable,not estimable,not estimable,not estimable
8,SYNFlood,181081,hybrid,roc_auc,10,0.0,0.0,0.0,0.0
8,SYNFlood,181081,hybrid,pr_auc_benign,10,0.05836790999661747,0.0007925268969070417,0.05780097040773351,0.058934849585501436
8,SYNFlood,181081,hybrid,pr_auc_ddos,10,0.8979536683512886,0.0016912999312774493,0.8967437852653517,0.8991635514372256
8,SYNFlood,181081,mlp,accuracy,10,0.058823529411764705,0.0,0.058823529411764705,0.058823529411764705
8,SYNFlood,181081,mlp,precision,0,not estimable,not estimable,not estimable,not estimable
8,SYNFlood,181081,mlp,recall,10,0.0,0.0,0.0,0.0
8,SYNFlood,181081,mlp,f1,10,0.0,0.0,0.0,0.0
8,SYNFlood,181081,mlp,balanced_accuracy,10,0.5,0.0,0.5,0.5
8,SYNFlood,181081,mlp,mcc,0,not estimable,not estimable,not estimable,not estimable
8,SYNFlood,181081,mlp,roc_auc,10,1.0,0.0,1.0,1.0
8,SYNFlood,181081,mlp,pr_auc_benign,10,1.0,0.0,1.0,1.0
8,SYNFlood,181081,mlp,pr_auc_ddos,10,1.0,1.4332917616497527e-16,0.9999999999999999,1.0
8,SYNFlood,181081,rf,accuracy,10,0.058823529411764705,0.0,0.058823529411764705,0.058823529411764705
8,SYNFlood,181081,rf,precision,0,not estimable,not estimable,not estimable,not estimable
8,SYNFlood,181081,rf,recall,10,0.0,0.0,0.0,0.0
8,SYNFlood,181081,rf,f1,10,0.0,0.0,0.0,0.0
8,SYNFlood,181081,rf,balanced_accuracy,10,0.5,0.0,0.5,0.5
8,SYNFlood,181081,rf,mcc,0,not estimable,not estimable,not estimable,not estimable
8,SYNFlood,181081,rf,roc_auc,10,0.0,0.0,0.0,0.0
8,SYNFlood,181081,rf,pr_auc_benign,10,0.058823529411764705,0.0,0.058823529411764705,0.058823529411764705
8,SYNFlood,181081,rf,pr_auc_ddos,10,0.899175148756151,0.0006485886257738621,0.8987111764035582,0.8996391211087438
8,SYNFlood,181081,xgboost,accuracy,10,0.058823529411764705,0.0,0.058823529411764705,0.058823529411764705
8,SYNFlood,181081,xgboost,precision,0,not estimable,not estimable,not estimable,not estimable
8,SYNFlood,181081,xgboost,recall,10,0.0,0.0,0.0,0.0
8,SYNFlood,181081,xgboost,f1,10,0.0,0.0,0.0,0.0
8,SYNFlood,181081,xgboost,balanced_accuracy,10,0.5,0.0,0.5,0.5
8,SYNFlood,181081,xgboost,mcc,0,not estimable,not estimable,not estimable,not estimable
8,SYNFlood,181081,xgboost,roc_auc,10,0.0,0.0,0.0,0.0
8,SYNFlood,181081,xgboost,pr_auc_benign,10,0.05836790999661747,0.0007925268969070417,0.05780097040773351,0.058934849585501436
8,SYNFlood,181081,xgboost,pr_auc_ddos,10,0.8989105898497041,0.0007525405253430763,0.8983722547878638,0.8994489249115444
8,SYNFlood,206369,hybrid,accuracy,10,0.058823529411764705,0.0,0.058823529411764705,0.058823529411764705
8,SYNFlood,206369,hybrid,precision,0,not estimable,not estimable,not estimable,not estimable
8,SYNFlood,206369,hybrid,recall,10,0.0,0.0,0.0,0.0
8,SYNFlood,206369,hybrid,f1,10,0.0,0.0,0.0,0.0
8,SYNFlood,206369,hybrid,balanced_accuracy,10,0.5,0.0,0.5,0.5
8,SYNFlood,206369,hybrid,mcc,0,not estimable,not estimable,not estimable,not estimable
8,SYNFlood,206369,hybrid,roc_auc,10,0.0,0.0,0.0,0.0
8,SYNFlood,206369,hybrid,pr_auc_benign,10,0.030596334931679826,7.230831598768531e-06,0.03059116230635961,0.030601507557000043
8,SYNFlood,206369,hybrid,pr_auc_ddos,10,0.8834187733461706,0.0012986434390005587,0.882489779793665,0.8843477668986761
8,SYNFlood,206369,mlp,accuracy,10,0.0,0.0,0.0,0.0
8,SYNFlood,206369,mlp,precision,10,0.0,0.0,0.0,0.0
8,SYNFlood,206369,mlp,recall,10,0.0,0.0,0.0,0.0
8,SYNFlood,206369,mlp,f1,10,0.0,0.0,0.0,0.0
8,SYNFlood,206369,mlp,balanced_accuracy,10,0.0,0.0,0.0,0.0
8,SYNFlood,206369,mlp,mcc,10,-1.0,0.0,-1.0,-1.0
8,SYNFlood,206369,mlp,roc_auc,10,0.0,0.0,0.0,0.0
8,SYNFlood,206369,mlp,pr_auc_benign,10,0.030596334931679826,7.230831598768531e-06,0.03059116230635961,0.030601507557000043
8,SYNFlood,206369,mlp,pr_auc_ddos,10,0.8834187733461706,0.0012986434390005587,0.882489779793665,0.8843477668986761
8,SYNFlood,206369,rf,accuracy,10,0.058823529411764705,0.0,0.058823529411764705,0.058823529411764705
8,SYNFlood,206369,rf,precision,0,not estimable,not estimable,not estimable,not estimable
8,SYNFlood,206369,rf,recall,10,0.0,0.0,0.0,0.0
8,SYNFlood,206369,rf,f1,10,0.0,0.0,0.0,0.0
8,SYNFlood,206369,rf,balanced_accuracy,10,0.5,0.0,0.5,0.5
8,SYNFlood,206369,rf,mcc,0,not estimable,not estimable,not estimable,not estimable
8,SYNFlood,206369,rf,roc_auc,10,0.0,0.0,0.0,0.0
8,SYNFlood,206369,rf,pr_auc_benign,10,0.058823529411764705,0.0,0.058823529411764705,0.058823529411764705
8,SYNFlood,206369,rf,pr_auc_ddos,10,0.9149586331911198,8.628232449087833e-05,0.9148969105344306,0.915020355847809
8,SYNFlood,206369,xgboost,accuracy,10,0.058823529411764705,0.0,0.058823529411764705,0.058823529411764705
8,SYNFlood,206369,xgboost,precision,0,not estimable,not estimable,not estimable,not estimable
8,SYNFlood,206369,xgboost,recall,10,0.0,0.0,0.0,0.0
8,SYNFlood,206369,xgboost,f1,10,0.0,0.0,0.0,0.0
8,SYNFlood,206369,xgboost,balanced_accuracy,10,0.5,0.0,0.5,0.5
8,SYNFlood,206369,xgboost,mcc,0,not estimable,not estimable,not estimable,not estimable
8,SYNFlood,206369,xgboost,roc_auc,10,0.0,0.0,0.0,0.0
8,SYNFlood,206369,xgboost,pr_auc_benign,10,0.05836790999661747,0.0007925268969070417,0.05780097040773351,0.058934849585501436
8,SYNFlood,206369,xgboost,pr_auc_ddos,10,0.8989105898497041,0.0007525405253430763,0.8983722547878638,0.8994489249115444
8,SYNFlood,231701,hybrid,accuracy,10,0.058823529411764705,0.0,0.058823529411764705,0.058823529411764705
8,SYNFlood,231701,hybrid,precision,0,not estimable,not estimable,not estimable,not estimable
8,SYNFlood,231701,hybrid,recall,10,0.0,0.0,0.0,0.0
8,SYNFlood,231701,hybrid,f1,10,0.0,0.0,0.0,0.0
8,SYNFlood,231701,hybrid,balanced_accuracy,10,0.5,0.0,0.5,0.5
8,SYNFlood,231701,hybrid,mcc,0,not estimable,not estimable,not estimable,not estimable
8,SYNFlood,231701,hybrid,roc_auc,10,0.0,0.0,0.0,0.0
8,SYNFlood,231701,hybrid,pr_auc_benign,10,0.030594048341956902,3.657118196434064e-18,0.0305940483419569,0.030594048341956906
8,SYNFlood,231701,hybrid,pr_auc_ddos,10,0.8834841502426641,0.0013788457370126949,0.8824977834223995,0.8844705170629288
8,SYNFlood,231701,mlp,accuracy,10,0.058823529411764705,0.0,0.058823529411764705,0.058823529411764705
8,SYNFlood,231701,mlp,precision,0,not estimable,not estimable,not estimable,not estimable
8,SYNFlood,231701,mlp,recall,10,0.0,0.0,0.0,0.0
8,SYNFlood,231701,mlp,f1,10,0.0,0.0,0.0,0.0
8,SYNFlood,231701,mlp,balanced_accuracy,10,0.5,0.0,0.5,0.5
8,SYNFlood,231701,mlp,mcc,0,not estimable,not estimable,not estimable,not estimable
8,SYNFlood,231701,mlp,roc_auc,10,0.5,0.0,0.5,0.5
8,SYNFlood,231701,mlp,pr_auc_benign,10,0.05884595137542516,0.0,0.05884595137542516,0.05884595137542516
8,SYNFlood,231701,mlp,pr_auc_ddos,10,0.9695490196582565,0.0017625519259477475,0.9682881659658666,0.9708098733506463
8,SYNFlood,231701,rf,accuracy,10,0.058823529411764705,0.0,0.058823529411764705,0.058823529411764705
8,SYNFlood,231701,rf,precision,0,not estimable,not estimable,not estimable,not estimable
8,SYNFlood,231701,rf,recall,10,0.0,0.0,0.0,0.0
8,SYNFlood,231701,rf,f1,10,0.0,0.0,0.0,0.0
8,SYNFlood,231701,rf,balanced_accuracy,10,0.5,0.0,0.5,0.5
8,SYNFlood,231701,rf,mcc,0,not estimable,not estimable,not estimable,not estimable
8,SYNFlood,231701,rf,roc_auc,10,0.0,0.0,0.0,0.0
8,SYNFlood,231701,rf,pr_auc_benign,10,0.05670033999434874,0.0010548523352512363,0.05594574409152884,0.05745493589716864
8,SYNFlood,231701,rf,pr_auc_ddos,10,0.9147690053235851,0.0004379660121429459,0.9144557033122105,0.9150823073349597
8,SYNFlood,231701,xgboost,accuracy,10,0.058823529411764705,0.0,0.058823529411764705,0.058823529411764705
8,SYNFlood,231701,xgboost,precision,0,not estimable,not estimable,not estimable,not estimable
8,SYNFlood,231701,xgboost,recall,10,0.0,0.0,0.0,0.0
8,SYNFlood,231701,xgboost,f1,10,0.0,0.0,0.0,0.0
8,SYNFlood,231701,xgboost,balanced_accuracy,10,0.5,0.0,0.5,0.5
8,SYNFlood,231701,xgboost,mcc,0,not estimable,not estimable,not estimable,not estimable
8,SYNFlood,231701,xgboost,roc_auc,10,0.0,0.0,0.0,0.0
8,SYNFlood,231701,xgboost,pr_auc_benign,10,0.05836790999661747,0.0007925268969070417,0.05780097040773351,0.058934849585501436
8,SYNFlood,231701,xgboost,pr_auc_ddos,10,0.8989105898497041,0.0007525405253430763,0.8983722547878638,0.8994489249115444
8,SYNFlood,257053,hybrid,accuracy,10,0.058823529411764705,0.0,0.058823529411764705,0.058823529411764705
8,SYNFlood,257053,hybrid,precision,0,not estimable,not estimable,not estimable,not estimable
8,SYNFlood,257053,hybrid,recall,10,0.0,0.0,0.0,0.0
8,SYNFlood,257053,hybrid,f1,10,0.0,0.0,0.0,0.0
8,SYNFlood,257053,hybrid,balanced_accuracy,10,0.5,0.0,0.5,0.5
8,SYNFlood,257053,hybrid,mcc,0,not estimable,not estimable,not estimable,not estimable
8,SYNFlood,257053,hybrid,roc_auc,10,0.0,0.0,0.0,0.0
8,SYNFlood,257053,hybrid,pr_auc_benign,10,0.030594048341956902,3.657118196434064e-18,0.0305940483419569,0.030594048341956906
8,SYNFlood,257053,hybrid,pr_auc_ddos,10,0.8833529164141369,0.0013105859929726316,0.8824153796731724,0.8842904531551015
8,SYNFlood,257053,mlp,accuracy,10,0.058823529411764705,0.0,0.058823529411764705,0.058823529411764705
8,SYNFlood,257053,mlp,precision,0,not estimable,not estimable,not estimable,not estimable
8,SYNFlood,257053,mlp,recall,10,0.0,0.0,0.0,0.0
8,SYNFlood,257053,mlp,f1,10,0.0,0.0,0.0,0.0
8,SYNFlood,257053,mlp,balanced_accuracy,10,0.5,0.0,0.5,0.5
8,SYNFlood,257053,mlp,mcc,0,not estimable,not estimable,not estimable,not estimable
8,SYNFlood,257053,mlp,roc_auc,10,0.6559999999999999,0.03339993346633425,0.6321071269353067,0.6798928730646931
8,SYNFlood,257053,mlp,pr_auc_benign,10,0.36430901935338483,0.06413699603846994,0.31842817630791853,0.41018986239885113
8,SYNFlood,257053,mlp,pr_auc_ddos,10,0.9786749562768022,0.0020360835821458586,0.9772184298251447,0.9801314827284597
8,SYNFlood,257053,rf,accuracy,10,0.058823529411764705,0.0,0.058823529411764705,0.058823529411764705
8,SYNFlood,257053,rf,precision,0,not estimable,not estimable,not estimable,not estimable
8,SYNFlood,257053,rf,recall,10,0.0,0.0,0.0,0.0
8,SYNFlood,257053,rf,f1,10,0.0,0.0,0.0,0.0
8,SYNFlood,257053,rf,balanced_accuracy,10,0.5,0.0,0.5,0.5
8,SYNFlood,257053,rf,mcc,0,not estimable,not estimable,not estimable,not estimable
8,SYNFlood,257053,rf,roc_auc,10,0.0,0.0,0.0,0.0
8,SYNFlood,257053,rf,pr_auc_benign,10,0.0554743560519738,0.0012920049906224194,0.05455011135936066,0.05639860074458695
8,SYNFlood,257053,rf,pr_auc_ddos,10,0.9142767722473606,0.000723396110263642,0.9137592858441184,0.9147942586506028
8,SYNFlood,257053,xgboost,accuracy,10,0.058823529411764705,0.0,0.058823529411764705,0.058823529411764705
8,SYNFlood,257053,xgboost,precision,0,not estimable,not estimable,not estimable,not estimable
8,SYNFlood,257053,xgboost,recall,10,0.0,0.0,0.0,0.0
8,SYNFlood,257053,xgboost,f1,10,0.0,0.0,0.0,0.0
8,SYNFlood,257053,xgboost,balanced_accuracy,10,0.5,0.0,0.5,0.5
8,SYNFlood,257053,xgboost,mcc,0,not estimable,not estimable,not estimable,not estimable
8,SYNFlood,257053,xgboost,roc_auc,10,0.0,0.0,0.0,0.0
8,SYNFlood,257053,xgboost,pr_auc_benign,10,0.05836790999661747,0.0007925268969070417,0.05780097040773351,0.058934849585501436
8,SYNFlood,257053,xgboost,pr_auc_ddos,10,0.8989105898497041,0.0007525405253430763,0.8983722547878638,0.8994489249115444
8,SYNFlood,282427,hybrid,accuracy,10,0.058823529411764705,0.0,0.058823529411764705,0.058823529411764705
8,SYNFlood,282427,hybrid,precision,0,not estimable,not estimable,not estimable,not estimable
8,SYNFlood,282427,hybrid,recall,10,0.0,0.0,0.0,0.0
8,SYNFlood,282427,hybrid,f1,10,0.0,0.0,0.0,0.0
8,SYNFlood,282427,hybrid,balanced_accuracy,10,0.5,0.0,0.5,0.5
8,SYNFlood,282427,hybrid,mcc,0,not estimable,not estimable,not estimable,not estimable
8,SYNFlood,282427,hybrid,roc_auc,10,0.0,0.0,0.0,0.0
8,SYNFlood,282427,hybrid,pr_auc_benign,10,0.05836790999661747,0.0007925268969070417,0.05780097040773351,0.058934849585501436
8,SYNFlood,282427,hybrid,pr_auc_ddos,10,0.8833529164141369,0.0013105859929725915,0.8824153796731724,0.8842904531551015
8,SYNFlood,282427,mlp,accuracy,10,0.058823529411764705,0.0,0.058823529411764705,0.058823529411764705
8,SYNFlood,282427,mlp,precision,0,not estimable,not estimable,not estimable,not estimable
8,SYNFlood,282427,mlp,recall,10,0.0,0.0,0.0,0.0
8,SYNFlood,282427,mlp,f1,10,0.0,0.0,0.0,0.0
8,SYNFlood,282427,mlp,balanced_accuracy,10,0.5,0.0,0.5,0.5
8,SYNFlood,282427,mlp,mcc,0,not estimable,not estimable,not estimable,not estimable
8,SYNFlood,282427,mlp,roc_auc,10,1.0,0.0,1.0,1.0
8,SYNFlood,282427,mlp,pr_auc_benign,10,1.0,0.0,1.0,1.0
8,SYNFlood,282427,mlp,pr_auc_ddos,10,1.0,1.1702778228589004e-16,0.9999999999999999,1.0
8,SYNFlood,282427,rf,accuracy,10,0.058823529411764705,0.0,0.058823529411764705,0.058823529411764705
8,SYNFlood,282427,rf,precision,0,not estimable,not estimable,not estimable,not estimable
8,SYNFlood,282427,rf,recall,10,0.0,0.0,0.0,0.0
8,SYNFlood,282427,rf,f1,10,0.0,0.0,0.0,0.0
8,SYNFlood,282427,rf,balanced_accuracy,10,0.5,0.0,0.5,0.5
8,SYNFlood,282427,rf,mcc,0,not estimable,not estimable,not estimable,not estimable
8,SYNFlood,282427,rf,roc_auc,10,0.0,0.0,0.0,0.0
8,SYNFlood,282427,rf,pr_auc_benign,10,0.058823529411764705,0.0,0.058823529411764705,0.058823529411764705
8,SYNFlood,282427,rf,pr_auc_ddos,10,0.9149462909491005,8.328900949044013e-05,0.9148867095809686,0.9150058723172324
8,SYNFlood,282427,xgboost,accuracy,10,0.058823529411764705,0.0,0.058823529411764705,0.058823529411764705
8,SYNFlood,282427,xgboost,precision,0,not estimable,not estimable,not estimable,not estimable
8,SYNFlood,282427,xgboost,recall,10,0.0,0.0,0.0,0.0
8,SYNFlood,282427,xgboost,f1,10,0.0,0.0,0.0,0.0
8,SYNFlood,282427,xgboost,balanced_accuracy,10,0.5,0.0,0.5,0.5
8,SYNFlood,282427,xgboost,mcc,0,not estimable,not estimable,not estimable,not estimable
8,SYNFlood,282427,xgboost,roc_auc,10,0.0,0.0,0.0,0.0
8,SYNFlood,282427,xgboost,pr_auc_benign,10,0.05836790999661747,0.0007925268969070417,0.05780097040773351,0.058934849585501436
8,SYNFlood,282427,xgboost,pr_auc_ddos,10,0.8989105898497041,0.0007525405253430763,0.8983722547878638,0.8994489249115444
8,SYNFlood,307759,hybrid,accuracy,10,0.058823529411764705,0.0,0.058823529411764705,0.058823529411764705
8,SYNFlood,307759,hybrid,precision,0,not estimable,not estimable,not estimable,not estimable
8,SYNFlood,307759,hybrid,recall,10,0.0,0.0,0.0,0.0
8,SYNFlood,307759,hybrid,f1,10,0.0,0.0,0.0,0.0
8,SYNFlood,307759,hybrid,balanced_accuracy,10,0.5,0.0,0.5,0.5
8,SYNFlood,307759,hybrid,mcc,0,not estimable,not estimable,not estimable,not estimable
8,SYNFlood,307759,hybrid,roc_auc,10,0.0,0.0,0.0,0.0
8,SYNFlood,307759,hybrid,pr_auc_benign,10,0.030594048341956902,3.657118196434064e-18,0.0305940483419569,0.030594048341956906
8,SYNFlood,307759,hybrid,pr_auc_ddos,10,0.8853304170386014,0.0016999315585087117,0.8841143592585147,0.8865464748186881
8,SYNFlood,307759,mlp,accuracy,10,0.058823529411764705,0.0,0.058823529411764705,0.058823529411764705
8,SYNFlood,307759,mlp,precision,0,not estimable,not estimable,not estimable,not estimable
8,SYNFlood,307759,mlp,recall,10,0.0,0.0,0.0,0.0
8,SYNFlood,307759,mlp,f1,10,0.0,0.0,0.0,0.0
8,SYNFlood,307759,mlp,balanced_accuracy,10,0.5,0.0,0.5,0.5
8,SYNFlood,307759,mlp,mcc,0,not estimable,not estimable,not estimable,not estimable
8,SYNFlood,307759,mlp,roc_auc,10,1.0,0.0,1.0,1.0
8,SYNFlood,307759,mlp,pr_auc_benign,10,1.0,0.0,1.0,1.0
8,SYNFlood,307759,mlp,pr_auc_ddos,10,1.0,1.227397735431716e-16,0.9999999999999999,1.0
8,SYNFlood,307759,rf,accuracy,10,0.058823529411764705,0.0,0.058823529411764705,0.058823529411764705
8,SYNFlood,307759,rf,precision,0,not estimable,not estimable,not estimable,not estimable
8,SYNFlood,307759,rf,recall,10,0.0,0.0,0.0,0.0
8,SYNFlood,307759,rf,f1,10,0.0,0.0,0.0,0.0
8,SYNFlood,307759,rf,balanced_accuracy,10,0.5,0.0,0.5,0.5
8,SYNFlood,307759,rf,mcc,0,not estimable,not estimable,not estimable,not estimable
8,SYNFlood,307759,rf,roc_auc,10,0.0,0.0,0.0,0.0
8,SYNFlood,307759,rf,pr_auc_benign,10,0.058823529411764705,0.0,0.058823529411764705,0.058823529411764705
8,SYNFlood,307759,rf,pr_auc_ddos,10,0.9144397527021433,0.00028375410369478696,0.9142367672444627,0.9146427381598239
8,SYNFlood,307759,xgboost,accuracy,10,0.058823529411764705,0.0,0.058823529411764705,0.058823529411764705
8,SYNFlood,307759,xgboost,precision,0,not estimable,not estimable,not estimable,not estimable
8,SYNFlood,307759,xgboost,recall,10,0.0,0.0,0.0,0.0
8,SYNFlood,307759,xgboost,f1,10,0.0,0.0,0.0,0.0
8,SYNFlood,307759,xgboost,balanced_accuracy,10,0.5,0.0,0.5,0.5
8,SYNFlood,307759,xgboost,mcc,0,not estimable,not estimable,not estimable,not estimable
8,SYNFlood,307759,xgboost,roc_auc,10,0.0,0.0,0.0,0.0
8,SYNFlood,307759,xgboost,pr_auc_benign,10,0.04510799329874617,0.001099587968238585,0.04432139545192501,0.045894591145567334
8,SYNFlood,307759,xgboost,pr_auc_ddos,10,0.8990068170184179,0.0007084217104064289,0.8985000426555266,0.8995135913813092
8,SYNFlood,333019,hybrid,accuracy,10,0.058823529411764705,0.0,0.058823529411764705,0.058823529411764705
8,SYNFlood,333019,hybrid,precision,0,not estimable,not estimable,not estimable,not estimable
8,SYNFlood,333019,hybrid,recall,10,0.0,0.0,0.0,0.0
8,SYNFlood,333019,hybrid,f1,10,0.0,0.0,0.0,0.0
8,SYNFlood,333019,hybrid,balanced_accuracy,10,0.5,0.0,0.5,0.5
8,SYNFlood,333019,hybrid,mcc,0,not estimable,not estimable,not estimable,not estimable
8,SYNFlood,333019,hybrid,roc_auc,10,0.0,0.0,0.0,0.0
8,SYNFlood,333019,hybrid,pr_auc_benign,10,0.031083632439619237,0.0001296418450588468,0.030990892250451322,0.03117637262878715
8,SYNFlood,333019,hybrid,pr_auc_ddos,10,0.8979536683512886,0.0016912999312774298,0.8967437852653517,0.8991635514372256
8,SYNFlood,333019,mlp,accuracy,10,0.058823529411764705,0.0,0.058823529411764705,0.058823529411764705
8,SYNFlood,333019,mlp,precision,0,not estimable,not estimable,not estimable,not estimable
8,SYNFlood,333019,mlp,recall,10,0.0,0.0,0.0,0.0
8,SYNFlood,333019,mlp,f1,10,0.0,0.0,0.0,0.0
8,SYNFlood,333019,mlp,balanced_accuracy,10,0.5,0.0,0.5,0.5
8,SYNFlood,333019,mlp,mcc,0,not estimable,not estimable,not estimable,not estimable
8,SYNFlood,333019,mlp,roc_auc,10,1.0,0.0,1.0,1.0
8,SYNFlood,333019,mlp,pr_auc_benign,10,1.0,0.0,1.0,1.0
8,SYNFlood,333019,mlp,pr_auc_ddos,10,1.0,1.4332917616497527e-16,0.9999999999999999,1.0
8,SYNFlood,333019,rf,accuracy,10,0.058823529411764705,0.0,0.058823529411764705,0.058823529411764705
8,SYNFlood,333019,rf,precision,0,not estimable,not estimable,not estimable,not estimable
8,SYNFlood,333019,rf,recall,10,0.0,0.0,0.0,0.0
8,SYNFlood,333019,rf,f1,10,0.0,0.0,0.0,0.0
8,SYNFlood,333019,rf,balanced_accuracy,10,0.5,0.0,0.5,0.5
8,SYNFlood,333019,rf,mcc,0,not estimable,not estimable,not estimable,not estimable
8,SYNFlood,333019,rf,roc_auc,10,0.0,0.0,0.0,0.0
8,SYNFlood,333019,rf,pr_auc_benign,10,0.051814382890234524,0.0016889701468651834,0.05060616643166638,0.05302259934880267
8,SYNFlood,333019,rf,pr_auc_ddos,10,0.9149339487070811,7.804463779499752e-05,0.9148781189364591,0.9149897784777031
8,SYNFlood,333019,xgboost,accuracy,10,0.058823529411764705,0.0,0.058823529411764705,0.058823529411764705
8,SYNFlood,333019,xgboost,precision,0,not estimable,not estimable,not estimable,not estimable
8,SYNFlood,333019,xgboost,recall,10,0.0,0.0,0.0,0.0
8,SYNFlood,333019,xgboost,f1,10,0.0,0.0,0.0,0.0
8,SYNFlood,333019,xgboost,balanced_accuracy,10,0.5,0.0,0.5,0.5
8,SYNFlood,333019,xgboost,mcc,0,not estimable,not estimable,not estimable,not estimable
8,SYNFlood,333019,xgboost,roc_auc,10,0.0,0.0,0.0,0.0
8,SYNFlood,333019,xgboost,pr_auc_benign,10,0.051814382890234524,0.0016889701468651834,0.05060616643166638,0.05302259934880267
8,SYNFlood,333019,xgboost,pr_auc_ddos,10,0.8989880197452514,0.000722659091297399,0.8984710605736166,0.8995049789168863
8,UDPFlood,104729,hybrid,accuracy,10,1.0,0.0,1.0,1.0
8,UDPFlood,104729,hybrid,precision,10,1.0,0.0,1.0,1.0
8,UDPFlood,104729,hybrid,recall,10,1.0,0.0,1.0,1.0
8,UDPFlood,104729,hybrid,f1,10,1.0,0.0,1.0,1.0
8,UDPFlood,104729,hybrid,balanced_accuracy,10,1.0,0.0,1.0,1.0
8,UDPFlood,104729,hybrid,mcc,10,1.0,0.0,1.0,1.0
8,UDPFlood,104729,hybrid,roc_auc,10,1.0,0.0,1.0,1.0
8,UDPFlood,104729,hybrid,pr_auc_benign,10,1.0,0.0,1.0,1.0
8,UDPFlood,104729,hybrid,pr_auc_ddos,10,1.0,1.1102230246251565e-16,0.9999999999999999,1.0
8,UDPFlood,104729,mlp,accuracy,10,1.0,0.0,1.0,1.0
8,UDPFlood,104729,mlp,precision,10,1.0,0.0,1.0,1.0
8,UDPFlood,104729,mlp,recall,10,1.0,0.0,1.0,1.0
8,UDPFlood,104729,mlp,f1,10,1.0,0.0,1.0,1.0
8,UDPFlood,104729,mlp,balanced_accuracy,10,1.0,0.0,1.0,1.0
8,UDPFlood,104729,mlp,mcc,10,1.0,0.0,1.0,1.0
8,UDPFlood,104729,mlp,roc_auc,10,1.0,0.0,1.0,1.0
8,UDPFlood,104729,mlp,pr_auc_benign,10,1.0,0.0,1.0,1.0
8,UDPFlood,104729,mlp,pr_auc_ddos,10,1.0,0.0,1.0,1.0
8,UDPFlood,104729,rf,accuracy,10,0.7864504240052186,0.024823783905566513,0.7686925587556094,0.8042082892548278
8,UDPFlood,104729,rf,precision,10,0.9633333333333333,0.07769837216465371,0.907751266221296,1.0189154004453704
8,UDPFlood,104729,rf,recall,10,0.25,0.0816496580927726,0.19159135321174836,0.30840864678825164
8,UDPFlood,104729,rf,f1,10,0.3910115198810851,0.10507093013797318,0.3158483043882676,0.46617473537390264
8,UDPFlood,104729,rf,balanced_accuracy,10,0.6231475128644941,0.04164536161905405,0.593356215827922,0.6529388099010662
8,UDPFlood,104729,rf,mcc,10,0.4214757260723062,0.08659299756724602,0.35953082725234525,0.48342062489226717
8,UDPFlood,104729,rf,roc_auc,10,0.996295025728988,0.0078124455191969115,0.9907063388741728,1.0018837125838032
8,UDPFlood,104729,rf,pr_auc_benign,10,0.9989982220760201,0.002113286533139424,0.9974864679602067,1.0005099761918335
8,UDPFlood,104729,rf,pr_auc_ddos,10,0.9791650681190156,0.044148027987813886,0.9475834714121665,1.0107466648258647
8,UDPFlood,104729,xgboost,accuracy,10,1.0,0.0,1.0,1.0
8,UDPFlood,104729,xgboost,precision,10,1.0,0.0,1.0,1.0
8,UDPFlood,104729,xgboost,recall,10,1.0,0.0,1.0,1.0
8,UDPFlood,104729,xgboost,f1,10,1.0,0.0,1.0,1.0
8,UDPFlood,104729,xgboost,balanced_accuracy,10,1.0,0.0,1.0,1.0
8,UDPFlood,104729,xgboost,mcc,10,1.0,0.0,1.0,1.0
8,UDPFlood,104729,xgboost,roc_auc,10,1.0,3.700743415417188e-17,1.0,1.0
8,UDPFlood,104729,xgboost,pr_auc_benign,10,1.0,0.0,1.0,1.0
8,UDPFlood,104729,xgboost,pr_auc_ddos,10,1.0,7.401486830834377e-17,1.0,1.0
8,UDPFlood,130363,hybrid,accuracy,10,1.0,0.0,1.0,1.0
8,UDPFlood,130363,hybrid,precision,10,1.0,0.0,1.0,1.0
8,UDPFlood,130363,hybrid,recall,10,1.0,0.0,1.0,1.0
8,UDPFlood,130363,hybrid,f1,10,1.0,0.0,1.0,1.0
8,UDPFlood,130363,hybrid,balanced_accuracy,10,1.0,0.0,1.0,1.0
8,UDPFlood,130363,hybrid,mcc,10,1.0,0.0,1.0,1.0
8,UDPFlood,130363,hybrid,roc_auc,10,1.0,0.0,1.0,1.0
8,UDPFlood,130363,hybrid,pr_auc_benign,10,1.0,0.0,1.0,1.0
8,UDPFlood,130363,hybrid,pr_auc_ddos,10,1.0,8.275113844157577e-17,0.9999999999999999,1.0
8,UDPFlood,130363,mlp,accuracy,10,0.9929920634920635,0.007392279525981189,0.9877039452821567,0.9982801817019703
8,UDPFlood,130363,mlp,precision,10,1.0,0.0,1.0,1.0
8,UDPFlood,130363,mlp,recall,10,0.975,0.026352313834736518,0.9561486903095492,0.9938513096904508
8,UDPFlood,130363,mlp,f1,10,0.9871794871794872,0.013514007094736675,0.9775121488766919,0.9968468254822825
8,UDPFlood,130363,mlp,balanced_accuracy,10,0.9875,0.013176156917368259,0.9780743451547746,0.9969256548452254
8,UDPFlood,130363,mlp,mcc,10,0.9826607638375812,0.018278904611181125,0.9695848231900707,0.9957367044850917
8,UDPFlood,130363,mlp,roc_auc,10,0.9994388111888111,0.001183671014168799,0.9985920639544071,1.0002855584232149
8,UDPFlood,130363,mlp,pr_auc_benign,10,0.9997898304732068,0.000443945201699316,0.9994722512072908,1.0001074097391227
8,UDPFlood,130363,mlp,pr_auc_ddos,10,0.9986956521739131,0.0027498066610159664,0.9967285589888226,1.0006627453590036
8,UDPFlood,130363,rf,accuracy,10,0.997296803652968,0.005699488675912158,0.9932196350680519,1.001373972237884
8,UDPFlood,130363,rf,precision,10,0.9904761904761905,0.020077953397894494,0.9761132878548946,1.0048390930974864
8,UDPFlood,130363,rf,recall,10,1.0,0.0,1.0,1.0
8,UDPFlood,130363,rf,f1,10,0.9951219512195122,0.01028382978916547,0.9877653425598241,1.0024785598792003
8,UDPFlood,130363,rf,balanced_accuracy,10,0.998147512864494,0.00390622275959845,0.9953531694370864,1.0009418562919015
8,UDPFlood,130363,rf,mcc,10,0.9933637183349411,0.01399073690366256,0.9833553480710402,1.003372088598842
8,UDPFlood,130363,rf,roc_auc,10,1.0,0.0,1.0,1.0
8,UDPFlood,130363,rf,pr_auc_benign,10,1.0,0.0,1.0,1.0
8,UDPFlood,130363,rf,pr_auc_ddos,10,1.0,0.0,1.0,1.0
8,UDPFlood,130363,xgboost,accuracy,10,1.0,0.0,1.0,1.0
8,UDPFlood,130363,xgboost,precision,10,1.0,0.0,1.0,1.0
8,UDPFlood,130363,xgboost,recall,10,1.0,0.0,1.0,1.0
8,UDPFlood,130363,xgboost,f1,10,1.0,0.0,1.0,1.0
8,UDPFlood,130363,xgboost,balanced_accuracy,10,1.0,0.0,1.0,1.0
8,UDPFlood,130363,xgboost,mcc,10,1.0,0.0,1.0,1.0
8,UDPFlood,130363,xgboost,roc_auc,10,1.0,5.233641528945917e-17,1.0,1.0
8,UDPFlood,130363,xgboost,pr_auc_benign,10,1.0,0.0,1.0,1.0
8,UDPFlood,130363,xgboost,pr_auc_ddos,10,1.0,0.0,1.0,1.0
8,UDPFlood,155921,hybrid,accuracy,10,0.9945380517503806,0.009562427028336025,0.9876975035376508,1.0013785999631104
8,UDPFlood,155921,hybrid,precision,10,0.9813852813852815,0.03220512849282807,0.958347120309695,1.0044234424608678
8,UDPFlood,155921,hybrid,recall,10,1.0,0.0,1.0,1.0
8,UDPFlood,155921,hybrid,f1,10,0.9903600464576077,0.016759921268680058,0.9783707210342365,1.0023493718809788
8,UDPFlood,155921,hybrid,balanced_accuracy,10,0.9962425781765404,0.006582102313703443,0.9915340258305108,1.00095113052257
8,UDPFlood,155921,hybrid,mcc,10,0.9868758156087344,0.022797920381627267,0.970567165821565,1.003184465395904
8,UDPFlood,155921,hybrid,roc_auc,10,1.0,0.0,1.0,1.0
8,UDPFlood,155921,hybrid,pr_auc_benign,10,1.0,7.401486830834377e-17,1.0,1.0
8,UDPFlood,155921,hybrid,pr_auc_ddos,10,1.0,1.0467283057891834e-16,0.9999999999999999,1.0
8,UDPFlood,155921,mlp,accuracy,10,0.9904824961948249,0.014261773120401994,0.9802802383015065,1.0006847540881434
8,UDPFlood,155921,mlp,precision,10,0.9683418031244118,0.0468928191876021,0.9347967010772981,1.0018869051715256
8,UDPFlood,155921,mlp,recall,10,1.0,0.0,1.0,1.0
8,UDPFlood,155921,mlp,f1,10,0.9833833022715609,0.024863384951361516,0.9655971081403578,1.001169496402764
8,UDPFlood,155921,mlp,balanced_accuracy,10,0.9934628578968201,0.009760289173369501,0.986480767632207,1.0004449481614333
8,UDPFlood,155921,mlp,mcc,10,0.9774957731041265,0.03345308968628837,0.9535648743703928,1.0014266718378602
8,UDPFlood,155921,mlp,roc_auc,10,1.0,0.0,1.0,1.0
8,UDPFlood,155921,mlp,pr_auc_benign,10,1.0,0.0,1.0,1.0
8,UDPFlood,155921,mlp,pr_auc_ddos,10,1.0,0.0,1.0,1.0
8,UDPFlood,155921,rf,accuracy,10,0.9945380517503806,0.009562427028336025,0.9876975035376508,1.0013785999631104
8,UDPFlood,155921,rf,precision,10,0.9813852813852815,0.03220512849282807,0.958347120309695,1.0044234424608678
8,UDPFlood,155921,rf,recall,10,1.0,0.0,1.0,1.0
8,UDPFlood,155921,rf,f1,10,0.9903600464576077,0.016759921268680058,0.9783707210342365,1.0023493718809788
8,UDPFlood,155921,rf,balanced_accuracy,10,0.9962425781765404,0.006582102313703443,0.9915340258305108,1.00095113052257
8,UDPFlood,155921,rf,mcc,10,0.9868758156087344,0.022797920381627267,0.970567165821565,1.003184465395904
8,UDPFlood,155921,rf,roc_auc,10,0.9963859348198971,0.007628390045549787,0.9909289133192404,1.001842956320554
8,UDPFlood,155921,rf,pr_auc_benign,10,0.9990162400940381,0.002077306949298045,0.9975302242220002,1.0005022559660761
8,UDPFlood,155921,rf,pr_auc_ddos,10,0.9849065934065934,0.0321342567461985,0.9619191309243978,1.0078940558887888
8,UDPFlood,155921,xgboost,accuracy,10,1.0,0.0,1.0,1.0
8,UDPFlood,155921,xgboost,precision,10,1.0,0.0,1.0,1.0
8,UDPFlood,155921,xgboost,recall,10,1.0,0.0,1.0,1.0
8,UDPFlood,155921,xgboost,f1,10,1.0,0.0,1.0,1.0
8,UDPFlood,155921,xgboost,balanced_accuracy,10,1.0,0.0,1.0,1.0
8,UDPFlood,155921,xgboost,mcc,10,1.0,0.0,1.0,1.0
8,UDPFlood,155921,xgboost,roc_auc,10,1.0,3.700743415417188e-17,1.0,1.0
8,UDPFlood,155921,xgboost,pr_auc_benign,10,1.0,0.0,1.0,1.0
8,UDPFlood,155921,xgboost,pr_auc_ddos,10,1.0,7.401486830834377e-17,1.0,1.0
8,UDPFlood,181081,hybrid,accuracy,10,1.0,0.0,1.0,1.0
8,UDPFlood,181081,hybrid,precision,10,1.0,0.0,1.0,1.0
8,UDPFlood,181081,hybrid,recall,10,1.0,0.0,1.0,1.0
8,UDPFlood,181081,hybrid,f1,10,1.0,0.0,1.0,1.0
8,UDPFlood,181081,hybrid,balanced_accuracy,10,1.0,0.0,1.0,1.0
8,UDPFlood,181081,hybrid,mcc,10,1.0,0.0,1.0,1.0
8,UDPFlood,181081,hybrid,roc_auc,10,1.0,3.700743415417188e-17,1.0,1.0
8,UDPFlood,181081,hybrid,pr_auc_benign,10,1.0,0.0,1.0,1.0
8,UDPFlood,181081,hybrid,pr_auc_ddos,10,1.0,0.0,1.0,1.0
8,UDPFlood,181081,mlp,accuracy,10,0.7189519460752338,0.006740573959863997,0.7141300299427199,0.7237738622077478
8,UDPFlood,181081,mlp,precision,0,not estimable,not estimable,not estimable,not estimable
8,UDPFlood,181081,mlp,recall,10,0.0,0.0,0.0,0.0
8,UDPFlood,181081,mlp,f1,10,0.0,0.0,0.0,0.0
8,UDPFlood,181081,mlp,balanced_accuracy,10,0.5,0.0,0.5,0.5
8,UDPFlood,181081,mlp,mcc,0,not estimable,not estimable,not estimable,not estimable
8,UDPFlood,181081,mlp,roc_auc,10,0.06365684127193563,0.040190772997701636,0.034906094251020064,0.0924075882928512
8,UDPFlood,181081,mlp,pr_auc_benign,10,0.7201394548184721,0.006678374467450866,0.7153620335224049,0.7249168761145393
8,UDPFlood,181081,mlp,pr_auc_ddos,10,0.3026515626931564,0.03411115748359344,0.278249910616012,0.3270532147703008
8,UDPFlood,181081,rf,accuracy,10,0.9945380517503806,0.009562427028336025,0.9876975035376508,1.0013785999631104
8,UDPFlood,181081,rf,precision,10,0.9813852813852815,0.03220512849282807,0.958347120309695,1.0044234424608678
8,UDPFlood,181081,rf,recall,10,1.0,0.0,1.0,1.0
8,UDPFlood,181081,rf,f1,10,0.9903600464576077,0.016759921268680058,0.9783707210342365,1.0023493718809788
8,UDPFlood,181081,rf,balanced_accuracy,10,0.9962425781765404,0.006582102313703443,0.9915340258305108,1.00095113052257
8,UDPFlood,181081,rf,mcc,10,0.9868758156087344,0.022797920381627267,0.970567165821565,1.003184465395904
8,UDPFlood,181081,rf,roc_auc,10,0.9924851563530808,0.013164204627406896,0.9830680516610216,1.00190226104514
8,UDPFlood,181081,rf,pr_auc_benign,10,0.9979399250271568,0.003620627757202294,0.9953498839570291,1.0005299660972846
8,UDPFlood,181081,rf,pr_auc_ddos,10,0.9595776372750058,0.06732300105175794,0.9114176635407705,1.007737611009241
8,UDPFlood,181081,xgboost,accuracy,10,1.0,0.0,1.0,1.0
8,UDPFlood,181081,xgboost,precision,10,1.0,0.0,1.0,1.0
8,UDPFlood,181081,xgboost,recall,10,1.0,0.0,1.0,1.0
8,UDPFlood,181081,xgboost,f1,10,1.0,0.0,1.0,1.0
8,UDPFlood,181081,xgboost,balanced_accuracy,10,1.0,0.0,1.0,1.0
8,UDPFlood,181081,xgboost,mcc,10,1.0,0.0,1.0,1.0
8,UDPFlood,181081,xgboost,roc_auc,10,1.0,3.700743415417188e-17,1.0,1.0
8,UDPFlood,181081,xgboost,pr_auc_benign,10,1.0,0.0,1.0,1.0
8,UDPFlood,181081,xgboost,pr_auc_ddos,10,1.0,7.401486830834377e-17,1.0,1.0
8,UDPFlood,206369,hybrid,accuracy,10,0.9945380517503806,0.009562427028336025,0.9876975035376508,1.0013785999631104
8,UDPFlood,206369,hybrid,precision,10,0.9813852813852815,0.03220512849282807,0.958347120309695,1.0044234424608678
8,UDPFlood,206369,hybrid,recall,10,1.0,0.0,1.0,1.0
8,UDPFlood,206369,hybrid,f1,10,0.9903600464576077,0.016759921268680058,0.9783707210342365,1.0023493718809788
8,UDPFlood,206369,hybrid,balanced_accuracy,10,0.9962425781765404,0.006582102313703443,0.9915340258305108,1.00095113052257
8,UDPFlood,206369,hybrid,mcc,10,0.9868758156087344,0.022797920381627267,0.970567165821565,1.003184465395904
8,UDPFlood,206369,hybrid,roc_auc,10,1.0,0.0,1.0,1.0
8,UDPFlood,206369,hybrid,pr_auc_benign,10,1.0,1.1102230246251565e-16,0.9999999999999999,1.0
8,UDPFlood,206369,hybrid,pr_auc_ddos,10,1.0,1.0467283057891834e-16,0.9999999999999999,1.0
8,UDPFlood,206369,mlp,accuracy,10,0.28104805392476623,0.00674057395986401,0.27622613779225236,0.2858699700572801
8,UDPFlood,206369,mlp,precision,10,0.28104805392476623,0.00674057395986401,0.27622613779225236,0.2858699700572801
8,UDPFlood,206369,mlp,recall,10,1.0,0.0,1.0,1.0
8,UDPFlood,206369,mlp,f1,10,0.43873920425186386,0.008259194188954187,0.4328309326508967,0.444647475852831
8,UDPFlood,206369,mlp,balanced_accuracy,10,0.5,0.0,0.5,0.5
8,UDPFlood,206369,mlp,mcc,0,not estimable,not estimable,not estimable,not estimable
8,UDPFlood,206369,mlp,roc_auc,10,1.0,3.700743415417188e-17,1.0,1.0
8,UDPFlood,206369,mlp,pr_auc_benign,10,1.0,3.700743415417188e-17,1.0,1.0
8,UDPFlood,206369,mlp,pr_auc_ddos,10,1.0,0.0,1.0,1.0
8,UDPFlood,206369,rf,accuracy,10,0.9945380517503806,0.009562427028336025,0.9876975035376508,1.0013785999631104
8,UDPFlood,206369,rf,precision,10,0.9813852813852815,0.03220512849282807,0.958347120309695,1.0044234424608678
8,UDPFlood,206369,rf,recall,10,1.0,0.0,1.0,1.0
8,UDPFlood,206369,rf,f1,10,0.9903600464576077,0.016759921268680058,0.9783707210342365,1.0023493718809788
8,UDPFlood,206369,rf,balanced_accuracy,10,0.9962425781765404,0.006582102313703443,0.9915340258305108,1.00095113052257
8,UDPFlood,206369,rf,mcc,10,0.9868758156087344,0.022797920381627267,0.970567165821565,1.003184465395904
8,UDPFlood,206369,rf,roc_auc,10,0.996295025728988,0.007812445519196923,0.9907063388741728,1.0018837125838032
8,UDPFlood,206369,rf,pr_auc_benign,10,0.9989982220760201,0.002113286533139424,0.9974864679602067,1.0005099761918335
8,UDPFlood,206369,rf,pr_auc_ddos,10,0.9823645382395382,0.03732419672202557,0.9556644163539698,1.0090646601251065
8,UDPFlood,206369,xgboost,accuracy,10,1.0,0.0,1.0,1.0
8,UDPFlood,206369,xgboost,precision,10,1.0,0.0,1.0,1.0
8,UDPFlood,206369,xgboost,recall,10,1.0,0.0,1.0,1.0
8,UDPFlood,206369,xgboost,f1,10,1.0,0.0,1.0,1.0
8,UDPFlood,206369,xgboost,balanced_accuracy,10,1.0,0.0,1.0,1.0
8,UDPFlood,206369,xgboost,mcc,10,1.0,0.0,1.0,1.0
8,UDPFlood,206369,xgboost,roc_auc,10,1.0,3.700743415417188e-17,1.0,1.0
8,UDPFlood,206369,xgboost,pr_auc_benign,10,1.0,0.0,1.0,1.0
8,UDPFlood,206369,xgboost,pr_auc_ddos,10,1.0,7.401486830834377e-17,1.0,1.0
8,UDPFlood,231701,hybrid,accuracy,10,0.997296803652968,0.005699488675912158,0.9932196350680519,1.001373972237884
8,UDPFlood,231701,hybrid,precision,10,0.9904761904761905,0.020077953397894494,0.9761132878548946,1.0048390930974864
8,UDPFlood,231701,hybrid,recall,10,1.0,0.0,1.0,1.0
8,UDPFlood,231701,hybrid,f1,10,0.9951219512195122,0.01028382978916547,0.9877653425598241,1.0024785598792003
8,UDPFlood,231701,hybrid,balanced_accuracy,10,0.998147512864494,0.00390622275959845,0.9953531694370864,1.0009418562919015
8,UDPFlood,231701,hybrid,mcc,10,0.9933637183349411,0.01399073690366256,0.9833553480710402,1.003372088598842
8,UDPFlood,231701,hybrid,roc_auc,10,1.0,0.0,1.0,1.0
8,UDPFlood,231701,hybrid,pr_auc_benign,10,1.0,3.700743415417188e-17,1.0,1.0
8,UDPFlood,231701,hybrid,pr_auc_ddos,10,1.0,7.401486830834377e-17,1.0,1.0
8,UDPFlood,231701,mlp,accuracy,10,0.985001522070015,0.020620871647421258,0.970250239129533,0.999752805010497
8,UDPFlood,231701,mlp,precision,10,0.9521080368906455,0.06530572087166682,0.9053911384645518,0.9988249353167392
8,UDPFlood,231701,mlp,recall,10,1.0,0.0,1.0,1.0
8,UDPFlood,231701,mlp,f1,10,0.9744085371992348,0.035147113779293686,0.9492658066316592,0.9995512677668105
8,UDPFlood,231701,mlp,balanced_accuracy,10,0.9896872938382373,0.01413992272580329,0.9795722024661925,0.9998023852102821
8,UDPFlood,231701,mlp,mcc,10,0.9654671789832436,0.04720502415489103,0.931698738956696,0.9992356190097913
8,UDPFlood,231701,mlp,roc_auc,10,1.0,0.0,1.0,1.0
8,UDPFlood,231701,mlp,pr_auc_benign,10,1.0,0.0,1.0,1.0
8,UDPFlood,231701,mlp,pr_auc_ddos,10,1.0,0.0,1.0,1.0
8,UDPFlood,231701,rf,accuracy,10,0.997296803652968,0.005699488675912158,0.9932196350680519,1.001373972237884
8,UDPFlood,231701,rf,precision,10,0.9904761904761905,0.020077953397894494,0.9761132878548946,1.0048390930974864
8,UDPFlood,231701,rf,recall,10,1.0,0.0,1.0,1.0
8,UDPFlood,231701,rf,f1,10,0.9951219512195122,0.01028382978916547,0.9877653425598241,1.0024785598792003
8,UDPFlood,231701,rf,balanced_accuracy,10,0.998147512864494,0.00390622275959845,0.9953531694370864,1.0009418562919015
8,UDPFlood,231701,rf,mcc,10,0.9933637183349411,0.01399073690366256,0.9833553480710402,1.003372088598842
8,UDPFlood,231701,rf,roc_auc,10,1.0,3.700743415417188e-17,1.0,1.0
8,UDPFlood,231701,rf,pr_auc_benign,10,1.0,0.0,1.0,1.0
8,UDPFlood,231701,rf,pr_auc_ddos,10,1.0,0.0,1.0,1.0
8,UDPFlood,231701,xgboost,accuracy,10,1.0,0.0,1.0,1.0
8,UDPFlood,231701,xgboost,precision,10,1.0,0.0,1.0,1.0
8,UDPFlood,231701,xgboost,recall,10,1.0,0.0,1.0,1.0
8,UDPFlood,231701,xgboost,f1,10,1.0,0.0,1.0,1.0
8,UDPFlood,231701,xgboost,balanced_accuracy,10,1.0,0.0,1.0,1.0
8,UDPFlood,231701,xgboost,mcc,10,1.0,0.0,1.0,1.0
8,UDPFlood,231701,xgboost,roc_auc,10,1.0,3.700743415417188e-17,1.0,1.0
8,UDPFlood,231701,xgboost,pr_auc_benign,10,1.0,0.0,1.0,1.0
8,UDPFlood,231701,xgboost,pr_auc_ddos,10,1.0,7.401486830834377e-17,1.0,1.0
8,UDPFlood,257053,hybrid,accuracy,10,0.9945380517503806,0.009562427028336025,0.9876975035376508,1.0013785999631104
8,UDPFlood,257053,hybrid,precision,10,0.9813852813852815,0.03220512849282807,0.958347120309695,1.0044234424608678
8,UDPFlood,257053,hybrid,recall,10,1.0,0.0,1.0,1.0
8,UDPFlood,257053,hybrid,f1,10,0.9903600464576077,0.016759921268680058,0.9783707210342365,1.0023493718809788
8,UDPFlood,257053,hybrid,balanced_accuracy,10,0.9962425781765404,0.006582102313703443,0.9915340258305108,1.00095113052257
8,UDPFlood,257053,hybrid,mcc,10,0.9868758156087344,0.022797920381627267,0.970567165821565,1.003184465395904
8,UDPFlood,257053,hybrid,roc_auc,10,1.0,0.0,1.0,1.0
8,UDPFlood,257053,hybrid,pr_auc_benign,10,1.0,0.0,1.0,1.0
8,UDPFlood,257053,hybrid,pr_auc_ddos,10,1.0,1.0467283057891834e-16,0.9999999999999999,1.0
8,UDPFlood,257053,mlp,accuracy,10,0.9918158295281583,0.011439293818749143,0.9836326516952864,0.9999990073610302
8,UDPFlood,257053,mlp,precision,10,0.9722943722943723,0.03856892091725973,0.9447038283596925,0.9998849162290522
8,UDPFlood,257053,mlp,recall,10,1.0,0.0,1.0,1.0
8,UDPFlood,257053,mlp,f1,10,0.9855981416957029,0.020140562061451477,0.9711904515345569,1.000005831856849
8,UDPFlood,257053,mlp,balanced_accuracy,10,0.9943719488059111,0.007850964049600544,0.9887557074543631,0.999988190157459
8,UDPFlood,257053,mlp,mcc,10,0.9804207841316626,0.027287315279343846,0.9609006147007028,0.9999409535626224
8,UDPFlood,257053,mlp,roc_auc,10,1.0,0.0,1.0,1.0
8,UDPFlood,257053,mlp,pr_auc_benign,10,1.0,0.0,1.0,1.0
8,UDPFlood,257053,mlp,pr_auc_ddos,10,1.0,0.0,1.0,1.0
8,UDPFlood,257053,rf,accuracy,10,0.9945380517503806,0.009562427028336025,0.9876975035376508,1.0013785999631104
8,UDPFlood,257053,rf,precision,10,0.9813852813852815,0.03220512849282807,0.958347120309695,1.0044234424608678
8,UDPFlood,257053,rf,recall,10,1.0,0.0,1.0,1.0
8,UDPFlood,257053,rf,f1,10,0.9903600464576077,0.016759921268680058,0.9783707210342365,1.0023493718809788
8,UDPFlood,257053,rf,balanced_accuracy,10,0.9962425781765404,0.006582102313703443,0.9915340258305108,1.00095113052257
8,UDPFlood,257053,rf,mcc,10,0.9868758156087344,0.022797920381627267,0.970567165821565,1.003184465395904
8,UDPFlood,257053,rf,roc_auc,10,0.996295025728988,0.007812445519196923,0.9907063388741728,1.0018837125838032
8,UDPFlood,257053,rf,pr_auc_benign,10,0.9989982220760201,0.002113286533139424,0.9974864679602067,1.0005099761918335
8,UDPFlood,257053,rf,pr_auc_ddos,10,0.9828203320802006,0.03643022275911987,0.9567597206427706,1.0088809435176307
8,UDPFlood,257053,xgboost,accuracy,10,1.0,0.0,1.0,1.0
8,UDPFlood,257053,xgboost,precision,10,1.0,0.0,1.0,1.0
8,UDPFlood,257053,xgboost,recall,10,1.0,0.0,1.0,1.0
8,UDPFlood,257053,xgboost,f1,10,1.0,0.0,1.0,1.0
8,UDPFlood,257053,xgboost,balanced_accuracy,10,1.0,0.0,1.0,1.0
8,UDPFlood,257053,xgboost,mcc,10,1.0,0.0,1.0,1.0
8,UDPFlood,257053,xgboost,roc_auc,10,1.0,3.700743415417188e-17,1.0,1.0
8,UDPFlood,257053,xgboost,pr_auc_benign,10,1.0,0.0,1.0,1.0
8,UDPFlood,257053,xgboost,pr_auc_ddos,10,1.0,7.401486830834377e-17,1.0,1.0
8,UDPFlood,282427,hybrid,accuracy,10,1.0,0.0,1.0,1.0
8,UDPFlood,282427,hybrid,precision,10,1.0,0.0,1.0,1.0
8,UDPFlood,282427,hybrid,recall,10,1.0,0.0,1.0,1.0
8,UDPFlood,282427,hybrid,f1,10,1.0,0.0,1.0,1.0
8,UDPFlood,282427,hybrid,balanced_accuracy,10,1.0,0.0,1.0,1.0
8,UDPFlood,282427,hybrid,mcc,10,1.0,0.0,1.0,1.0
8,UDPFlood,282427,hybrid,roc_auc,10,1.0,0.0,1.0,1.0
8,UDPFlood,282427,hybrid,pr_auc_benign,10,1.0,8.275113844157577e-17,0.9999999999999999,1.0
8,UDPFlood,282427,hybrid,pr_auc_ddos,10,1.0,8.275113844157577e-17,0.9999999999999999,1.0
8,UDPFlood,282427,mlp,accuracy,10,0.7189519460752338,0.006740573959863997,0.7141300299427199,0.7237738622077478
8,UDPFlood,282427,mlp,precision,0,not estimable,not estimable,not estimable,not estimable
8,UDPFlood,282427,mlp,recall,10,0.0,0.0,0.0,0.0
8,UDPFlood,282427,mlp,f1,10,0.0,0.0,0.0,0.0
8,UDPFlood,282427,mlp,balanced_accuracy,10,0.5,0.0,0.5,0.5
8,UDPFlood,282427,mlp,mcc,0,not estimable,not estimable,not estimable,not estimable
8,UDPFlood,282427,mlp,roc_auc,10,0.0,0.0,0.0,0.0
8,UDPFlood,282427,mlp,pr_auc_benign,10,0.7114234833271389,0.003998831638233827,0.7085628914988437,0.7142840751554341
8,UDPFlood,282427,mlp,pr_auc_ddos,10,0.28104805392476623,0.00674057395986401,0.27622613779225236,0.2858699700572801
8,UDPFlood,282427,rf,accuracy,10,0.9945380517503806,0.009562427028336025,0.9876975035376508,1.0013785999631104
8,UDPFlood,282427,rf,precision,10,0.9813852813852815,0.03220512849282807,0.958347120309695,1.0044234424608678
8,UDPFlood,282427,rf,recall,10,1.0,0.0,1.0,1.0
8,UDPFlood,282427,rf,f1,10,0.9903600464576077,0.016759921268680058,0.9783707210342365,1.0023493718809788
8,UDPFlood,282427,rf,balanced_accuracy,10,0.9962425781765404,0.006582102313703443,0.9915340258305108,1.00095113052257
8,UDPFlood,282427,rf,mcc,10,0.9868758156087344,0.022797920381627267,0.970567165821565,1.003184465395904
8,UDPFlood,282427,rf,roc_auc,10,0.996295025728988,0.007812445519196946,0.9907063388741728,1.0018837125838032
8,UDPFlood,282427,rf,pr_auc_benign,10,0.9989982220760198,0.0021132865331394426,0.9974864679602063,1.0005099761918332
8,UDPFlood,282427,rf,pr_auc_ddos,10,0.9800508658008658,0.04209938287536156,0.9499347815231286,1.0101669500786028
8,UDPFlood,282427,xgboost,accuracy,10,1.0,0.0,1.0,1.0
8,UDPFlood,282427,xgboost,precision,10,1.0,0.0,1.0,1.0
8,UDPFlood,282427,xgboost,recall,10,1.0,0.0,1.0,1.0
8,UDPFlood,282427,xgboost,f1,10,1.0,0.0,1.0,1.0
8,UDPFlood,282427,xgboost,balanced_accuracy,10,1.0,0.0,1.0,1.0
8,UDPFlood,282427,xgboost,mcc,10,1.0,0.0,1.0,1.0
8,UDPFlood,282427,xgboost,roc_auc,10,1.0,3.700743415417188e-17,1.0,1.0
8,UDPFlood,282427,xgboost,pr_auc_benign,10,1.0,0.0,1.0,1.0
8,UDPFlood,282427,xgboost,pr_auc_ddos,10,1.0,7.401486830834377e-17,1.0,1.0
8,UDPFlood,307759,hybrid,accuracy,10,1.0,0.0,1.0,1.0
8,UDPFlood,307759,hybrid,precision,10,1.0,0.0,1.0,1.0
8,UDPFlood,307759,hybrid,recall,10,1.0,0.0,1.0,1.0
8,UDPFlood,307759,hybrid,f1,10,1.0,0.0,1.0,1.0
8,UDPFlood,307759,hybrid,balanced_accuracy,10,1.0,0.0,1.0,1.0
8,UDPFlood,307759,hybrid,mcc,10,1.0,0.0,1.0,1.0
8,UDPFlood,307759,hybrid,roc_auc,10,1.0,0.0,1.0,1.0
8,UDPFlood,307759,hybrid,pr_auc_benign,10,1.0,3.700743415417188e-17,1.0,1.0
8,UDPFlood,307759,hybrid,pr_auc_ddos,10,1.0,0.0,1.0,1.0
8,UDPFlood,307759,mlp,accuracy,10,1.0,0.0,1.0,1.0
8,UDPFlood,307759,mlp,precision,10,1.0,0.0,1.0,1.0
8,UDPFlood,307759,mlp,recall,10,1.0,0.0,1.0,1.0
8,UDPFlood,307759,mlp,f1,10,1.0,0.0,1.0,1.0
8,UDPFlood,307759,mlp,balanced_accuracy,10,1.0,0.0,1.0,1.0
8,UDPFlood,307759,mlp,mcc,10,1.0,0.0,1.0,1.0
8,UDPFlood,307759,mlp,roc_auc,10,1.0,0.0,1.0,1.0
8,UDPFlood,307759,mlp,pr_auc_benign,10,1.0,0.0,1.0,1.0
8,UDPFlood,307759,mlp,pr_auc_ddos,10,1.0,0.0,1.0,1.0
8,UDPFlood,307759,rf,accuracy,10,0.9904824961948249,0.014261773120401994,0.9802802383015065,1.0006847540881434
8,UDPFlood,307759,rf,precision,10,0.9683418031244118,0.0468928191876021,0.9347967010772981,1.0018869051715256
8,UDPFlood,307759,rf,recall,10,1.0,0.0,1.0,1.0
8,UDPFlood,307759,rf,f1,10,0.9833833022715609,0.024863384951361516,0.9655971081403578,1.001169496402764
8,UDPFlood,307759,rf,balanced_accuracy,10,0.9934628578968201,0.009760289173369501,0.986480767632207,1.0004449481614333
8,UDPFlood,307759,rf,mcc,10,0.9774957731041265,0.03345308968628837,0.9535648743703928,1.0014266718378602
8,UDPFlood,307759,rf,roc_auc,10,0.996295025728988,0.0078124455191969115,0.9907063388741728,1.0018837125838032
8,UDPFlood,307759,rf,pr_auc_benign,10,0.9989982220760198,0.0021132865331394256,0.9974864679602065,1.0005099761918332
8,UDPFlood,307759,rf,pr_auc_ddos,10,0.9819285714285714,0.03811977549711721,0.9546593267719835,1.0091978160851593
8,UDPFlood,307759,xgboost,accuracy,10,1.0,0.0,1.0,1.0
8,UDPFlood,307759,xgboost,precision,10,1.0,0.0,1.0,1.0
8,UDPFlood,307759,xgboost,recall,10,1.0,0.0,1.0,1.0
8,UDPFlood,307759,xgboost,f1,10,1.0,0.0,1.0,1.0
8,UDPFlood,307759,xgboost,balanced_accuracy,10,1.0,0.0,1.0,1.0
8,UDPFlood,307759,xgboost,mcc,10,1.0,0.0,1.0,1.0
8,UDPFlood,307759,xgboost,roc_auc,10,1.0,5.233641528945917e-17,1.0,1.0
8,UDPFlood,307759,xgboost,pr_auc_benign,10,1.0,0.0,1.0,1.0
8,UDPFlood,307759,xgboost,pr_auc_ddos,10,1.0,0.0,1.0,1.0
8,UDPFlood,333019,hybrid,accuracy,10,0.997296803652968,0.005699488675912158,0.9932196350680519,1.001373972237884
8,UDPFlood,333019,hybrid,precision,10,0.9904761904761905,0.020077953397894494,0.9761132878548946,1.0048390930974864
8,UDPFlood,333019,hybrid,recall,10,1.0,0.0,1.0,1.0
8,UDPFlood,333019,hybrid,f1,10,0.9951219512195122,0.01028382978916547,0.9877653425598241,1.0024785598792003
8,UDPFlood,333019,hybrid,balanced_accuracy,10,0.998147512864494,0.00390622275959845,0.9953531694370864,1.0009418562919015
8,UDPFlood,333019,hybrid,mcc,10,0.9933637183349411,0.01399073690366256,0.9833553480710402,1.003372088598842
8,UDPFlood,333019,hybrid,roc_auc,10,1.0,0.0,1.0,1.0
8,UDPFlood,333019,hybrid,pr_auc_benign,10,1.0,0.0,1.0,1.0
8,UDPFlood,333019,hybrid,pr_auc_ddos,10,1.0,0.0,1.0,1.0
8,UDPFlood,333019,mlp,accuracy,10,0.7189519460752338,0.006740573959863997,0.7141300299427199,0.7237738622077478
8,UDPFlood,333019,mlp,precision,0,not estimable,not estimable,not estimable,not estimable
8,UDPFlood,333019,mlp,recall,10,0.0,0.0,0.0,0.0
8,UDPFlood,333019,mlp,f1,10,0.0,0.0,0.0,0.0
8,UDPFlood,333019,mlp,balanced_accuracy,10,0.5,0.0,0.5,0.5
8,UDPFlood,333019,mlp,mcc,0,not estimable,not estimable,not estimable,not estimable
8,UDPFlood,333019,mlp,roc_auc,10,0.0,0.0,0.0,0.0
8,UDPFlood,333019,mlp,pr_auc_benign,10,0.510871121458434,0.0070285743570409065,0.5058431822528723,0.5158990606639958
8,UDPFlood,333019,mlp,pr_auc_ddos,10,0.2719100577668246,0.009966949402942474,0.2647801316797933,0.27903998385385587
8,UDPFlood,333019,rf,accuracy,10,0.9959269406392695,0.009204404276318686,0.9893425064746962,1.0025113748038426
8,UDPFlood,333019,rf,precision,10,0.9861471861471862,0.030935474045279354,0.9640172811488725,1.0082770911455
8,UDPFlood,333019,rf,recall,10,1.0,0.0,1.0,1.0
8,UDPFlood,333019,rf,f1,10,0.9927990708478515,0.01613802923126664,0.9812546201882232,1.0043435215074799
8,UDPFlood,333019,rf,balanced_accuracy,10,0.997204116638079,0.0063287138097387055,0.9926768275082586,1.0017314057678992
8,UDPFlood,333019,rf,mcc,10,0.990228729048097,0.021911865151003025,0.9745539249892418,1.0059035331069524
8,UDPFlood,333019,rf,roc_auc,10,1.0,3.700743415417188e-17,1.0,1.0
8,UDPFlood,333019,rf,pr_auc_benign,10,1.0,3.700743415417188e-17,1.0,1.0
8,UDPFlood,333019,rf,pr_auc_ddos,10,1.0,5.233641528945917e-17,1.0,1.0
8,UDPFlood,333019,xgboost,accuracy,10,0.9905190258751903,0.016729915579441243,0.978551165228835,1.0024868865215455
8,UDPFlood,333019,xgboost,precision,10,0.9690476190476189,0.05270462766947298,0.9313449996667172,1.0067502384285205
8,UDPFlood,333019,xgboost,recall,10,1.0,0.0,1.0,1.0
8,UDPFlood,333019,xgboost,f1,10,0.9835920177383592,0.028590783254195673,0.9631394034898546,1.004044631986864
8,UDPFlood,333019,xgboost,balanced_accuracy,10,0.9934971632141443,0.01141809515908351,0.9853291499888619,1.0016651764394267
8,UDPFlood,333019,xgboost,mcc,10,0.9778640430723234,0.03813685002849751,0.9505825840317961,1.0051455021128508
8,UDPFlood,333019,xgboost,roc_auc,10,1.0,0.0,1.0,1.0
8,UDPFlood,333019,xgboost,pr_auc_benign,10,1.0,0.0,1.0,1.0
8,UDPFlood,333019,xgboost,pr_auc_ddos,10,1.0,0.0,1.0,1.0
