feature_set,run,scenario,training_seed,classifier,evaluated_flows,ground_truth_benign,ground_truth_ddos,predicted_benign,predicted_ddos,predicted_benign_proportion,predicted_ddos_proportion,accuracy,precision,recall,f1,balanced_accuracy,mcc,tn,fp,fn,tp,roc_auc,pr_auc_benign,pr_auc_ddos
4,seed104729,DNSAmplification,104729,hybrid,60,50,10,50,10,0.8333333333333334,0.16666666666666666,1.0,1.0,1.0,1.0,1.0,1.0,50,0,0,10,1.0,1.0,0.9999999999999999
4,seed104729,DNSAmplification,104729,mlp,60,50,10,50,10,0.8333333333333334,0.16666666666666666,1.0,1.0,1.0,1.0,1.0,1.0,50,0,0,10,0.9999999999999999,1.0,1.0
4,seed104729,DNSAmplification,104729,rf,60,50,10,50,10,0.8333333333333334,0.16666666666666666,1.0,1.0,1.0,1.0,1.0,1.0,50,0,0,10,1.0,1.0,0.9999999999999999
4,seed104729,DNSAmplification,104729,xgboost,60,50,10,50,10,0.8333333333333334,0.16666666666666666,1.0,1.0,1.0,1.0,1.0,1.0,50,0,0,10,1.0,1.0,1.0
4,seed104729,DNSAmplification,130363,hybrid,60,50,10,50,10,0.8333333333333334,0.16666666666666666,1.0,1.0,1.0,1.0,1.0,1.0,50,0,0,10,1.0,0.9999999999999999,1.0
4,seed104729,DNSAmplification,130363,mlp,60,50,10,50,10,0.8333333333333334,0.16666666666666666,1.0,1.0,1.0,1.0,1.0,1.0,50,0,0,10,0.9999999999999999,0.9999999999999999,1.0
4,seed104729,DNSAmplification,130363,rf,60,50,10,50,10,0.8333333333333334,0.16666666666666666,1.0,1.0,1.0,1.0,1.0,1.0,50,0,0,10,1.0,1.0,1.0
4,seed104729,DNSAmplification,130363,xgboost,60,50,10,50,10,0.8333333333333334,0.16666666666666666,1.0,1.0,1.0,1.0,1.0,1.0,50,0,0,10,1.0,1.0,1.0
4,seed104729,DNSAmplification,155921,hybrid,60,50,10,50,10,0.8333333333333334,0.16666666666666666,1.0,1.0,1.0,1.0,1.0,1.0,50,0,0,10,1.0,1.0,0.9999999999999999
4,seed104729,DNSAmplification,155921,mlp,60,50,10,60,0,1.0,0.0,0.8333333333333334,not estimable,0.0,0.0,0.5,not estimable,50,0,10,0,0.0,0.6883684447173292,0.16666666666666666
4,seed104729,DNSAmplification,155921,rf,60,50,10,50,10,0.8333333333333334,0.16666666666666666,1.0,1.0,1.0,1.0,1.0,1.0,50,0,0,10,1.0,1.0,0.9999999999999999
4,seed104729,DNSAmplification,155921,xgboost,60,50,10,50,10,0.8333333333333334,0.16666666666666666,1.0,1.0,1.0,1.0,1.0,1.0,50,0,0,10,1.0,1.0,1.0
4,seed104729,DNSAmplification,181081,hybrid,60,50,10,50,10,0.8333333333333334,0.16666666666666666,1.0,1.0,1.0,1.0,1.0,1.0,50,0,0,10,0.9999999999999999,1.0,0.9999999999999999
4,seed104729,DNSAmplification,181081,mlp,60,50,10,60,0,1.0,0.0,0.8333333333333334,not estimable,0.0,0.0,0.5,not estimable,50,0,10,0,0.0,0.6924710088198932,0.16666666666666666
4,seed104729,DNSAmplification,181081,rf,60,50,10,50,10,0.8333333333333334,0.16666666666666666,1.0,1.0,1.0,1.0,1.0,1.0,50,0,0,10,1.0,1.0,0.9999999999999999
4,seed104729,DNSAmplification,181081,xgboost,60,50,10,50,10,0.8333333333333334,0.16666666666666666,1.0,1.0,1.0,1.0,1.0,1.0,50,0,0,10,1.0,1.0,1.0
4,seed104729,DNSAmplification,206369,hybrid,60,50,10,50,10,0.8333333333333334,0.16666666666666666,1.0,1.0,1.0,1.0,1.0,1.0,50,0,0,10,1.0,1.0,1.0
4,seed104729,DNSAmplification,206369,mlp,60,50,10,50,10,0.8333333333333334,0.16666666666666666,1.0,1.0,1.0,1.0,1.0,1.0,50,0,0,10,0.9999999999999999,1.0,1.0
4,seed104729,DNSAmplification,206369,rf,60,50,10,50,10,0.8333333333333334,0.16666666666666666,1.0,1.0,1.0,1.0,1.0,1.0,50,0,0,10,1.0,1.0,0.9999999999999999
4,seed104729,DNSAmplification,206369,xgboost,60,50,10,50,10,0.8333333333333334,0.16666666666666666,1.0,1.0,1.0,1.0,1.0,1.0,50,0,0,10,1.0,1.0,1.0
4,seed104729,DNSAmplification,231701,hybrid,60,50,10,50,10,0.8333333333333334,0.16666666666666666,1.0,1.0,1.0,1.0,1.0,1.0,50,0,0,10,1.0,1.0,1.0
4,seed104729,DNSAmplification,231701,mlp,60,50,10,60,0,1.0,0.0,0.8333333333333334,not estimable,0.0,0.0,0.5,not estimable,50,0,10,0,0.0,0.6927008938773644,0.16666666666666666
4,seed104729,DNSAmplification,231701,rf,60,50,10,50,10,0.8333333333333334,0.16666666666666666,1.0,1.0,1.0,1.0,1.0,1.0,50,0,0,10,1.0,1.0,1.0
4,seed104729,DNSAmplification,231701,xgboost,60,50,10,50,10,0.8333333333333334,0.16666666666666666,1.0,1.0,1.0,1.0,1.0,1.0,50,0,0,10,1.0,1.0,1.0
4,seed104729,DNSAmplification,257053,hybrid,60,50,10,50,10,0.8333333333333334,0.16666666666666666,1.0,1.0,1.0,1.0,1.0,1.0,50,0,0,10,1.0,1.0,1.0
4,seed104729,DNSAmplification,257053,mlp,60,50,10,60,0,1.0,0.0,0.8333333333333334,not estimable,0.0,0.0,0.5,not estimable,50,0,10,0,0.0,0.6852273261479328,0.16666666666666666
4,seed104729,DNSAmplification,257053,rf,60,50,10,50,10,0.8333333333333334,0.16666666666666666,1.0,1.0,1.0,1.0,1.0,1.0,50,0,0,10,1.0,1.0,1.0
4,seed104729,DNSAmplification,257053,xgboost,60,50,10,50,10,0.8333333333333334,0.16666666666666666,1.0,1.0,1.0,1.0,1.0,1.0,50,0,0,10,1.0,1.0,1.0
4,seed104729,DNSAmplification,282427,hybrid,60,50,10,50,10,0.8333333333333334,0.16666666666666666,1.0,1.0,1.0,1.0,1.0,1.0,50,0,0,10,1.0,1.0,1.0
4,seed104729,DNSAmplification,282427,mlp,60,50,10,60,0,1.0,0.0,0.8333333333333334,not estimable,0.0,0.0,0.5,not estimable,50,0,10,0,0.0,0.6924710088198932,0.16666666666666666
4,seed104729,DNSAmplification,282427,rf,60,50,10,50,10,0.8333333333333334,0.16666666666666666,1.0,1.0,1.0,1.0,1.0,1.0,50,0,0,10,1.0,1.0,1.0
4,seed104729,DNSAmplification,282427,xgboost,60,50,10,50,10,0.8333333333333334,0.16666666666666666,1.0,1.0,1.0,1.0,1.0,1.0,50,0,0,10,1.0,1.0,1.0
4,seed104729,DNSAmplification,307759,hybrid,60,50,10,50,10,0.8333333333333334,0.16666666666666666,1.0,1.0,1.0,1.0,1.0,1.0,50,0,0,10,1.0,1.0,1.0
4,seed104729,DNSAmplification,307759,mlp,60,50,10,50,10,0.8333333333333334,0.16666666666666666,1.0,1.0,1.0,1.0,1.0,1.0,50,0,0,10,0.9999999999999999,0.9999999999999999,1.0
4,seed104729,DNSAmplification,307759,rf,60,50,10,50,10,0.8333333333333334,0.16666666666666666,1.0,1.0,1.0,1.0,1.0,1.0,50,0,0,10,1.0,1.0,0.9999999999999999
4,seed104729,DNSAmplification,307759,xgboost,60,50,10,50,10,0.8333333333333334,0.16666666666666666,1.0,1.0,1.0,1.0,1.0,1.0,50,0,0,10,1.0,1.0,1.0
4,seed104729,DNSAmplification,333019,hybrid,60,50,10,50,10,0.8333333333333334,0.16666666666666666,1.0,1.0,1.0,1.0,1.0,1.0,50,0,0,10,1.0,0.9999999999999999,0.9999999999999999
4,seed104729,DNSAmplification,333019,mlp,60,50,10,50,10,0.8333333333333334,0.16666666666666666,1.0,1.0,1.0,1.0,1.0,1.0,50,0,0,10,0.9999999999999999,0.9999999999999999,1.0
4,seed104729,DNSAmplification,333019,rf,60,50,10,50,10,0.8333333333333334,0.16666666666666666,1.0,1.0,1.0,1.0,1.0,1.0,50,0,0,10,1.0,1.0,1.0
4,seed104729,DNSAmplification,333019,xgboost,60,50,10,50,10,0.8333333333333334,0.16666666666666666,1.0,1.0,1.0,1.0,1.0,1.0,50,0,0,10,1.0,1.0,1.0
4,seed104729,Normal,104729,hybrid,50,50,0,50,0,1.0,0.0,1.0,not estimable,not estimable,not estimable,not estimable,not estimable,50,0,0,0,not estimable,not estimable,not estimable
4,seed104729,Normal,104729,mlp,50,50,0,50,0,1.0,0.0,1.0,not estimable,not estimable,not estimable,not estimable,not estimable,50,0,0,0,not estimable,not estimable,not estimable
4,seed104729,Normal,104729,rf,50,50,0,50,0,1.0,0.0,1.0,not estimable,not estimable,not estimable,not estimable,not estimable,50,0,0,0,not estimable,not estimable,not estimable
4,seed104729,Normal,104729,xgboost,50,50,0,50,0,1.0,0.0,1.0,not estimable,not estimable,not estimable,not estimable,not estimable,50,0,0,0,not estimable,not estimable,not estimable
4,seed104729,Normal,130363,hybrid,50,50,0,50,0,1.0,0.0,1.0,not estimable,not estimable,not estimable,not estimable,not estimable,50,0,0,0,not estimable,not estimable,not estimable
4,seed104729,Normal,130363,mlp,50,50,0,50,0,1.0,0.0,1.0,not estimable,not estimable,not estimable,not estimable,not estimable,50,0,0,0,not estimable,not estimable,not estimable
4,seed104729,Normal,130363,rf,50,50,0,50,0,1.0,0.0,1.0,not estimable,not estimable,not estimable,not estimable,not estimable,50,0,0,0,not estimable,not estimable,not estimable
4,seed104729,Normal,130363,xgboost,50,50,0,50,0,1.0,0.0,1.0,not estimable,not estimable,not estimable,not estimable,not estimable,50,0,0,0,not estimable,not estimable,not estimable
4,seed104729,Normal,155921,hybrid,50,50,0,50,0,1.0,0.0,1.0,not estimable,not estimable,not estimable,not estimable,not estimable,50,0,0,0,not estimable,not estimable,not estimable
4,seed104729,Normal,155921,mlp,50,50,0,50,0,1.0,0.0,1.0,not estimable,not estimable,not estimable,not estimable,not estimable,50,0,0,0,not estimable,not estimable,not estimable
4,seed104729,Normal,155921,rf,50,50,0,50,0,1.0,0.0,1.0,not estimable,not estimable,not estimable,not estimable,not estimable,50,0,0,0,not estimable,not estimable,not estimable
4,seed104729,Normal,155921,xgboost,50,50,0,50,0,1.0,0.0,1.0,not estimable,not estimable,not estimable,not estimable,not estimable,50,0,0,0,not estimable,not estimable,not estimable
4,seed104729,Normal,181081,hybrid,50,50,0,50,0,1.0,0.0,1.0,not estimable,not estimable,not estimable,not estimable,not estimable,50,0,0,0,not estimable,not estimable,not estimable
4,seed104729,Normal,181081,mlp,50,50,0,50,0,1.0,0.0,1.0,not estimable,not estimable,not estimable,not estimable,not estimable,50,0,0,0,not estimable,not estimable,not estimable
4,seed104729,Normal,181081,rf,50,50,0,50,0,1.0,0.0,1.0,not estimable,not estimable,not estimable,not estimable,not estimable,50,0,0,0,not estimable,not estimable,not estimable
4,seed104729,Normal,181081,xgboost,50,50,0,50,0,1.0,0.0,1.0,not estimable,not estimable,not estimable,not estimable,not estimable,50,0,0,0,not estimable,not estimable,not estimable
4,seed104729,Normal,206369,hybrid,50,50,0,50,0,1.0,0.0,1.0,not estimable,not estimable,not estimable,not estimable,not estimable,50,0,0,0,not estimable,not estimable,not estimable
4,seed104729,Normal,206369,mlp,50,50,0,50,0,1.0,0.0,1.0,not estimable,not estimable,not estimable,not estimable,not estimable,50,0,0,0,not estimable,not estimable,not estimable
4,seed104729,Normal,206369,rf,50,50,0,50,0,1.0,0.0,1.0,not estimable,not estimable,not estimable,not estimable,not estimable,50,0,0,0,not estimable,not estimable,not estimable
4,seed104729,Normal,206369,xgboost,50,50,0,50,0,1.0,0.0,1.0,not estimable,not estimable,not estimable,not estimable,not estimable,50,0,0,0,not estimable,not estimable,not estimable
4,seed104729,Normal,231701,hybrid,50,50,0,50,0,1.0,0.0,1.0,not estimable,not estimable,not estimable,not estimable,not estimable,50,0,0,0,not estimable,not estimable,not estimable
4,seed104729,Normal,231701,mlp,50,50,0,50,0,1.0,0.0,1.0,not estimable,not estimable,not estimable,not estimable,not estimable,50,0,0,0,not estimable,not estimable,not estimable
4,seed104729,Normal,231701,rf,50,50,0,50,0,1.0,0.0,1.0,not estimable,not estimable,not estimable,not estimable,not estimable,50,0,0,0,not estimable,not estimable,not estimable
4,seed104729,Normal,231701,xgboost,50,50,0,50,0,1.0,0.0,1.0,not estimable,not estimable,not estimable,not estimable,not estimable,50,0,0,0,not estimable,not estimable,not estimable
4,seed104729,Normal,257053,hybrid,50,50,0,50,0,1.0,0.0,1.0,not estimable,not estimable,not estimable,not estimable,not estimable,50,0,0,0,not estimable,not estimable,not estimable
4,seed104729,Normal,257053,mlp,50,50,0,50,0,1.0,0.0,1.0,not estimable,not estimable,not estimable,not estimable,not estimable,50,0,0,0,not estimable,not estimable,not estimable
4,seed104729,Normal,257053,rf,50,50,0,50,0,1.0,0.0,1.0,not estimable,not estimable,not estimable,not estimable,not estimable,50,0,0,0,not estimable,not estimable,not estimable
4,seed104729,Normal,257053,xgboost,50,50,0,50,0,1.0,0.0,1.0,not estimable,not estimable,not estimable,not estimable,not estimable,50,0,0,0,not estimable,not estimable,not estimable
4,seed104729,Normal,282427,hybrid,50,50,0,50,0,1.0,0.0,1.0,not estimable,not estimable,not estimable,not estimable,not estimable,50,0,0,0,not estimable,not estimable,not estimable
4,seed104729,Normal,282427,mlp,50,50,0,50,0,1.0,0.0,1.0,not estimable,not estimable,not estimable,not estimable,not estimable,50,0,0,0,not estimable,not estimable,not estimable
4,seed104729,Normal,282427,rf,50,50,0,50,0,1.0,0.0,1.0,not estimable,not estimable,not estimable,not estimable,not estimable,50,0,0,0,not estimable,not estimable,not estimable
4,seed104729,Normal,282427,xgboost,50,50,0,50,0,1.0,0.0,1.0,not estimable,not estimable,not estimable,not estimable,not estimable,50,0,0,0,not estimable,not estimable,not estimable
4,seed104729,Normal,307759,hybrid,50,50,0,50,0,1.0,0.0,1.0,not estimable,not estimable,not estimable,not estimable,not estimable,50,0,0,0,not estimable,not estimable,not estimable
4,seed104729,Normal,307759,mlp,50,50,0,50,0,1.0,0.0,1.0,not estimable,not estimable,not estimable,not estimable,not estimable,50,0,0,0,not estimable,not estimable,not estimable
4,seed104729,Normal,307759,rf,50,50,0,50,0,1.0,0.0,1.0,not estimable,not estimable,not estimable,not estimable,not estimable,50,0,0,0,not estimable,not estimable,not estimable
4,seed104729,Normal,307759,xgboost,50,50,0,50,0,1.0,0.0,1.0,not estimable,not estimable,not estimable,not estimable,not estimable,50,0,0,0,not estimable,not estimable,not estimable
4,seed104729,Normal,333019,hybrid,50,50,0,50,0,1.0,0.0,1.0,not estimable,not estimable,not estimable,not estimable,not estimable,50,0,0,0,not estimable,not estimable,not estimable
4,seed104729,Normal,333019,mlp,50,50,0,50,0,1.0,0.0,1.0,not estimable,not estimable,not estimable,not estimable,not estimable,50,0,0,0,not estimable,not estimable,not estimable
4,seed104729,Normal,333019,rf,50,50,0,50,0,1.0,0.0,1.0,not estimable,not estimable,not estimable,not estimable,not estimable,50,0,0,0,not estimable,not estimable,not estimable
4,seed104729,Normal,333019,xgboost,50,50,0,50,0,1.0,0.0,1.0,not estimable,not estimable,not estimable,not estimable,not estimable,50,0,0,0,not estimable,not estimable,not estimable
4,seed104729,SYNFlood,104729,hybrid,850,50,800,850,0,1.0,0.0,0.058823529411764705,not estimable,0.0,0.0,0.5,not estimable,50,0,800,0,0.5,0.06702360908518994,0.9703809800427242
4,seed104729,SYNFlood,104729,mlp,850,50,800,850,0,1.0,0.0,0.058823529411764705,not estimable,0.0,0.0,0.5,not estimable,50,0,800,0,1.0,1.0,0.9999999999999999
4,seed104729,SYNFlood,104729,rf,850,50,800,850,0,1.0,0.0,0.058823529411764705,not estimable,0.0,0.0,0.5,not estimable,50,0,800,0,0.0,0.054515657009072294,0.8957205827927275
4,seed104729,SYNFlood,104729,xgboost,850,50,800,850,0,1.0,0.0,0.058823529411764705,not estimable,0.0,0.0,0.5,not estimable,50,0,800,0,0.0,0.05472952301487971,0.9119116105561722
4,seed104729,SYNFlood,130363,hybrid,850,50,800,850,0,1.0,0.0,0.058823529411764705,not estimable,0.0,0.0,0.5,not estimable,50,0,800,0,0.0,0.034557811352586745,0.8822701516911087
4,seed104729,SYNFlood,130363,mlp,850,50,800,850,0,1.0,0.0,0.058823529411764705,not estimable,0.0,0.0,0.5,not estimable,50,0,800,0,0.0,0.034557811352586745,0.8822701516911087
4,seed104729,SYNFlood,130363,rf,850,50,800,850,0,1.0,0.0,0.058823529411764705,not estimable,0.0,0.0,0.5,not estimable,50,0,800,0,0.0,0.04669794298087333,0.8832795798453372
4,seed104729,SYNFlood,130363,xgboost,850,50,800,850,0,1.0,0.0,0.058823529411764705,not estimable,0.0,0.0,0.5,not estimable,50,0,800,0,0.0,0.04669794298087333,0.9146626200815897
4,seed104729,SYNFlood,155921,hybrid,850,50,800,850,0,1.0,0.0,0.058823529411764705,not estimable,0.0,0.0,0.5,not estimable,50,0,800,0,0.5,0.06678797761507714,0.9703809800427242
4,seed104729,SYNFlood,155921,mlp,850,50,800,850,0,1.0,0.0,0.058823529411764705,not estimable,0.0,0.0,0.5,not estimable,50,0,800,0,1.0,1.0,0.9999999999999999
4,seed104729,SYNFlood,155921,rf,850,50,800,850,0,1.0,0.0,0.058823529411764705,not estimable,0.0,0.0,0.5,not estimable,50,0,800,0,0.0,0.05346303966953985,0.8965803190470203
4,seed104729,SYNFlood,155921,xgboost,850,50,800,850,0,1.0,0.0,0.058823529411764705,not estimable,0.0,0.0,0.5,not estimable,50,0,800,0,0.0,0.05472952301487971,0.9119116105561722
4,seed104729,SYNFlood,181081,hybrid,850,50,800,850,0,1.0,0.0,0.058823529411764705,not estimable,0.0,0.0,0.5,not estimable,50,0,800,0,0.5,0.06682489778756434,0.9703809800427242
4,seed104729,SYNFlood,181081,mlp,850,50,800,850,0,1.0,0.0,0.058823529411764705,not estimable,0.0,0.0,0.5,not estimable,50,0,800,0,1.0,1.0,0.9999999999999999
4,seed104729,SYNFlood,181081,rf,850,50,800,850,0,1.0,0.0,0.058823529411764705,not estimable,0.0,0.0,0.5,not estimable,50,0,800,0,0.0,0.05472952301487971,0.9089338180240649
4,seed104729,SYNFlood,181081,xgboost,850,50,800,850,0,1.0,0.0,0.058823529411764705,not estimable,0.0,0.0,0.5,not estimable,50,0,800,0,0.0,0.05472952301487971,0.9119116105561722
4,seed104729,SYNFlood,206369,hybrid,850,50,800,850,0,1.0,0.0,0.058823529411764705,not estimable,0.0,0.0,0.5,not estimable,50,0,800,0,0.5,0.06702360908518994,0.9703809800427242
4,seed104729,SYNFlood,206369,mlp,850,50,800,850,0,1.0,0.0,0.058823529411764705,not estimable,0.0,0.0,0.5,not estimable,50,0,800,0,0.5,0.06702360908518994,0.9703809800427242
4,seed104729,SYNFlood,206369,rf,850,50,800,850,0,1.0,0.0,0.058823529411764705,not estimable,0.0,0.0,0.5,not estimable,50,0,800,0,0.0,0.05472952301487971,0.8879923175531723
4,seed104729,SYNFlood,206369,xgboost,850,50,800,850,0,1.0,0.0,0.058823529411764705,not estimable,0.0,0.0,0.5,not estimable,50,0,800,0,0.0,0.05472952301487971,0.9119116105561722
4,seed104729,SYNFlood,231701,hybrid,850,50,800,850,0,1.0,0.0,0.058823529411764705,not estimable,0.0,0.0,0.5,not estimable,50,0,800,0,0.5,0.06678797761507714,0.9703809800427242
4,seed104729,SYNFlood,231701,mlp,850,50,800,848,2,0.9976470588235294,0.002352941176470588,0.0611764705882353,1.0,0.0025,0.004987531172069825,0.50125,0.012141073279465802,50,0,798,2,0.8694,0.7567064418973812,0.9919098888383137
4,seed104729,SYNFlood,231701,rf,850,50,800,850,0,1.0,0.0,0.058823529411764705,not estimable,0.0,0.0,0.5,not estimable,50,0,800,0,0.0,0.05366702135472086,0.8865756040243812
4,seed104729,SYNFlood,231701,xgboost,850,50,800,850,0,1.0,0.0,0.058823529411764705,not estimable,0.0,0.0,0.5,not estimable,50,0,800,0,0.0,0.05472952301487971,0.9119116105561722
4,seed104729,SYNFlood,257053,hybrid,850,50,800,850,0,1.0,0.0,0.058823529411764705,not estimable,0.0,0.0,0.5,not estimable,50,0,800,0,0.0,0.03490162429542498,0.8822701516911087
4,seed104729,SYNFlood,257053,mlp,850,50,800,850,0,1.0,0.0,0.058823529411764705,not estimable,0.0,0.0,0.5,not estimable,50,0,800,0,0.5,0.06702360908518994,0.9703809800427242
4,seed104729,SYNFlood,257053,rf,850,50,800,850,0,1.0,0.0,0.058823529411764705,not estimable,0.0,0.0,0.5,not estimable,50,0,800,0,0.0,0.054515657009072294,0.8993663646893356
4,seed104729,SYNFlood,257053,xgboost,850,50,800,850,0,1.0,0.0,0.058823529411764705,not estimable,0.0,0.0,0.5,not estimable,50,0,800,0,0.0,0.05472952301487971,0.9119116105561722
4,seed104729,SYNFlood,282427,hybrid,850,50,800,850,0,1.0,0.0,0.058823529411764705,not estimable,0.0,0.0,0.5,not estimable,50,0,800,0,0.5,0.06682489778756434,0.9703809800427242
4,seed104729,SYNFlood,282427,mlp,850,50,800,850,0,1.0,0.0,0.058823529411764705,not estimable,0.0,0.0,0.5,not estimable,50,0,800,0,1.0,1.0,0.9999999999999999
4,seed104729,SYNFlood,282427,rf,850,50,800,850,0,1.0,0.0,0.058823529411764705,not estimable,0.0,0.0,0.5,not estimable,50,0,800,0,0.0,0.05372234688495399,0.914290393828491
4,seed104729,SYNFlood,282427,xgboost,850,50,800,850,0,1.0,0.0,0.058823529411764705,not estimable,0.0,0.0,0.5,not estimable,50,0,800,0,0.0,0.05472952301487971,0.9119116105561722
4,seed104729,SYNFlood,307759,hybrid,850,50,800,850,0,1.0,0.0,0.058823529411764705,not estimable,0.0,0.0,0.5,not estimable,50,0,800,0,0.0,0.03447599814510082,0.894002176929271
4,seed104729,SYNFlood,307759,mlp,850,50,800,850,0,1.0,0.0,0.058823529411764705,not estimable,0.0,0.0,0.5,not estimable,50,0,800,0,0.5,0.06639087790103353,0.9703809800427242
4,seed104729,SYNFlood,307759,rf,850,50,800,850,0,1.0,0.0,0.058823529411764705,not estimable,0.0,0.0,0.5,not estimable,50,0,800,0,0.0,0.04669794298087333,0.8942094321806643
4,seed104729,SYNFlood,307759,xgboost,850,50,800,850,0,1.0,0.0,0.058823529411764705,not estimable,0.0,0.0,0.5,not estimable,50,0,800,0,0.0,0.04669794298087333,0.9146626200815897
4,seed104729,SYNFlood,333019,hybrid,850,50,800,850,0,1.0,0.0,0.058823529411764705,not estimable,0.0,0.0,0.5,not estimable,50,0,800,0,0.0,0.0340491405230625,0.8827903496975152
4,seed104729,SYNFlood,333019,mlp,850,50,800,850,0,1.0,0.0,0.058823529411764705,not estimable,0.0,0.0,0.5,not estimable,50,0,800,0,0.0,0.0340491405230625,0.8988750977662138
4,seed104729,SYNFlood,333019,rf,850,50,800,850,0,1.0,0.0,0.058823529411764705,not estimable,0.0,0.0,0.5,not estimable,50,0,800,0,0.0,0.058823529411764705,0.8832795798453372
4,seed104729,SYNFlood,333019,xgboost,850,50,800,850,0,1.0,0.0,0.058823529411764705,not estimable,0.0,0.0,0.5,not estimable,50,0,800,0,0.07940000000000003,0.052526119937025904,0.9226943476707312
4,seed104729,UDPFlood,104729,hybrid,70,50,20,50,20,0.7142857142857143,0.2857142857142857,1.0,1.0,1.0,1.0,1.0,1.0,50,0,0,20,1.0,1.0,1.0000000000000002
4,seed104729,UDPFlood,104729,mlp,70,50,20,50,20,0.7142857142857143,0.2857142857142857,1.0,1.0,1.0,1.0,1.0,1.0,50,0,0,20,1.0,0.9999999999999999,1.0
4,seed104729,UDPFlood,104729,rf,70,50,20,50,20,0.7142857142857143,0.2857142857142857,1.0,1.0,1.0,1.0,1.0,1.0,50,0,0,20,1.0,1.0,1.0
4,seed104729,UDPFlood,104729,xgboost,70,50,20,50,20,0.7142857142857143,0.2857142857142857,1.0,1.0,1.0,1.0,1.0,1.0,50,0,0,20,1.0,1.0,1.0
4,seed104729,UDPFlood,130363,hybrid,70,50,20,50,20,0.7142857142857143,0.2857142857142857,1.0,1.0,1.0,1.0,1.0,1.0,50,0,0,20,1.0,1.0,1.0
4,seed104729,UDPFlood,130363,mlp,70,50,20,50,20,0.7142857142857143,0.2857142857142857,1.0,1.0,1.0,1.0,1.0,1.0,50,0,0,20,1.0,1.0,1.0
4,seed104729,UDPFlood,130363,rf,70,50,20,50,20,0.7142857142857143,0.2857142857142857,1.0,1.0,1.0,1.0,1.0,1.0,50,0,0,20,1.0,1.0,1.0
4,seed104729,UDPFlood,130363,xgboost,70,50,20,50,20,0.7142857142857143,0.2857142857142857,1.0,1.0,1.0,1.0,1.0,1.0,50,0,0,20,1.0,1.0,1.0
4,seed104729,UDPFlood,155921,hybrid,70,50,20,50,20,0.7142857142857143,0.2857142857142857,1.0,1.0,1.0,1.0,1.0,1.0,50,0,0,20,1.0,1.0,1.0
4,seed104729,UDPFlood,155921,mlp,70,50,20,70,0,1.0,0.0,0.7142857142857143,not estimable,0.0,0.0,0.5,not estimable,50,0,20,0,0.0,0.5253945074571427,0.2857142857142857
4,seed104729,UDPFlood,155921,rf,70,50,20,50,20,0.7142857142857143,0.2857142857142857,1.0,1.0,1.0,1.0,1.0,1.0,50,0,0,20,1.0,1.0,1.0
4,seed104729,UDPFlood,155921,xgboost,70,50,20,50,20,0.7142857142857143,0.2857142857142857,1.0,1.0,1.0,1.0,1.0,1.0,50,0,0,20,1.0,1.0,1.0
4,seed104729,UDPFlood,181081,hybrid,70,50,20,50,20,0.7142857142857143,0.2857142857142857,1.0,1.0,1.0,1.0,1.0,1.0,50,0,0,20,1.0,1.0,1.0
4,seed104729,UDPFlood,181081,mlp,70,50,20,70,0,1.0,0.0,0.7142857142857143,not estimable,0.0,0.0,0.5,not estimable,50,0,20,0,0.0,0.5248450569076921,0.2857142857142857
4,seed104729,UDPFlood,181081,rf,70,50,20,50,20,0.7142857142857143,0.2857142857142857,1.0,1.0,1.0,1.0,1.0,1.0,50,0,0,20,1.0,1.0,1.0
4,seed104729,UDPFlood,181081,xgboost,70,50,20,50,20,0.7142857142857143,0.2857142857142857,1.0,1.0,1.0,1.0,1.0,1.0,50,0,0,20,1.0,1.0,1.0
4,seed104729,UDPFlood,206369,hybrid,70,50,20,50,20,0.7142857142857143,0.2857142857142857,1.0,1.0,1.0,1.0,1.0,1.0,50,0,0,20,1.0,1.0,1.0
4,seed104729,UDPFlood,206369,mlp,70,50,20,50,20,0.7142857142857143,0.2857142857142857,1.0,1.0,1.0,1.0,1.0,1.0,50,0,0,20,1.0,1.0000000000000002,1.0
4,seed104729,UDPFlood,206369,rf,70,50,20,50,20,0.7142857142857143,0.2857142857142857,1.0,1.0,1.0,1.0,1.0,1.0,50,0,0,20,1.0,1.0,1.0
4,seed104729,UDPFlood,206369,xgboost,70,50,20,50,20,0.7142857142857143,0.2857142857142857,1.0,1.0,1.0,1.0,1.0,1.0,50,0,0,20,1.0,1.0,1.0
4,seed104729,UDPFlood,231701,hybrid,70,50,20,50,20,0.7142857142857143,0.2857142857142857,1.0,1.0,1.0,1.0,1.0,1.0,50,0,0,20,1.0,1.0,1.0000000000000002
4,seed104729,UDPFlood,231701,mlp,70,50,20,70,0,1.0,0.0,0.7142857142857143,not estimable,0.0,0.0,0.5,not estimable,50,0,20,0,0.0,0.524961947614881,0.2857142857142857
4,seed104729,UDPFlood,231701,rf,70,50,20,50,20,0.7142857142857143,0.2857142857142857,1.0,1.0,1.0,1.0,1.0,1.0,50,0,0,20,1.0,1.0,1.0000000000000002
4,seed104729,UDPFlood,231701,xgboost,70,50,20,50,20,0.7142857142857143,0.2857142857142857,1.0,1.0,1.0,1.0,1.0,1.0,50,0,0,20,1.0,1.0,1.0
4,seed104729,UDPFlood,257053,hybrid,70,50,20,50,20,0.7142857142857143,0.2857142857142857,1.0,1.0,1.0,1.0,1.0,1.0,50,0,0,20,1.0,1.0,1.0
4,seed104729,UDPFlood,257053,mlp,70,50,20,70,0,1.0,0.0,0.7142857142857143,not estimable,0.0,0.0,0.5,not estimable,50,0,20,0,0.0,0.5204112429888769,0.2857142857142857
4,seed104729,UDPFlood,257053,rf,70,50,20,50,20,0.7142857142857143,0.2857142857142857,1.0,1.0,1.0,1.0,1.0,1.0,50,0,0,20,1.0,1.0,1.0
4,seed104729,UDPFlood,257053,xgboost,70,50,20,50,20,0.7142857142857143,0.2857142857142857,1.0,1.0,1.0,1.0,1.0,1.0,50,0,0,20,1.0,1.0,1.0
4,seed104729,UDPFlood,282427,hybrid,70,50,20,50,20,0.7142857142857143,0.2857142857142857,1.0,1.0,1.0,1.0,1.0,1.0,50,0,0,20,1.0,1.0,1.0
4,seed104729,UDPFlood,282427,mlp,70,50,20,70,0,1.0,0.0,0.7142857142857143,not estimable,0.0,0.0,0.5,not estimable,50,0,20,0,0.0,0.5248450569076921,0.2857142857142857
4,seed104729,UDPFlood,282427,rf,70,50,20,50,20,0.7142857142857143,0.2857142857142857,1.0,1.0,1.0,1.0,1.0,1.0,50,0,0,20,1.0,1.0,0.9999999999999999
4,seed104729,UDPFlood,282427,xgboost,70,50,20,50,20,0.7142857142857143,0.2857142857142857,1.0,1.0,1.0,1.0,1.0,1.0,50,0,0,20,1.0,1.0,1.0
4,seed104729,UDPFlood,307759,hybrid,70,50,20,50,20,0.7142857142857143,0.2857142857142857,1.0,1.0,1.0,1.0,1.0,1.0,50,0,0,20,1.0,1.0,1.0
4,seed104729,UDPFlood,307759,mlp,70,50,20,50,20,0.7142857142857143,0.2857142857142857,1.0,1.0,1.0,1.0,1.0,1.0,50,0,0,20,1.0,1.0,1.0
4,seed104729,UDPFlood,307759,rf,70,50,20,50,20,0.7142857142857143,0.2857142857142857,1.0,1.0,1.0,1.0,1.0,1.0,50,0,0,20,1.0,1.0,1.0
4,seed104729,UDPFlood,307759,xgboost,70,50,20,50,20,0.7142857142857143,0.2857142857142857,1.0,1.0,1.0,1.0,1.0,1.0,50,0,0,20,1.0,1.0,1.0
4,seed104729,UDPFlood,333019,hybrid,70,50,20,50,20,0.7142857142857143,0.2857142857142857,1.0,1.0,1.0,1.0,1.0,1.0,50,0,0,20,1.0,1.0,1.0000000000000002
4,seed104729,UDPFlood,333019,mlp,70,50,20,50,20,0.7142857142857143,0.2857142857142857,1.0,1.0,1.0,1.0,1.0,1.0,50,0,0,20,1.0,1.0,1.0
4,seed104729,UDPFlood,333019,rf,70,50,20,50,20,0.7142857142857143,0.2857142857142857,1.0,1.0,1.0,1.0,1.0,1.0,50,0,0,20,1.0,1.0,1.0
4,seed104729,UDPFlood,333019,xgboost,70,50,20,50,20,0.7142857142857143,0.2857142857142857,1.0,1.0,1.0,1.0,1.0,1.0,50,0,0,20,1.0,0.9999999999999999,1.0
4,seed130363,DNSAmplification,104729,hybrid,60,50,10,50,10,0.8333333333333334,0.16666666666666666,1.0,1.0,1.0,1.0,1.0,1.0,50,0,0,10,1.0,1.0,1.0
4,seed130363,DNSAmplification,104729,mlp,60,50,10,50,10,0.8333333333333334,0.16666666666666666,1.0,1.0,1.0,1.0,1.0,1.0,50,0,0,10,0.9999999999999999,1.0,1.0
4,seed130363,DNSAmplification,104729,rf,60,50,10,50,10,0.8333333333333334,0.16666666666666666,1.0,1.0,1.0,1.0,1.0,1.0,50,0,0,10,1.0,1.0,1.0
4,seed130363,DNSAmplification,104729,xgboost,60,50,10,50,10,0.8333333333333334,0.16666666666666666,1.0,1.0,1.0,1.0,1.0,1.0,50,0,0,10,1.0,1.0,1.0
4,seed130363,DNSAmplification,130363,hybrid,60,50,10,50,10,0.8333333333333334,0.16666666666666666,1.0,1.0,1.0,1.0,1.0,1.0,50,0,0,10,1.0,1.0,1.0
4,seed130363,DNSAmplification,130363,mlp,60,50,10,50,10,0.8333333333333334,0.16666666666666666,1.0,1.0,1.0,1.0,1.0,1.0,50,0,0,10,1.0,1.0,1.0
4,seed130363,DNSAmplification,130363,rf,60,50,10,50,10,0.8333333333333334,0.16666666666666666,1.0,1.0,1.0,1.0,1.0,1.0,50,0,0,10,1.0,1.0,1.0
4,seed130363,DNSAmplification,130363,xgboost,60,50,10,50,10,0.8333333333333334,0.16666666666666666,1.0,1.0,1.0,1.0,1.0,1.0,50,0,0,10,1.0,1.0,1.0
4,seed130363,DNSAmplification,155921,hybrid,60,50,10,50,10,0.8333333333333334,0.16666666666666666,1.0,1.0,1.0,1.0,1.0,1.0,50,0,0,10,1.0,1.0,1.0
4,seed130363,DNSAmplification,155921,mlp,60,50,10,60,0,1.0,0.0,0.8333333333333334,not estimable,0.0,0.0,0.5,not estimable,50,0,10,0,0.0,0.6845665514159163,0.16666666666666666
4,seed130363,DNSAmplification,155921,rf,60,50,10,50,10,0.8333333333333334,0.16666666666666666,1.0,1.0,1.0,1.0,1.0,1.0,50,0,0,10,1.0,1.0,1.0
4,seed130363,DNSAmplification,155921,xgboost,60,50,10,50,10,0.8333333333333334,0.16666666666666666,1.0,1.0,1.0,1.0,1.0,1.0,50,0,0,10,1.0,1.0,1.0
4,seed130363,DNSAmplification,181081,hybrid,60,50,10,50,10,0.8333333333333334,0.16666666666666666,1.0,1.0,1.0,1.0,1.0,1.0,50,0,0,10,1.0,1.0,1.0
4,seed130363,DNSAmplification,181081,mlp,60,50,10,60,0,1.0,0.0,0.8333333333333334,not estimable,0.0,0.0,0.5,not estimable,50,0,10,0,0.0,0.6845665514159163,0.16666666666666666
4,seed130363,DNSAmplification,181081,rf,60,50,10,50,10,0.8333333333333334,0.16666666666666666,1.0,1.0,1.0,1.0,1.0,1.0,50,0,0,10,1.0,1.0,1.0
4,seed130363,DNSAmplification,181081,xgboost,60,50,10,50,10,0.8333333333333334,0.16666666666666666,1.0,1.0,1.0,1.0,1.0,1.0,50,0,0,10,1.0,1.0,1.0
4,seed130363,DNSAmplification,206369,hybrid,60,50,10,50,10,0.8333333333333334,0.16666666666666666,1.0,1.0,1.0,1.0,1.0,1.0,50,0,0,10,1.0,1.0,1.0
4,seed130363,DNSAmplification,206369,mlp,60,50,10,50,10,0.8333333333333334,0.16666666666666666,1.0,1.0,1.0,1.0,1.0,1.0,50,0,0,10,0.9999999999999999,1.0,1.0
4,seed130363,DNSAmplification,206369,rf,60,50,10,50,10,0.8333333333333334,0.16666666666666666,1.0,1.0,1.0,1.0,1.0,1.0,50,0,0,10,1.0,1.0,1.0
4,seed130363,DNSAmplification,206369,xgboost,60,50,10,50,10,0.8333333333333334,0.16666666666666666,1.0,1.0,1.0,1.0,1.0,1.0,50,0,0,10,1.0,1.0,1.0
4,seed130363,DNSAmplification,231701,hybrid,60,50,10,50,10,0.8333333333333334,0.16666666666666666,1.0,1.0,1.0,1.0,1.0,1.0,50,0,0,10,1.0,1.0,0.9999999999999999
4,seed130363,DNSAmplification,231701,mlp,60,50,10,60,0,1.0,0.0,0.8333333333333334,not estimable,0.0,0.0,0.5,not estimable,50,0,10,0,0.0,0.6846270474836719,0.16666666666666666
4,seed130363,DNSAmplification,231701,rf,60,50,10,50,10,0.8333333333333334,0.16666666666666666,1.0,1.0,1.0,1.0,1.0,1.0,50,0,0,10,1.0,1.0,0.9999999999999999
4,seed130363,DNSAmplification,231701,xgboost,60,50,10,50,10,0.8333333333333334,0.16666666666666666,1.0,1.0,1.0,1.0,1.0,1.0,50,0,0,10,1.0,1.0,1.0
4,seed130363,DNSAmplification,257053,hybrid,60,50,10,50,10,0.8333333333333334,0.16666666666666666,1.0,1.0,1.0,1.0,1.0,1.0,50,0,0,10,1.0,1.0,0.9999999999999999
4,seed130363,DNSAmplification,257053,mlp,60,50,10,60,0,1.0,0.0,0.8333333333333334,not estimable,0.0,0.0,0.5,not estimable,50,0,10,0,0.0,0.6880077964405372,0.16666666666666666
4,seed130363,DNSAmplification,257053,rf,60,50,10,50,10,0.8333333333333334,0.16666666666666666,1.0,1.0,1.0,1.0,1.0,1.0,50,0,0,10,1.0,1.0,0.9999999999999999
4,seed130363,DNSAmplification,257053,xgboost,60,50,10,50,10,0.8333333333333334,0.16666666666666666,1.0,1.0,1.0,1.0,1.0,1.0,50,0,0,10,1.0,1.0,1.0
4,seed130363,DNSAmplification,282427,hybrid,60,50,10,50,10,0.8333333333333334,0.16666666666666666,1.0,1.0,1.0,1.0,1.0,1.0,50,0,0,10,1.0,1.0,1.0
4,seed130363,DNSAmplification,282427,mlp,60,50,10,60,0,1.0,0.0,0.8333333333333334,not estimable,0.0,0.0,0.5,not estimable,50,0,10,0,0.0,0.6845665514159163,0.16666666666666666
4,seed130363,DNSAmplification,282427,rf,60,50,10,50,10,0.8333333333333334,0.16666666666666666,1.0,1.0,1.0,1.0,1.0,1.0,50,0,0,10,1.0,1.0,1.0
4,seed130363,DNSAmplification,282427,xgboost,60,50,10,50,10,0.8333333333333334,0.16666666666666666,1.0,1.0,1.0,1.0,1.0,1.0,50,0,0,10,1.0,1.0,1.0
4,seed130363,DNSAmplification,307759,hybrid,60,50,10,50,10,0.8333333333333334,0.16666666666666666,1.0,1.0,1.0,1.0,1.0,1.0,50,0,0,10,1.0,1.0,1.0
4,seed130363,DNSAmplification,307759,mlp,60,50,10,50,10,0.8333333333333334,0.16666666666666666,1.0,1.0,1.0,1.0,1.0,1.0,50,0,0,10,0.9999999999999999,1.0,1.0
4,seed130363,DNSAmplification,307759,rf,60,50,10,50,10,0.8333333333333334,0.16666666666666666,1.0,1.0,1.0,1.0,1.0,1.0,50,0,0,10,1.0,1.0,1.0
4,seed130363,DNSAmplification,307759,xgboost,60,50,10,50,10,0.8333333333333334,0.16666666666666666,1.0,1.0,1.0,1.0,1.0,1.0,50,0,0,10,1.0,1.0,1.0
4,seed130363,DNSAmplification,333019,hybrid,60,50,10,50,10,0.8333333333333334,0.16666666666666666,1.0,1.0,1.0,1.0,1.0,1.0,50,0,0,10,1.0,1.0,1.0
4,seed130363,DNSAmplification,333019,mlp,60,50,10,50,10,0.8333333333333334,0.16666666666666666,1.0,1.0,1.0,1.0,1.0,1.0,50,0,0,10,0.9999999999999999,1.0,1.0
4,seed130363,DNSAmplification,333019,rf,60,50,10,50,10,0.8333333333333334,0.16666666666666666,1.0,1.0,1.0,1.0,1.0,1.0,50,0,0,10,1.0,1.0,1.0
4,seed130363,DNSAmplification,333019,xgboost,60,50,10,50,10,0.8333333333333334,0.16666666666666666,1.0,1.0,1.0,1.0,1.0,1.0,50,0,0,10,1.0,1.0,1.0
4,seed130363,Normal,104729,hybrid,50,50,0,50,0,1.0,0.0,1.0,not estimable,not estimable,not estimable,not estimable,not estimable,50,0,0,0,not estimable,not estimable,not estimable
4,seed130363,Normal,104729,mlp,50,50,0,50,0,1.0,0.0,1.0,not estimable,not estimable,not estimable,not estimable,not estimable,50,0,0,0,not estimable,not estimable,not estimable
4,seed130363,Normal,104729,rf,50,50,0,50,0,1.0,0.0,1.0,not estimable,not estimable,not estimable,not estimable,not estimable,50,0,0,0,not estimable,not estimable,not estimable
4,seed130363,Normal,104729,xgboost,50,50,0,50,0,1.0,0.0,1.0,not estimable,not estimable,not estimable,not estimable,not estimable,50,0,0,0,not estimable,not estimable,not estimable
4,seed130363,Normal,130363,hybrid,50,50,0,50,0,1.0,0.0,1.0,not estimable,not estimable,not estimable,not estimable,not estimable,50,0,0,0,not estimable,not estimable,not estimable
4,seed130363,Normal,130363,mlp,50,50,0,50,0,1.0,0.0,1.0,not estimable,not estimable,not estimable,not estimable,not estimable,50,0,0,0,not estimable,not estimable,not estimable
4,seed130363,Normal,130363,rf,50,50,0,50,0,1.0,0.0,1.0,not estimable,not estimable,not estimable,not estimable,not estimable,50,0,0,0,not estimable,not estimable,not estimable
4,seed130363,Normal,130363,xgboost,50,50,0,50,0,1.0,0.0,1.0,not estimable,not estimable,not estimable,not estimable,not estimable,50,0,0,0,not estimable,not estimable,not estimable
4,seed130363,Normal,155921,hybrid,50,50,0,50,0,1.0,0.0,1.0,not estimable,not estimable,not estimable,not estimable,not estimable,50,0,0,0,not estimable,not estimable,not estimable
4,seed130363,Normal,155921,mlp,50,50,0,50,0,1.0,0.0,1.0,not estimable,not estimable,not estimable,not estimable,not estimable,50,0,0,0,not estimable,not estimable,not estimable
4,seed130363,Normal,155921,rf,50,50,0,50,0,1.0,0.0,1.0,not estimable,not estimable,not estimable,not estimable,not estimable,50,0,0,0,not estimable,not estimable,not estimable
4,seed130363,Normal,155921,xgboost,50,50,0,50,0,1.0,0.0,1.0,not estimable,not estimable,not estimable,not estimable,not estimable,50,0,0,0,not estimable,not estimable,not estimable
4,seed130363,Normal,181081,hybrid,50,50,0,50,0,1.0,0.0,1.0,not estimable,not estimable,not estimable,not estimable,not estimable,50,0,0,0,not estimable,not estimable,not estimable
4,seed130363,Normal,181081,mlp,50,50,0,50,0,1.0,0.0,1.0,not estimable,not estimable,not estimable,not estimable,not estimable,50,0,0,0,not estimable,not estimable,not estimable
4,seed130363,Normal,181081,rf,50,50,0,50,0,1.0,0.0,1.0,not estimable,not estimable,not estimable,not estimable,not estimable,50,0,0,0,not estimable,not estimable,not estimable
4,seed130363,Normal,181081,xgboost,50,50,0,50,0,1.0,0.0,1.0,not estimable,not estimable,not estimable,not estimable,not estimable,50,0,0,0,not estimable,not estimable,not estimable
4,seed130363,Normal,206369,hybrid,50,50,0,50,0,1.0,0.0,1.0,not estimable,not estimable,not estimable,not estimable,not estimable,50,0,0,0,not estimable,not estimable,not estimable
4,seed130363,Normal,206369,mlp,50,50,0,50,0,1.0,0.0,1.0,not estimable,not estimable,not estimable,not estimable,not estimable,50,0,0,0,not estimable,not estimable,not estimable
4,seed130363,Normal,206369,rf,50,50,0,50,0,1.0,0.0,1.0,not estimable,not estimable,not estimable,not estimable,not estimable,50,0,0,0,not estimable,not estimable,not estimable
4,seed130363,Normal,206369,xgboost,50,50,0,50,0,1.0,0.0,1.0,not estimable,not estimable,not estimable,not estimable,not estimable,50,0,0,0,not estimable,not estimable,not estimable
4,seed130363,Normal,231701,hybrid,50,50,0,50,0,1.0,0.0,1.0,not estimable,not estimable,not estimable,not estimable,not estimable,50,0,0,0,not estimable,not estimable,not estimable
4,seed130363,Normal,231701,mlp,50,50,0,50,0,1.0,0.0,1.0,not estimable,not estimable,not estimable,not estimable,not estimable,50,0,0,0,not estimable,not estimable,not estimable
4,seed130363,Normal,231701,rf,50,50,0,50,0,1.0,0.0,1.0,not estimable,not estimable,not estimable,not estimable,not estimable,50,0,0,0,not estimable,not estimable,not estimable
4,seed130363,Normal,231701,xgboost,50,50,0,50,0,1.0,0.0,1.0,not estimable,not estimable,not estimable,not estimable,not estimable,50,0,0,0,not estimable,not estimable,not estimable
4,seed130363,Normal,257053,hybrid,50,50,0,50,0,1.0,0.0,1.0,not estimable,not estimable,not estimable,not estimable,not estimable,50,0,0,0,not estimable,not estimable,not estimable
4,seed130363,Normal,257053,mlp,50,50,0,50,0,1.0,0.0,1.0,not estimable,not estimable,not estimable,not estimable,not estimable,50,0,0,0,not estimable,not estimable,not estimable
4,seed130363,Normal,257053,rf,50,50,0,50,0,1.0,0.0,1.0,not estimable,not estimable,not estimable,not estimable,not estimable,50,0,0,0,not estimable,not estimable,not estimable
4,seed130363,Normal,257053,xgboost,50,50,0,50,0,1.0,0.0,1.0,not estimable,not estimable,not estimable,not estimable,not estimable,50,0,0,0,not estimable,not estimable,not estimable
4,seed130363,Normal,282427,hybrid,50,50,0,50,0,1.0,0.0,1.0,not estimable,not estimable,not estimable,not estimable,not estimable,50,0,0,0,not estimable,not estimable,not estimable
4,seed130363,Normal,282427,mlp,50,50,0,50,0,1.0,0.0,1.0,not estimable,not estimable,not estimable,not estimable,not estimable,50,0,0,0,not estimable,not estimable,not estimable
4,seed130363,Normal,282427,rf,50,50,0,50,0,1.0,0.0,1.0,not estimable,not estimable,not estimable,not estimable,not estimable,50,0,0,0,not estimable,not estimable,not estimable
4,seed130363,Normal,282427,xgboost,50,50,0,50,0,1.0,0.0,1.0,not estimable,not estimable,not estimable,not estimable,not estimable,50,0,0,0,not estimable,not estimable,not estimable
4,seed130363,Normal,307759,hybrid,50,50,0,50,0,1.0,0.0,1.0,not estimable,not estimable,not estimable,not estimable,not estimable,50,0,0,0,not estimable,not estimable,not estimable
4,seed130363,Normal,307759,mlp,50,50,0,50,0,1.0,0.0,1.0,not estimable,not estimable,not estimable,not estimable,not estimable,50,0,0,0,not estimable,not estimable,not estimable
4,seed130363,Normal,307759,rf,50,50,0,50,0,1.0,0.0,1.0,not estimable,not estimable,not estimable,not estimable,not estimable,50,0,0,0,not estimable,not estimable,not estimable
4,seed130363,Normal,307759,xgboost,50,50,0,50,0,1.0,0.0,1.0,not estimable,not estimable,not estimable,not estimable,not estimable,50,0,0,0,not estimable,not estimable,not estimable
4,seed130363,Normal,333019,hybrid,50,50,0,50,0,1.0,0.0,1.0,not estimable,not estimable,not estimable,not estimable,not estimable,50,0,0,0,not estimable,not estimable,not estimable
4,seed130363,Normal,333019,mlp,50,50,0,50,0,1.0,0.0,1.0,not estimable,not estimable,not estimable,not estimable,not estimable,50,0,0,0,not estimable,not estimable,not estimable
4,seed130363,Normal,333019,rf,50,50,0,50,0,1.0,0.0,1.0,not estimable,not estimable,not estimable,not estimable,not estimable,50,0,0,0,not estimable,not estimable,not estimable
4,seed130363,Normal,333019,xgboost,50,50,0,50,0,1.0,0.0,1.0,not estimable,not estimable,not estimable,not estimable,not estimable,50,0,0,0,not estimable,not estimable,not estimable
4,seed130363,SYNFlood,104729,hybrid,850,50,800,850,0,1.0,0.0,0.058823529411764705,not estimable,0.0,0.0,0.5,not estimable,50,0,800,0,0.5,0.06834025386248091,0.9703809800427241
4,seed130363,SYNFlood,104729,mlp,850,50,800,849,1,0.9988235294117647,0.001176470588235294,0.06,1.0,0.00125,0.0024968789013732834,0.500625,0.008579977788182253,50,0,799,1,1.0,1.0,0.9999999999999999
4,seed130363,SYNFlood,104729,rf,850,50,800,850,0,1.0,0.0,0.058823529411764705,not estimable,0.0,0.0,0.5,not estimable,50,0,800,0,0.0,0.05767202761254314,0.8987175727038003
4,seed130363,SYNFlood,104729,xgboost,850,50,800,850,0,1.0,0.0,0.058823529411764705,not estimable,0.0,0.0,0.5,not estimable,50,0,800,0,0.0,0.05773713018776415,0.9127838076010485
4,seed130363,SYNFlood,130363,hybrid,850,50,800,850,0,1.0,0.0,0.058823529411764705,not estimable,0.0,0.0,0.5,not estimable,50,0,800,0,0.0,0.03486049940351563,0.8854029702754307
4,seed130363,SYNFlood,130363,mlp,850,50,800,850,0,1.0,0.0,0.058823529411764705,not estimable,0.0,0.0,0.5,not estimable,50,0,800,0,0.0,0.03486049940351563,0.8847028306438863
4,seed130363,SYNFlood,130363,rf,850,50,800,850,0,1.0,0.0,0.058823529411764705,not estimable,0.0,0.0,0.5,not estimable,50,0,800,0,0.0,0.04556881921472746,0.8864552462109123
4,seed130363,SYNFlood,130363,xgboost,850,50,800,850,0,1.0,0.0,0.058823529411764705,not estimable,0.0,0.0,0.5,not estimable,50,0,800,0,0.0,0.04556881921472746,0.9146620014228418
4,seed130363,SYNFlood,155921,hybrid,850,50,800,850,0,1.0,0.0,0.058823529411764705,not estimable,0.0,0.0,0.5,not estimable,50,0,800,0,0.5,0.0684107528429872,0.9703809800427241
4,seed130363,SYNFlood,155921,mlp,850,50,800,850,0,1.0,0.0,0.058823529411764705,not estimable,0.0,0.0,0.5,not estimable,50,0,800,0,1.0,1.0,0.9999999999999999
4,seed130363,SYNFlood,155921,rf,850,50,800,850,0,1.0,0.0,0.058823529411764705,not estimable,0.0,0.0,0.5,not estimable,50,0,800,0,0.0,0.05654543233602854,0.8987691276748164
4,seed130363,SYNFlood,155921,xgboost,850,50,800,850,0,1.0,0.0,0.058823529411764705,not estimable,0.0,0.0,0.5,not estimable,50,0,800,0,0.0,0.05773713018776415,0.9127838076010485
4,seed130363,SYNFlood,181081,hybrid,850,50,800,850,0,1.0,0.0,0.058823529411764705,not estimable,0.0,0.0,0.5,not estimable,50,0,800,0,0.5,0.06845585764559554,0.9703809800427241
4,seed130363,SYNFlood,181081,mlp,850,50,800,849,1,0.9988235294117647,0.001176470588235294,0.06,1.0,0.00125,0.0024968789013732834,0.500625,0.008579977788182253,50,0,799,1,1.0,1.0,0.9999999999999999
4,seed130363,SYNFlood,181081,rf,850,50,800,850,0,1.0,0.0,0.058823529411764705,not estimable,0.0,0.0,0.5,not estimable,50,0,800,0,0.0,0.05773713018776415,0.9127838076010485
4,seed130363,SYNFlood,181081,xgboost,850,50,800,850,0,1.0,0.0,0.058823529411764705,not estimable,0.0,0.0,0.5,not estimable,50,0,800,0,0.0,0.05773713018776415,0.9127838076010485
4,seed130363,SYNFlood,206369,hybrid,850,50,800,850,0,1.0,0.0,0.058823529411764705,not estimable,0.0,0.0,0.5,not estimable,50,0,800,0,0.5,0.06834000757376706,0.9703809800427241
4,seed130363,SYNFlood,206369,mlp,850,50,800,849,1,0.9988235294117647,0.001176470588235294,0.06,1.0,0.00125,0.0024968789013732834,0.500625,0.008579977788182253,50,0,799,1,0.5,0.06834000757376706,0.9703809800427241
4,seed130363,SYNFlood,206369,rf,850,50,800,850,0,1.0,0.0,0.058823529411764705,not estimable,0.0,0.0,0.5,not estimable,50,0,800,0,0.0,0.05773713018776415,0.8880929086757396
4,seed130363,SYNFlood,206369,xgboost,850,50,800,850,0,1.0,0.0,0.058823529411764705,not estimable,0.0,0.0,0.5,not estimable,50,0,800,0,0.0,0.05773713018776415,0.9127838076010485
4,seed130363,SYNFlood,231701,hybrid,850,50,800,850,0,1.0,0.0,0.058823529411764705,not estimable,0.0,0.0,0.5,not estimable,50,0,800,0,0.5,0.0684107528429872,0.9703809800427241
4,seed130363,SYNFlood,231701,mlp,850,50,800,847,3,0.9964705882352941,0.0035294117647058825,0.06235294117647059,1.0,0.00375,0.007471980074719801,0.501875,0.01487849251609039,50,0,797,3,0.9196000000000001,0.8501454979948381,0.9949883621660314
4,seed130363,SYNFlood,231701,rf,850,50,800,850,0,1.0,0.0,0.058823529411764705,not estimable,0.0,0.0,0.5,not estimable,50,0,800,0,0.0,0.05660779980127729,0.8876518676435319
4,seed130363,SYNFlood,231701,xgboost,850,50,800,850,0,1.0,0.0,0.058823529411764705,not estimable,0.0,0.0,0.5,not estimable,50,0,800,0,0.0,0.05773713018776415,0.9127838076010485
4,seed130363,SYNFlood,257053,hybrid,850,50,800,850,0,1.0,0.0,0.058823529411764705,not estimable,0.0,0.0,0.5,not estimable,50,0,800,0,0.00125,0.035703488049970214,0.8859283208399648
4,seed130363,SYNFlood,257053,mlp,850,50,800,849,1,0.9988235294117647,0.001176470588235294,0.06,1.0,0.00125,0.0024968789013732834,0.500625,0.008579977788182253,50,0,799,1,0.5,0.06834000757376706,0.9703809800427241
4,seed130363,SYNFlood,257053,rf,850,50,800,850,0,1.0,0.0,0.058823529411764705,not estimable,0.0,0.0,0.5,not estimable,50,0,800,0,0.0,0.05767202761254314,0.8988952161442499
4,seed130363,SYNFlood,257053,xgboost,850,50,800,850,0,1.0,0.0,0.058823529411764705,not estimable,0.0,0.0,0.5,not estimable,50,0,800,0,0.0,0.05773713018776415,0.9127838076010485
4,seed130363,SYNFlood,282427,hybrid,850,50,800,850,0,1.0,0.0,0.058823529411764705,not estimable,0.0,0.0,0.5,not estimable,50,0,800,0,0.5,0.06845585764559554,0.9703809800427241
4,seed130363,SYNFlood,282427,mlp,850,50,800,849,1,0.9988235294117647,0.001176470588235294,0.06,1.0,0.00125,0.0024968789013732834,0.500625,0.008579977788182253,50,0,799,1,1.0,1.0,0.9999999999999999
4,seed130363,SYNFlood,282427,rf,850,50,800,850,0,1.0,0.0,0.058823529411764705,not estimable,0.0,0.0,0.5,not estimable,50,0,800,0,0.0,0.056670392405245316,0.9146620014228418
4,seed130363,SYNFlood,282427,xgboost,850,50,800,850,0,1.0,0.0,0.058823529411764705,not estimable,0.0,0.0,0.5,not estimable,50,0,800,0,0.0,0.05773713018776415,0.9127838076010485
4,seed130363,SYNFlood,307759,hybrid,850,50,800,850,0,1.0,0.0,0.058823529411764705,not estimable,0.0,0.0,0.5,not estimable,50,0,800,0,0.0,0.034816643940772905,0.8968551688244926
4,seed130363,SYNFlood,307759,mlp,850,50,800,850,0,1.0,0.0,0.058823529411764705,not estimable,0.0,0.0,0.5,not estimable,50,0,800,0,0.5,0.06687039187827143,0.9703809800427241
4,seed130363,SYNFlood,307759,rf,850,50,800,850,0,1.0,0.0,0.058823529411764705,not estimable,0.0,0.0,0.5,not estimable,50,0,800,0,0.0,0.04556881921472746,0.897062424075886
4,seed130363,SYNFlood,307759,xgboost,850,50,800,850,0,1.0,0.0,0.058823529411764705,not estimable,0.0,0.0,0.5,not estimable,50,0,800,0,0.0,0.04556881921472746,0.9146620014228418
4,seed130363,SYNFlood,333019,hybrid,850,50,800,850,0,1.0,0.0,0.058823529411764705,not estimable,0.0,0.0,0.5,not estimable,50,0,800,0,0.0,0.035562295354575814,0.8860072054957734
4,seed130363,SYNFlood,333019,mlp,850,50,800,850,0,1.0,0.0,0.058823529411764705,not estimable,0.0,0.0,0.5,not estimable,50,0,800,0,0.0,0.035562295354575814,0.898561872423423
4,seed130363,SYNFlood,333019,rf,850,50,800,850,0,1.0,0.0,0.058823529411764705,not estimable,0.0,0.0,0.5,not estimable,50,0,800,0,0.0,0.058823529411764705,0.8864552462109123
4,seed130363,SYNFlood,333019,xgboost,850,50,800,850,0,1.0,0.0,0.058823529411764705,not estimable,0.0,0.0,0.5,not estimable,50,0,800,0,0.039699999999999985,0.05490388784506432,0.9186416045962427
4,seed130363,UDPFlood,104729,hybrid,70,50,20,50,20,0.7142857142857143,0.2857142857142857,1.0,1.0,1.0,1.0,1.0,1.0,50,0,0,20,1.0,1.0,1.0
4,seed130363,UDPFlood,104729,mlp,70,50,20,50,20,0.7142857142857143,0.2857142857142857,1.0,1.0,1.0,1.0,1.0,1.0,50,0,0,20,1.0,1.0,1.0
4,seed130363,UDPFlood,104729,rf,70,50,20,50,20,0.7142857142857143,0.2857142857142857,1.0,1.0,1.0,1.0,1.0,1.0,50,0,0,20,1.0,1.0,1.0
4,seed130363,UDPFlood,104729,xgboost,70,50,20,50,20,0.7142857142857143,0.2857142857142857,1.0,1.0,1.0,1.0,1.0,1.0,50,0,0,20,1.0,1.0,1.0
4,seed130363,UDPFlood,130363,hybrid,70,50,20,50,20,0.7142857142857143,0.2857142857142857,1.0,1.0,1.0,1.0,1.0,1.0,50,0,0,20,1.0,1.0000000000000002,1.0
4,seed130363,UDPFlood,130363,mlp,70,50,20,50,20,0.7142857142857143,0.2857142857142857,1.0,1.0,1.0,1.0,1.0,1.0,50,0,0,20,1.0,1.0,1.0
4,seed130363,UDPFlood,130363,rf,70,50,20,50,20,0.7142857142857143,0.2857142857142857,1.0,1.0,1.0,1.0,1.0,1.0,50,0,0,20,1.0,1.0,1.0000000000000002
4,seed130363,UDPFlood,130363,xgboost,70,50,20,50,20,0.7142857142857143,0.2857142857142857,1.0,1.0,1.0,1.0,1.0,1.0,50,0,0,20,1.0,1.0,1.0
4,seed130363,UDPFlood,155921,hybrid,70,50,20,50,20,0.7142857142857143,0.2857142857142857,1.0,1.0,1.0,1.0,1.0,1.0,50,0,0,20,1.0,1.0,1.0
4,seed130363,UDPFlood,155921,mlp,70,50,20,70,0,1.0,0.0,0.7142857142857143,not estimable,0.0,0.0,0.5,not estimable,50,0,20,0,0.0,0.52671130290405,0.2857142857142857
4,seed130363,UDPFlood,155921,rf,70,50,20,50,20,0.7142857142857143,0.2857142857142857,1.0,1.0,1.0,1.0,1.0,1.0,50,0,0,20,1.0,1.0,1.0
4,seed130363,UDPFlood,155921,xgboost,70,50,20,50,20,0.7142857142857143,0.2857142857142857,1.0,1.0,1.0,1.0,1.0,1.0,50,0,0,20,1.0,1.0,1.0
4,seed130363,UDPFlood,181081,hybrid,70,50,20,50,20,0.7142857142857143,0.2857142857142857,1.0,1.0,1.0,1.0,1.0,1.0,50,0,0,20,1.0,1.0,1.0
4,seed130363,UDPFlood,181081,mlp,70,50,20,70,0,1.0,0.0,0.7142857142857143,not estimable,0.0,0.0,0.5,not estimable,50,0,20,0,0.0,0.5254973931990917,0.2857142857142857
4,seed130363,UDPFlood,181081,rf,70,50,20,50,20,0.7142857142857143,0.2857142857142857,1.0,1.0,1.0,1.0,1.0,1.0,50,0,0,20,1.0,1.0,1.0
4,seed130363,UDPFlood,181081,xgboost,70,50,20,50,20,0.7142857142857143,0.2857142857142857,1.0,1.0,1.0,1.0,1.0,1.0,50,0,0,20,1.0,1.0,1.0
4,seed130363,UDPFlood,206369,hybrid,70,50,20,50,20,0.7142857142857143,0.2857142857142857,1.0,1.0,1.0,1.0,1.0,1.0,50,0,0,20,1.0,1.0,1.0
4,seed130363,UDPFlood,206369,mlp,70,50,20,50,20,0.7142857142857143,0.2857142857142857,1.0,1.0,1.0,1.0,1.0,1.0,50,0,0,20,1.0,1.0,1.0
4,seed130363,UDPFlood,206369,rf,70,50,20,50,20,0.7142857142857143,0.2857142857142857,1.0,1.0,1.0,1.0,1.0,1.0,50,0,0,20,1.0,1.0,1.0000000000000002
4,seed130363,UDPFlood,206369,xgboost,70,50,20,50,20,0.7142857142857143,0.2857142857142857,1.0,1.0,1.0,1.0,1.0,1.0,50,0,0,20,1.0,1.0,1.0
4,seed130363,UDPFlood,231701,hybrid,70,50,20,50,20,0.7142857142857143,0.2857142857142857,1.0,1.0,1.0,1.0,1.0,1.0,50,0,0,20,1.0,1.0,1.0
4,seed130363,UDPFlood,231701,mlp,70,50,20,70,0,1.0,0.0,0.7142857142857143,not estimable,0.0,0.0,0.5,not estimable,50,0,20,0,0.0,0.528264191618064,0.2857142857142857
4,seed130363,UDPFlood,231701,rf,70,50,20,50,20,0.7142857142857143,0.2857142857142857,1.0,1.0,1.0,1.0,1.0,1.0,50,0,0,20,1.0,1.0,1.0
4,seed130363,UDPFlood,231701,xgboost,70,50,20,50,20,0.7142857142857143,0.2857142857142857,1.0,1.0,1.0,1.0,1.0,1.0,50,0,0,20,1.0,1.0,1.0
4,seed130363,UDPFlood,257053,hybrid,70,50,20,50,20,0.7142857142857143,0.2857142857142857,1.0,1.0,1.0,1.0,1.0,1.0,50,0,0,20,1.0,0.9999999999999999,1.0
4,seed130363,UDPFlood,257053,mlp,70,50,20,70,0,1.0,0.0,0.7142857142857143,not estimable,0.0,0.0,0.5,not estimable,50,0,20,0,0.0,0.529089824932684,0.2857142857142857
4,seed130363,UDPFlood,257053,rf,70,50,20,50,20,0.7142857142857143,0.2857142857142857,1.0,1.0,1.0,1.0,1.0,1.0,50,0,0,20,1.0,1.0,1.0000000000000002
4,seed130363,UDPFlood,257053,xgboost,70,50,20,50,20,0.7142857142857143,0.2857142857142857,1.0,1.0,1.0,1.0,1.0,1.0,50,0,0,20,1.0,1.0,1.0
4,seed130363,UDPFlood,282427,hybrid,70,50,20,50,20,0.7142857142857143,0.2857142857142857,1.0,1.0,1.0,1.0,1.0,1.0,50,0,0,20,1.0,0.9999999999999999,1.0
4,seed130363,UDPFlood,282427,mlp,70,50,20,70,0,1.0,0.0,0.7142857142857143,not estimable,0.0,0.0,0.5,not estimable,50,0,20,0,0.0,0.5251426754530696,0.2857142857142857
4,seed130363,UDPFlood,282427,rf,70,50,20,50,20,0.7142857142857143,0.2857142857142857,1.0,1.0,1.0,1.0,1.0,1.0,50,0,0,20,1.0,1.0,1.0
4,seed130363,UDPFlood,282427,xgboost,70,50,20,50,20,0.7142857142857143,0.2857142857142857,1.0,1.0,1.0,1.0,1.0,1.0,50,0,0,20,1.0,1.0,1.0
4,seed130363,UDPFlood,307759,hybrid,70,50,20,50,20,0.7142857142857143,0.2857142857142857,1.0,1.0,1.0,1.0,1.0,1.0,50,0,0,20,1.0,1.0,1.0
4,seed130363,UDPFlood,307759,mlp,70,50,20,50,20,0.7142857142857143,0.2857142857142857,1.0,1.0,1.0,1.0,1.0,1.0,50,0,0,20,1.0,1.0,1.0
4,seed130363,UDPFlood,307759,rf,70,50,20,50,20,0.7142857142857143,0.2857142857142857,1.0,1.0,1.0,1.0,1.0,1.0,50,0,0,20,1.0,1.0,1.0000000000000002
4,seed130363,UDPFlood,307759,xgboost,70,50,20,50,20,0.7142857142857143,0.2857142857142857,1.0,1.0,1.0,1.0,1.0,1.0,50,0,0,20,1.0,1.0,1.0
4,seed130363,UDPFlood,333019,hybrid,70,50,20,50,20,0.7142857142857143,0.2857142857142857,1.0,1.0,1.0,1.0,1.0,1.0,50,0,0,20,0.9999999999999999,0.9999999999999999,1.0
4,seed130363,UDPFlood,333019,mlp,70,50,20,50,20,0.7142857142857143,0.2857142857142857,1.0,1.0,1.0,1.0,1.0,1.0,50,0,0,20,1.0,1.0,1.0
4,seed130363,UDPFlood,333019,rf,70,50,20,50,20,0.7142857142857143,0.2857142857142857,1.0,1.0,1.0,1.0,1.0,1.0,50,0,0,20,1.0,1.0,1.0
4,seed130363,UDPFlood,333019,xgboost,70,50,20,50,20,0.7142857142857143,0.2857142857142857,1.0,1.0,1.0,1.0,1.0,1.0,50,0,0,20,1.0,1.0,1.0
4,seed155921,DNSAmplification,104729,hybrid,60,50,10,50,10,0.8333333333333334,0.16666666666666666,1.0,1.0,1.0,1.0,1.0,1.0,50,0,0,10,0.9999999999999999,1.0,1.0
4,seed155921,DNSAmplification,104729,mlp,60,50,10,50,10,0.8333333333333334,0.16666666666666666,1.0,1.0,1.0,1.0,1.0,1.0,50,0,0,10,1.0,1.0,1.0
4,seed155921,DNSAmplification,104729,rf,60,50,10,50,10,0.8333333333333334,0.16666666666666666,1.0,1.0,1.0,1.0,1.0,1.0,50,0,0,10,1.0,1.0,0.9999999999999999
4,seed155921,DNSAmplification,104729,xgboost,60,50,10,50,10,0.8333333333333334,0.16666666666666666,1.0,1.0,1.0,1.0,1.0,1.0,50,0,0,10,1.0,1.0,1.0
4,seed155921,DNSAmplification,130363,hybrid,60,50,10,50,10,0.8333333333333334,0.16666666666666666,1.0,1.0,1.0,1.0,1.0,1.0,50,0,0,10,1.0,1.0,1.0
4,seed155921,DNSAmplification,130363,mlp,60,50,10,50,10,0.8333333333333334,0.16666666666666666,1.0,1.0,1.0,1.0,1.0,1.0,50,0,0,10,1.0,1.0000000000000002,1.0
4,seed155921,DNSAmplification,130363,rf,60,50,10,50,10,0.8333333333333334,0.16666666666666666,1.0,1.0,1.0,1.0,1.0,1.0,50,0,0,10,1.0,1.0,1.0
4,seed155921,DNSAmplification,130363,xgboost,60,50,10,50,10,0.8333333333333334,0.16666666666666666,1.0,1.0,1.0,1.0,1.0,1.0,50,0,0,10,1.0,1.0,1.0
4,seed155921,DNSAmplification,155921,hybrid,60,50,10,50,10,0.8333333333333334,0.16666666666666666,1.0,1.0,1.0,1.0,1.0,1.0,50,0,0,10,1.0,1.0,1.0
4,seed155921,DNSAmplification,155921,mlp,60,50,10,60,0,1.0,0.0,0.8333333333333334,not estimable,0.0,0.0,0.5,not estimable,50,0,10,0,0.0,0.689902671133936,0.16666666666666666
4,seed155921,DNSAmplification,155921,rf,60,50,10,50,10,0.8333333333333334,0.16666666666666666,1.0,1.0,1.0,1.0,1.0,1.0,50,0,0,10,1.0,1.0,0.9999999999999999
4,seed155921,DNSAmplification,155921,xgboost,60,50,10,50,10,0.8333333333333334,0.16666666666666666,1.0,1.0,1.0,1.0,1.0,1.0,50,0,0,10,1.0,1.0,1.0
4,seed155921,DNSAmplification,181081,hybrid,60,50,10,50,10,0.8333333333333334,0.16666666666666666,1.0,1.0,1.0,1.0,1.0,1.0,50,0,0,10,1.0,1.0,1.0
4,seed155921,DNSAmplification,181081,mlp,60,50,10,60,0,1.0,0.0,0.8333333333333334,not estimable,0.0,0.0,0.5,not estimable,50,0,10,0,0.0,0.689902671133936,0.16666666666666666
4,seed155921,DNSAmplification,181081,rf,60,50,10,50,10,0.8333333333333334,0.16666666666666666,1.0,1.0,1.0,1.0,1.0,1.0,50,0,0,10,1.0,1.0,0.9999999999999999
4,seed155921,DNSAmplification,181081,xgboost,60,50,10,50,10,0.8333333333333334,0.16666666666666666,1.0,1.0,1.0,1.0,1.0,1.0,50,0,0,10,1.0,1.0,1.0
4,seed155921,DNSAmplification,206369,hybrid,60,50,10,50,10,0.8333333333333334,0.16666666666666666,1.0,1.0,1.0,1.0,1.0,1.0,50,0,0,10,0.9999999999999999,1.0,1.0
4,seed155921,DNSAmplification,206369,mlp,60,50,10,50,10,0.8333333333333334,0.16666666666666666,1.0,1.0,1.0,1.0,1.0,1.0,50,0,0,10,1.0,1.0,1.0
4,seed155921,DNSAmplification,206369,rf,60,50,10,50,10,0.8333333333333334,0.16666666666666666,1.0,1.0,1.0,1.0,1.0,1.0,50,0,0,10,1.0,1.0,1.0
4,seed155921,DNSAmplification,206369,xgboost,60,50,10,50,10,0.8333333333333334,0.16666666666666666,1.0,1.0,1.0,1.0,1.0,1.0,50,0,0,10,1.0,1.0,1.0
4,seed155921,DNSAmplification,231701,hybrid,60,50,10,50,10,0.8333333333333334,0.16666666666666666,1.0,1.0,1.0,1.0,1.0,1.0,50,0,0,10,1.0,1.0,1.0
4,seed155921,DNSAmplification,231701,mlp,60,50,10,60,0,1.0,0.0,0.8333333333333334,not estimable,0.0,0.0,0.5,not estimable,50,0,10,0,0.0,0.689902671133936,0.16666666666666666
4,seed155921,DNSAmplification,231701,rf,60,50,10,50,10,0.8333333333333334,0.16666666666666666,1.0,1.0,1.0,1.0,1.0,1.0,50,0,0,10,1.0,1.0,0.9999999999999999
4,seed155921,DNSAmplification,231701,xgboost,60,50,10,50,10,0.8333333333333334,0.16666666666666666,1.0,1.0,1.0,1.0,1.0,1.0,50,0,0,10,1.0,1.0,1.0
4,seed155921,DNSAmplification,257053,hybrid,60,50,10,50,10,0.8333333333333334,0.16666666666666666,1.0,1.0,1.0,1.0,1.0,1.0,50,0,0,10,0.9999999999999999,1.0,1.0
4,seed155921,DNSAmplification,257053,mlp,60,50,10,60,0,1.0,0.0,0.8333333333333334,not estimable,0.0,0.0,0.5,not estimable,50,0,10,0,0.0,0.6929194903241729,0.16666666666666666
4,seed155921,DNSAmplification,257053,rf,60,50,10,50,10,0.8333333333333334,0.16666666666666666,1.0,1.0,1.0,1.0,1.0,1.0,50,0,0,10,1.0,1.0,0.9999999999999999
4,seed155921,DNSAmplification,257053,xgboost,60,50,10,50,10,0.8333333333333334,0.16666666666666666,1.0,1.0,1.0,1.0,1.0,1.0,50,0,0,10,1.0,1.0,1.0
4,seed155921,DNSAmplification,282427,hybrid,60,50,10,50,10,0.8333333333333334,0.16666666666666666,1.0,1.0,1.0,1.0,1.0,1.0,50,0,0,10,1.0,1.0,1.0
4,seed155921,DNSAmplification,282427,mlp,60,50,10,60,0,1.0,0.0,0.8333333333333334,not estimable,0.0,0.0,0.5,not estimable,50,0,10,0,0.0,0.689902671133936,0.16666666666666666
4,seed155921,DNSAmplification,282427,rf,60,50,10,50,10,0.8333333333333334,0.16666666666666666,1.0,1.0,1.0,1.0,1.0,1.0,50,0,0,10,1.0,1.0,1.0
4,seed155921,DNSAmplification,282427,xgboost,60,50,10,50,10,0.8333333333333334,0.16666666666666666,1.0,1.0,1.0,1.0,1.0,1.0,50,0,0,10,1.0,1.0,1.0
4,seed155921,DNSAmplification,307759,hybrid,60,50,10,50,10,0.8333333333333334,0.16666666666666666,1.0,1.0,1.0,1.0,1.0,1.0,50,0,0,10,1.0,1.0,1.0
4,seed155921,DNSAmplification,307759,mlp,60,50,10,50,10,0.8333333333333334,0.16666666666666666,1.0,1.0,1.0,1.0,1.0,1.0,50,0,0,10,1.0,1.0000000000000002,1.0
4,seed155921,DNSAmplification,307759,rf,60,50,10,50,10,0.8333333333333334,0.16666666666666666,1.0,1.0,1.0,1.0,1.0,1.0,50,0,0,10,1.0,1.0,0.9999999999999999
4,seed155921,DNSAmplification,307759,xgboost,60,50,10,50,10,0.8333333333333334,0.16666666666666666,1.0,1.0,1.0,1.0,1.0,1.0,50,0,0,10,1.0,1.0,1.0
4,seed155921,DNSAmplification,333019,hybrid,60,50,10,50,10,0.8333333333333334,0.16666666666666666,1.0,1.0,1.0,1.0,1.0,1.0,50,0,0,10,0.9999999999999999,1.0,1.0
4,seed155921,DNSAmplification,333019,mlp,60,50,10,50,10,0.8333333333333334,0.16666666666666666,1.0,1.0,1.0,1.0,1.0,1.0,50,0,0,10,0.9999999999999999,1.0,1.0
4,seed155921,DNSAmplification,333019,rf,60,50,10,50,10,0.8333333333333334,0.16666666666666666,1.0,1.0,1.0,1.0,1.0,1.0,50,0,0,10,1.0,1.0,1.0
4,seed155921,DNSAmplification,333019,xgboost,60,50,10,50,10,0.8333333333333334,0.16666666666666666,1.0,1.0,1.0,1.0,1.0,1.0,50,0,0,10,1.0,1.0,1.0
4,seed155921,Normal,104729,hybrid,50,50,0,50,0,1.0,0.0,1.0,not estimable,not estimable,not estimable,not estimable,not estimable,50,0,0,0,not estimable,not estimable,not estimable
4,seed155921,Normal,104729,mlp,50,50,0,50,0,1.0,0.0,1.0,not estimable,not estimable,not estimable,not estimable,not estimable,50,0,0,0,not estimable,not estimable,not estimable
4,seed155921,Normal,104729,rf,50,50,0,50,0,1.0,0.0,1.0,not estimable,not estimable,not estimable,not estimable,not estimable,50,0,0,0,not estimable,not estimable,not estimable
4,seed155921,Normal,104729,xgboost,50,50,0,50,0,1.0,0.0,1.0,not estimable,not estimable,not estimable,not estimable,not estimable,50,0,0,0,not estimable,not estimable,not estimable
4,seed155921,Normal,130363,hybrid,50,50,0,50,0,1.0,0.0,1.0,not estimable,not estimable,not estimable,not estimable,not estimable,50,0,0,0,not estimable,not estimable,not estimable
4,seed155921,Normal,130363,mlp,50,50,0,50,0,1.0,0.0,1.0,not estimable,not estimable,not estimable,not estimable,not estimable,50,0,0,0,not estimable,not estimable,not estimable
4,seed155921,Normal,130363,rf,50,50,0,50,0,1.0,0.0,1.0,not estimable,not estimable,not estimable,not estimable,not estimable,50,0,0,0,not estimable,not estimable,not estimable
4,seed155921,Normal,130363,xgboost,50,50,0,50,0,1.0,0.0,1.0,not estimable,not estimable,not estimable,not estimable,not estimable,50,0,0,0,not estimable,not estimable,not estimable
4,seed155921,Normal,155921,hybrid,50,50,0,50,0,1.0,0.0,1.0,not estimable,not estimable,not estimable,not estimable,not estimable,50,0,0,0,not estimable,not estimable,not estimable
4,seed155921,Normal,155921,mlp,50,50,0,50,0,1.0,0.0,1.0,not estimable,not estimable,not estimable,not estimable,not estimable,50,0,0,0,not estimable,not estimable,not estimable
4,seed155921,Normal,155921,rf,50,50,0,50,0,1.0,0.0,1.0,not estimable,not estimable,not estimable,not estimable,not estimable,50,0,0,0,not estimable,not estimable,not estimable
4,seed155921,Normal,155921,xgboost,50,50,0,50,0,1.0,0.0,1.0,not estimable,not estimable,not estimable,not estimable,not estimable,50,0,0,0,not estimable,not estimable,not estimable
4,seed155921,Normal,181081,hybrid,50,50,0,50,0,1.0,0.0,1.0,not estimable,not estimable,not estimable,not estimable,not estimable,50,0,0,0,not estimable,not estimable,not estimable
4,seed155921,Normal,181081,mlp,50,50,0,50,0,1.0,0.0,1.0,not estimable,not estimable,not estimable,not estimable,not estimable,50,0,0,0,not estimable,not estimable,not estimable
4,seed155921,Normal,181081,rf,50,50,0,50,0,1.0,0.0,1.0,not estimable,not estimable,not estimable,not estimable,not estimable,50,0,0,0,not estimable,not estimable,not estimable
4,seed155921,Normal,181081,xgboost,50,50,0,50,0,1.0,0.0,1.0,not estimable,not estimable,not estimable,not estimable,not estimable,50,0,0,0,not estimable,not estimable,not estimable
4,seed155921,Normal,206369,hybrid,50,50,0,50,0,1.0,0.0,1.0,not estimable,not estimable,not estimable,not estimable,not estimable,50,0,0,0,not estimable,not estimable,not estimable
4,seed155921,Normal,206369,mlp,50,50,0,50,0,1.0,0.0,1.0,not estimable,not estimable,not estimable,not estimable,not estimable,50,0,0,0,not estimable,not estimable,not estimable
4,seed155921,Normal,206369,rf,50,50,0,50,0,1.0,0.0,1.0,not estimable,not estimable,not estimable,not estimable,not estimable,50,0,0,0,not estimable,not estimable,not estimable
4,seed155921,Normal,206369,xgboost,50,50,0,50,0,1.0,0.0,1.0,not estimable,not estimable,not estimable,not estimable,not estimable,50,0,0,0,not estimable,not estimable,not estimable
4,seed155921,Normal,231701,hybrid,50,50,0,50,0,1.0,0.0,1.0,not estimable,not estimable,not estimable,not estimable,not estimable,50,0,0,0,not estimable,not estimable,not estimable
4,seed155921,Normal,231701,mlp,50,50,0,50,0,1.0,0.0,1.0,not estimable,not estimable,not estimable,not estimable,not estimable,50,0,0,0,not estimable,not estimable,not estimable
4,seed155921,Normal,231701,rf,50,50,0,50,0,1.0,0.0,1.0,not estimable,not estimable,not estimable,not estimable,not estimable,50,0,0,0,not estimable,not estimable,not estimable
4,seed155921,Normal,231701,xgboost,50,50,0,50,0,1.0,0.0,1.0,not estimable,not estimable,not estimable,not estimable,not estimable,50,0,0,0,not estimable,not estimable,not estimable
4,seed155921,Normal,257053,hybrid,50,50,0,50,0,1.0,0.0,1.0,not estimable,not estimable,not estimable,not estimable,not estimable,50,0,0,0,not estimable,not estimable,not estimable
4,seed155921,Normal,257053,mlp,50,50,0,50,0,1.0,0.0,1.0,not estimable,not estimable,not estimable,not estimable,not estimable,50,0,0,0,not estimable,not estimable,not estimable
4,seed155921,Normal,257053,rf,50,50,0,50,0,1.0,0.0,1.0,not estimable,not estimable,not estimable,not estimable,not estimable,50,0,0,0,not estimable,not estimable,not estimable
4,seed155921,Normal,257053,xgboost,50,50,0,50,0,1.0,0.0,1.0,not estimable,not estimable,not estimable,not estimable,not estimable,50,0,0,0,not estimable,not estimable,not estimable
4,seed155921,Normal,282427,hybrid,50,50,0,50,0,1.0,0.0,1.0,not estimable,not estimable,not estimable,not estimable,not estimable,50,0,0,0,not estimable,not estimable,not estimable
4,seed155921,Normal,282427,mlp,50,50,0,50,0,1.0,0.0,1.0,not estimable,not estimable,not estimable,not estimable,not estimable,50,0,0,0,not estimable,not estimable,not estimable
4,seed155921,Normal,282427,rf,50,50,0,50,0,1.0,0.0,1.0,not estimable,not estimable,not estimable,not estimable,not estimable,50,0,0,0,not estimable,not estimable,not estimable
4,seed155921,Normal,282427,xgboost,50,50,0,50,0,1.0,0.0,1.0,not estimable,not estimable,not estimable,not estimable,not estimable,50,0,0,0,not estimable,not estimable,not estimable
4,seed155921,Normal,307759,hybrid,50,50,0,50,0,1.0,0.0,1.0,not estimable,not estimable,not estimable,not estimable,not estimable,50,0,0,0,not estimable,not estimable,not estimable
4,seed155921,Normal,307759,mlp,50,50,0,50,0,1.0,0.0,1.0,not estimable,not estimable,not estimable,not estimable,not estimable,50,0,0,0,not estimable,not estimable,not estimable
4,seed155921,Normal,307759,rf,50,50,0,50,0,1.0,0.0,1.0,not estimable,not estimable,not estimable,not estimable,not estimable,50,0,0,0,not estimable,not estimable,not estimable
4,seed155921,Normal,307759,xgboost,50,50,0,50,0,1.0,0.0,1.0,not estimable,not estimable,not estimable,not estimable,not estimable,50,0,0,0,not estimable,not estimable,not estimable
4,seed155921,Normal,333019,hybrid,50,50,0,50,0,1.0,0.0,1.0,not estimable,not estimable,not estimable,not estimable,not estimable,50,0,0,0,not estimable,not estimable,not estimable
4,seed155921,Normal,333019,mlp,50,50,0,50,0,1.0,0.0,1.0,not estimable,not estimable,not estimable,not estimable,not estimable,50,0,0,0,not estimable,not estimable,not estimable
4,seed155921,Normal,333019,rf,50,50,0,50,0,1.0,0.0,1.0,not estimable,not estimable,not estimable,not estimable,not estimable,50,0,0,0,not estimable,not estimable,not estimable
4,seed155921,Normal,333019,xgboost,50,50,0,50,0,1.0,0.0,1.0,not estimable,not estimable,not estimable,not estimable,not estimable,50,0,0,0,not estimable,not estimable,not estimable
4,seed155921,SYNFlood,104729,hybrid,850,50,800,850,0,1.0,0.0,0.058823529411764705,not estimable,0.0,0.0,0.5,not estimable,50,0,800,0,0.5,0.06763749841057076,0.9665906239026092
4,seed155921,SYNFlood,104729,mlp,850,50,800,849,1,0.9988235294117647,0.001176470588235294,0.06,1.0,0.00125,0.0024968789013732834,0.500625,0.008579977788182253,50,0,799,1,1.0,1.0,1.0
4,seed155921,SYNFlood,104729,rf,850,50,800,850,0,1.0,0.0,0.058823529411764705,not estimable,0.0,0.0,0.5,not estimable,50,0,800,0,0.0,0.05767202761254314,0.898781489652948
4,seed155921,SYNFlood,104729,xgboost,850,50,800,850,0,1.0,0.0,0.058823529411764705,not estimable,0.0,0.0,0.5,not estimable,50,0,800,0,0.0,0.05773713018776415,0.9127838076010485
4,seed155921,SYNFlood,130363,hybrid,850,50,800,850,0,1.0,0.0,0.058823529411764705,not estimable,0.0,0.0,0.5,not estimable,50,0,800,0,0.0,0.03408385259093356,0.8820972273907667
4,seed155921,SYNFlood,130363,mlp,850,50,800,850,0,1.0,0.0,0.058823529411764705,not estimable,0.0,0.0,0.5,not estimable,50,0,800,0,0.0,0.03408385259093356,0.8813867431243666
4,seed155921,SYNFlood,130363,rf,850,50,800,850,0,1.0,0.0,0.058823529411764705,not estimable,0.0,0.0,0.5,not estimable,50,0,800,0,0.0,0.04669794298087333,0.8861184059014304
4,seed155921,SYNFlood,130363,xgboost,850,50,800,850,0,1.0,0.0,0.058823529411764705,not estimable,0.0,0.0,0.5,not estimable,50,0,800,0,0.0,0.04669794298087333,0.9146620014228418
4,seed155921,SYNFlood,155921,hybrid,850,50,800,850,0,1.0,0.0,0.058823529411764705,not estimable,0.0,0.0,0.5,not estimable,50,0,800,0,0.5,0.06784699042358833,0.9665906239026092
4,seed155921,SYNFlood,155921,mlp,850,50,800,850,0,1.0,0.0,0.058823529411764705,not estimable,0.0,0.0,0.5,not estimable,50,0,800,0,1.0,1.0,1.0
4,seed155921,SYNFlood,155921,rf,850,50,800,850,0,1.0,0.0,0.058823529411764705,not estimable,0.0,0.0,0.5,not estimable,50,0,800,0,0.0,0.05546858807124742,0.8996789935648821
4,seed155921,SYNFlood,155921,xgboost,850,50,800,850,0,1.0,0.0,0.058823529411764705,not estimable,0.0,0.0,0.5,not estimable,50,0,800,0,0.0,0.05773713018776415,0.9127838076010485
4,seed155921,SYNFlood,181081,hybrid,850,50,800,850,0,1.0,0.0,0.058823529411764705,not estimable,0.0,0.0,0.5,not estimable,50,0,800,0,0.5,0.06792206676611917,0.9665906239026092
4,seed155921,SYNFlood,181081,mlp,850,50,800,849,1,0.9988235294117647,0.001176470588235294,0.06,1.0,0.00125,0.0024968789013732834,0.500625,0.008579977788182253,50,0,799,1,1.0,1.0,1.0
4,seed155921,SYNFlood,181081,rf,850,50,800,850,0,1.0,0.0,0.058823529411764705,not estimable,0.0,0.0,0.5,not estimable,50,0,800,0,0.0,0.05773713018776415,0.9127602404818932
4,seed155921,SYNFlood,181081,xgboost,850,50,800,850,0,1.0,0.0,0.058823529411764705,not estimable,0.0,0.0,0.5,not estimable,50,0,800,0,0.0,0.05773713018776415,0.9127838076010485
4,seed155921,SYNFlood,206369,hybrid,850,50,800,850,0,1.0,0.0,0.058823529411764705,not estimable,0.0,0.0,0.5,not estimable,50,0,800,0,0.5,0.06763676684187259,0.9665906239026092
4,seed155921,SYNFlood,206369,mlp,850,50,800,849,1,0.9988235294117647,0.001176470588235294,0.06,1.0,0.00125,0.0024968789013732834,0.500625,0.008579977788182253,50,0,799,1,0.5,0.06763676684187259,0.9665906239026092
4,seed155921,SYNFlood,206369,rf,850,50,800,850,0,1.0,0.0,0.058823529411764705,not estimable,0.0,0.0,0.5,not estimable,50,0,800,0,0.0,0.05773713018776415,0.8877427982693838
4,seed155921,SYNFlood,206369,xgboost,850,50,800,850,0,1.0,0.0,0.058823529411764705,not estimable,0.0,0.0,0.5,not estimable,50,0,800,0,0.0,0.05773713018776415,0.9127838076010485
4,seed155921,SYNFlood,231701,hybrid,850,50,800,850,0,1.0,0.0,0.058823529411764705,not estimable,0.0,0.0,0.5,not estimable,50,0,800,0,0.5,0.06784699042358833,0.9665906239026092
4,seed155921,SYNFlood,231701,mlp,850,50,800,848,2,0.9976470588235294,0.002352941176470588,0.0611764705882353,1.0,0.0025,0.004987531172069825,0.50125,0.012141073279465802,50,0,798,2,0.8876499999999999,0.7450957355936658,0.9922692772142317
4,seed155921,SYNFlood,231701,rf,850,50,800,850,0,1.0,0.0,0.058823529411764705,not estimable,0.0,0.0,0.5,not estimable,50,0,800,0,0.0,0.055528282460204366,0.886698478637806
4,seed155921,SYNFlood,231701,xgboost,850,50,800,850,0,1.0,0.0,0.058823529411764705,not estimable,0.0,0.0,0.5,not estimable,50,0,800,0,0.0,0.05773713018776415,0.9127838076010485
4,seed155921,SYNFlood,257053,hybrid,850,50,800,850,0,1.0,0.0,0.058823529411764705,not estimable,0.0,0.0,0.5,not estimable,50,0,800,0,0.0012499999999999998,0.03535103400457761,0.882612233320445
4,seed155921,SYNFlood,257053,mlp,850,50,800,849,1,0.9988235294117647,0.001176470588235294,0.06,1.0,0.00125,0.0024968789013732834,0.500625,0.008579977788182253,50,0,799,1,0.5,0.06763676684187259,0.9665906239026092
4,seed155921,SYNFlood,257053,rf,850,50,800,850,0,1.0,0.0,0.058823529411764705,not estimable,0.0,0.0,0.5,not estimable,50,0,800,0,0.0,0.05767202761254314,0.8988759849734286
4,seed155921,SYNFlood,257053,xgboost,850,50,800,850,0,1.0,0.0,0.058823529411764705,not estimable,0.0,0.0,0.5,not estimable,50,0,800,0,0.0,0.05773713018776415,0.9127838076010485
4,seed155921,SYNFlood,282427,hybrid,850,50,800,850,0,1.0,0.0,0.058823529411764705,not estimable,0.0,0.0,0.5,not estimable,50,0,800,0,0.5,0.06792206676611917,0.9665906239026092
4,seed155921,SYNFlood,282427,mlp,850,50,800,849,1,0.9988235294117647,0.001176470588235294,0.06,1.0,0.00125,0.0024968789013732834,0.500625,0.008579977788182253,50,0,799,1,1.0,1.0,1.0
4,seed155921,SYNFlood,282427,rf,850,50,800,850,0,1.0,0.0,0.058823529411764705,not estimable,0.0,0.0,0.5,not estimable,50,0,800,0,0.0,0.05564563564525772,0.9146620014228418
4,seed155921,SYNFlood,282427,xgboost,850,50,800,850,0,1.0,0.0,0.058823529411764705,not estimable,0.0,0.0,0.5,not estimable,50,0,800,0,0.0,0.05773713018776415,0.9127838076010485
4,seed155921,SYNFlood,307759,hybrid,850,50,800,850,0,1.0,0.0,0.058823529411764705,not estimable,0.0,0.0,0.5,not estimable,50,0,800,0,0.0,0.0340446759059214,0.8939393157232057
4,seed155921,SYNFlood,307759,mlp,850,50,800,850,0,1.0,0.0,0.058823529411764705,not estimable,0.0,0.0,0.5,not estimable,50,0,800,0,0.5,0.06540621692944698,0.9665906239026092
4,seed155921,SYNFlood,307759,rf,850,50,800,850,0,1.0,0.0,0.058823529411764705,not estimable,0.0,0.0,0.5,not estimable,50,0,800,0,0.0,0.04669794298087333,0.8979369271147142
4,seed155921,SYNFlood,307759,xgboost,850,50,800,850,0,1.0,0.0,0.058823529411764705,not estimable,0.0,0.0,0.5,not estimable,50,0,800,0,0.0,0.04669794298087333,0.9146620014228418
4,seed155921,SYNFlood,333019,hybrid,850,50,800,850,0,1.0,0.0,0.058823529411764705,not estimable,0.0,0.0,0.5,not estimable,50,0,800,0,0.0,0.03538388311892567,0.8820972273907667
4,seed155921,SYNFlood,333019,mlp,850,50,800,850,0,1.0,0.0,0.058823529411764705,not estimable,0.0,0.0,0.5,not estimable,50,0,800,0,0.0,0.03538388311892567,0.8956813821733738
4,seed155921,SYNFlood,333019,rf,850,50,800,850,0,1.0,0.0,0.058823529411764705,not estimable,0.0,0.0,0.5,not estimable,50,0,800,0,0.0,0.058823529411764705,0.8861184059014304
4,seed155921,SYNFlood,333019,xgboost,850,50,800,850,0,1.0,0.0,0.058823529411764705,not estimable,0.0,0.0,0.5,not estimable,50,0,800,0,0.05955,0.053525097080396954,0.9206584783133743
4,seed155921,UDPFlood,104729,hybrid,73,53,20,52,21,0.7123287671232876,0.2876712328767123,0.9863013698630136,0.9523809523809523,1.0,0.975609756097561,0.9905660377358491,0.9666496265189555,52,1,0,20,1.0,1.0,1.0
4,seed155921,UDPFlood,104729,mlp,73,53,20,51,22,0.6986301369863014,0.3013698630136986,0.9726027397260274,0.9090909090909091,1.0,0.9523809523809523,0.9811320754716981,0.9352997336505148,51,2,0,20,1.0,1.0,1.0
4,seed155921,UDPFlood,104729,rf,73,53,20,52,21,0.7123287671232876,0.2876712328767123,0.9863013698630136,0.9523809523809523,1.0,0.975609756097561,0.9905660377358491,0.9666496265189555,52,1,0,20,1.0,1.0,1.0
4,seed155921,UDPFlood,104729,xgboost,73,53,20,53,20,0.726027397260274,0.273972602739726,1.0,1.0,1.0,1.0,1.0,1.0,53,0,0,20,1.0,1.0,1.0
4,seed155921,UDPFlood,130363,hybrid,73,53,20,53,20,0.726027397260274,0.273972602739726,1.0,1.0,1.0,1.0,1.0,1.0,53,0,0,20,1.0,1.0,1.0000000000000002
4,seed155921,UDPFlood,130363,mlp,73,53,20,53,20,0.726027397260274,0.273972602739726,1.0,1.0,1.0,1.0,1.0,1.0,53,0,0,20,1.0,1.0,1.0
4,seed155921,UDPFlood,130363,rf,73,53,20,52,21,0.7123287671232876,0.2876712328767123,0.9863013698630136,0.9523809523809523,1.0,0.975609756097561,0.9905660377358491,0.9666496265189555,52,1,0,20,1.0,1.0,1.0
4,seed155921,UDPFlood,130363,xgboost,73,53,20,53,20,0.726027397260274,0.273972602739726,1.0,1.0,1.0,1.0,1.0,1.0,53,0,0,20,1.0,1.0,1.0
4,seed155921,UDPFlood,155921,hybrid,73,53,20,52,21,0.7123287671232876,0.2876712328767123,0.9863013698630136,0.9523809523809523,1.0,0.975609756097561,0.9905660377358491,0.9666496265189555,52,1,0,20,1.0,1.0,1.0
4,seed155921,UDPFlood,155921,mlp,73,53,20,71,2,0.9726027397260274,0.0273972602739726,0.6986301369863014,0.0,0.0,0.0,0.4811320754716981,-0.1031010021079477,51,2,20,0,0.0,0.5392493265454169,0.273972602739726
4,seed155921,UDPFlood,155921,rf,73,53,20,52,21,0.7123287671232876,0.2876712328767123,0.9863013698630136,0.9523809523809523,1.0,0.975609756097561,0.9905660377358491,0.9666496265189555,52,1,0,20,1.0,1.0,1.0
4,seed155921,UDPFlood,155921,xgboost,73,53,20,53,20,0.726027397260274,0.273972602739726,1.0,1.0,1.0,1.0,1.0,1.0,53,0,0,20,1.0,1.0,1.0
4,seed155921,UDPFlood,181081,hybrid,73,53,20,52,21,0.7123287671232876,0.2876712328767123,0.9863013698630136,0.9523809523809523,1.0,0.975609756097561,0.9905660377358491,0.9666496265189555,52,1,0,20,1.0,1.0,1.0
4,seed155921,UDPFlood,181081,mlp,73,53,20,71,2,0.9726027397260274,0.0273972602739726,0.6986301369863014,0.0,0.0,0.0,0.4811320754716981,-0.1031010021079477,51,2,20,0,0.0,0.5378180116547939,0.273972602739726
4,seed155921,UDPFlood,181081,rf,73,53,20,52,21,0.7123287671232876,0.2876712328767123,0.9863013698630136,0.9523809523809523,1.0,0.975609756097561,0.9905660377358491,0.9666496265189555,52,1,0,20,1.0,1.0,1.0
4,seed155921,UDPFlood,181081,xgboost,73,53,20,53,20,0.726027397260274,0.273972602739726,1.0,1.0,1.0,1.0,1.0,1.0,53,0,0,20,1.0,1.0,1.0
4,seed155921,UDPFlood,206369,hybrid,73,53,20,52,21,0.7123287671232876,0.2876712328767123,0.9863013698630136,0.9523809523809523,1.0,0.975609756097561,0.9905660377358491,0.9666496265189555,52,1,0,20,1.0,1.0,1.0
4,seed155921,UDPFlood,206369,mlp,73,53,20,51,22,0.6986301369863014,0.3013698630136986,0.9726027397260274,0.9090909090909091,1.0,0.9523809523809523,0.9811320754716981,0.9352997336505148,51,2,0,20,1.0,1.0,1.0
4,seed155921,UDPFlood,206369,rf,73,53,20,52,21,0.7123287671232876,0.2876712328767123,0.9863013698630136,0.9523809523809523,1.0,0.975609756097561,0.9905660377358491,0.9666496265189555,52,1,0,20,1.0,1.0,1.0
4,seed155921,UDPFlood,206369,xgboost,73,53,20,53,20,0.726027397260274,0.273972602739726,1.0,1.0,1.0,1.0,1.0,1.0,53,0,0,20,1.0,1.0,1.0
4,seed155921,UDPFlood,231701,hybrid,73,53,20,52,21,0.7123287671232876,0.2876712328767123,0.9863013698630136,0.9523809523809523,1.0,0.975609756097561,0.9905660377358491,0.9666496265189555,52,1,0,20,1.0,1.0,1.0
4,seed155921,UDPFlood,231701,mlp,73,53,20,71,2,0.9726027397260274,0.0273972602739726,0.6986301369863014,0.0,0.0,0.0,0.4811320754716981,-0.1031010021079477,51,2,20,0,0.0,0.5401829567653473,0.273972602739726
4,seed155921,UDPFlood,231701,rf,73,53,20,52,21,0.7123287671232876,0.2876712328767123,0.9863013698630136,0.9523809523809523,1.0,0.975609756097561,0.9905660377358491,0.9666496265189555,52,1,0,20,1.0,1.0,1.0
4,seed155921,UDPFlood,231701,xgboost,73,53,20,53,20,0.726027397260274,0.273972602739726,1.0,1.0,1.0,1.0,1.0,1.0,53,0,0,20,1.0,1.0,1.0
4,seed155921,UDPFlood,257053,hybrid,73,53,20,52,21,0.7123287671232876,0.2876712328767123,0.9863013698630136,0.9523809523809523,1.0,0.975609756097561,0.9905660377358491,0.9666496265189555,52,1,0,20,1.0,1.0,1.0000000000000002
4,seed155921,UDPFlood,257053,mlp,73,53,20,70,3,0.958904109589041,0.0410958904109589,0.684931506849315,0.0,0.0,0.0,0.4716981132075472,-0.1271711710197892,50,3,20,0,0.0,0.5440919585755362,0.273972602739726
4,seed155921,UDPFlood,257053,rf,73,53,20,52,21,0.7123287671232876,0.2876712328767123,0.9863013698630136,0.9523809523809523,1.0,0.975609756097561,0.9905660377358491,0.9666496265189555,52,1,0,20,1.0,1.0,1.0000000000000002
4,seed155921,UDPFlood,257053,xgboost,73,53,20,53,20,0.726027397260274,0.273972602739726,1.0,1.0,1.0,1.0,1.0,1.0,53,0,0,20,1.0,1.0,1.0
4,seed155921,UDPFlood,282427,hybrid,73,53,20,52,21,0.7123287671232876,0.2876712328767123,0.9863013698630136,0.9523809523809523,1.0,0.975609756097561,0.9905660377358491,0.9666496265189555,52,1,0,20,1.0,1.0,1.0
4,seed155921,UDPFlood,282427,mlp,73,53,20,71,2,0.9726027397260274,0.0273972602739726,0.6986301369863014,0.0,0.0,0.0,0.4811320754716981,-0.1031010021079477,51,2,20,0,0.0,0.537667233494907,0.273972602739726
4,seed155921,UDPFlood,282427,rf,73,53,20,52,21,0.7123287671232876,0.2876712328767123,0.9863013698630136,0.9523809523809523,1.0,0.975609756097561,0.9905660377358491,0.9666496265189555,52,1,0,20,1.0,1.0,1.0
4,seed155921,UDPFlood,282427,xgboost,73,53,20,53,20,0.726027397260274,0.273972602739726,1.0,1.0,1.0,1.0,1.0,1.0,53,0,0,20,1.0,1.0,1.0
4,seed155921,UDPFlood,307759,hybrid,73,53,20,52,21,0.7123287671232876,0.2876712328767123,0.9863013698630136,0.9523809523809523,1.0,0.975609756097561,0.9905660377358491,0.9666496265189555,52,1,0,20,1.0,1.0,1.0
4,seed155921,UDPFlood,307759,mlp,73,53,20,50,23,0.684931506849315,0.3150684931506849,0.958904109589041,0.8695652173913043,1.0,0.9302325581395349,0.9716981132075472,0.9057287368239885,50,3,0,20,1.0,1.0,1.0
4,seed155921,UDPFlood,307759,rf,73,53,20,52,21,0.7123287671232876,0.2876712328767123,0.9863013698630136,0.9523809523809523,1.0,0.975609756097561,0.9905660377358491,0.9666496265189555,52,1,0,20,1.0,1.0,1.0000000000000002
4,seed155921,UDPFlood,307759,xgboost,73,53,20,53,20,0.726027397260274,0.273972602739726,1.0,1.0,1.0,1.0,1.0,1.0,53,0,0,20,1.0,1.0,1.0
4,seed155921,UDPFlood,333019,hybrid,73,53,20,53,20,0.726027397260274,0.273972602739726,1.0,1.0,1.0,1.0,1.0,1.0,53,0,0,20,1.0,1.0,1.0
4,seed155921,UDPFlood,333019,mlp,73,53,20,53,20,0.726027397260274,0.273972602739726,1.0,1.0,1.0,1.0,1.0,1.0,53,0,0,20,1.0,1.0,1.0
4,seed155921,UDPFlood,333019,rf,73,53,20,52,21,0.7123287671232876,0.2876712328767123,0.9863013698630136,0.9523809523809523,1.0,0.975609756097561,0.9905660377358491,0.9666496265189555,52,1,0,20,1.0,1.0,1.0
4,seed155921,UDPFlood,333019,xgboost,73,53,20,53,20,0.726027397260274,0.273972602739726,1.0,1.0,1.0,1.0,1.0,1.0,53,0,0,20,1.0,1.0,1.0
4,seed181081,DNSAmplification,104729,hybrid,60,50,10,50,10,0.8333333333333334,0.16666666666666666,1.0,1.0,1.0,1.0,1.0,1.0,50,0,0,10,1.0,1.0,1.0
4,seed181081,DNSAmplification,104729,mlp,60,50,10,50,10,0.8333333333333334,0.16666666666666666,1.0,1.0,1.0,1.0,1.0,1.0,50,0,0,10,1.0,1.0,1.0
4,seed181081,DNSAmplification,104729,rf,60,50,10,50,10,0.8333333333333334,0.16666666666666666,1.0,1.0,1.0,1.0,1.0,1.0,50,0,0,10,1.0,1.0,1.0
4,seed181081,DNSAmplification,104729,xgboost,60,50,10,50,10,0.8333333333333334,0.16666666666666666,1.0,1.0,1.0,1.0,1.0,1.0,50,0,0,10,1.0,1.0,1.0
4,seed181081,DNSAmplification,130363,hybrid,60,50,10,50,10,0.8333333333333334,0.16666666666666666,1.0,1.0,1.0,1.0,1.0,1.0,50,0,0,10,0.9999999999999999,1.0,1.0
4,seed181081,DNSAmplification,130363,mlp,60,50,10,50,10,0.8333333333333334,0.16666666666666666,1.0,1.0,1.0,1.0,1.0,1.0,50,0,0,10,0.9999999999999999,1.0,1.0
4,seed181081,DNSAmplification,130363,rf,60,50,10,50,10,0.8333333333333334,0.16666666666666666,1.0,1.0,1.0,1.0,1.0,1.0,50,0,0,10,1.0,1.0,1.0
4,seed181081,DNSAmplification,130363,xgboost,60,50,10,50,10,0.8333333333333334,0.16666666666666666,1.0,1.0,1.0,1.0,1.0,1.0,50,0,0,10,1.0,1.0,1.0
4,seed181081,DNSAmplification,155921,hybrid,60,50,10,50,10,0.8333333333333334,0.16666666666666666,1.0,1.0,1.0,1.0,1.0,1.0,50,0,0,10,1.0,1.0,1.0
4,seed181081,DNSAmplification,155921,mlp,60,50,10,60,0,1.0,0.0,0.8333333333333334,not estimable,0.0,0.0,0.5,not estimable,50,0,10,0,0.0,0.6876347939524172,0.16666666666666666
4,seed181081,DNSAmplification,155921,rf,60,50,10,50,10,0.8333333333333334,0.16666666666666666,1.0,1.0,1.0,1.0,1.0,1.0,50,0,0,10,1.0,1.0,1.0
4,seed181081,DNSAmplification,155921,xgboost,60,50,10,50,10,0.8333333333333334,0.16666666666666666,1.0,1.0,1.0,1.0,1.0,1.0,50,0,0,10,1.0,1.0,1.0
4,seed181081,DNSAmplification,181081,hybrid,60,50,10,50,10,0.8333333333333334,0.16666666666666666,1.0,1.0,1.0,1.0,1.0,1.0,50,0,0,10,1.0,1.0,1.0
4,seed181081,DNSAmplification,181081,mlp,60,50,10,60,0,1.0,0.0,0.8333333333333334,not estimable,0.0,0.0,0.5,not estimable,50,0,10,0,0.0,0.6876347939524172,0.16666666666666666
4,seed181081,DNSAmplification,181081,rf,60,50,10,50,10,0.8333333333333334,0.16666666666666666,1.0,1.0,1.0,1.0,1.0,1.0,50,0,0,10,1.0,1.0,1.0
4,seed181081,DNSAmplification,181081,xgboost,60,50,10,50,10,0.8333333333333334,0.16666666666666666,1.0,1.0,1.0,1.0,1.0,1.0,50,0,0,10,1.0,1.0,1.0
4,seed181081,DNSAmplification,206369,hybrid,60,50,10,50,10,0.8333333333333334,0.16666666666666666,1.0,1.0,1.0,1.0,1.0,1.0,50,0,0,10,1.0,1.0,1.0
4,seed181081,DNSAmplification,206369,mlp,60,50,10,50,10,0.8333333333333334,0.16666666666666666,1.0,1.0,1.0,1.0,1.0,1.0,50,0,0,10,1.0,1.0,1.0
4,seed181081,DNSAmplification,206369,rf,60,50,10,50,10,0.8333333333333334,0.16666666666666666,1.0,1.0,1.0,1.0,1.0,1.0,50,0,0,10,1.0,1.0,1.0
4,seed181081,DNSAmplification,206369,xgboost,60,50,10,50,10,0.8333333333333334,0.16666666666666666,1.0,1.0,1.0,1.0,1.0,1.0,50,0,0,10,1.0,1.0,1.0
4,seed181081,DNSAmplification,231701,hybrid,60,50,10,50,10,0.8333333333333334,0.16666666666666666,1.0,1.0,1.0,1.0,1.0,1.0,50,0,0,10,1.0,1.0,1.0
4,seed181081,DNSAmplification,231701,mlp,60,50,10,60,0,1.0,0.0,0.8333333333333334,not estimable,0.0,0.0,0.5,not estimable,50,0,10,0,0.0,0.6876347939524172,0.16666666666666666
4,seed181081,DNSAmplification,231701,rf,60,50,10,50,10,0.8333333333333334,0.16666666666666666,1.0,1.0,1.0,1.0,1.0,1.0,50,0,0,10,1.0,1.0,1.0
4,seed181081,DNSAmplification,231701,xgboost,60,50,10,50,10,0.8333333333333334,0.16666666666666666,1.0,1.0,1.0,1.0,1.0,1.0,50,0,0,10,1.0,1.0,1.0
4,seed181081,DNSAmplification,257053,hybrid,60,50,10,50,10,0.8333333333333334,0.16666666666666666,1.0,1.0,1.0,1.0,1.0,1.0,50,0,0,10,1.0,1.0,1.0
4,seed181081,DNSAmplification,257053,mlp,60,50,10,60,0,1.0,0.0,0.8333333333333334,not estimable,0.0,0.0,0.5,not estimable,50,0,10,0,0.0,0.6981486989289379,0.16666666666666666
4,seed181081,DNSAmplification,257053,rf,60,50,10,50,10,0.8333333333333334,0.16666666666666666,1.0,1.0,1.0,1.0,1.0,1.0,50,0,0,10,1.0,1.0,1.0
4,seed181081,DNSAmplification,257053,xgboost,60,50,10,50,10,0.8333333333333334,0.16666666666666666,1.0,1.0,1.0,1.0,1.0,1.0,50,0,0,10,1.0,1.0,1.0
4,seed181081,DNSAmplification,282427,hybrid,60,50,10,50,10,0.8333333333333334,0.16666666666666666,1.0,1.0,1.0,1.0,1.0,1.0,50,0,0,10,1.0,1.0,1.0
4,seed181081,DNSAmplification,282427,mlp,60,50,10,60,0,1.0,0.0,0.8333333333333334,not estimable,0.0,0.0,0.5,not estimable,50,0,10,0,0.0,0.6876347939524172,0.16666666666666666
4,seed181081,DNSAmplification,282427,rf,60,50,10,50,10,0.8333333333333334,0.16666666666666666,1.0,1.0,1.0,1.0,1.0,1.0,50,0,0,10,1.0,1.0,1.0
4,seed181081,DNSAmplification,282427,xgboost,60,50,10,50,10,0.8333333333333334,0.16666666666666666,1.0,1.0,1.0,1.0,1.0,1.0,50,0,0,10,1.0,1.0,1.0
4,seed181081,DNSAmplification,307759,hybrid,60,50,10,50,10,0.8333333333333334,0.16666666666666666,1.0,1.0,1.0,1.0,1.0,1.0,50,0,0,10,1.0,1.0,1.0
4,seed181081,DNSAmplification,307759,mlp,60,50,10,50,10,0.8333333333333334,0.16666666666666666,1.0,1.0,1.0,1.0,1.0,1.0,50,0,0,10,0.9999999999999999,1.0,1.0
4,seed181081,DNSAmplification,307759,rf,60,50,10,50,10,0.8333333333333334,0.16666666666666666,1.0,1.0,1.0,1.0,1.0,1.0,50,0,0,10,1.0,1.0,1.0
4,seed181081,DNSAmplification,307759,xgboost,60,50,10,50,10,0.8333333333333334,0.16666666666666666,1.0,1.0,1.0,1.0,1.0,1.0,50,0,0,10,1.0,1.0,1.0
4,seed181081,DNSAmplification,333019,hybrid,60,50,10,50,10,0.8333333333333334,0.16666666666666666,1.0,1.0,1.0,1.0,1.0,1.0,50,0,0,10,1.0,1.0,1.0
4,seed181081,DNSAmplification,333019,mlp,60,50,10,50,10,0.8333333333333334,0.16666666666666666,1.0,1.0,1.0,1.0,1.0,1.0,50,0,0,10,1.0,1.0,1.0
4,seed181081,DNSAmplification,333019,rf,60,50,10,50,10,0.8333333333333334,0.16666666666666666,1.0,1.0,1.0,1.0,1.0,1.0,50,0,0,10,1.0,1.0,1.0
4,seed181081,DNSAmplification,333019,xgboost,60,50,10,50,10,0.8333333333333334,0.16666666666666666,1.0,1.0,1.0,1.0,1.0,1.0,50,0,0,10,1.0,1.0,1.0
4,seed181081,Normal,104729,hybrid,50,50,0,50,0,1.0,0.0,1.0,not estimable,not estimable,not estimable,not estimable,not estimable,50,0,0,0,not estimable,not estimable,not estimable
4,seed181081,Normal,104729,mlp,50,50,0,50,0,1.0,0.0,1.0,not estimable,not estimable,not estimable,not estimable,not estimable,50,0,0,0,not estimable,not estimable,not estimable
4,seed181081,Normal,104729,rf,50,50,0,50,0,1.0,0.0,1.0,not estimable,not estimable,not estimable,not estimable,not estimable,50,0,0,0,not estimable,not estimable,not estimable
4,seed181081,Normal,104729,xgboost,50,50,0,50,0,1.0,0.0,1.0,not estimable,not estimable,not estimable,not estimable,not estimable,50,0,0,0,not estimable,not estimable,not estimable
4,seed181081,Normal,130363,hybrid,50,50,0,50,0,1.0,0.0,1.0,not estimable,not estimable,not estimable,not estimable,not estimable,50,0,0,0,not estimable,not estimable,not estimable
4,seed181081,Normal,130363,mlp,50,50,0,50,0,1.0,0.0,1.0,not estimable,not estimable,not estimable,not estimable,not estimable,50,0,0,0,not estimable,not estimable,not estimable
4,seed181081,Normal,130363,rf,50,50,0,50,0,1.0,0.0,1.0,not estimable,not estimable,not estimable,not estimable,not estimable,50,0,0,0,not estimable,not estimable,not estimable
4,seed181081,Normal,130363,xgboost,50,50,0,50,0,1.0,0.0,1.0,not estimable,not estimable,not estimable,not estimable,not estimable,50,0,0,0,not estimable,not estimable,not estimable
4,seed181081,Normal,155921,hybrid,50,50,0,50,0,1.0,0.0,1.0,not estimable,not estimable,not estimable,not estimable,not estimable,50,0,0,0,not estimable,not estimable,not estimable
4,seed181081,Normal,155921,mlp,50,50,0,50,0,1.0,0.0,1.0,not estimable,not estimable,not estimable,not estimable,not estimable,50,0,0,0,not estimable,not estimable,not estimable
4,seed181081,Normal,155921,rf,50,50,0,50,0,1.0,0.0,1.0,not estimable,not estimable,not estimable,not estimable,not estimable,50,0,0,0,not estimable,not estimable,not estimable
4,seed181081,Normal,155921,xgboost,50,50,0,50,0,1.0,0.0,1.0,not estimable,not estimable,not estimable,not estimable,not estimable,50,0,0,0,not estimable,not estimable,not estimable
4,seed181081,Normal,181081,hybrid,50,50,0,50,0,1.0,0.0,1.0,not estimable,not estimable,not estimable,not estimable,not estimable,50,0,0,0,not estimable,not estimable,not estimable
4,seed181081,Normal,181081,mlp,50,50,0,50,0,1.0,0.0,1.0,not estimable,not estimable,not estimable,not estimable,not estimable,50,0,0,0,not estimable,not estimable,not estimable
4,seed181081,Normal,181081,rf,50,50,0,50,0,1.0,0.0,1.0,not estimable,not estimable,not estimable,not estimable,not estimable,50,0,0,0,not estimable,not estimable,not estimable
4,seed181081,Normal,181081,xgboost,50,50,0,50,0,1.0,0.0,1.0,not estimable,not estimable,not estimable,not estimable,not estimable,50,0,0,0,not estimable,not estimable,not estimable
4,seed181081,Normal,206369,hybrid,50,50,0,50,0,1.0,0.0,1.0,not estimable,not estimable,not estimable,not estimable,not estimable,50,0,0,0,not estimable,not estimable,not estimable
4,seed181081,Normal,206369,mlp,50,50,0,50,0,1.0,0.0,1.0,not estimable,not estimable,not estimable,not estimable,not estimable,50,0,0,0,not estimable,not estimable,not estimable
4,seed181081,Normal,206369,rf,50,50,0,50,0,1.0,0.0,1.0,not estimable,not estimable,not estimable,not estimable,not estimable,50,0,0,0,not estimable,not estimable,not estimable
4,seed181081,Normal,206369,xgboost,50,50,0,50,0,1.0,0.0,1.0,not estimable,not estimable,not estimable,not estimable,not estimable,50,0,0,0,not estimable,not estimable,not estimable
4,seed181081,Normal,231701,hybrid,50,50,0,50,0,1.0,0.0,1.0,not estimable,not estimable,not estimable,not estimable,not estimable,50,0,0,0,not estimable,not estimable,not estimable
4,seed181081,Normal,231701,mlp,50,50,0,50,0,1.0,0.0,1.0,not estimable,not estimable,not estimable,not estimable,not estimable,50,0,0,0,not estimable,not estimable,not estimable
4,seed181081,Normal,231701,rf,50,50,0,50,0,1.0,0.0,1.0,not estimable,not estimable,not estimable,not estimable,not estimable,50,0,0,0,not estimable,not estimable,not estimable
4,seed181081,Normal,231701,xgboost,50,50,0,50,0,1.0,0.0,1.0,not estimable,not estimable,not estimable,not estimable,not estimable,50,0,0,0,not estimable,not estimable,not estimable
4,seed181081,Normal,257053,hybrid,50,50,0,50,0,1.0,0.0,1.0,not estimable,not estimable,not estimable,not estimable,not estimable,50,0,0,0,not estimable,not estimable,not estimable
4,seed181081,Normal,257053,mlp,50,50,0,50,0,1.0,0.0,1.0,not estimable,not estimable,not estimable,not estimable,not estimable,50,0,0,0,not estimable,not estimable,not estimable
4,seed181081,Normal,257053,rf,50,50,0,50,0,1.0,0.0,1.0,not estimable,not estimable,not estimable,not estimable,not estimable,50,0,0,0,not estimable,not estimable,not estimable
4,seed181081,Normal,257053,xgboost,50,50,0,50,0,1.0,0.0,1.0,not estimable,not estimable,not estimable,not estimable,not estimable,50,0,0,0,not estimable,not estimable,not estimable
4,seed181081,Normal,282427,hybrid,50,50,0,50,0,1.0,0.0,1.0,not estimable,not estimable,not estimable,not estimable,not estimable,50,0,0,0,not estimable,not estimable,not estimable
4,seed181081,Normal,282427,mlp,50,50,0,50,0,1.0,0.0,1.0,not estimable,not estimable,not estimable,not estimable,not estimable,50,0,0,0,not estimable,not estimable,not estimable
4,seed181081,Normal,282427,rf,50,50,0,50,0,1.0,0.0,1.0,not estimable,not estimable,not estimable,not estimable,not estimable,50,0,0,0,not estimable,not estimable,not estimable
4,seed181081,Normal,282427,xgboost,50,50,0,50,0,1.0,0.0,1.0,not estimable,not estimable,not estimable,not estimable,not estimable,50,0,0,0,not estimable,not estimable,not estimable
4,seed181081,Normal,307759,hybrid,50,50,0,50,0,1.0,0.0,1.0,not estimable,not estimable,not estimable,not estimable,not estimable,50,0,0,0,not estimable,not estimable,not estimable
4,seed181081,Normal,307759,mlp,50,50,0,50,0,1.0,0.0,1.0,not estimable,not estimable,not estimable,not estimable,not estimable,50,0,0,0,not estimable,not estimable,not estimable
4,seed181081,Normal,307759,rf,50,50,0,50,0,1.0,0.0,1.0,not estimable,not estimable,not estimable,not estimable,not estimable,50,0,0,0,not estimable,not estimable,not estimable
4,seed181081,Normal,307759,xgboost,50,50,0,50,0,1.0,0.0,1.0,not estimable,not estimable,not estimable,not estimable,not estimable,50,0,0,0,not estimable,not estimable,not estimable
4,seed181081,Normal,333019,hybrid,50,50,0,50,0,1.0,0.0,1.0,not estimable,not estimable,not estimable,not estimable,not estimable,50,0,0,0,not estimable,not estimable,not estimable
4,seed181081,Normal,333019,mlp,50,50,0,50,0,1.0,0.0,1.0,not estimable,not estimable,not estimable,not estimable,not estimable,50,0,0,0,not estimable,not estimable,not estimable
4,seed181081,Normal,333019,rf,50,50,0,50,0,1.0,0.0,1.0,not estimable,not estimable,not estimable,not estimable,not estimable,50,0,0,0,not estimable,not estimable,not estimable
4,seed181081,Normal,333019,xgboost,50,50,0,50,0,1.0,0.0,1.0,not estimable,not estimable,not estimable,not estimable,not estimable,50,0,0,0,not estimable,not estimable,not estimable
4,seed181081,SYNFlood,104729,hybrid,850,50,800,850,0,1.0,0.0,0.058823529411764705,not estimable,0.0,0.0,0.5,not estimable,50,0,800,0,0.5,0.06627674101402342,0.9658517323381611
4,seed181081,SYNFlood,104729,mlp,850,50,800,849,1,0.9988235294117647,0.001176470588235294,0.06,1.0,0.00125,0.0024968789013732834,0.500625,0.008579977788182253,50,0,799,1,1.0,1.0,1.0
4,seed181081,SYNFlood,104729,rf,850,50,800,850,0,1.0,0.0,0.058823529411764705,not estimable,0.0,0.0,0.5,not estimable,50,0,800,0,0.0,0.058823529411764705,0.8982975184966528
4,seed181081,SYNFlood,104729,xgboost,850,50,800,850,0,1.0,0.0,0.058823529411764705,not estimable,0.0,0.0,0.5,not estimable,50,0,800,0,0.0,0.058823529411764705,0.914909257318369
4,seed181081,SYNFlood,130363,hybrid,850,50,800,850,0,1.0,0.0,0.058823529411764705,not estimable,0.0,0.0,0.5,not estimable,50,0,800,0,0.0,0.03456782155353108,0.8824231949787675
4,seed181081,SYNFlood,130363,mlp,850,50,800,850,0,1.0,0.0,0.058823529411764705,not estimable,0.0,0.0,0.5,not estimable,50,0,800,0,0.0,0.03456782155353108,0.8816863310771716
4,seed181081,SYNFlood,130363,rf,850,50,800,850,0,1.0,0.0,0.058823529411764705,not estimable,0.0,0.0,0.5,not estimable,50,0,800,0,0.0,0.0495279593318809,0.887159697934724
4,seed181081,SYNFlood,130363,xgboost,850,50,800,850,0,1.0,0.0,0.058823529411764705,not estimable,0.0,0.0,0.5,not estimable,50,0,800,0,0.0,0.0495279593318809,0.914909257318369
4,seed181081,SYNFlood,155921,hybrid,850,50,800,850,0,1.0,0.0,0.058823529411764705,not estimable,0.0,0.0,0.5,not estimable,50,0,800,0,0.5,0.06624213487774117,0.9658517323381611
4,seed181081,SYNFlood,155921,mlp,850,50,800,850,0,1.0,0.0,0.058823529411764705,not estimable,0.0,0.0,0.5,not estimable,50,0,800,0,1.0,1.0,1.0
4,seed181081,SYNFlood,155921,rf,850,50,800,850,0,1.0,0.0,0.058823529411764705,not estimable,0.0,0.0,0.5,not estimable,50,0,800,0,0.0,0.05657033885873551,0.8982975184966528
4,seed181081,SYNFlood,155921,xgboost,850,50,800,850,0,1.0,0.0,0.058823529411764705,not estimable,0.0,0.0,0.5,not estimable,50,0,800,0,0.0,0.058823529411764705,0.914909257318369
4,seed181081,SYNFlood,181081,hybrid,850,50,800,850,0,1.0,0.0,0.058823529411764705,not estimable,0.0,0.0,0.5,not estimable,50,0,800,0,0.5,0.06630154130793378,0.9658517323381611
4,seed181081,SYNFlood,181081,mlp,850,50,800,849,1,0.9988235294117647,0.001176470588235294,0.06,1.0,0.00125,0.0024968789013732834,0.500625,0.008579977788182253,50,0,799,1,1.0,1.0,1.0
4,seed181081,SYNFlood,181081,rf,850,50,800,850,0,1.0,0.0,0.058823529411764705,not estimable,0.0,0.0,0.5,not estimable,50,0,800,0,0.0,0.058823529411764705,0.9138229653405534
4,seed181081,SYNFlood,181081,xgboost,850,50,800,850,0,1.0,0.0,0.058823529411764705,not estimable,0.0,0.0,0.5,not estimable,50,0,800,0,0.0,0.058823529411764705,0.914909257318369
4,seed181081,SYNFlood,206369,hybrid,850,50,800,850,0,1.0,0.0,0.058823529411764705,not estimable,0.0,0.0,0.5,not estimable,50,0,800,0,0.5,0.0662704819369089,0.9658517323381611
4,seed181081,SYNFlood,206369,mlp,850,50,800,849,1,0.9988235294117647,0.001176470588235294,0.06,1.0,0.00125,0.0024968789013732834,0.500625,0.008579977788182253,50,0,799,1,0.5,0.0662704819369089,0.9658517323381611
4,seed181081,SYNFlood,206369,rf,850,50,800,850,0,1.0,0.0,0.058823529411764705,not estimable,0.0,0.0,0.5,not estimable,50,0,800,0,0.0,0.058823529411764705,0.888045514217759
4,seed181081,SYNFlood,206369,xgboost,850,50,800,850,0,1.0,0.0,0.058823529411764705,not estimable,0.0,0.0,0.5,not estimable,50,0,800,0,0.0,0.058823529411764705,0.914909257318369
4,seed181081,SYNFlood,231701,hybrid,850,50,800,850,0,1.0,0.0,0.058823529411764705,not estimable,0.0,0.0,0.5,not estimable,50,0,800,0,0.5,0.06624213487774117,0.9658517323381611
4,seed181081,SYNFlood,231701,mlp,850,50,800,849,1,0.9988235294117647,0.001176470588235294,0.06,1.0,0.00125,0.0024968789013732834,0.500625,0.008579977788182253,50,0,799,1,0.8073,0.5631004420777965,0.9868611182432032
4,seed181081,SYNFlood,231701,rf,850,50,800,850,0,1.0,0.0,0.058823529411764705,not estimable,0.0,0.0,0.5,not estimable,50,0,800,0,0.0,0.05657033885873551,0.8879991230795627
4,seed181081,SYNFlood,231701,xgboost,850,50,800,850,0,1.0,0.0,0.058823529411764705,not estimable,0.0,0.0,0.5,not estimable,50,0,800,0,0.0,0.058823529411764705,0.914909257318369
4,seed181081,SYNFlood,257053,hybrid,850,50,800,850,0,1.0,0.0,0.058823529411764705,not estimable,0.0,0.0,0.5,not estimable,50,0,800,0,0.00125,0.03458963725857245,0.8829118212732501
4,seed181081,SYNFlood,257053,mlp,850,50,800,849,1,0.9988235294117647,0.001176470588235294,0.06,1.0,0.00125,0.0024968789013732834,0.500625,0.008579977788182253,50,0,799,1,0.5,0.0662704819369089,0.9658517323381611
4,seed181081,SYNFlood,257053,rf,850,50,800,850,0,1.0,0.0,0.058823529411764705,not estimable,0.0,0.0,0.5,not estimable,50,0,800,0,0.0,0.058823529411764705,0.8992174200786476
4,seed181081,SYNFlood,257053,xgboost,850,50,800,850,0,1.0,0.0,0.058823529411764705,not estimable,0.0,0.0,0.5,not estimable,50,0,800,0,0.0,0.058823529411764705,0.914909257318369
4,seed181081,SYNFlood,282427,hybrid,850,50,800,850,0,1.0,0.0,0.058823529411764705,not estimable,0.0,0.0,0.5,not estimable,50,0,800,0,0.5,0.06630154130793378,0.9658517323381611
4,seed181081,SYNFlood,282427,mlp,850,50,800,849,1,0.9988235294117647,0.001176470588235294,0.06,1.0,0.00125,0.0024968789013732834,0.500625,0.008579977788182253,50,0,799,1,1.0,1.0,1.0
4,seed181081,SYNFlood,282427,rf,850,50,800,850,0,1.0,0.0,0.058823529411764705,not estimable,0.0,0.0,0.5,not estimable,50,0,800,0,0.0,0.056692563817980025,0.9147855946155373
4,seed181081,SYNFlood,282427,xgboost,850,50,800,850,0,1.0,0.0,0.058823529411764705,not estimable,0.0,0.0,0.5,not estimable,50,0,800,0,0.0,0.058823529411764705,0.914909257318369
4,seed181081,SYNFlood,307759,hybrid,850,50,800,850,0,1.0,0.0,0.058823529411764705,not estimable,0.0,0.0,0.5,not estimable,50,0,800,0,0.0,0.03452142569000055,0.8935610155406963
4,seed181081,SYNFlood,307759,mlp,850,50,800,850,0,1.0,0.0,0.058823529411764705,not estimable,0.0,0.0,0.5,not estimable,50,0,800,0,0.5,0.06634285162443107,0.9658517323381611
4,seed181081,SYNFlood,307759,rf,850,50,800,850,0,1.0,0.0,0.058823529411764705,not estimable,0.0,0.0,0.5,not estimable,50,0,800,0,0.0,0.0495279593318809,0.8982975184966528
4,seed181081,SYNFlood,307759,xgboost,850,50,800,850,0,1.0,0.0,0.058823529411764705,not estimable,0.0,0.0,0.5,not estimable,50,0,800,0,0.0,0.0495279593318809,0.914909257318369
4,seed181081,SYNFlood,333019,hybrid,850,50,800,850,0,1.0,0.0,0.058823529411764705,not estimable,0.0,0.0,0.5,not estimable,50,0,800,0,0.0,0.03469754483870406,0.8824231949787675
4,seed181081,SYNFlood,333019,mlp,850,50,800,850,0,1.0,0.0,0.058823529411764705,not estimable,0.0,0.0,0.5,not estimable,50,0,800,0,0.0,0.03469754483870406,0.8944395926516444
4,seed181081,SYNFlood,333019,rf,850,50,800,850,0,1.0,0.0,0.058823529411764705,not estimable,0.0,0.0,0.5,not estimable,50,0,800,0,0.0,0.058823529411764705,0.887159697934724
4,seed181081,SYNFlood,333019,xgboost,850,50,800,850,0,1.0,0.0,0.058823529411764705,not estimable,0.0,0.0,0.5,not estimable,50,0,800,0,0.08977500000000004,0.05218651362984218,0.923974914587047
4,seed181081,UDPFlood,104729,hybrid,70,50,20,50,20,0.7142857142857143,0.2857142857142857,1.0,1.0,1.0,1.0,1.0,1.0,50,0,0,20,1.0,1.0,0.9999999999999999
4,seed181081,UDPFlood,104729,mlp,70,50,20,50,20,0.7142857142857143,0.2857142857142857,1.0,1.0,1.0,1.0,1.0,1.0,50,0,0,20,1.0,1.0,1.0
4,seed181081,UDPFlood,104729,rf,70,50,20,50,20,0.7142857142857143,0.2857142857142857,1.0,1.0,1.0,1.0,1.0,1.0,50,0,0,20,1.0,1.0,1.0
4,seed181081,UDPFlood,104729,xgboost,70,50,20,50,20,0.7142857142857143,0.2857142857142857,1.0,1.0,1.0,1.0,1.0,1.0,50,0,0,20,1.0,1.0,1.0
4,seed181081,UDPFlood,130363,hybrid,70,50,20,50,20,0.7142857142857143,0.2857142857142857,1.0,1.0,1.0,1.0,1.0,1.0,50,0,0,20,1.0,1.0,1.0
4,seed181081,UDPFlood,130363,mlp,70,50,20,50,20,0.7142857142857143,0.2857142857142857,1.0,1.0,1.0,1.0,1.0,1.0,50,0,0,20,1.0,1.0,1.0
4,seed181081,UDPFlood,130363,rf,70,50,20,50,20,0.7142857142857143,0.2857142857142857,1.0,1.0,1.0,1.0,1.0,1.0,50,0,0,20,1.0,1.0,1.0000000000000002
4,seed181081,UDPFlood,130363,xgboost,70,50,20,50,20,0.7142857142857143,0.2857142857142857,1.0,1.0,1.0,1.0,1.0,1.0,50,0,0,20,1.0,1.0,1.0
4,seed181081,UDPFlood,155921,hybrid,70,50,20,50,20,0.7142857142857143,0.2857142857142857,1.0,1.0,1.0,1.0,1.0,1.0,50,0,0,20,1.0,1.0,1.0
4,seed181081,UDPFlood,155921,mlp,70,50,20,70,0,1.0,0.0,0.7142857142857143,not estimable,0.0,0.0,0.5,not estimable,50,0,20,0,0.0,0.5291114050138395,0.2857142857142857
4,seed181081,UDPFlood,155921,rf,70,50,20,50,20,0.7142857142857143,0.2857142857142857,1.0,1.0,1.0,1.0,1.0,1.0,50,0,0,20,1.0,1.0,1.0000000000000002
4,seed181081,UDPFlood,155921,xgboost,70,50,20,50,20,0.7142857142857143,0.2857142857142857,1.0,1.0,1.0,1.0,1.0,1.0,50,0,0,20,1.0,1.0,1.0
4,seed181081,UDPFlood,181081,hybrid,70,50,20,50,20,0.7142857142857143,0.2857142857142857,1.0,1.0,1.0,1.0,1.0,1.0,50,0,0,20,1.0,1.0,1.0
4,seed181081,UDPFlood,181081,mlp,70,50,20,70,0,1.0,0.0,0.7142857142857143,not estimable,0.0,0.0,0.5,not estimable,50,0,20,0,0.0,0.5284466178150437,0.2857142857142857
4,seed181081,UDPFlood,181081,rf,70,50,20,50,20,0.7142857142857143,0.2857142857142857,1.0,1.0,1.0,1.0,1.0,1.0,50,0,0,20,1.0,1.0,1.0000000000000002
4,seed181081,UDPFlood,181081,xgboost,70,50,20,50,20,0.7142857142857143,0.2857142857142857,1.0,1.0,1.0,1.0,1.0,1.0,50,0,0,20,1.0,1.0,1.0
4,seed181081,UDPFlood,206369,hybrid,70,50,20,50,20,0.7142857142857143,0.2857142857142857,1.0,1.0,1.0,1.0,1.0,1.0,50,0,0,20,1.0,1.0,1.0
4,seed181081,UDPFlood,206369,mlp,70,50,20,50,20,0.7142857142857143,0.2857142857142857,1.0,1.0,1.0,1.0,1.0,1.0,50,0,0,20,1.0,0.9999999999999999,1.0
4,seed181081,UDPFlood,206369,rf,70,50,20,50,20,0.7142857142857143,0.2857142857142857,1.0,1.0,1.0,1.0,1.0,1.0,50,0,0,20,1.0,1.0,1.0000000000000002
4,seed181081,UDPFlood,206369,xgboost,70,50,20,50,20,0.7142857142857143,0.2857142857142857,1.0,1.0,1.0,1.0,1.0,1.0,50,0,0,20,1.0,1.0,1.0
4,seed181081,UDPFlood,231701,hybrid,70,50,20,50,20,0.7142857142857143,0.2857142857142857,1.0,1.0,1.0,1.0,1.0,1.0,50,0,0,20,1.0,1.0,1.0000000000000002
4,seed181081,UDPFlood,231701,mlp,70,50,20,70,0,1.0,0.0,0.7142857142857143,not estimable,0.0,0.0,0.5,not estimable,50,0,20,0,0.0,0.5319282425732641,0.2857142857142857
4,seed181081,UDPFlood,231701,rf,70,50,20,50,20,0.7142857142857143,0.2857142857142857,1.0,1.0,1.0,1.0,1.0,1.0,50,0,0,20,1.0,1.0,1.0000000000000002
4,seed181081,UDPFlood,231701,xgboost,70,50,20,50,20,0.7142857142857143,0.2857142857142857,1.0,1.0,1.0,1.0,1.0,1.0,50,0,0,20,1.0,1.0,1.0
4,seed181081,UDPFlood,257053,hybrid,70,50,20,50,20,0.7142857142857143,0.2857142857142857,1.0,1.0,1.0,1.0,1.0,1.0,50,0,0,20,1.0,1.0,1.0
4,seed181081,UDPFlood,257053,mlp,70,50,20,70,0,1.0,0.0,0.7142857142857143,not estimable,0.0,0.0,0.5,not estimable,50,0,20,0,0.0,0.5338915557126821,0.2857142857142857
4,seed181081,UDPFlood,257053,rf,70,50,20,50,20,0.7142857142857143,0.2857142857142857,1.0,1.0,1.0,1.0,1.0,1.0,50,0,0,20,1.0,1.0,1.0
4,seed181081,UDPFlood,257053,xgboost,70,50,20,50,20,0.7142857142857143,0.2857142857142857,1.0,1.0,1.0,1.0,1.0,1.0,50,0,0,20,1.0,1.0,1.0
4,seed181081,UDPFlood,282427,hybrid,70,50,20,50,20,0.7142857142857143,0.2857142857142857,1.0,1.0,1.0,1.0,1.0,1.0,50,0,0,20,1.0,1.0,1.0000000000000002
4,seed181081,UDPFlood,282427,mlp,70,50,20,70,0,1.0,0.0,0.7142857142857143,not estimable,0.0,0.0,0.5,not estimable,50,0,20,0,0.0,0.5281918647839544,0.2857142857142857
4,seed181081,UDPFlood,282427,rf,70,50,20,50,20,0.7142857142857143,0.2857142857142857,1.0,1.0,1.0,1.0,1.0,1.0,50,0,0,20,1.0,1.0,1.0
4,seed181081,UDPFlood,282427,xgboost,70,50,20,50,20,0.7142857142857143,0.2857142857142857,1.0,1.0,1.0,1.0,1.0,1.0,50,0,0,20,1.0,1.0,1.0
4,seed181081,UDPFlood,307759,hybrid,70,50,20,50,20,0.7142857142857143,0.2857142857142857,1.0,1.0,1.0,1.0,1.0,1.0,50,0,0,20,1.0,1.0,1.0
4,seed181081,UDPFlood,307759,mlp,70,50,20,50,20,0.7142857142857143,0.2857142857142857,1.0,1.0,1.0,1.0,1.0,1.0,50,0,0,20,1.0,1.0,1.0
4,seed181081,UDPFlood,307759,rf,70,50,20,50,20,0.7142857142857143,0.2857142857142857,1.0,1.0,1.0,1.0,1.0,1.0,50,0,0,20,1.0,1.0,1.0
4,seed181081,UDPFlood,307759,xgboost,70,50,20,50,20,0.7142857142857143,0.2857142857142857,1.0,1.0,1.0,1.0,1.0,1.0,50,0,0,20,1.0,1.0,1.0
4,seed181081,UDPFlood,333019,hybrid,70,50,20,50,20,0.7142857142857143,0.2857142857142857,1.0,1.0,1.0,1.0,1.0,1.0,50,0,0,20,1.0,1.0,1.0
4,seed181081,UDPFlood,333019,mlp,70,50,20,50,20,0.7142857142857143,0.2857142857142857,1.0,1.0,1.0,1.0,1.0,1.0,50,0,0,20,1.0,1.0,1.0
4,seed181081,UDPFlood,333019,rf,70,50,20,50,20,0.7142857142857143,0.2857142857142857,1.0,1.0,1.0,1.0,1.0,1.0,50,0,0,20,1.0,1.0,1.0000000000000002
4,seed181081,UDPFlood,333019,xgboost,70,50,20,50,20,0.7142857142857143,0.2857142857142857,1.0,1.0,1.0,1.0,1.0,1.0,50,0,0,20,1.0,1.0,1.0
4,seed206369,DNSAmplification,104729,hybrid,60,50,10,50,10,0.8333333333333334,0.16666666666666666,1.0,1.0,1.0,1.0,1.0,1.0,50,0,0,10,1.0,1.0,1.0
4,seed206369,DNSAmplification,104729,mlp,60,50,10,50,10,0.8333333333333334,0.16666666666666666,1.0,1.0,1.0,1.0,1.0,1.0,50,0,0,10,1.0,1.0,1.0
4,seed206369,DNSAmplification,104729,rf,60,50,10,50,10,0.8333333333333334,0.16666666666666666,1.0,1.0,1.0,1.0,1.0,1.0,50,0,0,10,1.0,1.0,1.0
4,seed206369,DNSAmplification,104729,xgboost,60,50,10,50,10,0.8333333333333334,0.16666666666666666,1.0,1.0,1.0,1.0,1.0,1.0,50,0,0,10,1.0,1.0,1.0
4,seed206369,DNSAmplification,130363,hybrid,60,50,10,50,10,0.8333333333333334,0.16666666666666666,1.0,1.0,1.0,1.0,1.0,1.0,50,0,0,10,1.0,1.0,1.0
4,seed206369,DNSAmplification,130363,mlp,60,50,10,50,10,0.8333333333333334,0.16666666666666666,1.0,1.0,1.0,1.0,1.0,1.0,50,0,0,10,1.0,1.0,1.0
4,seed206369,DNSAmplification,130363,rf,60,50,10,50,10,0.8333333333333334,0.16666666666666666,1.0,1.0,1.0,1.0,1.0,1.0,50,0,0,10,1.0,1.0,1.0
4,seed206369,DNSAmplification,130363,xgboost,60,50,10,50,10,0.8333333333333334,0.16666666666666666,1.0,1.0,1.0,1.0,1.0,1.0,50,0,0,10,1.0,1.0,1.0
4,seed206369,DNSAmplification,155921,hybrid,60,50,10,50,10,0.8333333333333334,0.16666666666666666,1.0,1.0,1.0,1.0,1.0,1.0,50,0,0,10,0.9999999999999999,1.0,1.0
4,seed206369,DNSAmplification,155921,mlp,60,50,10,60,0,1.0,0.0,0.8333333333333334,not estimable,0.0,0.0,0.5,not estimable,50,0,10,0,0.0,0.6873404082106138,0.16666666666666666
4,seed206369,DNSAmplification,155921,rf,60,50,10,50,10,0.8333333333333334,0.16666666666666666,1.0,1.0,1.0,1.0,1.0,1.0,50,0,0,10,1.0,1.0,1.0
4,seed206369,DNSAmplification,155921,xgboost,60,50,10,50,10,0.8333333333333334,0.16666666666666666,1.0,1.0,1.0,1.0,1.0,1.0,50,0,0,10,1.0,1.0,1.0
4,seed206369,DNSAmplification,181081,hybrid,60,50,10,50,10,0.8333333333333334,0.16666666666666666,1.0,1.0,1.0,1.0,1.0,1.0,50,0,0,10,1.0,1.0,1.0
4,seed206369,DNSAmplification,181081,mlp,60,50,10,60,0,1.0,0.0,0.8333333333333334,not estimable,0.0,0.0,0.5,not estimable,50,0,10,0,0.0,0.6873404082106138,0.16666666666666666
4,seed206369,DNSAmplification,181081,rf,60,50,10,50,10,0.8333333333333334,0.16666666666666666,1.0,1.0,1.0,1.0,1.0,1.0,50,0,0,10,1.0,1.0,1.0
4,seed206369,DNSAmplification,181081,xgboost,60,50,10,50,10,0.8333333333333334,0.16666666666666666,1.0,1.0,1.0,1.0,1.0,1.0,50,0,0,10,1.0,1.0,1.0
4,seed206369,DNSAmplification,206369,hybrid,60,50,10,50,10,0.8333333333333334,0.16666666666666666,1.0,1.0,1.0,1.0,1.0,1.0,50,0,0,10,1.0,1.0,1.0
4,seed206369,DNSAmplification,206369,mlp,60,50,10,50,10,0.8333333333333334,0.16666666666666666,1.0,1.0,1.0,1.0,1.0,1.0,50,0,0,10,1.0,1.0,1.0
4,seed206369,DNSAmplification,206369,rf,60,50,10,50,10,0.8333333333333334,0.16666666666666666,1.0,1.0,1.0,1.0,1.0,1.0,50,0,0,10,1.0,1.0,1.0
4,seed206369,DNSAmplification,206369,xgboost,60,50,10,50,10,0.8333333333333334,0.16666666666666666,1.0,1.0,1.0,1.0,1.0,1.0,50,0,0,10,1.0,1.0,1.0
4,seed206369,DNSAmplification,231701,hybrid,60,50,10,50,10,0.8333333333333334,0.16666666666666666,1.0,1.0,1.0,1.0,1.0,1.0,50,0,0,10,1.0,1.0,1.0
4,seed206369,DNSAmplification,231701,mlp,60,50,10,60,0,1.0,0.0,0.8333333333333334,not estimable,0.0,0.0,0.5,not estimable,50,0,10,0,0.0,0.6874572989178026,0.16666666666666666
4,seed206369,DNSAmplification,231701,rf,60,50,10,50,10,0.8333333333333334,0.16666666666666666,1.0,1.0,1.0,1.0,1.0,1.0,50,0,0,10,1.0,1.0,0.9999999999999999
4,seed206369,DNSAmplification,231701,xgboost,60,50,10,50,10,0.8333333333333334,0.16666666666666666,1.0,1.0,1.0,1.0,1.0,1.0,50,0,0,10,1.0,1.0,1.0
4,seed206369,DNSAmplification,257053,hybrid,60,50,10,50,10,0.8333333333333334,0.16666666666666666,1.0,1.0,1.0,1.0,1.0,1.0,50,0,0,10,1.0,1.0,1.0
4,seed206369,DNSAmplification,257053,mlp,60,50,10,60,0,1.0,0.0,0.8333333333333334,not estimable,0.0,0.0,0.5,not estimable,50,0,10,0,0.0,0.6833054374675366,0.16666666666666666
4,seed206369,DNSAmplification,257053,rf,60,50,10,50,10,0.8333333333333334,0.16666666666666666,1.0,1.0,1.0,1.0,1.0,1.0,50,0,0,10,1.0,1.0,1.0
4,seed206369,DNSAmplification,257053,xgboost,60,50,10,50,10,0.8333333333333334,0.16666666666666666,1.0,1.0,1.0,1.0,1.0,1.0,50,0,0,10,1.0,1.0,1.0
4,seed206369,DNSAmplification,282427,hybrid,60,50,10,50,10,0.8333333333333334,0.16666666666666666,1.0,1.0,1.0,1.0,1.0,1.0,50,0,0,10,1.0,1.0,1.0
4,seed206369,DNSAmplification,282427,mlp,60,50,10,60,0,1.0,0.0,0.8333333333333334,not estimable,0.0,0.0,0.5,not estimable,50,0,10,0,0.0,0.6873404082106138,0.16666666666666666
4,seed206369,DNSAmplification,282427,rf,60,50,10,50,10,0.8333333333333334,0.16666666666666666,1.0,1.0,1.0,1.0,1.0,1.0,50,0,0,10,1.0,1.0,1.0
4,seed206369,DNSAmplification,282427,xgboost,60,50,10,50,10,0.8333333333333334,0.16666666666666666,1.0,1.0,1.0,1.0,1.0,1.0,50,0,0,10,1.0,1.0,1.0
4,seed206369,DNSAmplification,307759,hybrid,60,50,10,50,10,0.8333333333333334,0.16666666666666666,1.0,1.0,1.0,1.0,1.0,1.0,50,0,0,10,1.0,1.0,1.0
4,seed206369,DNSAmplification,307759,mlp,60,50,10,50,10,0.8333333333333334,0.16666666666666666,1.0,1.0,1.0,1.0,1.0,1.0,50,0,0,10,1.0,1.0,1.0
4,seed206369,DNSAmplification,307759,rf,60,50,10,50,10,0.8333333333333334,0.16666666666666666,1.0,1.0,1.0,1.0,1.0,1.0,50,0,0,10,1.0,1.0,1.0
4,seed206369,DNSAmplification,307759,xgboost,60,50,10,50,10,0.8333333333333334,0.16666666666666666,1.0,1.0,1.0,1.0,1.0,1.0,50,0,0,10,1.0,1.0,1.0
4,seed206369,DNSAmplification,333019,hybrid,60,50,10,50,10,0.8333333333333334,0.16666666666666666,1.0,1.0,1.0,1.0,1.0,1.0,50,0,0,10,1.0,1.0,1.0
4,seed206369,DNSAmplification,333019,mlp,60,50,10,50,10,0.8333333333333334,0.16666666666666666,1.0,1.0,1.0,1.0,1.0,1.0,50,0,0,10,1.0,1.0,1.0
4,seed206369,DNSAmplification,333019,rf,60,50,10,50,10,0.8333333333333334,0.16666666666666666,1.0,1.0,1.0,1.0,1.0,1.0,50,0,0,10,1.0,1.0,1.0
4,seed206369,DNSAmplification,333019,xgboost,60,50,10,50,10,0.8333333333333334,0.16666666666666666,1.0,1.0,1.0,1.0,1.0,1.0,50,0,0,10,1.0,1.0,1.0
4,seed206369,Normal,104729,hybrid,50,50,0,50,0,1.0,0.0,1.0,not estimable,not estimable,not estimable,not estimable,not estimable,50,0,0,0,not estimable,not estimable,not estimable
4,seed206369,Normal,104729,mlp,50,50,0,50,0,1.0,0.0,1.0,not estimable,not estimable,not estimable,not estimable,not estimable,50,0,0,0,not estimable,not estimable,not estimable
4,seed206369,Normal,104729,rf,50,50,0,50,0,1.0,0.0,1.0,not estimable,not estimable,not estimable,not estimable,not estimable,50,0,0,0,not estimable,not estimable,not estimable
4,seed206369,Normal,104729,xgboost,50,50,0,50,0,1.0,0.0,1.0,not estimable,not estimable,not estimable,not estimable,not estimable,50,0,0,0,not estimable,not estimable,not estimable
4,seed206369,Normal,130363,hybrid,50,50,0,50,0,1.0,0.0,1.0,not estimable,not estimable,not estimable,not estimable,not estimable,50,0,0,0,not estimable,not estimable,not estimable
4,seed206369,Normal,130363,mlp,50,50,0,50,0,1.0,0.0,1.0,not estimable,not estimable,not estimable,not estimable,not estimable,50,0,0,0,not estimable,not estimable,not estimable
4,seed206369,Normal,130363,rf,50,50,0,50,0,1.0,0.0,1.0,not estimable,not estimable,not estimable,not estimable,not estimable,50,0,0,0,not estimable,not estimable,not estimable
4,seed206369,Normal,130363,xgboost,50,50,0,50,0,1.0,0.0,1.0,not estimable,not estimable,not estimable,not estimable,not estimable,50,0,0,0,not estimable,not estimable,not estimable
4,seed206369,Normal,155921,hybrid,50,50,0,50,0,1.0,0.0,1.0,not estimable,not estimable,not estimable,not estimable,not estimable,50,0,0,0,not estimable,not estimable,not estimable
4,seed206369,Normal,155921,mlp,50,50,0,50,0,1.0,0.0,1.0,not estimable,not estimable,not estimable,not estimable,not estimable,50,0,0,0,not estimable,not estimable,not estimable
4,seed206369,Normal,155921,rf,50,50,0,50,0,1.0,0.0,1.0,not estimable,not estimable,not estimable,not estimable,not estimable,50,0,0,0,not estimable,not estimable,not estimable
4,seed206369,Normal,155921,xgboost,50,50,0,50,0,1.0,0.0,1.0,not estimable,not estimable,not estimable,not estimable,not estimable,50,0,0,0,not estimable,not estimable,not estimable
4,seed206369,Normal,181081,hybrid,50,50,0,50,0,1.0,0.0,1.0,not estimable,not estimable,not estimable,not estimable,not estimable,50,0,0,0,not estimable,not estimable,not estimable
4,seed206369,Normal,181081,mlp,50,50,0,50,0,1.0,0.0,1.0,not estimable,not estimable,not estimable,not estimable,not estimable,50,0,0,0,not estimable,not estimable,not estimable
4,seed206369,Normal,181081,rf,50,50,0,50,0,1.0,0.0,1.0,not estimable,not estimable,not estimable,not estimable,not estimable,50,0,0,0,not estimable,not estimable,not estimable
4,seed206369,Normal,181081,xgboost,50,50,0,50,0,1.0,0.0,1.0,not estimable,not estimable,not estimable,not estimable,not estimable,50,0,0,0,not estimable,not estimable,not estimable
4,seed206369,Normal,206369,hybrid,50,50,0,50,0,1.0,0.0,1.0,not estimable,not estimable,not estimable,not estimable,not estimable,50,0,0,0,not estimable,not estimable,not estimable
4,seed206369,Normal,206369,mlp,50,50,0,50,0,1.0,0.0,1.0,not estimable,not estimable,not estimable,not estimable,not estimable,50,0,0,0,not estimable,not estimable,not estimable
4,seed206369,Normal,206369,rf,50,50,0,50,0,1.0,0.0,1.0,not estimable,not estimable,not estimable,not estimable,not estimable,50,0,0,0,not estimable,not estimable,not estimable
4,seed206369,Normal,206369,xgboost,50,50,0,50,0,1.0,0.0,1.0,not estimable,not estimable,not estimable,not estimable,not estimable,50,0,0,0,not estimable,not estimable,not estimable
4,seed206369,Normal,231701,hybrid,50,50,0,50,0,1.0,0.0,1.0,not estimable,not estimable,not estimable,not estimable,not estimable,50,0,0,0,not estimable,not estimable,not estimable
4,seed206369,Normal,231701,mlp,50,50,0,50,0,1.0,0.0,1.0,not estimable,not estimable,not estimable,not estimable,not estimable,50,0,0,0,not estimable,not estimable,not estimable
4,seed206369,Normal,231701,rf,50,50,0,50,0,1.0,0.0,1.0,not estimable,not estimable,not estimable,not estimable,not estimable,50,0,0,0,not estimable,not estimable,not estimable
4,seed206369,Normal,231701,xgboost,50,50,0,50,0,1.0,0.0,1.0,not estimable,not estimable,not estimable,not estimable,not estimable,50,0,0,0,not estimable,not estimable,not estimable
4,seed206369,Normal,257053,hybrid,50,50,0,50,0,1.0,0.0,1.0,not estimable,not estimable,not estimable,not estimable,not estimable,50,0,0,0,not estimable,not estimable,not estimable
4,seed206369,Normal,257053,mlp,50,50,0,50,0,1.0,0.0,1.0,not estimable,not estimable,not estimable,not estimable,not estimable,50,0,0,0,not estimable,not estimable,not estimable
4,seed206369,Normal,257053,rf,50,50,0,50,0,1.0,0.0,1.0,not estimable,not estimable,not estimable,not estimable,not estimable,50,0,0,0,not estimable,not estimable,not estimable
4,seed206369,Normal,257053,xgboost,50,50,0,50,0,1.0,0.0,1.0,not estimable,not estimable,not estimable,not estimable,not estimable,50,0,0,0,not estimable,not estimable,not estimable
4,seed206369,Normal,282427,hybrid,50,50,0,50,0,1.0,0.0,1.0,not estimable,not estimable,not estimable,not estimable,not estimable,50,0,0,0,not estimable,not estimable,not estimable
4,seed206369,Normal,282427,mlp,50,50,0,50,0,1.0,0.0,1.0,not estimable,not estimable,not estimable,not estimable,not estimable,50,0,0,0,not estimable,not estimable,not estimable
4,seed206369,Normal,282427,rf,50,50,0,50,0,1.0,0.0,1.0,not estimable,not estimable,not estimable,not estimable,not estimable,50,0,0,0,not estimable,not estimable,not estimable
4,seed206369,Normal,282427,xgboost,50,50,0,50,0,1.0,0.0,1.0,not estimable,not estimable,not estimable,not estimable,not estimable,50,0,0,0,not estimable,not estimable,not estimable
4,seed206369,Normal,307759,hybrid,50,50,0,50,0,1.0,0.0,1.0,not estimable,not estimable,not estimable,not estimable,not estimable,50,0,0,0,not estimable,not estimable,not estimable
4,seed206369,Normal,307759,mlp,50,50,0,50,0,1.0,0.0,1.0,not estimable,not estimable,not estimable,not estimable,not estimable,50,0,0,0,not estimable,not estimable,not estimable
4,seed206369,Normal,307759,rf,50,50,0,50,0,1.0,0.0,1.0,not estimable,not estimable,not estimable,not estimable,not estimable,50,0,0,0,not estimable,not estimable,not estimable
4,seed206369,Normal,307759,xgboost,50,50,0,50,0,1.0,0.0,1.0,not estimable,not estimable,not estimable,not estimable,not estimable,50,0,0,0,not estimable,not estimable,not estimable
4,seed206369,Normal,333019,hybrid,50,50,0,50,0,1.0,0.0,1.0,not estimable,not estimable,not estimable,not estimable,not estimable,50,0,0,0,not estimable,not estimable,not estimable
4,seed206369,Normal,333019,mlp,50,50,0,50,0,1.0,0.0,1.0,not estimable,not estimable,not estimable,not estimable,not estimable,50,0,0,0,not estimable,not estimable,not estimable
4,seed206369,Normal,333019,rf,50,50,0,50,0,1.0,0.0,1.0,not estimable,not estimable,not estimable,not estimable,not estimable,50,0,0,0,not estimable,not estimable,not estimable
4,seed206369,Normal,333019,xgboost,50,50,0,50,0,1.0,0.0,1.0,not estimable,not estimable,not estimable,not estimable,not estimable,50,0,0,0,not estimable,not estimable,not estimable
4,seed206369,SYNFlood,104729,hybrid,850,50,800,850,0,1.0,0.0,0.058823529411764705,not estimable,0.0,0.0,0.5,not estimable,50,0,800,0,0.5,0.06751782389556131,0.9703809800427242
4,seed206369,SYNFlood,104729,mlp,850,50,800,850,0,1.0,0.0,0.058823529411764705,not estimable,0.0,0.0,0.5,not estimable,50,0,800,0,1.0,1.0,0.9999999999999999
4,seed206369,SYNFlood,104729,rf,850,50,800,850,0,1.0,0.0,0.058823529411764705,not estimable,0.0,0.0,0.5,not estimable,50,0,800,0,0.0,0.058823529411764705,0.8966905154730999
4,seed206369,SYNFlood,104729,xgboost,850,50,800,850,0,1.0,0.0,0.058823529411764705,not estimable,0.0,0.0,0.5,not estimable,50,0,800,0,0.0,0.058823529411764705,0.9091695845004668
4,seed206369,SYNFlood,130363,hybrid,850,50,800,850,0,1.0,0.0,0.058823529411764705,not estimable,0.0,0.0,0.5,not estimable,50,0,800,0,0.0,0.03426644935693395,0.8835000200959235
4,seed206369,SYNFlood,130363,mlp,850,50,800,850,0,1.0,0.0,0.058823529411764705,not estimable,0.0,0.0,0.5,not estimable,50,0,800,0,0.0,0.03426644935693395,0.8828423401008385
4,seed206369,SYNFlood,130363,rf,850,50,800,850,0,1.0,0.0,0.058823529411764705,not estimable,0.0,0.0,0.5,not estimable,50,0,800,0,0.0,0.04825268038249783,0.884588644309043
4,seed206369,SYNFlood,130363,xgboost,850,50,800,850,0,1.0,0.0,0.058823529411764705,not estimable,0.0,0.0,0.5,not estimable,50,0,800,0,0.0,0.04825268038249783,0.9142931902490725
4,seed206369,SYNFlood,155921,hybrid,850,50,800,850,0,1.0,0.0,0.058823529411764705,not estimable,0.0,0.0,0.5,not estimable,50,0,800,0,0.5,0.06761968587173822,0.9703809800427242
4,seed206369,SYNFlood,155921,mlp,850,50,800,850,0,1.0,0.0,0.058823529411764705,not estimable,0.0,0.0,0.5,not estimable,50,0,800,0,1.0,1.0,0.9999999999999999
4,seed206369,SYNFlood,155921,rf,850,50,800,850,0,1.0,0.0,0.058823529411764705,not estimable,0.0,0.0,0.5,not estimable,50,0,800,0,0.0,0.054515657009072294,0.8976731766790875
4,seed206369,SYNFlood,155921,xgboost,850,50,800,850,0,1.0,0.0,0.058823529411764705,not estimable,0.0,0.0,0.5,not estimable,50,0,800,0,0.0,0.058823529411764705,0.9091695845004668
4,seed206369,SYNFlood,181081,hybrid,850,50,800,850,0,1.0,0.0,0.058823529411764705,not estimable,0.0,0.0,0.5,not estimable,50,0,800,0,0.5,0.06777591851233686,0.9703809800427242
4,seed206369,SYNFlood,181081,mlp,850,50,800,850,0,1.0,0.0,0.058823529411764705,not estimable,0.0,0.0,0.5,not estimable,50,0,800,0,1.0,1.0,0.9999999999999999
4,seed206369,SYNFlood,181081,rf,850,50,800,850,0,1.0,0.0,0.058823529411764705,not estimable,0.0,0.0,0.5,not estimable,50,0,800,0,0.0,0.058823529411764705,0.908978996901791
4,seed206369,SYNFlood,181081,xgboost,850,50,800,850,0,1.0,0.0,0.058823529411764705,not estimable,0.0,0.0,0.5,not estimable,50,0,800,0,0.0,0.058823529411764705,0.9091695845004668
4,seed206369,SYNFlood,206369,hybrid,850,50,800,850,0,1.0,0.0,0.058823529411764705,not estimable,0.0,0.0,0.5,not estimable,50,0,800,0,0.5,0.06751757943572403,0.9703809800427242
4,seed206369,SYNFlood,206369,mlp,850,50,800,850,0,1.0,0.0,0.058823529411764705,not estimable,0.0,0.0,0.5,not estimable,50,0,800,0,0.5,0.06751757943572403,0.9703809800427242
4,seed206369,SYNFlood,206369,rf,850,50,800,850,0,1.0,0.0,0.058823529411764705,not estimable,0.0,0.0,0.5,not estimable,50,0,800,0,0.0,0.058823529411764705,0.8883974626379273
4,seed206369,SYNFlood,206369,xgboost,850,50,800,850,0,1.0,0.0,0.058823529411764705,not estimable,0.0,0.0,0.5,not estimable,50,0,800,0,0.0,0.058823529411764705,0.9091695845004668
4,seed206369,SYNFlood,231701,hybrid,850,50,800,850,0,1.0,0.0,0.058823529411764705,not estimable,0.0,0.0,0.5,not estimable,50,0,800,0,0.5,0.06761968587173822,0.9703809800427242
4,seed206369,SYNFlood,231701,mlp,850,50,800,845,5,0.9941176470588236,0.0058823529411764705,0.06470588235294118,1.0,0.00625,0.012422360248447204,0.503125,0.019230769230769232,50,0,795,5,0.8493,0.7166991664553036,0.9906880233977978
4,seed206369,SYNFlood,231701,rf,850,50,800,850,0,1.0,0.0,0.058823529411764705,not estimable,0.0,0.0,0.5,not estimable,50,0,800,0,0.0,0.054515657009072294,0.8867739391637389
4,seed206369,SYNFlood,231701,xgboost,850,50,800,850,0,1.0,0.0,0.058823529411764705,not estimable,0.0,0.0,0.5,not estimable,50,0,800,0,0.0,0.058823529411764705,0.9091695845004668
4,seed206369,SYNFlood,257053,hybrid,850,50,800,850,0,1.0,0.0,0.058823529411764705,not estimable,0.0,0.0,0.5,not estimable,50,0,800,0,0.00125,0.03528325787262909,0.8840678302969169
4,seed206369,SYNFlood,257053,mlp,850,50,800,850,0,1.0,0.0,0.058823529411764705,not estimable,0.0,0.0,0.5,not estimable,50,0,800,0,0.5,0.06751757943572403,0.9703809800427242
4,seed206369,SYNFlood,257053,rf,850,50,800,850,0,1.0,0.0,0.058823529411764705,not estimable,0.0,0.0,0.5,not estimable,50,0,800,0,0.0,0.058823529411764705,0.8970701646886824
4,seed206369,SYNFlood,257053,xgboost,850,50,800,850,0,1.0,0.0,0.058823529411764705,not estimable,0.0,0.0,0.5,not estimable,50,0,800,0,0.0,0.058823529411764705,0.9091695845004668
4,seed206369,SYNFlood,282427,hybrid,850,50,800,850,0,1.0,0.0,0.058823529411764705,not estimable,0.0,0.0,0.5,not estimable,50,0,800,0,0.5,0.06777591851233686,0.9703809800427242
4,seed206369,SYNFlood,282427,mlp,850,50,800,850,0,1.0,0.0,0.058823529411764705,not estimable,0.0,0.0,0.5,not estimable,50,0,800,0,1.0,1.0,0.9999999999999999
4,seed206369,SYNFlood,282427,rf,850,50,800,850,0,1.0,0.0,0.058823529411764705,not estimable,0.0,0.0,0.5,not estimable,50,0,800,0,0.0,0.05472952301487971,0.914291643602203
4,seed206369,SYNFlood,282427,xgboost,850,50,800,850,0,1.0,0.0,0.058823529411764705,not estimable,0.0,0.0,0.5,not estimable,50,0,800,0,0.0,0.058823529411764705,0.9091695845004668
4,seed206369,SYNFlood,307759,hybrid,850,50,800,850,0,1.0,0.0,0.058823529411764705,not estimable,0.0,0.0,0.5,not estimable,50,0,800,0,0.0,0.0342528396675525,0.8934663639552936
4,seed206369,SYNFlood,307759,mlp,850,50,800,850,0,1.0,0.0,0.058823529411764705,not estimable,0.0,0.0,0.5,not estimable,50,0,800,0,0.5,0.06574292209935093,0.9703809800427242
4,seed206369,SYNFlood,307759,rf,850,50,800,850,0,1.0,0.0,0.058823529411764705,not estimable,0.0,0.0,0.5,not estimable,50,0,800,0,0.0,0.04825268038249783,0.893673619206687
4,seed206369,SYNFlood,307759,xgboost,850,50,800,850,0,1.0,0.0,0.058823529411764705,not estimable,0.0,0.0,0.5,not estimable,50,0,800,0,0.0,0.04825268038249783,0.9142931902490725
4,seed206369,SYNFlood,333019,hybrid,850,50,800,850,0,1.0,0.0,0.058823529411764705,not estimable,0.0,0.0,0.5,not estimable,50,0,800,0,0.0,0.03470957238044852,0.8840633247689971
4,seed206369,SYNFlood,333019,mlp,850,50,800,850,0,1.0,0.0,0.058823529411764705,not estimable,0.0,0.0,0.5,not estimable,50,0,800,0,0.0,0.03470957238044852,0.8974659214276941
4,seed206369,SYNFlood,333019,rf,850,50,800,850,0,1.0,0.0,0.058823529411764705,not estimable,0.0,0.0,0.5,not estimable,50,0,800,0,0.0,0.058823529411764705,0.884588644309043
4,seed206369,SYNFlood,333019,xgboost,850,50,800,850,0,1.0,0.0,0.058823529411764705,not estimable,0.0,0.0,0.5,not estimable,50,0,800,0,0.10834999999999999,0.05168571025532515,0.9253957795589367
4,seed206369,UDPFlood,104729,hybrid,70,50,20,50,20,0.7142857142857143,0.2857142857142857,1.0,1.0,1.0,1.0,1.0,1.0,50,0,0,20,1.0,0.9999999999999999,1.0
4,seed206369,UDPFlood,104729,mlp,70,50,20,50,20,0.7142857142857143,0.2857142857142857,1.0,1.0,1.0,1.0,1.0,1.0,50,0,0,20,1.0,1.0,1.0
4,seed206369,UDPFlood,104729,rf,70,50,20,50,20,0.7142857142857143,0.2857142857142857,1.0,1.0,1.0,1.0,1.0,1.0,50,0,0,20,1.0,1.0,0.9999999999999999
4,seed206369,UDPFlood,104729,xgboost,70,50,20,50,20,0.7142857142857143,0.2857142857142857,1.0,1.0,1.0,1.0,1.0,1.0,50,0,0,20,1.0,1.0,1.0
4,seed206369,UDPFlood,130363,hybrid,70,50,20,50,20,0.7142857142857143,0.2857142857142857,1.0,1.0,1.0,1.0,1.0,1.0,50,0,0,20,0.9999999999999999,1.0000000000000002,0.9999999999999999
4,seed206369,UDPFlood,130363,mlp,70,50,20,50,20,0.7142857142857143,0.2857142857142857,1.0,1.0,1.0,1.0,1.0,1.0,50,0,0,20,1.0,1.0000000000000002,1.0
4,seed206369,UDPFlood,130363,rf,70,50,20,50,20,0.7142857142857143,0.2857142857142857,1.0,1.0,1.0,1.0,1.0,1.0,50,0,0,20,1.0,1.0,1.0
4,seed206369,UDPFlood,130363,xgboost,70,50,20,50,20,0.7142857142857143,0.2857142857142857,1.0,1.0,1.0,1.0,1.0,1.0,50,0,0,20,1.0,1.0,1.0
4,seed206369,UDPFlood,155921,hybrid,70,50,20,50,20,0.7142857142857143,0.2857142857142857,1.0,1.0,1.0,1.0,1.0,1.0,50,0,0,20,1.0,1.0000000000000002,1.0
4,seed206369,UDPFlood,155921,mlp,70,50,20,70,0,1.0,0.0,0.7142857142857143,not estimable,0.0,0.0,0.5,not estimable,50,0,20,0,0.0,0.5277639632384344,0.2857142857142857
4,seed206369,UDPFlood,155921,rf,70,50,20,50,20,0.7142857142857143,0.2857142857142857,1.0,1.0,1.0,1.0,1.0,1.0,50,0,0,20,1.0,1.0,1.0
4,seed206369,UDPFlood,155921,xgboost,70,50,20,50,20,0.7142857142857143,0.2857142857142857,1.0,1.0,1.0,1.0,1.0,1.0,50,0,0,20,1.0,1.0,1.0
4,seed206369,UDPFlood,181081,hybrid,70,50,20,50,20,0.7142857142857143,0.2857142857142857,1.0,1.0,1.0,1.0,1.0,1.0,50,0,0,20,1.0,0.9999999999999999,1.0
4,seed206369,UDPFlood,181081,mlp,70,50,20,70,0,1.0,0.0,0.7142857142857143,not estimable,0.0,0.0,0.5,not estimable,50,0,20,0,0.0,0.5263744712714349,0.2857142857142857
4,seed206369,UDPFlood,181081,rf,70,50,20,50,20,0.7142857142857143,0.2857142857142857,1.0,1.0,1.0,1.0,1.0,1.0,50,0,0,20,1.0,1.0,0.9999999999999999
4,seed206369,UDPFlood,181081,xgboost,70,50,20,50,20,0.7142857142857143,0.2857142857142857,1.0,1.0,1.0,1.0,1.0,1.0,50,0,0,20,1.0,1.0,1.0
4,seed206369,UDPFlood,206369,hybrid,70,50,20,50,20,0.7142857142857143,0.2857142857142857,1.0,1.0,1.0,1.0,1.0,1.0,50,0,0,20,1.0,1.0000000000000002,1.0
4,seed206369,UDPFlood,206369,mlp,70,50,20,50,20,0.7142857142857143,0.2857142857142857,1.0,1.0,1.0,1.0,1.0,1.0,50,0,0,20,0.9999999999999999,1.0,1.0
4,seed206369,UDPFlood,206369,rf,70,50,20,50,20,0.7142857142857143,0.2857142857142857,1.0,1.0,1.0,1.0,1.0,1.0,50,0,0,20,1.0,1.0,1.0
4,seed206369,UDPFlood,206369,xgboost,70,50,20,50,20,0.7142857142857143,0.2857142857142857,1.0,1.0,1.0,1.0,1.0,1.0,50,0,0,20,1.0,1.0,1.0
4,seed206369,UDPFlood,231701,hybrid,70,50,20,50,20,0.7142857142857143,0.2857142857142857,1.0,1.0,1.0,1.0,1.0,1.0,50,0,0,20,1.0,1.0000000000000002,1.0000000000000002
4,seed206369,UDPFlood,231701,mlp,70,50,20,70,0,1.0,0.0,0.7142857142857143,not estimable,0.0,0.0,0.5,not estimable,50,0,20,0,0.0,0.5263744712714349,0.2857142857142857
4,seed206369,UDPFlood,231701,rf,70,50,20,50,20,0.7142857142857143,0.2857142857142857,1.0,1.0,1.0,1.0,1.0,1.0,50,0,0,20,1.0,1.0,1.0
4,seed206369,UDPFlood,231701,xgboost,70,50,20,50,20,0.7142857142857143,0.2857142857142857,1.0,1.0,1.0,1.0,1.0,1.0,50,0,0,20,1.0,1.0,1.0
4,seed206369,UDPFlood,257053,hybrid,70,50,20,50,20,0.7142857142857143,0.2857142857142857,1.0,1.0,1.0,1.0,1.0,1.0,50,0,0,20,1.0,1.0000000000000002,1.0
4,seed206369,UDPFlood,257053,mlp,70,50,20,70,0,1.0,0.0,0.7142857142857143,not estimable,0.0,0.0,0.5,not estimable,50,0,20,0,0.0,0.5267568152298251,0.2857142857142857
4,seed206369,UDPFlood,257053,rf,70,50,20,50,20,0.7142857142857143,0.2857142857142857,1.0,1.0,1.0,1.0,1.0,1.0,50,0,0,20,1.0,1.0,1.0000000000000002
4,seed206369,UDPFlood,257053,xgboost,70,50,20,50,20,0.7142857142857143,0.2857142857142857,1.0,1.0,1.0,1.0,1.0,1.0,50,0,0,20,1.0,1.0,1.0
4,seed206369,UDPFlood,282427,hybrid,70,50,20,50,20,0.7142857142857143,0.2857142857142857,1.0,1.0,1.0,1.0,1.0,1.0,50,0,0,20,1.0,1.0000000000000002,1.0
4,seed206369,UDPFlood,282427,mlp,70,50,20,70,0,1.0,0.0,0.7142857142857143,not estimable,0.0,0.0,0.5,not estimable,50,0,20,0,0.0,0.5263744712714349,0.2857142857142857
4,seed206369,UDPFlood,282427,rf,70,50,20,50,20,0.7142857142857143,0.2857142857142857,1.0,1.0,1.0,1.0,1.0,1.0,50,0,0,20,1.0,1.0,1.0
4,seed206369,UDPFlood,282427,xgboost,70,50,20,50,20,0.7142857142857143,0.2857142857142857,1.0,1.0,1.0,1.0,1.0,1.0,50,0,0,20,1.0,1.0,1.0
4,seed206369,UDPFlood,307759,hybrid,70,50,20,50,20,0.7142857142857143,0.2857142857142857,1.0,1.0,1.0,1.0,1.0,1.0,50,0,0,20,1.0,1.0000000000000002,1.0
4,seed206369,UDPFlood,307759,mlp,70,50,20,50,20,0.7142857142857143,0.2857142857142857,1.0,1.0,1.0,1.0,1.0,1.0,50,0,0,20,1.0,1.0,1.0
4,seed206369,UDPFlood,307759,rf,70,50,20,50,20,0.7142857142857143,0.2857142857142857,1.0,1.0,1.0,1.0,1.0,1.0,50,0,0,20,1.0,1.0,1.0
4,seed206369,UDPFlood,307759,xgboost,70,50,20,50,20,0.7142857142857143,0.2857142857142857,1.0,1.0,1.0,1.0,1.0,1.0,50,0,0,20,1.0,1.0,1.0
4,seed206369,UDPFlood,333019,hybrid,70,50,20,50,20,0.7142857142857143,0.2857142857142857,1.0,1.0,1.0,1.0,1.0,1.0,50,0,0,20,1.0,1.0000000000000002,1.0
4,seed206369,UDPFlood,333019,mlp,70,50,20,50,20,0.7142857142857143,0.2857142857142857,1.0,1.0,1.0,1.0,1.0,1.0,50,0,0,20,1.0,1.0,1.0
4,seed206369,UDPFlood,333019,rf,70,50,20,50,20,0.7142857142857143,0.2857142857142857,1.0,1.0,1.0,1.0,1.0,1.0,50,0,0,20,1.0,1.0,1.0
4,seed206369,UDPFlood,333019,xgboost,70,50,20,50,20,0.7142857142857143,0.2857142857142857,1.0,1.0,1.0,1.0,1.0,1.0,50,0,0,20,1.0,1.0,1.0
4,seed231701,DNSAmplification,104729,hybrid,60,50,10,50,10,0.8333333333333334,0.16666666666666666,1.0,1.0,1.0,1.0,1.0,1.0,50,0,0,10,1.0,1.0,0.9999999999999999
4,seed231701,DNSAmplification,104729,mlp,60,50,10,50,10,0.8333333333333334,0.16666666666666666,1.0,1.0,1.0,1.0,1.0,1.0,50,0,0,10,1.0,1.0,1.0
4,seed231701,DNSAmplification,104729,rf,60,50,10,50,10,0.8333333333333334,0.16666666666666666,1.0,1.0,1.0,1.0,1.0,1.0,50,0,0,10,1.0,1.0,0.9999999999999999
4,seed231701,DNSAmplification,104729,xgboost,60,50,10,50,10,0.8333333333333334,0.16666666666666666,1.0,1.0,1.0,1.0,1.0,1.0,50,0,0,10,1.0,1.0,1.0
4,seed231701,DNSAmplification,130363,hybrid,60,50,10,50,10,0.8333333333333334,0.16666666666666666,1.0,1.0,1.0,1.0,1.0,1.0,50,0,0,10,1.0,1.0,0.9999999999999999
4,seed231701,DNSAmplification,130363,mlp,60,50,10,50,10,0.8333333333333334,0.16666666666666666,1.0,1.0,1.0,1.0,1.0,1.0,50,0,0,10,1.0,1.0,1.0
4,seed231701,DNSAmplification,130363,rf,60,50,10,50,10,0.8333333333333334,0.16666666666666666,1.0,1.0,1.0,1.0,1.0,1.0,50,0,0,10,1.0,1.0,0.9999999999999999
4,seed231701,DNSAmplification,130363,xgboost,60,50,10,50,10,0.8333333333333334,0.16666666666666666,1.0,1.0,1.0,1.0,1.0,1.0,50,0,0,10,1.0,1.0,1.0
4,seed231701,DNSAmplification,155921,hybrid,60,50,10,50,10,0.8333333333333334,0.16666666666666666,1.0,1.0,1.0,1.0,1.0,1.0,50,0,0,10,1.0,1.0,0.9999999999999999
4,seed231701,DNSAmplification,155921,mlp,60,50,10,60,0,1.0,0.0,0.8333333333333334,not estimable,0.0,0.0,0.5,not estimable,50,0,10,0,0.0,0.6841228074595961,0.16666666666666666
4,seed231701,DNSAmplification,155921,rf,60,50,10,50,10,0.8333333333333334,0.16666666666666666,1.0,1.0,1.0,1.0,1.0,1.0,50,0,0,10,1.0,1.0,0.9999999999999999
4,seed231701,DNSAmplification,155921,xgboost,60,50,10,50,10,0.8333333333333334,0.16666666666666666,1.0,1.0,1.0,1.0,1.0,1.0,50,0,0,10,1.0,1.0,1.0
4,seed231701,DNSAmplification,181081,hybrid,60,50,10,50,10,0.8333333333333334,0.16666666666666666,1.0,1.0,1.0,1.0,1.0,1.0,50,0,0,10,1.0,1.0,0.9999999999999999
4,seed231701,DNSAmplification,181081,mlp,60,50,10,60,0,1.0,0.0,0.8333333333333334,not estimable,0.0,0.0,0.5,not estimable,50,0,10,0,0.0,0.6861740895108782,0.16666666666666666
4,seed231701,DNSAmplification,181081,rf,60,50,10,50,10,0.8333333333333334,0.16666666666666666,1.0,1.0,1.0,1.0,1.0,1.0,50,0,0,10,1.0,1.0,1.0
4,seed231701,DNSAmplification,181081,xgboost,60,50,10,50,10,0.8333333333333334,0.16666666666666666,1.0,1.0,1.0,1.0,1.0,1.0,50,0,0,10,1.0,1.0,1.0
4,seed231701,DNSAmplification,206369,hybrid,60,50,10,50,10,0.8333333333333334,0.16666666666666666,1.0,1.0,1.0,1.0,1.0,1.0,50,0,0,10,1.0,1.0,0.9999999999999999
4,seed231701,DNSAmplification,206369,mlp,60,50,10,50,10,0.8333333333333334,0.16666666666666666,1.0,1.0,1.0,1.0,1.0,1.0,50,0,0,10,1.0,1.0,1.0
4,seed231701,DNSAmplification,206369,rf,60,50,10,50,10,0.8333333333333334,0.16666666666666666,1.0,1.0,1.0,1.0,1.0,1.0,50,0,0,10,1.0,1.0,0.9999999999999999
4,seed231701,DNSAmplification,206369,xgboost,60,50,10,50,10,0.8333333333333334,0.16666666666666666,1.0,1.0,1.0,1.0,1.0,1.0,50,0,0,10,1.0,1.0,1.0
4,seed231701,DNSAmplification,231701,hybrid,60,50,10,50,10,0.8333333333333334,0.16666666666666666,1.0,1.0,1.0,1.0,1.0,1.0,50,0,0,10,1.0,1.0,0.9999999999999999
4,seed231701,DNSAmplification,231701,mlp,60,50,10,60,0,1.0,0.0,0.8333333333333334,not estimable,0.0,0.0,0.5,not estimable,50,0,10,0,0.0,0.6864203949295974,0.16666666666666666
4,seed231701,DNSAmplification,231701,rf,60,50,10,50,10,0.8333333333333334,0.16666666666666666,1.0,1.0,1.0,1.0,1.0,1.0,50,0,0,10,1.0,1.0,0.9999999999999999
4,seed231701,DNSAmplification,231701,xgboost,60,50,10,50,10,0.8333333333333334,0.16666666666666666,1.0,1.0,1.0,1.0,1.0,1.0,50,0,0,10,1.0,1.0,1.0
4,seed231701,DNSAmplification,257053,hybrid,60,50,10,50,10,0.8333333333333334,0.16666666666666666,1.0,1.0,1.0,1.0,1.0,1.0,50,0,0,10,1.0,1.0,1.0
4,seed231701,DNSAmplification,257053,mlp,60,50,10,60,0,1.0,0.0,0.8333333333333334,not estimable,0.0,0.0,0.5,not estimable,50,0,10,0,0.0,0.6872261882809549,0.16666666666666666
4,seed231701,DNSAmplification,257053,rf,60,50,10,50,10,0.8333333333333334,0.16666666666666666,1.0,1.0,1.0,1.0,1.0,1.0,50,0,0,10,1.0,1.0,0.9999999999999999
4,seed231701,DNSAmplification,257053,xgboost,60,50,10,50,10,0.8333333333333334,0.16666666666666666,1.0,1.0,1.0,1.0,1.0,1.0,50,0,0,10,1.0,1.0,1.0
4,seed231701,DNSAmplification,282427,hybrid,60,50,10,50,10,0.8333333333333334,0.16666666666666666,1.0,1.0,1.0,1.0,1.0,1.0,50,0,0,10,1.0,1.0,0.9999999999999999
4,seed231701,DNSAmplification,282427,mlp,60,50,10,60,0,1.0,0.0,0.8333333333333334,not estimable,0.0,0.0,0.5,not estimable,50,0,10,0,0.0,0.6861740895108782,0.16666666666666666
4,seed231701,DNSAmplification,282427,rf,60,50,10,50,10,0.8333333333333334,0.16666666666666666,1.0,1.0,1.0,1.0,1.0,1.0,50,0,0,10,1.0,1.0,0.9999999999999999
4,seed231701,DNSAmplification,282427,xgboost,60,50,10,50,10,0.8333333333333334,0.16666666666666666,1.0,1.0,1.0,1.0,1.0,1.0,50,0,0,10,1.0,1.0,1.0
4,seed231701,DNSAmplification,307759,hybrid,60,50,10,50,10,0.8333333333333334,0.16666666666666666,1.0,1.0,1.0,1.0,1.0,1.0,50,0,0,10,1.0,1.0,0.9999999999999999
4,seed231701,DNSAmplification,307759,mlp,60,50,10,50,10,0.8333333333333334,0.16666666666666666,1.0,1.0,1.0,1.0,1.0,1.0,50,0,0,10,1.0,1.0,1.0
4,seed231701,DNSAmplification,307759,rf,60,50,10,50,10,0.8333333333333334,0.16666666666666666,1.0,1.0,1.0,1.0,1.0,1.0,50,0,0,10,1.0,1.0,0.9999999999999999
4,seed231701,DNSAmplification,307759,xgboost,60,50,10,50,10,0.8333333333333334,0.16666666666666666,1.0,1.0,1.0,1.0,1.0,1.0,50,0,0,10,1.0,1.0,1.0
4,seed231701,DNSAmplification,333019,hybrid,60,50,10,50,10,0.8333333333333334,0.16666666666666666,1.0,1.0,1.0,1.0,1.0,1.0,50,0,0,10,1.0,1.0,0.9999999999999999
4,seed231701,DNSAmplification,333019,mlp,60,50,10,50,10,0.8333333333333334,0.16666666666666666,1.0,1.0,1.0,1.0,1.0,1.0,50,0,0,10,1.0,1.0,1.0
4,seed231701,DNSAmplification,333019,rf,60,50,10,50,10,0.8333333333333334,0.16666666666666666,1.0,1.0,1.0,1.0,1.0,1.0,50,0,0,10,1.0,1.0,0.9999999999999999
4,seed231701,DNSAmplification,333019,xgboost,60,50,10,50,10,0.8333333333333334,0.16666666666666666,1.0,1.0,1.0,1.0,1.0,1.0,50,0,0,10,1.0,1.0,1.0
4,seed231701,Normal,104729,hybrid,50,50,0,50,0,1.0,0.0,1.0,not estimable,not estimable,not estimable,not estimable,not estimable,50,0,0,0,not estimable,not estimable,not estimable
4,seed231701,Normal,104729,mlp,50,50,0,50,0,1.0,0.0,1.0,not estimable,not estimable,not estimable,not estimable,not estimable,50,0,0,0,not estimable,not estimable,not estimable
4,seed231701,Normal,104729,rf,50,50,0,50,0,1.0,0.0,1.0,not estimable,not estimable,not estimable,not estimable,not estimable,50,0,0,0,not estimable,not estimable,not estimable
4,seed231701,Normal,104729,xgboost,50,50,0,50,0,1.0,0.0,1.0,not estimable,not estimable,not estimable,not estimable,not estimable,50,0,0,0,not estimable,not estimable,not estimable
4,seed231701,Normal,130363,hybrid,50,50,0,50,0,1.0,0.0,1.0,not estimable,not estimable,not estimable,not estimable,not estimable,50,0,0,0,not estimable,not estimable,not estimable
4,seed231701,Normal,130363,mlp,50,50,0,50,0,1.0,0.0,1.0,not estimable,not estimable,not estimable,not estimable,not estimable,50,0,0,0,not estimable,not estimable,not estimable
4,seed231701,Normal,130363,rf,50,50,0,50,0,1.0,0.0,1.0,not estimable,not estimable,not estimable,not estimable,not estimable,50,0,0,0,not estimable,not estimable,not estimable
4,seed231701,Normal,130363,xgboost,50,50,0,50,0,1.0,0.0,1.0,not estimable,not estimable,not estimable,not estimable,not estimable,50,0,0,0,not estimable,not estimable,not estimable
4,seed231701,Normal,155921,hybrid,50,50,0,50,0,1.0,0.0,1.0,not estimable,not estimable,not estimable,not estimable,not estimable,50,0,0,0,not estimable,not estimable,not estimable
4,seed231701,Normal,155921,mlp,50,50,0,50,0,1.0,0.0,1.0,not estimable,not estimable,not estimable,not estimable,not estimable,50,0,0,0,not estimable,not estimable,not estimable
4,seed231701,Normal,155921,rf,50,50,0,50,0,1.0,0.0,1.0,not estimable,not estimable,not estimable,not estimable,not estimable,50,0,0,0,not estimable,not estimable,not estimable
4,seed231701,Normal,155921,xgboost,50,50,0,50,0,1.0,0.0,1.0,not estimable,not estimable,not estimable,not estimable,not estimable,50,0,0,0,not estimable,not estimable,not estimable
4,seed231701,Normal,181081,hybrid,50,50,0,50,0,1.0,0.0,1.0,not estimable,not estimable,not estimable,not estimable,not estimable,50,0,0,0,not estimable,not estimable,not estimable
4,seed231701,Normal,181081,mlp,50,50,0,50,0,1.0,0.0,1.0,not estimable,not estimable,not estimable,not estimable,not estimable,50,0,0,0,not estimable,not estimable,not estimable
4,seed231701,Normal,181081,rf,50,50,0,50,0,1.0,0.0,1.0,not estimable,not estimable,not estimable,not estimable,not estimable,50,0,0,0,not estimable,not estimable,not estimable
4,seed231701,Normal,181081,xgboost,50,50,0,50,0,1.0,0.0,1.0,not estimable,not estimable,not estimable,not estimable,not estimable,50,0,0,0,not estimable,not estimable,not estimable
4,seed231701,Normal,206369,hybrid,50,50,0,50,0,1.0,0.0,1.0,not estimable,not estimable,not estimable,not estimable,not estimable,50,0,0,0,not estimable,not estimable,not estimable
4,seed231701,Normal,206369,mlp,50,50,0,50,0,1.0,0.0,1.0,not estimable,not estimable,not estimable,not estimable,not estimable,50,0,0,0,not estimable,not estimable,not estimable
4,seed231701,Normal,206369,rf,50,50,0,50,0,1.0,0.0,1.0,not estimable,not estimable,not estimable,not estimable,not estimable,50,0,0,0,not estimable,not estimable,not estimable
4,seed231701,Normal,206369,xgboost,50,50,0,50,0,1.0,0.0,1.0,not estimable,not estimable,not estimable,not estimable,not estimable,50,0,0,0,not estimable,not estimable,not estimable
4,seed231701,Normal,231701,hybrid,50,50,0,50,0,1.0,0.0,1.0,not estimable,not estimable,not estimable,not estimable,not estimable,50,0,0,0,not estimable,not estimable,not estimable
4,seed231701,Normal,231701,mlp,50,50,0,50,0,1.0,0.0,1.0,not estimable,not estimable,not estimable,not estimable,not estimable,50,0,0,0,not estimable,not estimable,not estimable
4,seed231701,Normal,231701,rf,50,50,0,50,0,1.0,0.0,1.0,not estimable,not estimable,not estimable,not estimable,not estimable,50,0,0,0,not estimable,not estimable,not estimable
4,seed231701,Normal,231701,xgboost,50,50,0,50,0,1.0,0.0,1.0,not estimable,not estimable,not estimable,not estimable,not estimable,50,0,0,0,not estimable,not estimable,not estimable
4,seed231701,Normal,257053,hybrid,50,50,0,50,0,1.0,0.0,1.0,not estimable,not estimable,not estimable,not estimable,not estimable,50,0,0,0,not estimable,not estimable,not estimable
4,seed231701,Normal,257053,mlp,50,50,0,50,0,1.0,0.0,1.0,not estimable,not estimable,not estimable,not estimable,not estimable,50,0,0,0,not estimable,not estimable,not estimable
4,seed231701,Normal,257053,rf,50,50,0,50,0,1.0,0.0,1.0,not estimable,not estimable,not estimable,not estimable,not estimable,50,0,0,0,not estimable,not estimable,not estimable
4,seed231701,Normal,257053,xgboost,50,50,0,50,0,1.0,0.0,1.0,not estimable,not estimable,not estimable,not estimable,not estimable,50,0,0,0,not estimable,not estimable,not estimable
4,seed231701,Normal,282427,hybrid,50,50,0,50,0,1.0,0.0,1.0,not estimable,not estimable,not estimable,not estimable,not estimable,50,0,0,0,not estimable,not estimable,not estimable
4,seed231701,Normal,282427,mlp,50,50,0,50,0,1.0,0.0,1.0,not estimable,not estimable,not estimable,not estimable,not estimable,50,0,0,0,not estimable,not estimable,not estimable
4,seed231701,Normal,282427,rf,50,50,0,50,0,1.0,0.0,1.0,not estimable,not estimable,not estimable,not estimable,not estimable,50,0,0,0,not estimable,not estimable,not estimable
4,seed231701,Normal,282427,xgboost,50,50,0,50,0,1.0,0.0,1.0,not estimable,not estimable,not estimable,not estimable,not estimable,50,0,0,0,not estimable,not estimable,not estimable
4,seed231701,Normal,307759,hybrid,50,50,0,50,0,1.0,0.0,1.0,not estimable,not estimable,not estimable,not estimable,not estimable,50,0,0,0,not estimable,not estimable,not estimable
4,seed231701,Normal,307759,mlp,50,50,0,50,0,1.0,0.0,1.0,not estimable,not estimable,not estimable,not estimable,not estimable,50,0,0,0,not estimable,not estimable,not estimable
4,seed231701,Normal,307759,rf,50,50,0,50,0,1.0,0.0,1.0,not estimable,not estimable,not estimable,not estimable,not estimable,50,0,0,0,not estimable,not estimable,not estimable
4,seed231701,Normal,307759,xgboost,50,50,0,50,0,1.0,0.0,1.0,not estimable,not estimable,not estimable,not estimable,not estimable,50,0,0,0,not estimable,not estimable,not estimable
4,seed231701,Normal,333019,hybrid,50,50,0,50,0,1.0,0.0,1.0,not estimable,not estimable,not estimable,not estimable,not estimable,50,0,0,0,not estimable,not estimable,not estimable
4,seed231701,Normal,333019,mlp,50,50,0,50,0,1.0,0.0,1.0,not estimable,not estimable,not estimable,not estimable,not estimable,50,0,0,0,not estimable,not estimable,not estimable
4,seed231701,Normal,333019,rf,50,50,0,50,0,1.0,0.0,1.0,not estimable,not estimable,not estimable,not estimable,not estimable,50,0,0,0,not estimable,not estimable,not estimable
4,seed231701,Normal,333019,xgboost,50,50,0,50,0,1.0,0.0,1.0,not estimable,not estimable,not estimable,not estimable,not estimable,50,0,0,0,not estimable,not estimable,not estimable
4,seed231701,SYNFlood,104729,hybrid,850,50,800,850,0,1.0,0.0,0.058823529411764705,not estimable,0.0,0.0,0.5,not estimable,50,0,800,0,0.5,0.0685072685512774,0.9703809800427241
4,seed231701,SYNFlood,104729,mlp,850,50,800,848,2,0.9976470588235294,0.002352941176470588,0.0611764705882353,1.0,0.0025,0.004987531172069825,0.50125,0.012141073279465802,50,0,798,2,1.0,1.0,0.9999999999999998
4,seed231701,SYNFlood,104729,rf,850,50,800,850,0,1.0,0.0,0.058823529411764705,not estimable,0.0,0.0,0.5,not estimable,50,0,800,0,0.0,0.05767202761254314,0.8985795810624975
4,seed231701,SYNFlood,104729,xgboost,850,50,800,850,0,1.0,0.0,0.058823529411764705,not estimable,0.0,0.0,0.5,not estimable,50,0,800,0,0.0,0.05773713018776415,0.912661075648208
4,seed231701,SYNFlood,130363,hybrid,850,50,800,850,0,1.0,0.0,0.058823529411764705,not estimable,0.0,0.0,0.5,not estimable,50,0,800,0,0.0,0.034246091730977396,0.884997486305172
4,seed231701,SYNFlood,130363,mlp,850,50,800,850,0,1.0,0.0,0.058823529411764705,not estimable,0.0,0.0,0.5,not estimable,50,0,800,0,0.0,0.034246091730977396,0.8836329899146155
4,seed231701,SYNFlood,130363,rf,850,50,800,850,0,1.0,0.0,0.058823529411764705,not estimable,0.0,0.0,0.5,not estimable,50,0,800,0,0.0,0.04669794298087333,0.8852050508859393
4,seed231701,SYNFlood,130363,xgboost,850,50,800,850,0,1.0,0.0,0.058823529411764705,not estimable,0.0,0.0,0.5,not estimable,50,0,800,0,0.0,0.04669794298087333,0.9145381661165961
4,seed231701,SYNFlood,155921,hybrid,850,50,800,850,0,1.0,0.0,0.058823529411764705,not estimable,0.0,0.0,0.5,not estimable,50,0,800,0,0.5,0.06875035975863421,0.9703809800427241
4,seed231701,SYNFlood,155921,mlp,850,50,800,850,0,1.0,0.0,0.058823529411764705,not estimable,0.0,0.0,0.5,not estimable,50,0,800,0,1.0,1.0,0.9999999999999998
4,seed231701,SYNFlood,155921,rf,850,50,800,850,0,1.0,0.0,0.058823529411764705,not estimable,0.0,0.0,0.5,not estimable,50,0,800,0,0.0,0.054441308948627316,0.8986099362904729
4,seed231701,SYNFlood,155921,xgboost,850,50,800,850,0,1.0,0.0,0.058823529411764705,not estimable,0.0,0.0,0.5,not estimable,50,0,800,0,0.0,0.05773713018776415,0.912661075648208
4,seed231701,SYNFlood,181081,hybrid,850,50,800,850,0,1.0,0.0,0.058823529411764705,not estimable,0.0,0.0,0.5,not estimable,50,0,800,0,0.5,0.06888123573261792,0.9703809800427241
4,seed231701,SYNFlood,181081,mlp,850,50,800,848,2,0.9976470588235294,0.002352941176470588,0.0611764705882353,1.0,0.0025,0.004987531172069825,0.50125,0.012141073279465802,50,0,798,2,1.0,1.0,0.9999999999999998
4,seed231701,SYNFlood,181081,rf,850,50,800,850,0,1.0,0.0,0.058823529411764705,not estimable,0.0,0.0,0.5,not estimable,50,0,800,0,0.0,0.05773713018776415,0.9116213392937605
4,seed231701,SYNFlood,181081,xgboost,850,50,800,850,0,1.0,0.0,0.058823529411764705,not estimable,0.0,0.0,0.5,not estimable,50,0,800,0,0.0,0.05773713018776415,0.912661075648208
4,seed231701,SYNFlood,206369,hybrid,850,50,800,850,0,1.0,0.0,0.058823529411764705,not estimable,0.0,0.0,0.5,not estimable,50,0,800,0,0.5,0.06850677961353988,0.9703809800427241
4,seed231701,SYNFlood,206369,mlp,850,50,800,848,2,0.9976470588235294,0.002352941176470588,0.0611764705882353,1.0,0.0025,0.004987531172069825,0.50125,0.012141073279465802,50,0,798,2,0.5,0.06850677961353988,0.9703809800427241
4,seed231701,SYNFlood,206369,rf,850,50,800,850,0,1.0,0.0,0.058823529411764705,not estimable,0.0,0.0,0.5,not estimable,50,0,800,0,0.0,0.05773713018776415,0.8876589051051212
4,seed231701,SYNFlood,206369,xgboost,850,50,800,850,0,1.0,0.0,0.058823529411764705,not estimable,0.0,0.0,0.5,not estimable,50,0,800,0,0.0,0.05773713018776415,0.912661075648208
4,seed231701,SYNFlood,231701,hybrid,850,50,800,850,0,1.0,0.0,0.058823529411764705,not estimable,0.0,0.0,0.5,not estimable,50,0,800,0,0.5,0.06875035975863421,0.9703809800427241
4,seed231701,SYNFlood,231701,mlp,850,50,800,846,4,0.9952941176470588,0.004705882352941176,0.06352941176470588,1.0,0.005,0.009950248756218905,0.5025,0.017190354104313223,50,0,796,4,0.9193,0.8448462371585244,0.9949701962878053
4,seed231701,SYNFlood,231701,rf,850,50,800,850,0,1.0,0.0,0.058823529411764705,not estimable,0.0,0.0,0.5,not estimable,50,0,800,0,0.0,0.05449839206350397,0.8871964814292248
4,seed231701,SYNFlood,231701,xgboost,850,50,800,850,0,1.0,0.0,0.058823529411764705,not estimable,0.0,0.0,0.5,not estimable,50,0,800,0,0.0,0.05773713018776415,0.912661075648208
4,seed231701,SYNFlood,257053,hybrid,850,50,800,850,0,1.0,0.0,0.058823529411764705,not estimable,0.0,0.0,0.5,not estimable,50,0,800,0,0.0025,0.03587128252672111,0.8860604031876169
4,seed231701,SYNFlood,257053,mlp,850,50,800,848,2,0.9976470588235294,0.002352941176470588,0.0611764705882353,1.0,0.0025,0.004987531172069825,0.50125,0.012141073279465802,50,0,798,2,0.5,0.06850677961353988,0.9703809800427241
4,seed231701,SYNFlood,257053,rf,850,50,800,850,0,1.0,0.0,0.058823529411764705,not estimable,0.0,0.0,0.5,not estimable,50,0,800,0,0.0,0.05767202761254314,0.8996100439751397
4,seed231701,SYNFlood,257053,xgboost,850,50,800,850,0,1.0,0.0,0.058823529411764705,not estimable,0.0,0.0,0.5,not estimable,50,0,800,0,0.0,0.05773713018776415,0.912661075648208
4,seed231701,SYNFlood,282427,hybrid,850,50,800,850,0,1.0,0.0,0.058823529411764705,not estimable,0.0,0.0,0.5,not estimable,50,0,800,0,0.5,0.06888123573261792,0.9703809800427241
4,seed231701,SYNFlood,282427,mlp,850,50,800,848,2,0.9976470588235294,0.002352941176470588,0.0611764705882353,1.0,0.0025,0.004987531172069825,0.50125,0.012141073279465802,50,0,798,2,1.0,1.0,0.9999999999999998
4,seed231701,SYNFlood,282427,rf,850,50,800,850,0,1.0,0.0,0.058823529411764705,not estimable,0.0,0.0,0.5,not estimable,50,0,800,0,0.0,0.0546630087766756,0.9144137784397153
4,seed231701,SYNFlood,282427,xgboost,850,50,800,850,0,1.0,0.0,0.058823529411764705,not estimable,0.0,0.0,0.5,not estimable,50,0,800,0,0.0,0.05773713018776415,0.912661075648208
4,seed231701,SYNFlood,307759,hybrid,850,50,800,850,0,1.0,0.0,0.058823529411764705,not estimable,0.0,0.0,0.5,not estimable,50,0,800,0,0.0,0.03421645512132585,0.8967289435794529
4,seed231701,SYNFlood,307759,mlp,850,50,800,850,0,1.0,0.0,0.058823529411764705,not estimable,0.0,0.0,0.5,not estimable,50,0,800,0,0.5,0.06570692819600356,0.9703809800427241
4,seed231701,SYNFlood,307759,rf,850,50,800,850,0,1.0,0.0,0.058823529411764705,not estimable,0.0,0.0,0.5,not estimable,50,0,800,0,0.0,0.04669794298087333,0.8969365081602202
4,seed231701,SYNFlood,307759,xgboost,850,50,800,850,0,1.0,0.0,0.058823529411764705,not estimable,0.0,0.0,0.5,not estimable,50,0,800,0,0.0,0.04669794298087333,0.9145381661165961
4,seed231701,SYNFlood,333019,hybrid,850,50,800,850,0,1.0,0.0,0.058823529411764705,not estimable,0.0,0.0,0.5,not estimable,50,0,800,0,0.0,0.03583550211748154,0.884997486305172
4,seed231701,SYNFlood,333019,mlp,850,50,800,850,0,1.0,0.0,0.058823529411764705,not estimable,0.0,0.0,0.5,not estimable,50,0,800,0,0.0,0.03583550211748154,0.8992833495803125
4,seed231701,SYNFlood,333019,rf,850,50,800,850,0,1.0,0.0,0.058823529411764705,not estimable,0.0,0.0,0.5,not estimable,50,0,800,0,0.0,0.058823529411764705,0.8852050508859394
4,seed231701,SYNFlood,333019,xgboost,850,50,800,850,0,1.0,0.0,0.058823529411764705,not estimable,0.0,0.0,0.5,not estimable,50,0,800,0,0.059399999999999994,0.05352080344332855,0.920531439659197
4,seed231701,UDPFlood,104729,hybrid,72,52,20,52,20,0.7222222222222222,0.2777777777777778,1.0,1.0,1.0,1.0,1.0,1.0,52,0,0,20,1.0,1.0000000000000002,1.0000000000000002
4,seed231701,UDPFlood,104729,mlp,72,52,20,50,22,0.6944444444444444,0.3055555555555556,0.9722222222222222,0.9090909090909091,1.0,0.9523809523809523,0.9807692307692308,0.9349469900084573,50,2,0,20,1.0,1.0,1.0
4,seed231701,UDPFlood,104729,rf,72,52,20,52,20,0.7222222222222222,0.2777777777777778,1.0,1.0,1.0,1.0,1.0,1.0,52,0,0,20,1.0,1.0,1.0
4,seed231701,UDPFlood,104729,xgboost,72,52,20,52,20,0.7222222222222222,0.2777777777777778,1.0,1.0,1.0,1.0,1.0,1.0,52,0,0,20,1.0,1.0,1.0
4,seed231701,UDPFlood,130363,hybrid,72,52,20,52,20,0.7222222222222222,0.2777777777777778,1.0,1.0,1.0,1.0,1.0,1.0,52,0,0,20,1.0,0.9999999999999999,1.0
4,seed231701,UDPFlood,130363,mlp,72,52,20,52,20,0.7222222222222222,0.2777777777777778,1.0,1.0,1.0,1.0,1.0,1.0,52,0,0,20,1.0,1.0,1.0
4,seed231701,UDPFlood,130363,rf,72,52,20,52,20,0.7222222222222222,0.2777777777777778,1.0,1.0,1.0,1.0,1.0,1.0,52,0,0,20,1.0,1.0,1.0
4,seed231701,UDPFlood,130363,xgboost,72,52,20,52,20,0.7222222222222222,0.2777777777777778,1.0,1.0,1.0,1.0,1.0,1.0,52,0,0,20,1.0,1.0,1.0
4,seed231701,UDPFlood,155921,hybrid,72,52,20,52,20,0.7222222222222222,0.2777777777777778,1.0,1.0,1.0,1.0,1.0,1.0,52,0,0,20,1.0,1.0000000000000002,1.0
4,seed231701,UDPFlood,155921,mlp,72,52,20,70,2,0.9722222222222222,0.027777777777777776,0.6944444444444444,0.0,0.0,0.0,0.4807692307692308,-0.10482848367219183,50,2,20,0,0.0,0.5388698690546342,0.2777777777777778
4,seed231701,UDPFlood,155921,rf,72,52,20,52,20,0.7222222222222222,0.2777777777777778,1.0,1.0,1.0,1.0,1.0,1.0,52,0,0,20,1.0,1.0,1.0
4,seed231701,UDPFlood,155921,xgboost,72,52,20,52,20,0.7222222222222222,0.2777777777777778,1.0,1.0,1.0,1.0,1.0,1.0,52,0,0,20,1.0,1.0,1.0
4,seed231701,UDPFlood,181081,hybrid,72,52,20,52,20,0.7222222222222222,0.2777777777777778,1.0,1.0,1.0,1.0,1.0,1.0,52,0,0,20,1.0,1.0000000000000002,1.0
4,seed231701,UDPFlood,181081,mlp,72,52,20,70,2,0.9722222222222222,0.027777777777777776,0.6944444444444444,0.0,0.0,0.0,0.4807692307692308,-0.10482848367219183,50,2,20,0,0.0,0.5382288434136087,0.2777777777777778
4,seed231701,UDPFlood,181081,rf,72,52,20,52,20,0.7222222222222222,0.2777777777777778,1.0,1.0,1.0,1.0,1.0,1.0,52,0,0,20,1.0,1.0,1.0
4,seed231701,UDPFlood,181081,xgboost,72,52,20,52,20,0.7222222222222222,0.2777777777777778,1.0,1.0,1.0,1.0,1.0,1.0,52,0,0,20,1.0,1.0,1.0
4,seed231701,UDPFlood,206369,hybrid,72,52,20,52,20,0.7222222222222222,0.2777777777777778,1.0,1.0,1.0,1.0,1.0,1.0,52,0,0,20,1.0,1.0000000000000002,1.0000000000000002
4,seed231701,UDPFlood,206369,mlp,72,52,20,50,22,0.6944444444444444,0.3055555555555556,0.9722222222222222,0.9090909090909091,1.0,0.9523809523809523,0.9807692307692308,0.9349469900084573,50,2,0,20,1.0,1.0,1.0
4,seed231701,UDPFlood,206369,rf,72,52,20,52,20,0.7222222222222222,0.2777777777777778,1.0,1.0,1.0,1.0,1.0,1.0,52,0,0,20,1.0,1.0,1.0
4,seed231701,UDPFlood,206369,xgboost,72,52,20,52,20,0.7222222222222222,0.2777777777777778,1.0,1.0,1.0,1.0,1.0,1.0,52,0,0,20,1.0,1.0,1.0
4,seed231701,UDPFlood,231701,hybrid,72,52,20,52,20,0.7222222222222222,0.2777777777777778,1.0,1.0,1.0,1.0,1.0,1.0,52,0,0,20,1.0,1.0,1.0
4,seed231701,UDPFlood,231701,mlp,72,52,20,70,2,0.9722222222222222,0.027777777777777776,0.6944444444444444,0.0,0.0,0.0,0.4807692307692308,-0.10482848367219183,50,2,20,0,0.0,0.5396299785103958,0.2777777777777778
4,seed231701,UDPFlood,231701,rf,72,52,20,52,20,0.7222222222222222,0.2777777777777778,1.0,1.0,1.0,1.0,1.0,1.0,52,0,0,20,1.0,1.0,1.0
4,seed231701,UDPFlood,231701,xgboost,72,52,20,52,20,0.7222222222222222,0.2777777777777778,1.0,1.0,1.0,1.0,1.0,1.0,52,0,0,20,1.0,1.0,1.0
4,seed231701,UDPFlood,257053,hybrid,72,52,20,52,20,0.7222222222222222,0.2777777777777778,1.0,1.0,1.0,1.0,1.0,1.0,52,0,0,20,1.0,1.0,1.0000000000000002
4,seed231701,UDPFlood,257053,mlp,72,52,20,70,2,0.9722222222222222,0.027777777777777776,0.6944444444444444,0.0,0.0,0.0,0.4807692307692308,-0.10482848367219183,50,2,20,0,0.0,0.5406601345545664,0.2777777777777778
4,seed231701,UDPFlood,257053,rf,72,52,20,52,20,0.7222222222222222,0.2777777777777778,1.0,1.0,1.0,1.0,1.0,1.0,52,0,0,20,1.0,1.0,1.0
4,seed231701,UDPFlood,257053,xgboost,72,52,20,52,20,0.7222222222222222,0.2777777777777778,1.0,1.0,1.0,1.0,1.0,1.0,52,0,0,20,1.0,1.0,1.0
4,seed231701,UDPFlood,282427,hybrid,72,52,20,52,20,0.7222222222222222,0.2777777777777778,1.0,1.0,1.0,1.0,1.0,1.0,52,0,0,20,1.0,1.0000000000000002,1.0
4,seed231701,UDPFlood,282427,mlp,72,52,20,70,2,0.9722222222222222,0.027777777777777776,0.6944444444444444,0.0,0.0,0.0,0.4807692307692308,-0.10482848367219183,50,2,20,0,0.0,0.5382288434136087,0.2777777777777778
4,seed231701,UDPFlood,282427,rf,72,52,20,52,20,0.7222222222222222,0.2777777777777778,1.0,1.0,1.0,1.0,1.0,1.0,52,0,0,20,1.0,1.0,1.0
4,seed231701,UDPFlood,282427,xgboost,72,52,20,52,20,0.7222222222222222,0.2777777777777778,1.0,1.0,1.0,1.0,1.0,1.0,52,0,0,20,1.0,1.0,1.0
4,seed231701,UDPFlood,307759,hybrid,72,52,20,52,20,0.7222222222222222,0.2777777777777778,1.0,1.0,1.0,1.0,1.0,1.0,52,0,0,20,1.0,1.0,1.0
4,seed231701,UDPFlood,307759,mlp,72,52,20,50,22,0.6944444444444444,0.3055555555555556,0.9722222222222222,0.9090909090909091,1.0,0.9523809523809523,0.9807692307692308,0.9349469900084573,50,2,0,20,1.0,1.0,1.0
4,seed231701,UDPFlood,307759,rf,72,52,20,52,20,0.7222222222222222,0.2777777777777778,1.0,1.0,1.0,1.0,1.0,1.0,52,0,0,20,1.0,1.0,1.0
4,seed231701,UDPFlood,307759,xgboost,72,52,20,52,20,0.7222222222222222,0.2777777777777778,1.0,1.0,1.0,1.0,1.0,1.0,52,0,0,20,1.0,1.0,1.0
4,seed231701,UDPFlood,333019,hybrid,72,52,20,52,20,0.7222222222222222,0.2777777777777778,1.0,1.0,1.0,1.0,1.0,1.0,52,0,0,20,1.0,1.0,1.0000000000000002
4,seed231701,UDPFlood,333019,mlp,72,52,20,52,20,0.7222222222222222,0.2777777777777778,1.0,1.0,1.0,1.0,1.0,1.0,52,0,0,20,1.0,1.0,1.0
4,seed231701,UDPFlood,333019,rf,72,52,20,52,20,0.7222222222222222,0.2777777777777778,1.0,1.0,1.0,1.0,1.0,1.0,52,0,0,20,1.0,1.0,1.0
4,seed231701,UDPFlood,333019,xgboost,72,52,20,52,20,0.7222222222222222,0.2777777777777778,1.0,1.0,1.0,1.0,1.0,1.0,52,0,0,20,1.0,1.0,1.0
4,seed257053,DNSAmplification,104729,hybrid,60,50,10,50,10,0.8333333333333334,0.16666666666666666,1.0,1.0,1.0,1.0,1.0,1.0,50,0,0,10,1.0,1.0,0.9999999999999999
4,seed257053,DNSAmplification,104729,mlp,60,50,10,50,10,0.8333333333333334,0.16666666666666666,1.0,1.0,1.0,1.0,1.0,1.0,50,0,0,10,1.0,1.0,1.0
4,seed257053,DNSAmplification,104729,rf,60,50,10,50,10,0.8333333333333334,0.16666666666666666,1.0,1.0,1.0,1.0,1.0,1.0,50,0,0,10,1.0,1.0,0.9999999999999999
4,seed257053,DNSAmplification,104729,xgboost,60,50,10,50,10,0.8333333333333334,0.16666666666666666,1.0,1.0,1.0,1.0,1.0,1.0,50,0,0,10,1.0,1.0,1.0
4,seed257053,DNSAmplification,130363,hybrid,60,50,10,50,10,0.8333333333333334,0.16666666666666666,1.0,1.0,1.0,1.0,1.0,1.0,50,0,0,10,1.0,1.0,0.9999999999999999
4,seed257053,DNSAmplification,130363,mlp,60,50,10,50,10,0.8333333333333334,0.16666666666666666,1.0,1.0,1.0,1.0,1.0,1.0,50,0,0,10,1.0,1.0,1.0
4,seed257053,DNSAmplification,130363,rf,60,50,10,50,10,0.8333333333333334,0.16666666666666666,1.0,1.0,1.0,1.0,1.0,1.0,50,0,0,10,1.0,1.0,0.9999999999999999
4,seed257053,DNSAmplification,130363,xgboost,60,50,10,50,10,0.8333333333333334,0.16666666666666666,1.0,1.0,1.0,1.0,1.0,1.0,50,0,0,10,1.0,1.0,1.0
4,seed257053,DNSAmplification,155921,hybrid,60,50,10,50,10,0.8333333333333334,0.16666666666666666,1.0,1.0,1.0,1.0,1.0,1.0,50,0,0,10,1.0,1.0,0.9999999999999999
4,seed257053,DNSAmplification,155921,mlp,60,50,10,60,0,1.0,0.0,0.8333333333333334,not estimable,0.0,0.0,0.5,not estimable,50,0,10,0,0.0,0.6954131537085599,0.16666666666666666
4,seed257053,DNSAmplification,155921,rf,60,50,10,50,10,0.8333333333333334,0.16666666666666666,1.0,1.0,1.0,1.0,1.0,1.0,50,0,0,10,1.0,1.0,0.9999999999999999
4,seed257053,DNSAmplification,155921,xgboost,60,50,10,50,10,0.8333333333333334,0.16666666666666666,1.0,1.0,1.0,1.0,1.0,1.0,50,0,0,10,1.0,1.0,1.0
4,seed257053,DNSAmplification,181081,hybrid,60,50,10,50,10,0.8333333333333334,0.16666666666666666,1.0,1.0,1.0,1.0,1.0,1.0,50,0,0,10,1.0,1.0,0.9999999999999999
4,seed257053,DNSAmplification,181081,mlp,60,50,10,60,0,1.0,0.0,0.8333333333333334,not estimable,0.0,0.0,0.5,not estimable,50,0,10,0,0.0,0.6954131537085599,0.16666666666666666
4,seed257053,DNSAmplification,181081,rf,60,50,10,50,10,0.8333333333333334,0.16666666666666666,1.0,1.0,1.0,1.0,1.0,1.0,50,0,0,10,1.0,1.0,0.9999999999999999
4,seed257053,DNSAmplification,181081,xgboost,60,50,10,50,10,0.8333333333333334,0.16666666666666666,1.0,1.0,1.0,1.0,1.0,1.0,50,0,0,10,1.0,1.0,1.0
4,seed257053,DNSAmplification,206369,hybrid,60,50,10,50,10,0.8333333333333334,0.16666666666666666,1.0,1.0,1.0,1.0,1.0,1.0,50,0,0,10,1.0,1.0,1.0
4,seed257053,DNSAmplification,206369,mlp,60,50,10,50,10,0.8333333333333334,0.16666666666666666,1.0,1.0,1.0,1.0,1.0,1.0,50,0,0,10,1.0,1.0,1.0
4,seed257053,DNSAmplification,206369,rf,60,50,10,50,10,0.8333333333333334,0.16666666666666666,1.0,1.0,1.0,1.0,1.0,1.0,50,0,0,10,1.0,1.0,1.0
4,seed257053,DNSAmplification,206369,xgboost,60,50,10,50,10,0.8333333333333334,0.16666666666666666,1.0,1.0,1.0,1.0,1.0,1.0,50,0,0,10,1.0,1.0,1.0
4,seed257053,DNSAmplification,231701,hybrid,60,50,10,50,10,0.8333333333333334,0.16666666666666666,1.0,1.0,1.0,1.0,1.0,1.0,50,0,0,10,1.0,1.0,1.0
4,seed257053,DNSAmplification,231701,mlp,60,50,10,60,0,1.0,0.0,0.8333333333333334,not estimable,0.0,0.0,0.5,not estimable,50,0,10,0,0.0,0.6954758103501639,0.16666666666666666
4,seed257053,DNSAmplification,231701,rf,60,50,10,50,10,0.8333333333333334,0.16666666666666666,1.0,1.0,1.0,1.0,1.0,1.0,50,0,0,10,1.0,1.0,0.9999999999999999
4,seed257053,DNSAmplification,231701,xgboost,60,50,10,50,10,0.8333333333333334,0.16666666666666666,1.0,1.0,1.0,1.0,1.0,1.0,50,0,0,10,1.0,1.0,1.0
4,seed257053,DNSAmplification,257053,hybrid,60,50,10,50,10,0.8333333333333334,0.16666666666666666,1.0,1.0,1.0,1.0,1.0,1.0,50,0,0,10,1.0,1.0,1.0
4,seed257053,DNSAmplification,257053,mlp,60,50,10,60,0,1.0,0.0,0.8333333333333334,not estimable,0.0,0.0,0.5,not estimable,50,0,10,0,0.0,0.6895433468023309,0.16666666666666666
4,seed257053,DNSAmplification,257053,rf,60,50,10,50,10,0.8333333333333334,0.16666666666666666,1.0,1.0,1.0,1.0,1.0,1.0,50,0,0,10,1.0,1.0,0.9999999999999999
4,seed257053,DNSAmplification,257053,xgboost,60,50,10,50,10,0.8333333333333334,0.16666666666666666,1.0,1.0,1.0,1.0,1.0,1.0,50,0,0,10,1.0,1.0,1.0
4,seed257053,DNSAmplification,282427,hybrid,60,50,10,50,10,0.8333333333333334,0.16666666666666666,1.0,1.0,1.0,1.0,1.0,1.0,50,0,0,10,1.0,1.0,0.9999999999999999
4,seed257053,DNSAmplification,282427,mlp,60,50,10,60,0,1.0,0.0,0.8333333333333334,not estimable,0.0,0.0,0.5,not estimable,50,0,10,0,0.0,0.6954131537085599,0.16666666666666666
4,seed257053,DNSAmplification,282427,rf,60,50,10,50,10,0.8333333333333334,0.16666666666666666,1.0,1.0,1.0,1.0,1.0,1.0,50,0,0,10,1.0,1.0,0.9999999999999999
4,seed257053,DNSAmplification,282427,xgboost,60,50,10,50,10,0.8333333333333334,0.16666666666666666,1.0,1.0,1.0,1.0,1.0,1.0,50,0,0,10,1.0,1.0,1.0
4,seed257053,DNSAmplification,307759,hybrid,60,50,10,50,10,0.8333333333333334,0.16666666666666666,1.0,1.0,1.0,1.0,1.0,1.0,50,0,0,10,1.0,1.0,0.9999999999999999
4,seed257053,DNSAmplification,307759,mlp,60,50,10,50,10,0.8333333333333334,0.16666666666666666,1.0,1.0,1.0,1.0,1.0,1.0,50,0,0,10,1.0,1.0,1.0
4,seed257053,DNSAmplification,307759,rf,60,50,10,50,10,0.8333333333333334,0.16666666666666666,1.0,1.0,1.0,1.0,1.0,1.0,50,0,0,10,1.0,1.0,1.0
4,seed257053,DNSAmplification,307759,xgboost,60,50,10,50,10,0.8333333333333334,0.16666666666666666,1.0,1.0,1.0,1.0,1.0,1.0,50,0,0,10,1.0,1.0,1.0
4,seed257053,DNSAmplification,333019,hybrid,60,50,10,50,10,0.8333333333333334,0.16666666666666666,1.0,1.0,1.0,1.0,1.0,1.0,50,0,0,10,1.0,1.0,0.9999999999999999
4,seed257053,DNSAmplification,333019,mlp,60,50,10,50,10,0.8333333333333334,0.16666666666666666,1.0,1.0,1.0,1.0,1.0,1.0,50,0,0,10,0.9999999999999999,1.0,1.0
4,seed257053,DNSAmplification,333019,rf,60,50,10,50,10,0.8333333333333334,0.16666666666666666,1.0,1.0,1.0,1.0,1.0,1.0,50,0,0,10,1.0,1.0,1.0
4,seed257053,DNSAmplification,333019,xgboost,60,50,10,50,10,0.8333333333333334,0.16666666666666666,1.0,1.0,1.0,1.0,1.0,1.0,50,0,0,10,1.0,1.0,1.0
4,seed257053,Normal,104729,hybrid,50,50,0,50,0,1.0,0.0,1.0,not estimable,not estimable,not estimable,not estimable,not estimable,50,0,0,0,not estimable,not estimable,not estimable
4,seed257053,Normal,104729,mlp,50,50,0,50,0,1.0,0.0,1.0,not estimable,not estimable,not estimable,not estimable,not estimable,50,0,0,0,not estimable,not estimable,not estimable
4,seed257053,Normal,104729,rf,50,50,0,50,0,1.0,0.0,1.0,not estimable,not estimable,not estimable,not estimable,not estimable,50,0,0,0,not estimable,not estimable,not estimable
4,seed257053,Normal,104729,xgboost,50,50,0,50,0,1.0,0.0,1.0,not estimable,not estimable,not estimable,not estimable,not estimable,50,0,0,0,not estimable,not estimable,not estimable
4,seed257053,Normal,130363,hybrid,50,50,0,50,0,1.0,0.0,1.0,not estimable,not estimable,not estimable,not estimable,not estimable,50,0,0,0,not estimable,not estimable,not estimable
4,seed257053,Normal,130363,mlp,50,50,0,50,0,1.0,0.0,1.0,not estimable,not estimable,not estimable,not estimable,not estimable,50,0,0,0,not estimable,not estimable,not estimable
4,seed257053,Normal,130363,rf,50,50,0,50,0,1.0,0.0,1.0,not estimable,not estimable,not estimable,not estimable,not estimable,50,0,0,0,not estimable,not estimable,not estimable
4,seed257053,Normal,130363,xgboost,50,50,0,50,0,1.0,0.0,1.0,not estimable,not estimable,not estimable,not estimable,not estimable,50,0,0,0,not estimable,not estimable,not estimable
4,seed257053,Normal,155921,hybrid,50,50,0,50,0,1.0,0.0,1.0,not estimable,not estimable,not estimable,not estimable,not estimable,50,0,0,0,not estimable,not estimable,not estimable
4,seed257053,Normal,155921,mlp,50,50,0,50,0,1.0,0.0,1.0,not estimable,not estimable,not estimable,not estimable,not estimable,50,0,0,0,not estimable,not estimable,not estimable
4,seed257053,Normal,155921,rf,50,50,0,50,0,1.0,0.0,1.0,not estimable,not estimable,not estimable,not estimable,not estimable,50,0,0,0,not estimable,not estimable,not estimable
4,seed257053,Normal,155921,xgboost,50,50,0,50,0,1.0,0.0,1.0,not estimable,not estimable,not estimable,not estimable,not estimable,50,0,0,0,not estimable,not estimable,not estimable
4,seed257053,Normal,181081,hybrid,50,50,0,50,0,1.0,0.0,1.0,not estimable,not estimable,not estimable,not estimable,not estimable,50,0,0,0,not estimable,not estimable,not estimable
4,seed257053,Normal,181081,mlp,50,50,0,50,0,1.0,0.0,1.0,not estimable,not estimable,not estimable,not estimable,not estimable,50,0,0,0,not estimable,not estimable,not estimable
4,seed257053,Normal,181081,rf,50,50,0,50,0,1.0,0.0,1.0,not estimable,not estimable,not estimable,not estimable,not estimable,50,0,0,0,not estimable,not estimable,not estimable
4,seed257053,Normal,181081,xgboost,50,50,0,50,0,1.0,0.0,1.0,not estimable,not estimable,not estimable,not estimable,not estimable,50,0,0,0,not estimable,not estimable,not estimable
4,seed257053,Normal,206369,hybrid,50,50,0,50,0,1.0,0.0,1.0,not estimable,not estimable,not estimable,not estimable,not estimable,50,0,0,0,not estimable,not estimable,not estimable
4,seed257053,Normal,206369,mlp,50,50,0,50,0,1.0,0.0,1.0,not estimable,not estimable,not estimable,not estimable,not estimable,50,0,0,0,not estimable,not estimable,not estimable
4,seed257053,Normal,206369,rf,50,50,0,50,0,1.0,0.0,1.0,not estimable,not estimable,not estimable,not estimable,not estimable,50,0,0,0,not estimable,not estimable,not estimable
4,seed257053,Normal,206369,xgboost,50,50,0,50,0,1.0,0.0,1.0,not estimable,not estimable,not estimable,not estimable,not estimable,50,0,0,0,not estimable,not estimable,not estimable
4,seed257053,Normal,231701,hybrid,50,50,0,50,0,1.0,0.0,1.0,not estimable,not estimable,not estimable,not estimable,not estimable,50,0,0,0,not estimable,not estimable,not estimable
4,seed257053,Normal,231701,mlp,50,50,0,50,0,1.0,0.0,1.0,not estimable,not estimable,not estimable,not estimable,not estimable,50,0,0,0,not estimable,not estimable,not estimable
4,seed257053,Normal,231701,rf,50,50,0,50,0,1.0,0.0,1.0,not estimable,not estimable,not estimable,not estimable,not estimable,50,0,0,0,not estimable,not estimable,not estimable
4,seed257053,Normal,231701,xgboost,50,50,0,50,0,1.0,0.0,1.0,not estimable,not estimable,not estimable,not estimable,not estimable,50,0,0,0,not estimable,not estimable,not estimable
4,seed257053,Normal,257053,hybrid,50,50,0,50,0,1.0,0.0,1.0,not estimable,not estimable,not estimable,not estimable,not estimable,50,0,0,0,not estimable,not estimable,not estimable
4,seed257053,Normal,257053,mlp,50,50,0,50,0,1.0,0.0,1.0,not estimable,not estimable,not estimable,not estimable,not estimable,50,0,0,0,not estimable,not estimable,not estimable
4,seed257053,Normal,257053,rf,50,50,0,50,0,1.0,0.0,1.0,not estimable,not estimable,not estimable,not estimable,not estimable,50,0,0,0,not estimable,not estimable,not estimable
4,seed257053,Normal,257053,xgboost,50,50,0,50,0,1.0,0.0,1.0,not estimable,not estimable,not estimable,not estimable,not estimable,50,0,0,0,not estimable,not estimable,not estimable
4,seed257053,Normal,282427,hybrid,50,50,0,50,0,1.0,0.0,1.0,not estimable,not estimable,not estimable,not estimable,not estimable,50,0,0,0,not estimable,not estimable,not estimable
4,seed257053,Normal,282427,mlp,50,50,0,50,0,1.0,0.0,1.0,not estimable,not estimable,not estimable,not estimable,not estimable,50,0,0,0,not estimable,not estimable,not estimable
4,seed257053,Normal,282427,rf,50,50,0,50,0,1.0,0.0,1.0,not estimable,not estimable,not estimable,not estimable,not estimable,50,0,0,0,not estimable,not estimable,not estimable
4,seed257053,Normal,282427,xgboost,50,50,0,50,0,1.0,0.0,1.0,not estimable,not estimable,not estimable,not estimable,not estimable,50,0,0,0,not estimable,not estimable,not estimable
4,seed257053,Normal,307759,hybrid,50,50,0,50,0,1.0,0.0,1.0,not estimable,not estimable,not estimable,not estimable,not estimable,50,0,0,0,not estimable,not estimable,not estimable
4,seed257053,Normal,307759,mlp,50,50,0,50,0,1.0,0.0,1.0,not estimable,not estimable,not estimable,not estimable,not estimable,50,0,0,0,not estimable,not estimable,not estimable
4,seed257053,Normal,307759,rf,50,50,0,50,0,1.0,0.0,1.0,not estimable,not estimable,not estimable,not estimable,not estimable,50,0,0,0,not estimable,not estimable,not estimable
4,seed257053,Normal,307759,xgboost,50,50,0,50,0,1.0,0.0,1.0,not estimable,not estimable,not estimable,not estimable,not estimable,50,0,0,0,not estimable,not estimable,not estimable
4,seed257053,Normal,333019,hybrid,50,50,0,50,0,1.0,0.0,1.0,not estimable,not estimable,not estimable,not estimable,not estimable,50,0,0,0,not estimable,not estimable,not estimable
4,seed257053,Normal,333019,mlp,50,50,0,50,0,1.0,0.0,1.0,not estimable,not estimable,not estimable,not estimable,not estimable,50,0,0,0,not estimable,not estimable,not estimable
4,seed257053,Normal,333019,rf,50,50,0,50,0,1.0,0.0,1.0,not estimable,not estimable,not estimable,not estimable,not estimable,50,0,0,0,not estimable,not estimable,not estimable
4,seed257053,Normal,333019,xgboost,50,50,0,50,0,1.0,0.0,1.0,not estimable,not estimable,not estimable,not estimable,not estimable,50,0,0,0,not estimable,not estimable,not estimable
4,seed257053,SYNFlood,104729,hybrid,850,50,800,850,0,1.0,0.0,0.058823529411764705,not estimable,0.0,0.0,0.5,not estimable,50,0,800,0,0.49999999999999994,0.06768893328254913,0.9703809800427241
4,seed257053,SYNFlood,104729,mlp,850,50,800,849,1,0.9988235294117647,0.001176470588235294,0.06,1.0,0.00125,0.0024968789013732834,0.500625,0.008579977788182253,50,0,799,1,1.0,1.0,0.9999999999999999
4,seed257053,SYNFlood,104729,rf,850,50,800,850,0,1.0,0.0,0.058823529411764705,not estimable,0.0,0.0,0.5,not estimable,50,0,800,0,0.0,0.058823529411764705,0.89675640672244
4,seed257053,SYNFlood,104729,xgboost,850,50,800,850,0,1.0,0.0,0.058823529411764705,not estimable,0.0,0.0,0.5,not estimable,50,0,800,0,0.0,0.058823529411764705,0.9074021534092991
4,seed257053,SYNFlood,130363,hybrid,850,50,800,850,0,1.0,0.0,0.058823529411764705,not estimable,0.0,0.0,0.5,not estimable,50,0,800,0,0.0,0.03405332437701149,0.881574265766512
4,seed257053,SYNFlood,130363,mlp,850,50,800,850,0,1.0,0.0,0.058823529411764705,not estimable,0.0,0.0,0.5,not estimable,50,0,800,0,0.0,0.03405332437701149,0.8809533494728953
4,seed257053,SYNFlood,130363,rf,850,50,800,850,0,1.0,0.0,0.058823529411764705,not estimable,0.0,0.0,0.5,not estimable,50,0,800,0,0.0,0.04556881921472746,0.8817815210179052
4,seed257053,SYNFlood,130363,xgboost,850,50,800,850,0,1.0,0.0,0.058823529411764705,not estimable,0.0,0.0,0.5,not estimable,50,0,800,0,0.0,0.04556881921472746,0.9139219284595799
4,seed257053,SYNFlood,155921,hybrid,850,50,800,850,0,1.0,0.0,0.058823529411764705,not estimable,0.0,0.0,0.5,not estimable,50,0,800,0,0.5,0.06786168265184406,0.9703809800427241
4,seed257053,SYNFlood,155921,mlp,850,50,800,850,0,1.0,0.0,0.058823529411764705,not estimable,0.0,0.0,0.5,not estimable,50,0,800,0,1.0,1.0,0.9999999999999999
4,seed257053,SYNFlood,155921,rf,850,50,800,850,0,1.0,0.0,0.058823529411764705,not estimable,0.0,0.0,0.5,not estimable,50,0,800,0,0.0,0.05657033885873551,0.89689428406849
4,seed257053,SYNFlood,155921,xgboost,850,50,800,850,0,1.0,0.0,0.058823529411764705,not estimable,0.0,0.0,0.5,not estimable,50,0,800,0,0.0,0.058823529411764705,0.9074021534092991
4,seed257053,SYNFlood,181081,hybrid,850,50,800,850,0,1.0,0.0,0.058823529411764705,not estimable,0.0,0.0,0.5,not estimable,50,0,800,0,0.5,0.06793660113213834,0.9703809800427241
4,seed257053,SYNFlood,181081,mlp,850,50,800,849,1,0.9988235294117647,0.001176470588235294,0.06,1.0,0.00125,0.0024968789013732834,0.500625,0.008579977788182253,50,0,799,1,1.0,1.0,0.9999999999999999
4,seed257053,SYNFlood,181081,rf,850,50,800,850,0,1.0,0.0,0.058823529411764705,not estimable,0.0,0.0,0.5,not estimable,50,0,800,0,0.0,0.058823529411764705,0.9066281429776495
4,seed257053,SYNFlood,181081,xgboost,850,50,800,850,0,1.0,0.0,0.058823529411764705,not estimable,0.0,0.0,0.5,not estimable,50,0,800,0,0.0,0.058823529411764705,0.9074021534092991
4,seed257053,SYNFlood,206369,hybrid,850,50,800,850,0,1.0,0.0,0.058823529411764705,not estimable,0.0,0.0,0.5,not estimable,50,0,800,0,0.49999999999999994,0.06768820171385094,0.9703809800427241
4,seed257053,SYNFlood,206369,mlp,850,50,800,849,1,0.9988235294117647,0.001176470588235294,0.06,1.0,0.00125,0.0024968789013732834,0.500625,0.008579977788182253,50,0,799,1,0.49999999999999994,0.06768820171385094,0.9703809800427241
4,seed257053,SYNFlood,206369,rf,850,50,800,850,0,1.0,0.0,0.058823529411764705,not estimable,0.0,0.0,0.5,not estimable,50,0,800,0,0.0,0.058823529411764705,0.8872518215802258
4,seed257053,SYNFlood,206369,xgboost,850,50,800,850,0,1.0,0.0,0.058823529411764705,not estimable,0.0,0.0,0.5,not estimable,50,0,800,0,0.0,0.058823529411764705,0.9074021534092991
4,seed257053,SYNFlood,231701,hybrid,850,50,800,850,0,1.0,0.0,0.058823529411764705,not estimable,0.0,0.0,0.5,not estimable,50,0,800,0,0.5,0.06786168265184406,0.9703809800427241
4,seed257053,SYNFlood,231701,mlp,850,50,800,841,9,0.9894117647058823,0.010588235294117647,0.06941176470588235,1.0,0.01125,0.022249690976514216,0.505625,0.02586206896551724,50,0,791,9,0.909,0.8211851257356876,0.9943358988587814
4,seed257053,SYNFlood,231701,rf,850,50,800,850,0,1.0,0.0,0.058823529411764705,not estimable,0.0,0.0,0.5,not estimable,50,0,800,0,0.0,0.05657033885873551,0.8857880877386993
4,seed257053,SYNFlood,231701,xgboost,850,50,800,850,0,1.0,0.0,0.058823529411764705,not estimable,0.0,0.0,0.5,not estimable,50,0,800,0,0.0,0.058823529411764705,0.9074021534092991
4,seed257053,SYNFlood,257053,hybrid,850,50,800,850,0,1.0,0.0,0.058823529411764705,not estimable,0.0,0.0,0.5,not estimable,50,0,800,0,0.0012500000000000002,0.035376102366815765,0.8821788396689737
4,seed257053,SYNFlood,257053,mlp,850,50,800,849,1,0.9988235294117647,0.001176470588235294,0.06,1.0,0.00125,0.0024968789013732834,0.500625,0.008579977788182253,50,0,799,1,0.49999999999999994,0.06768820171385094,0.9703809800427241
4,seed257053,SYNFlood,257053,rf,850,50,800,850,0,1.0,0.0,0.058823529411764705,not estimable,0.0,0.0,0.5,not estimable,50,0,800,0,0.0,0.058823529411764705,0.898150704614729
4,seed257053,SYNFlood,257053,xgboost,850,50,800,850,0,1.0,0.0,0.058823529411764705,not estimable,0.0,0.0,0.5,not estimable,50,0,800,0,0.0,0.058823529411764705,0.9074021534092991
4,seed257053,SYNFlood,282427,hybrid,850,50,800,850,0,1.0,0.0,0.058823529411764705,not estimable,0.0,0.0,0.5,not estimable,50,0,800,0,0.5,0.06793660113213834,0.9703809800427241
4,seed257053,SYNFlood,282427,mlp,850,50,800,849,1,0.9988235294117647,0.001176470588235294,0.06,1.0,0.00125,0.0024968789013732834,0.500625,0.008579977788182253,50,0,799,1,1.0,1.0,0.9999999999999999
4,seed257053,SYNFlood,282427,rf,850,50,800,850,0,1.0,0.0,0.058823529411764705,not estimable,0.0,0.0,0.5,not estimable,50,0,800,0,0.0,0.056692563817980025,0.9137963494856671
4,seed257053,SYNFlood,282427,xgboost,850,50,800,850,0,1.0,0.0,0.058823529411764705,not estimable,0.0,0.0,0.5,not estimable,50,0,800,0,0.0,0.058823529411764705,0.9074021534092991
4,seed257053,SYNFlood,307759,hybrid,850,50,800,850,0,1.0,0.0,0.058823529411764705,not estimable,0.0,0.0,0.5,not estimable,50,0,800,0,0.0,0.03406325067956173,0.8910139505725343
4,seed257053,SYNFlood,307759,mlp,850,50,800,850,0,1.0,0.0,0.058823529411764705,not estimable,0.0,0.0,0.5,not estimable,50,0,800,0,0.5,0.06533674254945876,0.9703809800427242
4,seed257053,SYNFlood,307759,rf,850,50,800,850,0,1.0,0.0,0.058823529411764705,not estimable,0.0,0.0,0.5,not estimable,50,0,800,0,0.0,0.04556881921472746,0.8912212058239275
4,seed257053,SYNFlood,307759,xgboost,850,50,800,850,0,1.0,0.0,0.058823529411764705,not estimable,0.0,0.0,0.5,not estimable,50,0,800,0,0.0,0.04556881921472746,0.9139219284595799
4,seed257053,SYNFlood,333019,hybrid,850,50,800,850,0,1.0,0.0,0.058823529411764705,not estimable,0.0,0.0,0.5,not estimable,50,0,800,0,0.0,0.0352604052585386,0.881574265766512
4,seed257053,SYNFlood,333019,mlp,850,50,800,850,0,1.0,0.0,0.058823529411764705,not estimable,0.0,0.0,0.5,not estimable,50,0,800,0,0.0,0.0352604052585386,0.8975565473274318
4,seed257053,SYNFlood,333019,rf,850,50,800,850,0,1.0,0.0,0.058823529411764705,not estimable,0.0,0.0,0.5,not estimable,50,0,800,0,0.0,0.058823529411764705,0.8817815210179053
4,seed257053,SYNFlood,333019,xgboost,850,50,800,850,0,1.0,0.0,0.058823529411764705,not estimable,0.0,0.0,0.5,not estimable,50,0,800,0,0.07820000000000002,0.052481309070390746,0.9219281394120131
4,seed257053,UDPFlood,104729,hybrid,75,55,20,54,21,0.72,0.28,0.9866666666666667,0.9523809523809523,1.0,0.975609756097561,0.990909090909091,0.9669875568304563,54,1,0,20,1.0,1.0,1.0000000000000002
4,seed257053,UDPFlood,104729,mlp,75,55,20,51,24,0.68,0.32,0.9466666666666667,0.8333333333333334,1.0,0.9090909090909091,0.9636363636363636,0.8790490729915326,51,4,0,20,1.0,1.0,1.0
4,seed257053,UDPFlood,104729,rf,75,55,20,54,21,0.72,0.28,0.9866666666666667,0.9523809523809523,1.0,0.975609756097561,0.990909090909091,0.9669875568304563,54,1,0,20,1.0,1.0,1.0000000000000002
4,seed257053,UDPFlood,104729,xgboost,75,55,20,55,20,0.7333333333333333,0.26666666666666666,1.0,1.0,1.0,1.0,1.0,1.0,55,0,0,20,1.0,1.0,1.0
4,seed257053,UDPFlood,130363,hybrid,75,55,20,55,20,0.7333333333333333,0.26666666666666666,1.0,1.0,1.0,1.0,1.0,1.0,55,0,0,20,1.0,1.0,1.0
4,seed257053,UDPFlood,130363,mlp,75,55,20,54,21,0.72,0.28,0.9866666666666667,0.9523809523809523,1.0,0.975609756097561,0.990909090909091,0.9669875568304563,54,1,0,20,1.0,1.0,1.0
4,seed257053,UDPFlood,130363,rf,75,55,20,53,22,0.7066666666666667,0.29333333333333333,0.9733333333333334,0.9090909090909091,1.0,0.9523809523809523,0.9818181818181818,0.9359663764533636,53,2,0,20,1.0,1.0,1.0
4,seed257053,UDPFlood,130363,xgboost,75,55,20,55,20,0.7333333333333333,0.26666666666666666,1.0,1.0,1.0,1.0,1.0,1.0,55,0,0,20,1.0,1.0,1.0
4,seed257053,UDPFlood,155921,hybrid,75,55,20,54,21,0.72,0.28,0.9866666666666667,0.9523809523809523,1.0,0.975609756097561,0.990909090909091,0.9669875568304563,54,1,0,20,1.0,1.0,1.0000000000000002
4,seed257053,UDPFlood,155921,mlp,75,55,20,71,4,0.9466666666666667,0.05333333333333334,0.68,0.0,0.0,0.0,0.4636363636363636,-0.1431312533929026,51,4,20,0,0.0,0.5427281969517843,0.26666666666666666
4,seed257053,UDPFlood,155921,rf,75,55,20,54,21,0.72,0.28,0.9866666666666667,0.9523809523809523,1.0,0.975609756097561,0.990909090909091,0.9669875568304563,54,1,0,20,1.0,1.0,1.0
4,seed257053,UDPFlood,155921,xgboost,75,55,20,55,20,0.7333333333333333,0.26666666666666666,1.0,1.0,1.0,1.0,1.0,1.0,55,0,0,20,1.0,1.0,1.0
4,seed257053,UDPFlood,181081,hybrid,75,55,20,54,21,0.72,0.28,0.9866666666666667,0.9523809523809523,1.0,0.975609756097561,0.990909090909091,0.9669875568304563,54,1,0,20,1.0,1.0,1.0
4,seed257053,UDPFlood,181081,mlp,75,55,20,71,4,0.9466666666666667,0.05333333333333334,0.68,0.0,0.0,0.0,0.4636363636363636,-0.1431312533929026,51,4,20,0,0.0,0.5423996815030827,0.26666666666666666
4,seed257053,UDPFlood,181081,rf,75,55,20,54,21,0.72,0.28,0.9866666666666667,0.9523809523809523,1.0,0.975609756097561,0.990909090909091,0.9669875568304563,54,1,0,20,1.0,1.0,1.0
4,seed257053,UDPFlood,181081,xgboost,75,55,20,55,20,0.7333333333333333,0.26666666666666666,1.0,1.0,1.0,1.0,1.0,1.0,55,0,0,20,1.0,1.0,1.0
4,seed257053,UDPFlood,206369,hybrid,75,55,20,54,21,0.72,0.28,0.9866666666666667,0.9523809523809523,1.0,0.975609756097561,0.990909090909091,0.9669875568304563,54,1,0,20,1.0,1.0,1.0
4,seed257053,UDPFlood,206369,mlp,75,55,20,51,24,0.68,0.32,0.9466666666666667,0.8333333333333334,1.0,0.9090909090909091,0.9636363636363636,0.8790490729915326,51,4,0,20,1.0,1.0,1.0
4,seed257053,UDPFlood,206369,rf,75,55,20,54,21,0.72,0.28,0.9866666666666667,0.9523809523809523,1.0,0.975609756097561,0.990909090909091,0.9669875568304563,54,1,0,20,1.0,1.0,1.0
4,seed257053,UDPFlood,206369,xgboost,75,55,20,55,20,0.7333333333333333,0.26666666666666666,1.0,1.0,1.0,1.0,1.0,1.0,55,0,0,20,1.0,1.0,1.0
4,seed257053,UDPFlood,231701,hybrid,75,55,20,54,21,0.72,0.28,0.9866666666666667,0.9523809523809523,1.0,0.975609756097561,0.990909090909091,0.9669875568304563,54,1,0,20,1.0,1.0,1.0
4,seed257053,UDPFlood,231701,mlp,75,55,20,71,4,0.9466666666666667,0.05333333333333334,0.68,0.0,0.0,0.0,0.4636363636363636,-0.1431312533929026,51,4,20,0,0.0,0.5427281969517843,0.26666666666666666
4,seed257053,UDPFlood,231701,rf,75,55,20,54,21,0.72,0.28,0.9866666666666667,0.9523809523809523,1.0,0.975609756097561,0.990909090909091,0.9669875568304563,54,1,0,20,1.0,1.0,1.0
4,seed257053,UDPFlood,231701,xgboost,75,55,20,55,20,0.7333333333333333,0.26666666666666666,1.0,1.0,1.0,1.0,1.0,1.0,55,0,0,20,1.0,1.0,1.0
4,seed257053,UDPFlood,257053,hybrid,75,55,20,54,21,0.72,0.28,0.9866666666666667,0.9523809523809523,1.0,0.975609756097561,0.990909090909091,0.9669875568304563,54,1,0,20,1.0,1.0,1.0000000000000002
4,seed257053,UDPFlood,257053,mlp,75,55,20,71,4,0.9466666666666667,0.05333333333333334,0.68,0.0,0.0,0.0,0.4636363636363636,-0.1431312533929026,51,4,20,0,0.0,0.5452208201864347,0.26666666666666666
4,seed257053,UDPFlood,257053,rf,75,55,20,54,21,0.72,0.28,0.9866666666666667,0.9523809523809523,1.0,0.975609756097561,0.990909090909091,0.9669875568304563,54,1,0,20,1.0,1.0,1.0
4,seed257053,UDPFlood,257053,xgboost,75,55,20,55,20,0.7333333333333333,0.26666666666666666,1.0,1.0,1.0,1.0,1.0,1.0,55,0,0,20,1.0,1.0,1.0
4,seed257053,UDPFlood,282427,hybrid,75,55,20,54,21,0.72,0.28,0.9866666666666667,0.9523809523809523,1.0,0.975609756097561,0.990909090909091,0.9669875568304563,54,1,0,20,1.0,1.0,1.0000000000000002
4,seed257053,UDPFlood,282427,mlp,75,55,20,71,4,0.9466666666666667,0.05333333333333334,0.68,0.0,0.0,0.0,0.4636363636363636,-0.1431312533929026,51,4,20,0,0.0,0.542316533143894,0.26666666666666666
4,seed257053,UDPFlood,282427,rf,75,55,20,54,21,0.72,0.28,0.9866666666666667,0.9523809523809523,1.0,0.975609756097561,0.990909090909091,0.9669875568304563,54,1,0,20,1.0,1.0,1.0
4,seed257053,UDPFlood,282427,xgboost,75,55,20,55,20,0.7333333333333333,0.26666666666666666,1.0,1.0,1.0,1.0,1.0,1.0,55,0,0,20,1.0,1.0,1.0
4,seed257053,UDPFlood,307759,hybrid,75,55,20,53,22,0.7066666666666667,0.29333333333333333,0.9733333333333334,0.9090909090909091,1.0,0.9523809523809523,0.9818181818181818,0.9359663764533636,53,2,0,20,1.0,1.0,1.0
4,seed257053,UDPFlood,307759,mlp,75,55,20,50,25,0.6666666666666666,0.3333333333333333,0.9333333333333333,0.8,1.0,0.8888888888888888,0.9545454545454546,0.8528028654224418,50,5,0,20,1.0,1.0,1.0
4,seed257053,UDPFlood,307759,rf,75,55,20,53,22,0.7066666666666667,0.29333333333333333,0.9733333333333334,0.9090909090909091,1.0,0.9523809523809523,0.9818181818181818,0.9359663764533636,53,2,0,20,1.0,1.0,1.0
4,seed257053,UDPFlood,307759,xgboost,75,55,20,55,20,0.7333333333333333,0.26666666666666666,1.0,1.0,1.0,1.0,1.0,1.0,55,0,0,20,1.0,1.0,1.0
4,seed257053,UDPFlood,333019,hybrid,75,55,20,55,20,0.7333333333333333,0.26666666666666666,1.0,1.0,1.0,1.0,1.0,1.0,55,0,0,20,1.0,1.0,1.0
4,seed257053,UDPFlood,333019,mlp,75,55,20,54,21,0.72,0.28,0.9866666666666667,0.9523809523809523,1.0,0.975609756097561,0.990909090909091,0.9669875568304563,54,1,0,20,1.0,1.0,1.0
4,seed257053,UDPFlood,333019,rf,75,55,20,54,21,0.72,0.28,0.9866666666666667,0.9523809523809523,1.0,0.975609756097561,0.990909090909091,0.9669875568304563,54,1,0,20,1.0,1.0,1.0
4,seed257053,UDPFlood,333019,xgboost,75,55,20,55,20,0.7333333333333333,0.26666666666666666,1.0,1.0,1.0,1.0,1.0,1.0,55,0,0,20,1.0,0.9999999999999999,1.0
4,seed282427,DNSAmplification,104729,hybrid,60,50,10,50,10,0.8333333333333334,0.16666666666666666,1.0,1.0,1.0,1.0,1.0,1.0,50,0,0,10,1.0,1.0,1.0
4,seed282427,DNSAmplification,104729,mlp,60,50,10,50,10,0.8333333333333334,0.16666666666666666,1.0,1.0,1.0,1.0,1.0,1.0,50,0,0,10,1.0,1.0,1.0
4,seed282427,DNSAmplification,104729,rf,60,50,10,50,10,0.8333333333333334,0.16666666666666666,1.0,1.0,1.0,1.0,1.0,1.0,50,0,0,10,1.0,1.0,0.9999999999999999
4,seed282427,DNSAmplification,104729,xgboost,60,50,10,50,10,0.8333333333333334,0.16666666666666666,1.0,1.0,1.0,1.0,1.0,1.0,50,0,0,10,1.0,1.0,1.0
4,seed282427,DNSAmplification,130363,hybrid,60,50,10,50,10,0.8333333333333334,0.16666666666666666,1.0,1.0,1.0,1.0,1.0,1.0,50,0,0,10,1.0,1.0,1.0
4,seed282427,DNSAmplification,130363,mlp,60,50,10,50,10,0.8333333333333334,0.16666666666666666,1.0,1.0,1.0,1.0,1.0,1.0,50,0,0,10,1.0,1.0,1.0
4,seed282427,DNSAmplification,130363,rf,60,50,10,50,10,0.8333333333333334,0.16666666666666666,1.0,1.0,1.0,1.0,1.0,1.0,50,0,0,10,1.0,1.0,1.0
4,seed282427,DNSAmplification,130363,xgboost,60,50,10,50,10,0.8333333333333334,0.16666666666666666,1.0,1.0,1.0,1.0,1.0,1.0,50,0,0,10,1.0,1.0,1.0
4,seed282427,DNSAmplification,155921,hybrid,60,50,10,50,10,0.8333333333333334,0.16666666666666666,1.0,1.0,1.0,1.0,1.0,1.0,50,0,0,10,1.0,1.0,1.0
4,seed282427,DNSAmplification,155921,mlp,60,50,10,60,0,1.0,0.0,0.8333333333333334,not estimable,0.0,0.0,0.5,not estimable,50,0,10,0,0.0,0.7000005552512985,0.16666666666666666
4,seed282427,DNSAmplification,155921,rf,60,50,10,50,10,0.8333333333333334,0.16666666666666666,1.0,1.0,1.0,1.0,1.0,1.0,50,0,0,10,1.0,1.0,0.9999999999999999
4,seed282427,DNSAmplification,155921,xgboost,60,50,10,50,10,0.8333333333333334,0.16666666666666666,1.0,1.0,1.0,1.0,1.0,1.0,50,0,0,10,1.0,1.0,1.0
4,seed282427,DNSAmplification,181081,hybrid,60,50,10,50,10,0.8333333333333334,0.16666666666666666,1.0,1.0,1.0,1.0,1.0,1.0,50,0,0,10,1.0,1.0,1.0
4,seed282427,DNSAmplification,181081,mlp,60,50,10,60,0,1.0,0.0,0.8333333333333334,not estimable,0.0,0.0,0.5,not estimable,50,0,10,0,0.0,0.7000005552512985,0.16666666666666666
4,seed282427,DNSAmplification,181081,rf,60,50,10,50,10,0.8333333333333334,0.16666666666666666,1.0,1.0,1.0,1.0,1.0,1.0,50,0,0,10,1.0,1.0,0.9999999999999999
4,seed282427,DNSAmplification,181081,xgboost,60,50,10,50,10,0.8333333333333334,0.16666666666666666,1.0,1.0,1.0,1.0,1.0,1.0,50,0,0,10,1.0,1.0,1.0
4,seed282427,DNSAmplification,206369,hybrid,60,50,10,50,10,0.8333333333333334,0.16666666666666666,1.0,1.0,1.0,1.0,1.0,1.0,50,0,0,10,1.0,1.0,1.0
4,seed282427,DNSAmplification,206369,mlp,60,50,10,50,10,0.8333333333333334,0.16666666666666666,1.0,1.0,1.0,1.0,1.0,1.0,50,0,0,10,1.0,1.0,1.0
4,seed282427,DNSAmplification,206369,rf,60,50,10,50,10,0.8333333333333334,0.16666666666666666,1.0,1.0,1.0,1.0,1.0,1.0,50,0,0,10,1.0,1.0,0.9999999999999999
4,seed282427,DNSAmplification,206369,xgboost,60,50,10,50,10,0.8333333333333334,0.16666666666666666,1.0,1.0,1.0,1.0,1.0,1.0,50,0,0,10,1.0,1.0,1.0
4,seed282427,DNSAmplification,231701,hybrid,60,50,10,50,10,0.8333333333333334,0.16666666666666666,1.0,1.0,1.0,1.0,1.0,1.0,50,0,0,10,1.0,1.0,1.0
4,seed282427,DNSAmplification,231701,mlp,60,50,10,60,0,1.0,0.0,0.8333333333333334,not estimable,0.0,0.0,0.5,not estimable,50,0,10,0,0.0,0.7000005552512985,0.16666666666666666
4,seed282427,DNSAmplification,231701,rf,60,50,10,50,10,0.8333333333333334,0.16666666666666666,1.0,1.0,1.0,1.0,1.0,1.0,50,0,0,10,1.0,1.0,0.9999999999999999
4,seed282427,DNSAmplification,231701,xgboost,60,50,10,50,10,0.8333333333333334,0.16666666666666666,1.0,1.0,1.0,1.0,1.0,1.0,50,0,0,10,1.0,1.0,1.0
4,seed282427,DNSAmplification,257053,hybrid,60,50,10,50,10,0.8333333333333334,0.16666666666666666,1.0,1.0,1.0,1.0,1.0,1.0,50,0,0,10,1.0,1.0,1.0
4,seed282427,DNSAmplification,257053,mlp,60,50,10,60,0,1.0,0.0,0.8333333333333334,not estimable,0.0,0.0,0.5,not estimable,50,0,10,0,0.0,0.6907095460242281,0.16666666666666666
4,seed282427,DNSAmplification,257053,rf,60,50,10,50,10,0.8333333333333334,0.16666666666666666,1.0,1.0,1.0,1.0,1.0,1.0,50,0,0,10,1.0,1.0,1.0
4,seed282427,DNSAmplification,257053,xgboost,60,50,10,50,10,0.8333333333333334,0.16666666666666666,1.0,1.0,1.0,1.0,1.0,1.0,50,0,0,10,1.0,1.0,1.0
4,seed282427,DNSAmplification,282427,hybrid,60,50,10,50,10,0.8333333333333334,0.16666666666666666,1.0,1.0,1.0,1.0,1.0,1.0,50,0,0,10,1.0,1.0,1.0
4,seed282427,DNSAmplification,282427,mlp,60,50,10,60,0,1.0,0.0,0.8333333333333334,not estimable,0.0,0.0,0.5,not estimable,50,0,10,0,0.0,0.7000005552512985,0.16666666666666666
4,seed282427,DNSAmplification,282427,rf,60,50,10,50,10,0.8333333333333334,0.16666666666666666,1.0,1.0,1.0,1.0,1.0,1.0,50,0,0,10,1.0,1.0,0.9999999999999999
4,seed282427,DNSAmplification,282427,xgboost,60,50,10,50,10,0.8333333333333334,0.16666666666666666,1.0,1.0,1.0,1.0,1.0,1.0,50,0,0,10,1.0,1.0,1.0
4,seed282427,DNSAmplification,307759,hybrid,60,50,10,50,10,0.8333333333333334,0.16666666666666666,1.0,1.0,1.0,1.0,1.0,1.0,50,0,0,10,1.0,1.0,1.0
4,seed282427,DNSAmplification,307759,mlp,60,50,10,50,10,0.8333333333333334,0.16666666666666666,1.0,1.0,1.0,1.0,1.0,1.0,50,0,0,10,1.0,1.0,1.0
4,seed282427,DNSAmplification,307759,rf,60,50,10,50,10,0.8333333333333334,0.16666666666666666,1.0,1.0,1.0,1.0,1.0,1.0,50,0,0,10,1.0,1.0,1.0
4,seed282427,DNSAmplification,307759,xgboost,60,50,10,50,10,0.8333333333333334,0.16666666666666666,1.0,1.0,1.0,1.0,1.0,1.0,50,0,0,10,1.0,1.0,1.0
4,seed282427,DNSAmplification,333019,hybrid,60,50,10,50,10,0.8333333333333334,0.16666666666666666,1.0,1.0,1.0,1.0,1.0,1.0,50,0,0,10,1.0,1.0,1.0
4,seed282427,DNSAmplification,333019,mlp,60,50,10,50,10,0.8333333333333334,0.16666666666666666,1.0,1.0,1.0,1.0,1.0,1.0,50,0,0,10,1.0,1.0,1.0
4,seed282427,DNSAmplification,333019,rf,60,50,10,50,10,0.8333333333333334,0.16666666666666666,1.0,1.0,1.0,1.0,1.0,1.0,50,0,0,10,1.0,1.0,1.0
4,seed282427,DNSAmplification,333019,xgboost,60,50,10,50,10,0.8333333333333334,0.16666666666666666,1.0,1.0,1.0,1.0,1.0,1.0,50,0,0,10,1.0,1.0,1.0
4,seed282427,Normal,104729,hybrid,50,50,0,50,0,1.0,0.0,1.0,not estimable,not estimable,not estimable,not estimable,not estimable,50,0,0,0,not estimable,not estimable,not estimable
4,seed282427,Normal,104729,mlp,50,50,0,50,0,1.0,0.0,1.0,not estimable,not estimable,not estimable,not estimable,not estimable,50,0,0,0,not estimable,not estimable,not estimable
4,seed282427,Normal,104729,rf,50,50,0,50,0,1.0,0.0,1.0,not estimable,not estimable,not estimable,not estimable,not estimable,50,0,0,0,not estimable,not estimable,not estimable
4,seed282427,Normal,104729,xgboost,50,50,0,50,0,1.0,0.0,1.0,not estimable,not estimable,not estimable,not estimable,not estimable,50,0,0,0,not estimable,not estimable,not estimable
4,seed282427,Normal,130363,hybrid,50,50,0,50,0,1.0,0.0,1.0,not estimable,not estimable,not estimable,not estimable,not estimable,50,0,0,0,not estimable,not estimable,not estimable
4,seed282427,Normal,130363,mlp,50,50,0,50,0,1.0,0.0,1.0,not estimable,not estimable,not estimable,not estimable,not estimable,50,0,0,0,not estimable,not estimable,not estimable
4,seed282427,Normal,130363,rf,50,50,0,50,0,1.0,0.0,1.0,not estimable,not estimable,not estimable,not estimable,not estimable,50,0,0,0,not estimable,not estimable,not estimable
4,seed282427,Normal,130363,xgboost,50,50,0,50,0,1.0,0.0,1.0,not estimable,not estimable,not estimable,not estimable,not estimable,50,0,0,0,not estimable,not estimable,not estimable
4,seed282427,Normal,155921,hybrid,50,50,0,50,0,1.0,0.0,1.0,not estimable,not estimable,not estimable,not estimable,not estimable,50,0,0,0,not estimable,not estimable,not estimable
4,seed282427,Normal,155921,mlp,50,50,0,50,0,1.0,0.0,1.0,not estimable,not estimable,not estimable,not estimable,not estimable,50,0,0,0,not estimable,not estimable,not estimable
4,seed282427,Normal,155921,rf,50,50,0,50,0,1.0,0.0,1.0,not estimable,not estimable,not estimable,not estimable,not estimable,50,0,0,0,not estimable,not estimable,not estimable
4,seed282427,Normal,155921,xgboost,50,50,0,50,0,1.0,0.0,1.0,not estimable,not estimable,not estimable,not estimable,not estimable,50,0,0,0,not estimable,not estimable,not estimable
4,seed282427,Normal,181081,hybrid,50,50,0,50,0,1.0,0.0,1.0,not estimable,not estimable,not estimable,not estimable,not estimable,50,0,0,0,not estimable,not estimable,not estimable
4,seed282427,Normal,181081,mlp,50,50,0,50,0,1.0,0.0,1.0,not estimable,not estimable,not estimable,not estimable,not estimable,50,0,0,0,not estimable,not estimable,not estimable
4,seed282427,Normal,181081,rf,50,50,0,50,0,1.0,0.0,1.0,not estimable,not estimable,not estimable,not estimable,not estimable,50,0,0,0,not estimable,not estimable,not estimable
4,seed282427,Normal,181081,xgboost,50,50,0,50,0,1.0,0.0,1.0,not estimable,not estimable,not estimable,not estimable,not estimable,50,0,0,0,not estimable,not estimable,not estimable
4,seed282427,Normal,206369,hybrid,50,50,0,50,0,1.0,0.0,1.0,not estimable,not estimable,not estimable,not estimable,not estimable,50,0,0,0,not estimable,not estimable,not estimable
4,seed282427,Normal,206369,mlp,50,50,0,50,0,1.0,0.0,1.0,not estimable,not estimable,not estimable,not estimable,not estimable,50,0,0,0,not estimable,not estimable,not estimable
4,seed282427,Normal,206369,rf,50,50,0,50,0,1.0,0.0,1.0,not estimable,not estimable,not estimable,not estimable,not estimable,50,0,0,0,not estimable,not estimable,not estimable
4,seed282427,Normal,206369,xgboost,50,50,0,50,0,1.0,0.0,1.0,not estimable,not estimable,not estimable,not estimable,not estimable,50,0,0,0,not estimable,not estimable,not estimable
4,seed282427,Normal,231701,hybrid,50,50,0,50,0,1.0,0.0,1.0,not estimable,not estimable,not estimable,not estimable,not estimable,50,0,0,0,not estimable,not estimable,not estimable
4,seed282427,Normal,231701,mlp,50,50,0,50,0,1.0,0.0,1.0,not estimable,not estimable,not estimable,not estimable,not estimable,50,0,0,0,not estimable,not estimable,not estimable
4,seed282427,Normal,231701,rf,50,50,0,50,0,1.0,0.0,1.0,not estimable,not estimable,not estimable,not estimable,not estimable,50,0,0,0,not estimable,not estimable,not estimable
4,seed282427,Normal,231701,xgboost,50,50,0,50,0,1.0,0.0,1.0,not estimable,not estimable,not estimable,not estimable,not estimable,50,0,0,0,not estimable,not estimable,not estimable
4,seed282427,Normal,257053,hybrid,50,50,0,50,0,1.0,0.0,1.0,not estimable,not estimable,not estimable,not estimable,not estimable,50,0,0,0,not estimable,not estimable,not estimable
4,seed282427,Normal,257053,mlp,50,50,0,50,0,1.0,0.0,1.0,not estimable,not estimable,not estimable,not estimable,not estimable,50,0,0,0,not estimable,not estimable,not estimable
4,seed282427,Normal,257053,rf,50,50,0,50,0,1.0,0.0,1.0,not estimable,not estimable,not estimable,not estimable,not estimable,50,0,0,0,not estimable,not estimable,not estimable
4,seed282427,Normal,257053,xgboost,50,50,0,50,0,1.0,0.0,1.0,not estimable,not estimable,not estimable,not estimable,not estimable,50,0,0,0,not estimable,not estimable,not estimable
4,seed282427,Normal,282427,hybrid,50,50,0,50,0,1.0,0.0,1.0,not estimable,not estimable,not estimable,not estimable,not estimable,50,0,0,0,not estimable,not estimable,not estimable
4,seed282427,Normal,282427,mlp,50,50,0,50,0,1.0,0.0,1.0,not estimable,not estimable,not estimable,not estimable,not estimable,50,0,0,0,not estimable,not estimable,not estimable
4,seed282427,Normal,282427,rf,50,50,0,50,0,1.0,0.0,1.0,not estimable,not estimable,not estimable,not estimable,not estimable,50,0,0,0,not estimable,not estimable,not estimable
4,seed282427,Normal,282427,xgboost,50,50,0,50,0,1.0,0.0,1.0,not estimable,not estimable,not estimable,not estimable,not estimable,50,0,0,0,not estimable,not estimable,not estimable
4,seed282427,Normal,307759,hybrid,50,50,0,50,0,1.0,0.0,1.0,not estimable,not estimable,not estimable,not estimable,not estimable,50,0,0,0,not estimable,not estimable,not estimable
4,seed282427,Normal,307759,mlp,50,50,0,50,0,1.0,0.0,1.0,not estimable,not estimable,not estimable,not estimable,not estimable,50,0,0,0,not estimable,not estimable,not estimable
4,seed282427,Normal,307759,rf,50,50,0,50,0,1.0,0.0,1.0,not estimable,not estimable,not estimable,not estimable,not estimable,50,0,0,0,not estimable,not estimable,not estimable
4,seed282427,Normal,307759,xgboost,50,50,0,50,0,1.0,0.0,1.0,not estimable,not estimable,not estimable,not estimable,not estimable,50,0,0,0,not estimable,not estimable,not estimable
4,seed282427,Normal,333019,hybrid,50,50,0,50,0,1.0,0.0,1.0,not estimable,not estimable,not estimable,not estimable,not estimable,50,0,0,0,not estimable,not estimable,not estimable
4,seed282427,Normal,333019,mlp,50,50,0,50,0,1.0,0.0,1.0,not estimable,not estimable,not estimable,not estimable,not estimable,50,0,0,0,not estimable,not estimable,not estimable
4,seed282427,Normal,333019,rf,50,50,0,50,0,1.0,0.0,1.0,not estimable,not estimable,not estimable,not estimable,not estimable,50,0,0,0,not estimable,not estimable,not estimable
4,seed282427,Normal,333019,xgboost,50,50,0,50,0,1.0,0.0,1.0,not estimable,not estimable,not estimable,not estimable,not estimable,50,0,0,0,not estimable,not estimable,not estimable
4,seed282427,SYNFlood,104729,hybrid,850,50,800,850,0,1.0,0.0,0.058823529411764705,not estimable,0.0,0.0,0.5,not estimable,50,0,800,0,0.5,0.06688674437338057,0.9703809800427242
4,seed282427,SYNFlood,104729,mlp,850,50,800,850,0,1.0,0.0,0.058823529411764705,not estimable,0.0,0.0,0.5,not estimable,50,0,800,0,1.0,1.0,0.9999999999999999
4,seed282427,SYNFlood,104729,rf,850,50,800,850,0,1.0,0.0,0.058823529411764705,not estimable,0.0,0.0,0.5,not estimable,50,0,800,0,0.0,0.05767202761254314,0.8985520776597677
4,seed282427,SYNFlood,104729,xgboost,850,50,800,850,0,1.0,0.0,0.058823529411764705,not estimable,0.0,0.0,0.5,not estimable,50,0,800,0,0.0,0.05773713018776415,0.9109586056644879
4,seed282427,SYNFlood,130363,hybrid,850,50,800,850,0,1.0,0.0,0.058823529411764705,not estimable,0.0,0.0,0.5,not estimable,50,0,800,0,0.0,0.034545160070809794,0.8837455883728021
4,seed282427,SYNFlood,130363,mlp,850,50,800,850,0,1.0,0.0,0.058823529411764705,not estimable,0.0,0.0,0.5,not estimable,50,0,800,0,0.0,0.034545160070809794,0.8837455883728021
4,seed282427,SYNFlood,130363,rf,850,50,800,850,0,1.0,0.0,0.058823529411764705,not estimable,0.0,0.0,0.5,not estimable,50,0,800,0,0.0,0.04669794298087333,0.8839528436241956
4,seed282427,SYNFlood,130363,xgboost,850,50,800,850,0,1.0,0.0,0.058823529411764705,not estimable,0.0,0.0,0.5,not estimable,50,0,800,0,0.0,0.04669794298087333,0.9145394061959612
4,seed282427,SYNFlood,155921,hybrid,850,50,800,850,0,1.0,0.0,0.058823529411764705,not estimable,0.0,0.0,0.5,not estimable,50,0,800,0,0.5,0.06684434945182817,0.9703809800427242
4,seed282427,SYNFlood,155921,mlp,850,50,800,850,0,1.0,0.0,0.058823529411764705,not estimable,0.0,0.0,0.5,not estimable,50,0,800,0,1.0,1.0,0.9999999999999999
4,seed282427,SYNFlood,155921,rf,850,50,800,850,0,1.0,0.0,0.058823529411764705,not estimable,0.0,0.0,0.5,not estimable,50,0,800,0,0.0,0.05654543233602854,0.8986111763698379
4,seed282427,SYNFlood,155921,xgboost,850,50,800,850,0,1.0,0.0,0.058823529411764705,not estimable,0.0,0.0,0.5,not estimable,50,0,800,0,0.0,0.05773713018776415,0.9109586056644879
4,seed282427,SYNFlood,181081,hybrid,850,50,800,850,0,1.0,0.0,0.058823529411764705,not estimable,0.0,0.0,0.5,not estimable,50,0,800,0,0.5,0.06688202695176287,0.9703809800427242
4,seed282427,SYNFlood,181081,mlp,850,50,800,850,0,1.0,0.0,0.058823529411764705,not estimable,0.0,0.0,0.5,not estimable,50,0,800,0,1.0,1.0,0.9999999999999999
4,seed282427,SYNFlood,181081,rf,850,50,800,850,0,1.0,0.0,0.058823529411764705,not estimable,0.0,0.0,0.5,not estimable,50,0,800,0,0.0,0.05773713018776415,0.9099611309170133
4,seed282427,SYNFlood,181081,xgboost,850,50,800,850,0,1.0,0.0,0.058823529411764705,not estimable,0.0,0.0,0.5,not estimable,50,0,800,0,0.0,0.05773713018776415,0.9109586056644879
4,seed282427,SYNFlood,206369,hybrid,850,50,800,850,0,1.0,0.0,0.058823529411764705,not estimable,0.0,0.0,0.5,not estimable,50,0,800,0,0.5,0.06688674437338057,0.9703809800427242
4,seed282427,SYNFlood,206369,mlp,850,50,800,850,0,1.0,0.0,0.058823529411764705,not estimable,0.0,0.0,0.5,not estimable,50,0,800,0,0.5,0.06688674437338057,0.9703809800427242
4,seed282427,SYNFlood,206369,rf,850,50,800,850,0,1.0,0.0,0.058823529411764705,not estimable,0.0,0.0,0.5,not estimable,50,0,800,0,0.0,0.05773713018776415,0.8878269358590894
4,seed282427,SYNFlood,206369,xgboost,850,50,800,850,0,1.0,0.0,0.058823529411764705,not estimable,0.0,0.0,0.5,not estimable,50,0,800,0,0.0,0.05773713018776415,0.9109586056644879
4,seed282427,SYNFlood,231701,hybrid,850,50,800,850,0,1.0,0.0,0.058823529411764705,not estimable,0.0,0.0,0.5,not estimable,50,0,800,0,0.5,0.06684434945182817,0.9703809800427242
4,seed282427,SYNFlood,231701,mlp,850,50,800,846,4,0.9952941176470588,0.004705882352941176,0.06352941176470588,1.0,0.005,0.009950248756218905,0.5025,0.017190354104313223,50,0,796,4,0.8891,0.7869859726836472,0.993113913430382
4,seed282427,SYNFlood,231701,rf,850,50,800,850,0,1.0,0.0,0.058823529411764705,not estimable,0.0,0.0,0.5,not estimable,50,0,800,0,0.0,0.05660779980127729,0.8869550282234105
4,seed282427,SYNFlood,231701,xgboost,850,50,800,850,0,1.0,0.0,0.058823529411764705,not estimable,0.0,0.0,0.5,not estimable,50,0,800,0,0.0,0.05773713018776415,0.9109586056644879
4,seed282427,SYNFlood,257053,hybrid,850,50,800,850,0,1.0,0.0,0.058823529411764705,not estimable,0.0,0.0,0.5,not estimable,50,0,800,0,0.0,0.034864066490941065,0.8837455883728021
4,seed282427,SYNFlood,257053,mlp,850,50,800,850,0,1.0,0.0,0.058823529411764705,not estimable,0.0,0.0,0.5,not estimable,50,0,800,0,0.5,0.06688674437338057,0.9703809800427242
4,seed282427,SYNFlood,257053,rf,850,50,800,850,0,1.0,0.0,0.058823529411764705,not estimable,0.0,0.0,0.5,not estimable,50,0,800,0,0.0,0.05767202761254314,0.8996900290941873
4,seed282427,SYNFlood,257053,xgboost,850,50,800,850,0,1.0,0.0,0.058823529411764705,not estimable,0.0,0.0,0.5,not estimable,50,0,800,0,0.0,0.05773713018776415,0.9109586056644879
4,seed282427,SYNFlood,282427,hybrid,850,50,800,850,0,1.0,0.0,0.058823529411764705,not estimable,0.0,0.0,0.5,not estimable,50,0,800,0,0.5,0.06688202695176287,0.9703809800427242
4,seed282427,SYNFlood,282427,mlp,850,50,800,850,0,1.0,0.0,0.058823529411764705,not estimable,0.0,0.0,0.5,not estimable,50,0,800,0,1.0,1.0,0.9999999999999999
4,seed282427,SYNFlood,282427,rf,850,50,800,850,0,1.0,0.0,0.058823529411764705,not estimable,0.0,0.0,0.5,not estimable,50,0,800,0,0.0,0.056670392405245316,0.9144150254422898
4,seed282427,SYNFlood,282427,xgboost,850,50,800,850,0,1.0,0.0,0.058823529411764705,not estimable,0.0,0.0,0.5,not estimable,50,0,800,0,0.0,0.05773713018776415,0.9109586056644879
4,seed282427,SYNFlood,307759,hybrid,850,50,800,850,0,1.0,0.0,0.058823529411764705,not estimable,0.0,0.0,0.5,not estimable,50,0,800,0,0.0,0.03451664037231858,0.8952245546779656
4,seed282427,SYNFlood,307759,mlp,850,50,800,850,0,1.0,0.0,0.058823529411764705,not estimable,0.0,0.0,0.5,not estimable,50,0,800,0,0.5,0.06630364036506566,0.9703809800427242
4,seed282427,SYNFlood,307759,rf,850,50,800,850,0,1.0,0.0,0.058823529411764705,not estimable,0.0,0.0,0.5,not estimable,50,0,800,0,0.0,0.04669794298087333,0.895431809929359
4,seed282427,SYNFlood,307759,xgboost,850,50,800,850,0,1.0,0.0,0.058823529411764705,not estimable,0.0,0.0,0.5,not estimable,50,0,800,0,0.0,0.04669794298087333,0.9145394061959612
4,seed282427,SYNFlood,333019,hybrid,850,50,800,850,0,1.0,0.0,0.058823529411764705,not estimable,0.0,0.0,0.5,not estimable,50,0,800,0,0.0,0.03444947160358101,0.8837455883728021
4,seed282427,SYNFlood,333019,mlp,850,50,800,850,0,1.0,0.0,0.058823529411764705,not estimable,0.0,0.0,0.5,not estimable,50,0,800,0,0.0,0.03444947160358101,0.8992848989890516
4,seed282427,SYNFlood,333019,rf,850,50,800,850,0,1.0,0.0,0.058823529411764705,not estimable,0.0,0.0,0.5,not estimable,50,0,800,0,0.0,0.058823529411764705,0.8839528436241956
4,seed282427,SYNFlood,333019,xgboost,850,50,800,850,0,1.0,0.0,0.058823529411764705,not estimable,0.0,0.0,0.5,not estimable,50,0,800,0,0.07920000000000002,0.052518560822387206,0.9225669263139045
4,seed282427,UDPFlood,104729,hybrid,70,50,20,50,20,0.7142857142857143,0.2857142857142857,1.0,1.0,1.0,1.0,1.0,1.0,50,0,0,20,1.0,1.0,1.0
4,seed282427,UDPFlood,104729,mlp,70,50,20,50,20,0.7142857142857143,0.2857142857142857,1.0,1.0,1.0,1.0,1.0,1.0,50,0,0,20,1.0,1.0,1.0
4,seed282427,UDPFlood,104729,rf,70,50,20,50,20,0.7142857142857143,0.2857142857142857,1.0,1.0,1.0,1.0,1.0,1.0,50,0,0,20,1.0,1.0,1.0
4,seed282427,UDPFlood,104729,xgboost,70,50,20,50,20,0.7142857142857143,0.2857142857142857,1.0,1.0,1.0,1.0,1.0,1.0,50,0,0,20,1.0,1.0,1.0
4,seed282427,UDPFlood,130363,hybrid,70,50,20,50,20,0.7142857142857143,0.2857142857142857,1.0,1.0,1.0,1.0,1.0,1.0,50,0,0,20,1.0,1.0,1.0
4,seed282427,UDPFlood,130363,mlp,70,50,20,50,20,0.7142857142857143,0.2857142857142857,1.0,1.0,1.0,1.0,1.0,1.0,50,0,0,20,1.0,1.0,1.0
4,seed282427,UDPFlood,130363,rf,70,50,20,50,20,0.7142857142857143,0.2857142857142857,1.0,1.0,1.0,1.0,1.0,1.0,50,0,0,20,1.0,1.0,1.0000000000000002
4,seed282427,UDPFlood,130363,xgboost,70,50,20,50,20,0.7142857142857143,0.2857142857142857,1.0,1.0,1.0,1.0,1.0,1.0,50,0,0,20,1.0,1.0,1.0
4,seed282427,UDPFlood,155921,hybrid,70,50,20,50,20,0.7142857142857143,0.2857142857142857,1.0,1.0,1.0,1.0,1.0,1.0,50,0,0,20,1.0,1.0,1.0
4,seed282427,UDPFlood,155921,mlp,70,50,20,70,0,1.0,0.0,0.7142857142857143,not estimable,0.0,0.0,0.5,not estimable,50,0,20,0,0.0,0.5285042718649008,0.2857142857142857
4,seed282427,UDPFlood,155921,rf,70,50,20,50,20,0.7142857142857143,0.2857142857142857,1.0,1.0,1.0,1.0,1.0,1.0,50,0,0,20,1.0,1.0,1.0000000000000002
4,seed282427,UDPFlood,155921,xgboost,70,50,20,50,20,0.7142857142857143,0.2857142857142857,1.0,1.0,1.0,1.0,1.0,1.0,50,0,0,20,1.0,1.0,1.0
4,seed282427,UDPFlood,181081,hybrid,70,50,20,50,20,0.7142857142857143,0.2857142857142857,1.0,1.0,1.0,1.0,1.0,1.0,50,0,0,20,1.0,1.0,1.0
4,seed282427,UDPFlood,181081,mlp,70,50,20,70,0,1.0,0.0,0.7142857142857143,not estimable,0.0,0.0,0.5,not estimable,50,0,20,0,0.0,0.5285042718649008,0.2857142857142857
4,seed282427,UDPFlood,181081,rf,70,50,20,50,20,0.7142857142857143,0.2857142857142857,1.0,1.0,1.0,1.0,1.0,1.0,50,0,0,20,1.0,1.0,1.0
4,seed282427,UDPFlood,181081,xgboost,70,50,20,50,20,0.7142857142857143,0.2857142857142857,1.0,1.0,1.0,1.0,1.0,1.0,50,0,0,20,1.0,1.0,1.0
4,seed282427,UDPFlood,206369,hybrid,70,50,20,50,20,0.7142857142857143,0.2857142857142857,1.0,1.0,1.0,1.0,1.0,1.0,50,0,0,20,1.0,1.0,1.0
4,seed282427,UDPFlood,206369,mlp,70,50,20,50,20,0.7142857142857143,0.2857142857142857,1.0,1.0,1.0,1.0,1.0,1.0,50,0,0,20,1.0,1.0,1.0
4,seed282427,UDPFlood,206369,rf,70,50,20,50,20,0.7142857142857143,0.2857142857142857,1.0,1.0,1.0,1.0,1.0,1.0,50,0,0,20,1.0,1.0,1.0
4,seed282427,UDPFlood,206369,xgboost,70,50,20,50,20,0.7142857142857143,0.2857142857142857,1.0,1.0,1.0,1.0,1.0,1.0,50,0,0,20,1.0,1.0,1.0
4,seed282427,UDPFlood,231701,hybrid,70,50,20,50,20,0.7142857142857143,0.2857142857142857,1.0,1.0,1.0,1.0,1.0,1.0,50,0,0,20,1.0,1.0,1.0
4,seed282427,UDPFlood,231701,mlp,70,50,20,70,0,1.0,0.0,0.7142857142857143,not estimable,0.0,0.0,0.5,not estimable,50,0,20,0,0.0,0.5285042718649008,0.2857142857142857
4,seed282427,UDPFlood,231701,rf,70,50,20,50,20,0.7142857142857143,0.2857142857142857,1.0,1.0,1.0,1.0,1.0,1.0,50,0,0,20,1.0,1.0,1.0
4,seed282427,UDPFlood,231701,xgboost,70,50,20,50,20,0.7142857142857143,0.2857142857142857,1.0,1.0,1.0,1.0,1.0,1.0,50,0,0,20,1.0,1.0,1.0
4,seed282427,UDPFlood,257053,hybrid,70,50,20,50,20,0.7142857142857143,0.2857142857142857,1.0,1.0,1.0,1.0,1.0,1.0,50,0,0,20,1.0,1.0,1.0
4,seed282427,UDPFlood,257053,mlp,70,50,20,70,0,1.0,0.0,0.7142857142857143,not estimable,0.0,0.0,0.5,not estimable,50,0,20,0,0.0,0.5277709930318186,0.2857142857142857
4,seed282427,UDPFlood,257053,rf,70,50,20,50,20,0.7142857142857143,0.2857142857142857,1.0,1.0,1.0,1.0,1.0,1.0,50,0,0,20,1.0,1.0,1.0000000000000002
4,seed282427,UDPFlood,257053,xgboost,70,50,20,50,20,0.7142857142857143,0.2857142857142857,1.0,1.0,1.0,1.0,1.0,1.0,50,0,0,20,1.0,1.0,1.0
4,seed282427,UDPFlood,282427,hybrid,70,50,20,50,20,0.7142857142857143,0.2857142857142857,1.0,1.0,1.0,1.0,1.0,1.0,50,0,0,20,1.0,1.0,1.0
4,seed282427,UDPFlood,282427,mlp,70,50,20,70,0,1.0,0.0,0.7142857142857143,not estimable,0.0,0.0,0.5,not estimable,50,0,20,0,0.0,0.5285042718649008,0.2857142857142857
4,seed282427,UDPFlood,282427,rf,70,50,20,50,20,0.7142857142857143,0.2857142857142857,1.0,1.0,1.0,1.0,1.0,1.0,50,0,0,20,1.0,1.0,1.0
4,seed282427,UDPFlood,282427,xgboost,70,50,20,50,20,0.7142857142857143,0.2857142857142857,1.0,1.0,1.0,1.0,1.0,1.0,50,0,0,20,1.0,1.0,1.0
4,seed282427,UDPFlood,307759,hybrid,70,50,20,50,20,0.7142857142857143,0.2857142857142857,1.0,1.0,1.0,1.0,1.0,1.0,50,0,0,20,1.0,1.0,1.0
4,seed282427,UDPFlood,307759,mlp,70,50,20,50,20,0.7142857142857143,0.2857142857142857,1.0,1.0,1.0,1.0,1.0,1.0,50,0,0,20,1.0,1.0,1.0
4,seed282427,UDPFlood,307759,rf,70,50,20,50,20,0.7142857142857143,0.2857142857142857,1.0,1.0,1.0,1.0,1.0,1.0,50,0,0,20,1.0,1.0,1.0
4,seed282427,UDPFlood,307759,xgboost,70,50,20,50,20,0.7142857142857143,0.2857142857142857,1.0,1.0,1.0,1.0,1.0,1.0,50,0,0,20,1.0,1.0,1.0
4,seed282427,UDPFlood,333019,hybrid,70,50,20,50,20,0.7142857142857143,0.2857142857142857,1.0,1.0,1.0,1.0,1.0,1.0,50,0,0,20,1.0,1.0,1.0
4,seed282427,UDPFlood,333019,mlp,70,50,20,50,20,0.7142857142857143,0.2857142857142857,1.0,1.0,1.0,1.0,1.0,1.0,50,0,0,20,1.0,1.0,1.0
4,seed282427,UDPFlood,333019,rf,70,50,20,50,20,0.7142857142857143,0.2857142857142857,1.0,1.0,1.0,1.0,1.0,1.0,50,0,0,20,1.0,1.0,1.0000000000000002
4,seed282427,UDPFlood,333019,xgboost,70,50,20,50,20,0.7142857142857143,0.2857142857142857,1.0,1.0,1.0,1.0,1.0,1.0,50,0,0,20,1.0,1.0,1.0
4,seed307759,DNSAmplification,104729,hybrid,60,50,10,50,10,0.8333333333333334,0.16666666666666666,1.0,1.0,1.0,1.0,1.0,1.0,50,0,0,10,1.0,1.0,0.9999999999999999
4,seed307759,DNSAmplification,104729,mlp,60,50,10,50,10,0.8333333333333334,0.16666666666666666,1.0,1.0,1.0,1.0,1.0,1.0,50,0,0,10,1.0,1.0,1.0
4,seed307759,DNSAmplification,104729,rf,60,50,10,50,10,0.8333333333333334,0.16666666666666666,1.0,1.0,1.0,1.0,1.0,1.0,50,0,0,10,1.0,1.0,0.9999999999999999
4,seed307759,DNSAmplification,104729,xgboost,60,50,10,50,10,0.8333333333333334,0.16666666666666666,1.0,1.0,1.0,1.0,1.0,1.0,50,0,0,10,1.0,1.0,1.0
4,seed307759,DNSAmplification,130363,hybrid,60,50,10,50,10,0.8333333333333334,0.16666666666666666,1.0,1.0,1.0,1.0,1.0,1.0,50,0,0,10,0.9999999999999999,0.9999999999999999,0.9999999999999999
4,seed307759,DNSAmplification,130363,mlp,60,50,10,50,10,0.8333333333333334,0.16666666666666666,1.0,1.0,1.0,1.0,1.0,1.0,50,0,0,10,1.0,0.9999999999999999,1.0
4,seed307759,DNSAmplification,130363,rf,60,50,10,50,10,0.8333333333333334,0.16666666666666666,1.0,1.0,1.0,1.0,1.0,1.0,50,0,0,10,1.0,1.0,1.0
4,seed307759,DNSAmplification,130363,xgboost,60,50,10,50,10,0.8333333333333334,0.16666666666666666,1.0,1.0,1.0,1.0,1.0,1.0,50,0,0,10,1.0,1.0,1.0
4,seed307759,DNSAmplification,155921,hybrid,60,50,10,50,10,0.8333333333333334,0.16666666666666666,1.0,1.0,1.0,1.0,1.0,1.0,50,0,0,10,1.0,1.0,0.9999999999999999
4,seed307759,DNSAmplification,155921,mlp,60,50,10,60,0,1.0,0.0,0.8333333333333334,not estimable,0.0,0.0,0.5,not estimable,50,0,10,0,0.0,0.6857157176171667,0.16666666666666666
4,seed307759,DNSAmplification,155921,rf,60,50,10,50,10,0.8333333333333334,0.16666666666666666,1.0,1.0,1.0,1.0,1.0,1.0,50,0,0,10,1.0,1.0,0.9999999999999999
4,seed307759,DNSAmplification,155921,xgboost,60,50,10,50,10,0.8333333333333334,0.16666666666666666,1.0,1.0,1.0,1.0,1.0,1.0,50,0,0,10,1.0,1.0,1.0
4,seed307759,DNSAmplification,181081,hybrid,60,50,10,50,10,0.8333333333333334,0.16666666666666666,1.0,1.0,1.0,1.0,1.0,1.0,50,0,0,10,1.0,1.0,1.0
4,seed307759,DNSAmplification,181081,mlp,60,50,10,60,0,1.0,0.0,0.8333333333333334,not estimable,0.0,0.0,0.5,not estimable,50,0,10,0,0.0,0.688096669998119,0.16666666666666666
4,seed307759,DNSAmplification,181081,rf,60,50,10,50,10,0.8333333333333334,0.16666666666666666,1.0,1.0,1.0,1.0,1.0,1.0,50,0,0,10,1.0,1.0,0.9999999999999999
4,seed307759,DNSAmplification,181081,xgboost,60,50,10,50,10,0.8333333333333334,0.16666666666666666,1.0,1.0,1.0,1.0,1.0,1.0,50,0,0,10,1.0,1.0,1.0
4,seed307759,DNSAmplification,206369,hybrid,60,50,10,50,10,0.8333333333333334,0.16666666666666666,1.0,1.0,1.0,1.0,1.0,1.0,50,0,0,10,1.0,1.0,1.0
4,seed307759,DNSAmplification,206369,mlp,60,50,10,50,10,0.8333333333333334,0.16666666666666666,1.0,1.0,1.0,1.0,1.0,1.0,50,0,0,10,1.0,1.0,1.0
4,seed307759,DNSAmplification,206369,rf,60,50,10,50,10,0.8333333333333334,0.16666666666666666,1.0,1.0,1.0,1.0,1.0,1.0,50,0,0,10,1.0,1.0,1.0
4,seed307759,DNSAmplification,206369,xgboost,60,50,10,50,10,0.8333333333333334,0.16666666666666666,1.0,1.0,1.0,1.0,1.0,1.0,50,0,0,10,1.0,1.0,1.0
4,seed307759,DNSAmplification,231701,hybrid,60,50,10,50,10,0.8333333333333334,0.16666666666666666,1.0,1.0,1.0,1.0,1.0,1.0,50,0,0,10,1.0,1.0,0.9999999999999999
4,seed307759,DNSAmplification,231701,mlp,60,50,10,60,0,1.0,0.0,0.8333333333333334,not estimable,0.0,0.0,0.5,not estimable,50,0,10,0,0.0,0.6882661615235428,0.16666666666666666
4,seed307759,DNSAmplification,231701,rf,60,50,10,50,10,0.8333333333333334,0.16666666666666666,1.0,1.0,1.0,1.0,1.0,1.0,50,0,0,10,1.0,1.0,1.0
4,seed307759,DNSAmplification,231701,xgboost,60,50,10,50,10,0.8333333333333334,0.16666666666666666,1.0,1.0,1.0,1.0,1.0,1.0,50,0,0,10,1.0,1.0,1.0
4,seed307759,DNSAmplification,257053,hybrid,60,50,10,50,10,0.8333333333333334,0.16666666666666666,1.0,1.0,1.0,1.0,1.0,1.0,50,0,0,10,1.0,1.0,0.9999999999999999
4,seed307759,DNSAmplification,257053,mlp,60,50,10,60,0,1.0,0.0,0.8333333333333334,not estimable,0.0,0.0,0.5,not estimable,50,0,10,0,0.0,0.6883417401255899,0.16666666666666666
4,seed307759,DNSAmplification,257053,rf,60,50,10,50,10,0.8333333333333334,0.16666666666666666,1.0,1.0,1.0,1.0,1.0,1.0,50,0,0,10,1.0,1.0,0.9999999999999999
4,seed307759,DNSAmplification,257053,xgboost,60,50,10,50,10,0.8333333333333334,0.16666666666666666,1.0,1.0,1.0,1.0,1.0,1.0,50,0,0,10,1.0,1.0,1.0
4,seed307759,DNSAmplification,282427,hybrid,60,50,10,50,10,0.8333333333333334,0.16666666666666666,1.0,1.0,1.0,1.0,1.0,1.0,50,0,0,10,1.0,1.0,1.0
4,seed307759,DNSAmplification,282427,mlp,60,50,10,60,0,1.0,0.0,0.8333333333333334,not estimable,0.0,0.0,0.5,not estimable,50,0,10,0,0.0,0.688096669998119,0.16666666666666666
4,seed307759,DNSAmplification,282427,rf,60,50,10,50,10,0.8333333333333334,0.16666666666666666,1.0,1.0,1.0,1.0,1.0,1.0,50,0,0,10,1.0,1.0,1.0
4,seed307759,DNSAmplification,282427,xgboost,60,50,10,50,10,0.8333333333333334,0.16666666666666666,1.0,1.0,1.0,1.0,1.0,1.0,50,0,0,10,1.0,1.0,1.0
4,seed307759,DNSAmplification,307759,hybrid,60,50,10,50,10,0.8333333333333334,0.16666666666666666,1.0,1.0,1.0,1.0,1.0,1.0,50,0,0,10,1.0,1.0,1.0
4,seed307759,DNSAmplification,307759,mlp,60,50,10,50,10,0.8333333333333334,0.16666666666666666,1.0,1.0,1.0,1.0,1.0,1.0,50,0,0,10,1.0,0.9999999999999999,1.0
4,seed307759,DNSAmplification,307759,rf,60,50,10,50,10,0.8333333333333334,0.16666666666666666,1.0,1.0,1.0,1.0,1.0,1.0,50,0,0,10,1.0,1.0,0.9999999999999999
4,seed307759,DNSAmplification,307759,xgboost,60,50,10,50,10,0.8333333333333334,0.16666666666666666,1.0,1.0,1.0,1.0,1.0,1.0,50,0,0,10,1.0,1.0,1.0
4,seed307759,DNSAmplification,333019,hybrid,60,50,10,50,10,0.8333333333333334,0.16666666666666666,1.0,1.0,1.0,1.0,1.0,1.0,50,0,0,10,1.0,1.0,1.0
4,seed307759,DNSAmplification,333019,mlp,60,50,10,50,10,0.8333333333333334,0.16666666666666666,1.0,1.0,1.0,1.0,1.0,1.0,50,0,0,10,1.0,0.9999999999999999,1.0
4,seed307759,DNSAmplification,333019,rf,60,50,10,50,10,0.8333333333333334,0.16666666666666666,1.0,1.0,1.0,1.0,1.0,1.0,50,0,0,10,1.0,1.0,1.0
4,seed307759,DNSAmplification,333019,xgboost,60,50,10,50,10,0.8333333333333334,0.16666666666666666,1.0,1.0,1.0,1.0,1.0,1.0,50,0,0,10,1.0,1.0,1.0
4,seed307759,Normal,104729,hybrid,50,50,0,50,0,1.0,0.0,1.0,not estimable,not estimable,not estimable,not estimable,not estimable,50,0,0,0,not estimable,not estimable,not estimable
4,seed307759,Normal,104729,mlp,50,50,0,50,0,1.0,0.0,1.0,not estimable,not estimable,not estimable,not estimable,not estimable,50,0,0,0,not estimable,not estimable,not estimable
4,seed307759,Normal,104729,rf,50,50,0,50,0,1.0,0.0,1.0,not estimable,not estimable,not estimable,not estimable,not estimable,50,0,0,0,not estimable,not estimable,not estimable
4,seed307759,Normal,104729,xgboost,50,50,0,50,0,1.0,0.0,1.0,not estimable,not estimable,not estimable,not estimable,not estimable,50,0,0,0,not estimable,not estimable,not estimable
4,seed307759,Normal,130363,hybrid,50,50,0,50,0,1.0,0.0,1.0,not estimable,not estimable,not estimable,not estimable,not estimable,50,0,0,0,not estimable,not estimable,not estimable
4,seed307759,Normal,130363,mlp,50,50,0,50,0,1.0,0.0,1.0,not estimable,not estimable,not estimable,not estimable,not estimable,50,0,0,0,not estimable,not estimable,not estimable
4,seed307759,Normal,130363,rf,50,50,0,50,0,1.0,0.0,1.0,not estimable,not estimable,not estimable,not estimable,not estimable,50,0,0,0,not estimable,not estimable,not estimable
4,seed307759,Normal,130363,xgboost,50,50,0,50,0,1.0,0.0,1.0,not estimable,not estimable,not estimable,not estimable,not estimable,50,0,0,0,not estimable,not estimable,not estimable
4,seed307759,Normal,155921,hybrid,50,50,0,50,0,1.0,0.0,1.0,not estimable,not estimable,not estimable,not estimable,not estimable,50,0,0,0,not estimable,not estimable,not estimable
4,seed307759,Normal,155921,mlp,50,50,0,50,0,1.0,0.0,1.0,not estimable,not estimable,not estimable,not estimable,not estimable,50,0,0,0,not estimable,not estimable,not estimable
4,seed307759,Normal,155921,rf,50,50,0,50,0,1.0,0.0,1.0,not estimable,not estimable,not estimable,not estimable,not estimable,50,0,0,0,not estimable,not estimable,not estimable
4,seed307759,Normal,155921,xgboost,50,50,0,50,0,1.0,0.0,1.0,not estimable,not estimable,not estimable,not estimable,not estimable,50,0,0,0,not estimable,not estimable,not estimable
4,seed307759,Normal,181081,hybrid,50,50,0,50,0,1.0,0.0,1.0,not estimable,not estimable,not estimable,not estimable,not estimable,50,0,0,0,not estimable,not estimable,not estimable
4,seed307759,Normal,181081,mlp,50,50,0,50,0,1.0,0.0,1.0,not estimable,not estimable,not estimable,not estimable,not estimable,50,0,0,0,not estimable,not estimable,not estimable
4,seed307759,Normal,181081,rf,50,50,0,50,0,1.0,0.0,1.0,not estimable,not estimable,not estimable,not estimable,not estimable,50,0,0,0,not estimable,not estimable,not estimable
4,seed307759,Normal,181081,xgboost,50,50,0,50,0,1.0,0.0,1.0,not estimable,not estimable,not estimable,not estimable,not estimable,50,0,0,0,not estimable,not estimable,not estimable
4,seed307759,Normal,206369,hybrid,50,50,0,50,0,1.0,0.0,1.0,not estimable,not estimable,not estimable,not estimable,not estimable,50,0,0,0,not estimable,not estimable,not estimable
4,seed307759,Normal,206369,mlp,50,50,0,50,0,1.0,0.0,1.0,not estimable,not estimable,not estimable,not estimable,not estimable,50,0,0,0,not estimable,not estimable,not estimable
4,seed307759,Normal,206369,rf,50,50,0,50,0,1.0,0.0,1.0,not estimable,not estimable,not estimable,not estimable,not estimable,50,0,0,0,not estimable,not estimable,not estimable
4,seed307759,Normal,206369,xgboost,50,50,0,50,0,1.0,0.0,1.0,not estimable,not estimable,not estimable,not estimable,not estimable,50,0,0,0,not estimable,not estimable,not estimable
4,seed307759,Normal,231701,hybrid,50,50,0,50,0,1.0,0.0,1.0,not estimable,not estimable,not estimable,not estimable,not estimable,50,0,0,0,not estimable,not estimable,not estimable
4,seed307759,Normal,231701,mlp,50,50,0,50,0,1.0,0.0,1.0,not estimable,not estimable,not estimable,not estimable,not estimable,50,0,0,0,not estimable,not estimable,not estimable
4,seed307759,Normal,231701,rf,50,50,0,50,0,1.0,0.0,1.0,not estimable,not estimable,not estimable,not estimable,not estimable,50,0,0,0,not estimable,not estimable,not estimable
4,seed307759,Normal,231701,xgboost,50,50,0,50,0,1.0,0.0,1.0,not estimable,not estimable,not estimable,not estimable,not estimable,50,0,0,0,not estimable,not estimable,not estimable
4,seed307759,Normal,257053,hybrid,50,50,0,50,0,1.0,0.0,1.0,not estimable,not estimable,not estimable,not estimable,not estimable,50,0,0,0,not estimable,not estimable,not estimable
4,seed307759,Normal,257053,mlp,50,50,0,50,0,1.0,0.0,1.0,not estimable,not estimable,not estimable,not estimable,not estimable,50,0,0,0,not estimable,not estimable,not estimable
4,seed307759,Normal,257053,rf,50,50,0,50,0,1.0,0.0,1.0,not estimable,not estimable,not estimable,not estimable,not estimable,50,0,0,0,not estimable,not estimable,not estimable
4,seed307759,Normal,257053,xgboost,50,50,0,50,0,1.0,0.0,1.0,not estimable,not estimable,not estimable,not estimable,not estimable,50,0,0,0,not estimable,not estimable,not estimable
4,seed307759,Normal,282427,hybrid,50,50,0,50,0,1.0,0.0,1.0,not estimable,not estimable,not estimable,not estimable,not estimable,50,0,0,0,not estimable,not estimable,not estimable
4,seed307759,Normal,282427,mlp,50,50,0,50,0,1.0,0.0,1.0,not estimable,not estimable,not estimable,not estimable,not estimable,50,0,0,0,not estimable,not estimable,not estimable
4,seed307759,Normal,282427,rf,50,50,0,50,0,1.0,0.0,1.0,not estimable,not estimable,not estimable,not estimable,not estimable,50,0,0,0,not estimable,not estimable,not estimable
4,seed307759,Normal,282427,xgboost,50,50,0,50,0,1.0,0.0,1.0,not estimable,not estimable,not estimable,not estimable,not estimable,50,0,0,0,not estimable,not estimable,not estimable
4,seed307759,Normal,307759,hybrid,50,50,0,50,0,1.0,0.0,1.0,not estimable,not estimable,not estimable,not estimable,not estimable,50,0,0,0,not estimable,not estimable,not estimable
4,seed307759,Normal,307759,mlp,50,50,0,50,0,1.0,0.0,1.0,not estimable,not estimable,not estimable,not estimable,not estimable,50,0,0,0,not estimable,not estimable,not estimable
4,seed307759,Normal,307759,rf,50,50,0,50,0,1.0,0.0,1.0,not estimable,not estimable,not estimable,not estimable,not estimable,50,0,0,0,not estimable,not estimable,not estimable
4,seed307759,Normal,307759,xgboost,50,50,0,50,0,1.0,0.0,1.0,not estimable,not estimable,not estimable,not estimable,not estimable,50,0,0,0,not estimable,not estimable,not estimable
4,seed307759,Normal,333019,hybrid,50,50,0,50,0,1.0,0.0,1.0,not estimable,not estimable,not estimable,not estimable,not estimable,50,0,0,0,not estimable,not estimable,not estimable
4,seed307759,Normal,333019,mlp,50,50,0,50,0,1.0,0.0,1.0,not estimable,not estimable,not estimable,not estimable,not estimable,50,0,0,0,not estimable,not estimable,not estimable
4,seed307759,Normal,333019,rf,50,50,0,50,0,1.0,0.0,1.0,not estimable,not estimable,not estimable,not estimable,not estimable,50,0,0,0,not estimable,not estimable,not estimable
4,seed307759,Normal,333019,xgboost,50,50,0,50,0,1.0,0.0,1.0,not estimable,not estimable,not estimable,not estimable,not estimable,50,0,0,0,not estimable,not estimable,not estimable
4,seed307759,SYNFlood,104729,hybrid,850,50,800,850,0,1.0,0.0,0.058823529411764705,not estimable,0.0,0.0,0.5,not estimable,50,0,800,0,0.5,0.07034861471934666,0.9703809800427242
4,seed307759,SYNFlood,104729,mlp,850,50,800,850,0,1.0,0.0,0.058823529411764705,not estimable,0.0,0.0,0.5,not estimable,50,0,800,0,1.0,1.0,0.9999999999999999
4,seed307759,SYNFlood,104729,rf,850,50,800,850,0,1.0,0.0,0.058823529411764705,not estimable,0.0,0.0,0.5,not estimable,50,0,800,0,0.0,0.055518277049300416,0.8993592786399607
4,seed307759,SYNFlood,104729,xgboost,850,50,800,850,0,1.0,0.0,0.058823529411764705,not estimable,0.0,0.0,0.5,not estimable,50,0,800,0,0.0,0.05568997847072713,0.9119116105561722
4,seed307759,SYNFlood,130363,hybrid,850,50,800,850,0,1.0,0.0,0.058823529411764705,not estimable,0.0,0.0,0.5,not estimable,50,0,800,0,0.0,0.03621519645544597,0.8844622150201856
4,seed307759,SYNFlood,130363,mlp,850,50,800,850,0,1.0,0.0,0.058823529411764705,not estimable,0.0,0.0,0.5,not estimable,50,0,800,0,0.0,0.03621519645544597,0.8844613256949345
4,seed307759,SYNFlood,130363,rf,850,50,800,850,0,1.0,0.0,0.058823529411764705,not estimable,0.0,0.0,0.5,not estimable,50,0,800,0,0.0,0.048866323348081525,0.8846913081471904
4,seed307759,SYNFlood,130363,xgboost,850,50,800,850,0,1.0,0.0,0.058823529411764705,not estimable,0.0,0.0,0.5,not estimable,50,0,800,0,0.0,0.048866323348081525,0.9146626200815897
4,seed307759,SYNFlood,155921,hybrid,850,50,800,850,0,1.0,0.0,0.058823529411764705,not estimable,0.0,0.0,0.5,not estimable,50,0,800,0,0.5,0.070395520310289,0.9703809800427242
4,seed307759,SYNFlood,155921,mlp,850,50,800,850,0,1.0,0.0,0.058823529411764705,not estimable,0.0,0.0,0.5,not estimable,50,0,800,0,1.0,1.0,0.9999999999999999
4,seed307759,SYNFlood,155921,rf,850,50,800,850,0,1.0,0.0,0.058823529411764705,not estimable,0.0,0.0,0.5,not estimable,50,0,800,0,0.0,0.05341359790148305,0.8994215718925838
4,seed307759,SYNFlood,155921,xgboost,850,50,800,850,0,1.0,0.0,0.058823529411764705,not estimable,0.0,0.0,0.5,not estimable,50,0,800,0,0.0,0.05568997847072713,0.9119116105561722
4,seed307759,SYNFlood,181081,hybrid,850,50,800,850,0,1.0,0.0,0.058823529411764705,not estimable,0.0,0.0,0.5,not estimable,50,0,800,0,0.5,0.0705042506429253,0.9703809800427242
4,seed307759,SYNFlood,181081,mlp,850,50,800,850,0,1.0,0.0,0.058823529411764705,not estimable,0.0,0.0,0.5,not estimable,50,0,800,0,1.0,1.0,0.9999999999999999
4,seed307759,SYNFlood,181081,rf,850,50,800,850,0,1.0,0.0,0.058823529411764705,not estimable,0.0,0.0,0.5,not estimable,50,0,800,0,0.0,0.05568997847072713,0.9119116105561722
4,seed307759,SYNFlood,181081,xgboost,850,50,800,850,0,1.0,0.0,0.058823529411764705,not estimable,0.0,0.0,0.5,not estimable,50,0,800,0,0.0,0.05568997847072713,0.9119116105561722
4,seed307759,SYNFlood,206369,hybrid,850,50,800,850,0,1.0,0.0,0.058823529411764705,not estimable,0.0,0.0,0.5,not estimable,50,0,800,0,0.5,0.07034861471934666,0.9703809800427242
4,seed307759,SYNFlood,206369,mlp,850,50,800,850,0,1.0,0.0,0.058823529411764705,not estimable,0.0,0.0,0.5,not estimable,50,0,800,0,0.5,0.07034861471934666,0.9703809800427242
4,seed307759,SYNFlood,206369,rf,850,50,800,850,0,1.0,0.0,0.058823529411764705,not estimable,0.0,0.0,0.5,not estimable,50,0,800,0,0.0,0.05568997847072713,0.8879074469638879
4,seed307759,SYNFlood,206369,xgboost,850,50,800,850,0,1.0,0.0,0.058823529411764705,not estimable,0.0,0.0,0.5,not estimable,50,0,800,0,0.0,0.05568997847072713,0.9119116105561722
4,seed307759,SYNFlood,231701,hybrid,850,50,800,850,0,1.0,0.0,0.058823529411764705,not estimable,0.0,0.0,0.5,not estimable,50,0,800,0,0.5,0.070395520310289,0.9703809800427242
4,seed307759,SYNFlood,231701,mlp,850,50,800,847,3,0.9964705882352941,0.0035294117647058825,0.06235294117647059,1.0,0.00375,0.007471980074719801,0.501875,0.01487849251609039,50,0,797,3,0.9294,0.8647863454991167,0.9955940993967981
4,seed307759,SYNFlood,231701,rf,850,50,800,850,0,1.0,0.0,0.058823529411764705,not estimable,0.0,0.0,0.5,not estimable,50,0,800,0,0.0,0.05357013051093358,0.8873667610233704
4,seed307759,SYNFlood,231701,xgboost,850,50,800,850,0,1.0,0.0,0.058823529411764705,not estimable,0.0,0.0,0.5,not estimable,50,0,800,0,0.0,0.05568997847072713,0.9119116105561722
4,seed307759,SYNFlood,257053,hybrid,850,50,800,850,0,1.0,0.0,0.058823529411764705,not estimable,0.0,0.0,0.5,not estimable,50,0,800,0,0.00125,0.03677850473167173,0.885686815891013
4,seed307759,SYNFlood,257053,mlp,850,50,800,850,0,1.0,0.0,0.058823529411764705,not estimable,0.0,0.0,0.5,not estimable,50,0,800,0,0.5,0.07034861471934666,0.9703809800427242
4,seed307759,SYNFlood,257053,rf,850,50,800,850,0,1.0,0.0,0.058823529411764705,not estimable,0.0,0.0,0.5,not estimable,50,0,800,0,0.0,0.055518277049300416,0.8995819459859415
4,seed307759,SYNFlood,257053,xgboost,850,50,800,850,0,1.0,0.0,0.058823529411764705,not estimable,0.0,0.0,0.5,not estimable,50,0,800,0,0.0,0.05568997847072713,0.9119116105561722
4,seed307759,SYNFlood,282427,hybrid,850,50,800,850,0,1.0,0.0,0.058823529411764705,not estimable,0.0,0.0,0.5,not estimable,50,0,800,0,0.5,0.0705042506429253,0.9703809800427242
4,seed307759,SYNFlood,282427,mlp,850,50,800,850,0,1.0,0.0,0.058823529411764705,not estimable,0.0,0.0,0.5,not estimable,50,0,800,0,1.0,1.0,0.9999999999999999
4,seed307759,SYNFlood,282427,rf,850,50,800,850,0,1.0,0.0,0.058823529411764705,not estimable,0.0,0.0,0.5,not estimable,50,0,800,0,0.0,0.053678004430781065,0.9146620014228418
4,seed307759,SYNFlood,282427,xgboost,850,50,800,850,0,1.0,0.0,0.058823529411764705,not estimable,0.0,0.0,0.5,not estimable,50,0,800,0,0.0,0.05568997847072713,0.9119116105561722
4,seed307759,SYNFlood,307759,hybrid,850,50,800,850,0,1.0,0.0,0.058823529411764705,not estimable,0.0,0.0,0.5,not estimable,50,0,800,0,0.0,0.0361061544733226,0.8966609424210756
4,seed307759,SYNFlood,307759,mlp,850,50,800,850,0,1.0,0.0,0.058823529411764705,not estimable,0.0,0.0,0.5,not estimable,50,0,800,0,0.5,0.06940621396373263,0.9703809800427242
4,seed307759,SYNFlood,307759,rf,850,50,800,850,0,1.0,0.0,0.058823529411764705,not estimable,0.0,0.0,0.5,not estimable,50,0,800,0,0.0,0.048866323348081525,0.8976896742638991
4,seed307759,SYNFlood,307759,xgboost,850,50,800,850,0,1.0,0.0,0.058823529411764705,not estimable,0.0,0.0,0.5,not estimable,50,0,800,0,0.0,0.048866323348081525,0.9146626200815897
4,seed307759,SYNFlood,333019,hybrid,850,50,800,850,0,1.0,0.0,0.058823529411764705,not estimable,0.0,0.0,0.5,not estimable,50,0,800,0,0.0,0.03666090422469423,0.8844613256949345
4,seed307759,SYNFlood,333019,mlp,850,50,800,850,0,1.0,0.0,0.058823529411764705,not estimable,0.0,0.0,0.5,not estimable,50,0,800,0,0.0,0.03666090422469423,0.8992136979824426
4,seed307759,SYNFlood,333019,rf,850,50,800,850,0,1.0,0.0,0.058823529411764705,not estimable,0.0,0.0,0.5,not estimable,50,0,800,0,0.0,0.058823529411764705,0.884669470271579
4,seed307759,SYNFlood,333019,xgboost,850,50,800,850,0,1.0,0.0,0.058823529411764705,not estimable,0.0,0.0,0.5,not estimable,50,0,800,0,0.04962499999999999,0.05416666666666667,0.919648378582202
4,seed307759,UDPFlood,104729,hybrid,70,50,20,50,20,0.7142857142857143,0.2857142857142857,1.0,1.0,1.0,1.0,1.0,1.0,50,0,0,20,1.0,1.0,1.0
4,seed307759,UDPFlood,104729,mlp,70,50,20,50,20,0.7142857142857143,0.2857142857142857,1.0,1.0,1.0,1.0,1.0,1.0,50,0,0,20,1.0,1.0,1.0
4,seed307759,UDPFlood,104729,rf,70,50,20,50,20,0.7142857142857143,0.2857142857142857,1.0,1.0,1.0,1.0,1.0,1.0,50,0,0,20,1.0,1.0,1.0
4,seed307759,UDPFlood,104729,xgboost,70,50,20,50,20,0.7142857142857143,0.2857142857142857,1.0,1.0,1.0,1.0,1.0,1.0,50,0,0,20,1.0,1.0,1.0
4,seed307759,UDPFlood,130363,hybrid,70,50,20,50,20,0.7142857142857143,0.2857142857142857,1.0,1.0,1.0,1.0,1.0,1.0,50,0,0,20,1.0,1.0,1.0
4,seed307759,UDPFlood,130363,mlp,70,50,20,50,20,0.7142857142857143,0.2857142857142857,1.0,1.0,1.0,1.0,1.0,1.0,50,0,0,20,1.0,1.0,1.0
4,seed307759,UDPFlood,130363,rf,70,50,20,50,20,0.7142857142857143,0.2857142857142857,1.0,1.0,1.0,1.0,1.0,1.0,50,0,0,20,1.0,1.0,1.0000000000000002
4,seed307759,UDPFlood,130363,xgboost,70,50,20,50,20,0.7142857142857143,0.2857142857142857,1.0,1.0,1.0,1.0,1.0,1.0,50,0,0,20,1.0,1.0,1.0
4,seed307759,UDPFlood,155921,hybrid,70,50,20,50,20,0.7142857142857143,0.2857142857142857,1.0,1.0,1.0,1.0,1.0,1.0,50,0,0,20,1.0,1.0,1.0
4,seed307759,UDPFlood,155921,mlp,70,50,20,70,0,1.0,0.0,0.7142857142857143,not estimable,0.0,0.0,0.5,not estimable,50,0,20,0,0.0,0.5232103593168825,0.2857142857142857
4,seed307759,UDPFlood,155921,rf,70,50,20,50,20,0.7142857142857143,0.2857142857142857,1.0,1.0,1.0,1.0,1.0,1.0,50,0,0,20,1.0,1.0,1.0000000000000002
4,seed307759,UDPFlood,155921,xgboost,70,50,20,50,20,0.7142857142857143,0.2857142857142857,1.0,1.0,1.0,1.0,1.0,1.0,50,0,0,20,1.0,1.0,1.0
4,seed307759,UDPFlood,181081,hybrid,70,50,20,50,20,0.7142857142857143,0.2857142857142857,1.0,1.0,1.0,1.0,1.0,1.0,50,0,0,20,1.0,1.0,1.0
4,seed307759,UDPFlood,181081,mlp,70,50,20,70,0,1.0,0.0,0.7142857142857143,not estimable,0.0,0.0,0.5,not estimable,50,0,20,0,0.0,0.52192209964627,0.2857142857142857
4,seed307759,UDPFlood,181081,rf,70,50,20,50,20,0.7142857142857143,0.2857142857142857,1.0,1.0,1.0,1.0,1.0,1.0,50,0,0,20,1.0,1.0,1.0000000000000002
4,seed307759,UDPFlood,181081,xgboost,70,50,20,50,20,0.7142857142857143,0.2857142857142857,1.0,1.0,1.0,1.0,1.0,1.0,50,0,0,20,1.0,1.0,1.0
4,seed307759,UDPFlood,206369,hybrid,70,50,20,50,20,0.7142857142857143,0.2857142857142857,1.0,1.0,1.0,1.0,1.0,1.0,50,0,0,20,1.0,1.0,1.0
4,seed307759,UDPFlood,206369,mlp,70,50,20,50,20,0.7142857142857143,0.2857142857142857,1.0,1.0,1.0,1.0,1.0,1.0,50,0,0,20,1.0,1.0,1.0
4,seed307759,UDPFlood,206369,rf,70,50,20,50,20,0.7142857142857143,0.2857142857142857,1.0,1.0,1.0,1.0,1.0,1.0,50,0,0,20,1.0,1.0,1.0000000000000002
4,seed307759,UDPFlood,206369,xgboost,70,50,20,50,20,0.7142857142857143,0.2857142857142857,1.0,1.0,1.0,1.0,1.0,1.0,50,0,0,20,1.0,1.0,1.0
4,seed307759,UDPFlood,231701,hybrid,70,50,20,50,20,0.7142857142857143,0.2857142857142857,1.0,1.0,1.0,1.0,1.0,1.0,50,0,0,20,1.0,1.0,1.0
4,seed307759,UDPFlood,231701,mlp,70,50,20,70,0,1.0,0.0,0.7142857142857143,not estimable,0.0,0.0,0.5,not estimable,50,0,20,0,0.0,0.523416552905429,0.2857142857142857
4,seed307759,UDPFlood,231701,rf,70,50,20,50,20,0.7142857142857143,0.2857142857142857,1.0,1.0,1.0,1.0,1.0,1.0,50,0,0,20,1.0,1.0,1.0
4,seed307759,UDPFlood,231701,xgboost,70,50,20,50,20,0.7142857142857143,0.2857142857142857,1.0,1.0,1.0,1.0,1.0,1.0,50,0,0,20,1.0,1.0,1.0
4,seed307759,UDPFlood,257053,hybrid,70,50,20,50,20,0.7142857142857143,0.2857142857142857,1.0,1.0,1.0,1.0,1.0,1.0,50,0,0,20,1.0,1.0,1.0
4,seed307759,UDPFlood,257053,mlp,70,50,20,70,0,1.0,0.0,0.7142857142857143,not estimable,0.0,0.0,0.5,not estimable,50,0,20,0,0.0,0.5293854828443595,0.2857142857142857
4,seed307759,UDPFlood,257053,rf,70,50,20,50,20,0.7142857142857143,0.2857142857142857,1.0,1.0,1.0,1.0,1.0,1.0,50,0,0,20,1.0,1.0,1.0
4,seed307759,UDPFlood,257053,xgboost,70,50,20,50,20,0.7142857142857143,0.2857142857142857,1.0,1.0,1.0,1.0,1.0,1.0,50,0,0,20,1.0,1.0,1.0
4,seed307759,UDPFlood,282427,hybrid,70,50,20,50,20,0.7142857142857143,0.2857142857142857,1.0,1.0,1.0,1.0,1.0,1.0,50,0,0,20,1.0,1.0,1.0
4,seed307759,UDPFlood,282427,mlp,70,50,20,70,0,1.0,0.0,0.7142857142857143,not estimable,0.0,0.0,0.5,not estimable,50,0,20,0,0.0,0.5218741969971137,0.2857142857142857
4,seed307759,UDPFlood,282427,rf,70,50,20,50,20,0.7142857142857143,0.2857142857142857,1.0,1.0,1.0,1.0,1.0,1.0,50,0,0,20,1.0,1.0,1.0000000000000002
4,seed307759,UDPFlood,282427,xgboost,70,50,20,50,20,0.7142857142857143,0.2857142857142857,1.0,1.0,1.0,1.0,1.0,1.0,50,0,0,20,1.0,1.0,1.0
4,seed307759,UDPFlood,307759,hybrid,70,50,20,50,20,0.7142857142857143,0.2857142857142857,1.0,1.0,1.0,1.0,1.0,1.0,50,0,0,20,1.0,1.0,1.0
4,seed307759,UDPFlood,307759,mlp,70,50,20,50,20,0.7142857142857143,0.2857142857142857,1.0,1.0,1.0,1.0,1.0,1.0,50,0,0,20,1.0,1.0,1.0
4,seed307759,UDPFlood,307759,rf,70,50,20,50,20,0.7142857142857143,0.2857142857142857,1.0,1.0,1.0,1.0,1.0,1.0,50,0,0,20,1.0,1.0,1.0000000000000002
4,seed307759,UDPFlood,307759,xgboost,70,50,20,50,20,0.7142857142857143,0.2857142857142857,1.0,1.0,1.0,1.0,1.0,1.0,50,0,0,20,1.0,1.0,1.0
4,seed307759,UDPFlood,333019,hybrid,70,50,20,50,20,0.7142857142857143,0.2857142857142857,1.0,1.0,1.0,1.0,1.0,1.0,50,0,0,20,1.0,1.0,1.0
4,seed307759,UDPFlood,333019,mlp,70,50,20,50,20,0.7142857142857143,0.2857142857142857,1.0,1.0,1.0,1.0,1.0,1.0,50,0,0,20,1.0,1.0,1.0
4,seed307759,UDPFlood,333019,rf,70,50,20,50,20,0.7142857142857143,0.2857142857142857,1.0,1.0,1.0,1.0,1.0,1.0,50,0,0,20,1.0,1.0,1.0000000000000002
4,seed307759,UDPFlood,333019,xgboost,70,50,20,50,20,0.7142857142857143,0.2857142857142857,1.0,1.0,1.0,1.0,1.0,1.0,50,0,0,20,1.0,1.0,1.0
4,seed333019,DNSAmplification,104729,hybrid,60,50,10,50,10,0.8333333333333334,0.16666666666666666,1.0,1.0,1.0,1.0,1.0,1.0,50,0,0,10,0.9999999999999999,1.0,0.9999999999999999
4,seed333019,DNSAmplification,104729,mlp,60,50,10,50,10,0.8333333333333334,0.16666666666666666,1.0,1.0,1.0,1.0,1.0,1.0,50,0,0,10,1.0,1.0,1.0
4,seed333019,DNSAmplification,104729,rf,60,50,10,50,10,0.8333333333333334,0.16666666666666666,1.0,1.0,1.0,1.0,1.0,1.0,50,0,0,10,1.0,1.0,0.9999999999999999
4,seed333019,DNSAmplification,104729,xgboost,60,50,10,50,10,0.8333333333333334,0.16666666666666666,1.0,1.0,1.0,1.0,1.0,1.0,50,0,0,10,1.0,1.0,1.0
4,seed333019,DNSAmplification,130363,hybrid,60,50,10,50,10,0.8333333333333334,0.16666666666666666,1.0,1.0,1.0,1.0,1.0,1.0,50,0,0,10,1.0,1.0,1.0
4,seed333019,DNSAmplification,130363,mlp,60,50,10,50,10,0.8333333333333334,0.16666666666666666,1.0,1.0,1.0,1.0,1.0,1.0,50,0,0,10,1.0,1.0,1.0
4,seed333019,DNSAmplification,130363,rf,60,50,10,50,10,0.8333333333333334,0.16666666666666666,1.0,1.0,1.0,1.0,1.0,1.0,50,0,0,10,1.0,1.0,0.9999999999999999
4,seed333019,DNSAmplification,130363,xgboost,60,50,10,50,10,0.8333333333333334,0.16666666666666666,1.0,1.0,1.0,1.0,1.0,1.0,50,0,0,10,1.0,1.0,1.0
4,seed333019,DNSAmplification,155921,hybrid,60,50,10,50,10,0.8333333333333334,0.16666666666666666,1.0,1.0,1.0,1.0,1.0,1.0,50,0,0,10,1.0,1.0,0.9999999999999999
4,seed333019,DNSAmplification,155921,mlp,60,50,10,60,0,1.0,0.0,0.8333333333333334,not estimable,0.0,0.0,0.5,not estimable,50,0,10,0,0.0,0.6882617335374165,0.16666666666666666
4,seed333019,DNSAmplification,155921,rf,60,50,10,50,10,0.8333333333333334,0.16666666666666666,1.0,1.0,1.0,1.0,1.0,1.0,50,0,0,10,1.0,1.0,0.9999999999999999
4,seed333019,DNSAmplification,155921,xgboost,60,50,10,50,10,0.8333333333333334,0.16666666666666666,1.0,1.0,1.0,1.0,1.0,1.0,50,0,0,10,1.0,1.0,1.0
4,seed333019,DNSAmplification,181081,hybrid,60,50,10,50,10,0.8333333333333334,0.16666666666666666,1.0,1.0,1.0,1.0,1.0,1.0,50,0,0,10,1.0,1.0,0.9999999999999999
4,seed333019,DNSAmplification,181081,mlp,60,50,10,60,0,1.0,0.0,0.8333333333333334,not estimable,0.0,0.0,0.5,not estimable,50,0,10,0,0.0,0.6921578374335204,0.16666666666666666
4,seed333019,DNSAmplification,181081,rf,60,50,10,50,10,0.8333333333333334,0.16666666666666666,1.0,1.0,1.0,1.0,1.0,1.0,50,0,0,10,1.0,1.0,0.9999999999999999
4,seed333019,DNSAmplification,181081,xgboost,60,50,10,50,10,0.8333333333333334,0.16666666666666666,1.0,1.0,1.0,1.0,1.0,1.0,50,0,0,10,1.0,1.0,1.0
4,seed333019,DNSAmplification,206369,hybrid,60,50,10,50,10,0.8333333333333334,0.16666666666666666,1.0,1.0,1.0,1.0,1.0,1.0,50,0,0,10,0.9999999999999999,1.0,0.9999999999999999
4,seed333019,DNSAmplification,206369,mlp,60,50,10,50,10,0.8333333333333334,0.16666666666666666,1.0,1.0,1.0,1.0,1.0,1.0,50,0,0,10,1.0,1.0,1.0
4,seed333019,DNSAmplification,206369,rf,60,50,10,50,10,0.8333333333333334,0.16666666666666666,1.0,1.0,1.0,1.0,1.0,1.0,50,0,0,10,1.0,1.0,0.9999999999999999
4,seed333019,DNSAmplification,206369,xgboost,60,50,10,50,10,0.8333333333333334,0.16666666666666666,1.0,1.0,1.0,1.0,1.0,1.0,50,0,0,10,1.0,1.0,1.0
4,seed333019,DNSAmplification,231701,hybrid,60,50,10,50,10,0.8333333333333334,0.16666666666666666,1.0,1.0,1.0,1.0,1.0,1.0,50,0,0,10,1.0,1.0,0.9999999999999999
4,seed333019,DNSAmplification,231701,mlp,60,50,10,60,0,1.0,0.0,0.8333333333333334,not estimable,0.0,0.0,0.5,not estimable,50,0,10,0,0.0,0.6922143346086616,0.16666666666666666
4,seed333019,DNSAmplification,231701,rf,60,50,10,50,10,0.8333333333333334,0.16666666666666666,1.0,1.0,1.0,1.0,1.0,1.0,50,0,0,10,1.0,1.0,0.9999999999999999
4,seed333019,DNSAmplification,231701,xgboost,60,50,10,50,10,0.8333333333333334,0.16666666666666666,1.0,1.0,1.0,1.0,1.0,1.0,50,0,0,10,1.0,1.0,1.0
4,seed333019,DNSAmplification,257053,hybrid,60,50,10,50,10,0.8333333333333334,0.16666666666666666,1.0,1.0,1.0,1.0,1.0,1.0,50,0,0,10,0.9999999999999999,1.0,0.9999999999999999
4,seed333019,DNSAmplification,257053,mlp,60,50,10,60,0,1.0,0.0,0.8333333333333334,not estimable,0.0,0.0,0.5,not estimable,50,0,10,0,0.0,0.696214923729355,0.16666666666666666
4,seed333019,DNSAmplification,257053,rf,60,50,10,50,10,0.8333333333333334,0.16666666666666666,1.0,1.0,1.0,1.0,1.0,1.0,50,0,0,10,1.0,1.0,0.9999999999999999
4,seed333019,DNSAmplification,257053,xgboost,60,50,10,50,10,0.8333333333333334,0.16666666666666666,1.0,1.0,1.0,1.0,1.0,1.0,50,0,0,10,1.0,1.0,1.0
4,seed333019,DNSAmplification,282427,hybrid,60,50,10,50,10,0.8333333333333334,0.16666666666666666,1.0,1.0,1.0,1.0,1.0,1.0,50,0,0,10,1.0,1.0,0.9999999999999999
4,seed333019,DNSAmplification,282427,mlp,60,50,10,60,0,1.0,0.0,0.8333333333333334,not estimable,0.0,0.0,0.5,not estimable,50,0,10,0,0.0,0.6921578374335204,0.16666666666666666
4,seed333019,DNSAmplification,282427,rf,60,50,10,50,10,0.8333333333333334,0.16666666666666666,1.0,1.0,1.0,1.0,1.0,1.0,50,0,0,10,1.0,1.0,0.9999999999999999
4,seed333019,DNSAmplification,282427,xgboost,60,50,10,50,10,0.8333333333333334,0.16666666666666666,1.0,1.0,1.0,1.0,1.0,1.0,50,0,0,10,1.0,1.0,1.0
4,seed333019,DNSAmplification,307759,hybrid,60,50,10,50,10,0.8333333333333334,0.16666666666666666,1.0,1.0,1.0,1.0,1.0,1.0,50,0,0,10,1.0,1.0,1.0
4,seed333019,DNSAmplification,307759,mlp,60,50,10,50,10,0.8333333333333334,0.16666666666666666,1.0,1.0,1.0,1.0,1.0,1.0,50,0,0,10,1.0,1.0,1.0
4,seed333019,DNSAmplification,307759,rf,60,50,10,50,10,0.8333333333333334,0.16666666666666666,1.0,1.0,1.0,1.0,1.0,1.0,50,0,0,10,1.0,1.0,0.9999999999999999
4,seed333019,DNSAmplification,307759,xgboost,60,50,10,50,10,0.8333333333333334,0.16666666666666666,1.0,1.0,1.0,1.0,1.0,1.0,50,0,0,10,1.0,1.0,1.0
4,seed333019,DNSAmplification,333019,hybrid,60,50,10,50,10,0.8333333333333334,0.16666666666666666,1.0,1.0,1.0,1.0,1.0,1.0,50,0,0,10,1.0,1.0,1.0
4,seed333019,DNSAmplification,333019,mlp,60,50,10,50,10,0.8333333333333334,0.16666666666666666,1.0,1.0,1.0,1.0,1.0,1.0,50,0,0,10,1.0,1.0,1.0
4,seed333019,DNSAmplification,333019,rf,60,50,10,50,10,0.8333333333333334,0.16666666666666666,1.0,1.0,1.0,1.0,1.0,1.0,50,0,0,10,1.0,1.0,1.0
4,seed333019,DNSAmplification,333019,xgboost,60,50,10,50,10,0.8333333333333334,0.16666666666666666,1.0,1.0,1.0,1.0,1.0,1.0,50,0,0,10,1.0,1.0,1.0
4,seed333019,Normal,104729,hybrid,50,50,0,50,0,1.0,0.0,1.0,not estimable,not estimable,not estimable,not estimable,not estimable,50,0,0,0,not estimable,not estimable,not estimable
4,seed333019,Normal,104729,mlp,50,50,0,50,0,1.0,0.0,1.0,not estimable,not estimable,not estimable,not estimable,not estimable,50,0,0,0,not estimable,not estimable,not estimable
4,seed333019,Normal,104729,rf,50,50,0,50,0,1.0,0.0,1.0,not estimable,not estimable,not estimable,not estimable,not estimable,50,0,0,0,not estimable,not estimable,not estimable
4,seed333019,Normal,104729,xgboost,50,50,0,50,0,1.0,0.0,1.0,not estimable,not estimable,not estimable,not estimable,not estimable,50,0,0,0,not estimable,not estimable,not estimable
4,seed333019,Normal,130363,hybrid,50,50,0,50,0,1.0,0.0,1.0,not estimable,not estimable,not estimable,not estimable,not estimable,50,0,0,0,not estimable,not estimable,not estimable
4,seed333019,Normal,130363,mlp,50,50,0,50,0,1.0,0.0,1.0,not estimable,not estimable,not estimable,not estimable,not estimable,50,0,0,0,not estimable,not estimable,not estimable
4,seed333019,Normal,130363,rf,50,50,0,50,0,1.0,0.0,1.0,not estimable,not estimable,not estimable,not estimable,not estimable,50,0,0,0,not estimable,not estimable,not estimable
4,seed333019,Normal,130363,xgboost,50,50,0,50,0,1.0,0.0,1.0,not estimable,not estimable,not estimable,not estimable,not estimable,50,0,0,0,not estimable,not estimable,not estimable
4,seed333019,Normal,155921,hybrid,50,50,0,50,0,1.0,0.0,1.0,not estimable,not estimable,not estimable,not estimable,not estimable,50,0,0,0,not estimable,not estimable,not estimable
4,seed333019,Normal,155921,mlp,50,50,0,50,0,1.0,0.0,1.0,not estimable,not estimable,not estimable,not estimable,not estimable,50,0,0,0,not estimable,not estimable,not estimable
4,seed333019,Normal,155921,rf,50,50,0,50,0,1.0,0.0,1.0,not estimable,not estimable,not estimable,not estimable,not estimable,50,0,0,0,not estimable,not estimable,not estimable
4,seed333019,Normal,155921,xgboost,50,50,0,50,0,1.0,0.0,1.0,not estimable,not estimable,not estimable,not estimable,not estimable,50,0,0,0,not estimable,not estimable,not estimable
4,seed333019,Normal,181081,hybrid,50,50,0,50,0,1.0,0.0,1.0,not estimable,not estimable,not estimable,not estimable,not estimable,50,0,0,0,not estimable,not estimable,not estimable
4,seed333019,Normal,181081,mlp,50,50,0,50,0,1.0,0.0,1.0,not estimable,not estimable,not estimable,not estimable,not estimable,50,0,0,0,not estimable,not estimable,not estimable
4,seed333019,Normal,181081,rf,50,50,0,50,0,1.0,0.0,1.0,not estimable,not estimable,not estimable,not estimable,not estimable,50,0,0,0,not estimable,not estimable,not estimable
4,seed333019,Normal,181081,xgboost,50,50,0,50,0,1.0,0.0,1.0,not estimable,not estimable,not estimable,not estimable,not estimable,50,0,0,0,not estimable,not estimable,not estimable
4,seed333019,Normal,206369,hybrid,50,50,0,50,0,1.0,0.0,1.0,not estimable,not estimable,not estimable,not estimable,not estimable,50,0,0,0,not estimable,not estimable,not estimable
4,seed333019,Normal,206369,mlp,50,50,0,50,0,1.0,0.0,1.0,not estimable,not estimable,not estimable,not estimable,not estimable,50,0,0,0,not estimable,not estimable,not estimable
4,seed333019,Normal,206369,rf,50,50,0,50,0,1.0,0.0,1.0,not estimable,not estimable,not estimable,not estimable,not estimable,50,0,0,0,not estimable,not estimable,not estimable
4,seed333019,Normal,206369,xgboost,50,50,0,50,0,1.0,0.0,1.0,not estimable,not estimable,not estimable,not estimable,not estimable,50,0,0,0,not estimable,not estimable,not estimable
4,seed333019,Normal,231701,hybrid,50,50,0,50,0,1.0,0.0,1.0,not estimable,not estimable,not estimable,not estimable,not estimable,50,0,0,0,not estimable,not estimable,not estimable
4,seed333019,Normal,231701,mlp,50,50,0,50,0,1.0,0.0,1.0,not estimable,not estimable,not estimable,not estimable,not estimable,50,0,0,0,not estimable,not estimable,not estimable
4,seed333019,Normal,231701,rf,50,50,0,50,0,1.0,0.0,1.0,not estimable,not estimable,not estimable,not estimable,not estimable,50,0,0,0,not estimable,not estimable,not estimable
4,seed333019,Normal,231701,xgboost,50,50,0,50,0,1.0,0.0,1.0,not estimable,not estimable,not estimable,not estimable,not estimable,50,0,0,0,not estimable,not estimable,not estimable
4,seed333019,Normal,257053,hybrid,50,50,0,50,0,1.0,0.0,1.0,not estimable,not estimable,not estimable,not estimable,not estimable,50,0,0,0,not estimable,not estimable,not estimable
4,seed333019,Normal,257053,mlp,50,50,0,50,0,1.0,0.0,1.0,not estimable,not estimable,not estimable,not estimable,not estimable,50,0,0,0,not estimable,not estimable,not estimable
4,seed333019,Normal,257053,rf,50,50,0,50,0,1.0,0.0,1.0,not estimable,not estimable,not estimable,not estimable,not estimable,50,0,0,0,not estimable,not estimable,not estimable
4,seed333019,Normal,257053,xgboost,50,50,0,50,0,1.0,0.0,1.0,not estimable,not estimable,not estimable,not estimable,not estimable,50,0,0,0,not estimable,not estimable,not estimable
4,seed333019,Normal,282427,hybrid,50,50,0,50,0,1.0,0.0,1.0,not estimable,not estimable,not estimable,not estimable,not estimable,50,0,0,0,not estimable,not estimable,not estimable
4,seed333019,Normal,282427,mlp,50,50,0,50,0,1.0,0.0,1.0,not estimable,not estimable,not estimable,not estimable,not estimable,50,0,0,0,not estimable,not estimable,not estimable
4,seed333019,Normal,282427,rf,50,50,0,50,0,1.0,0.0,1.0,not estimable,not estimable,not estimable,not estimable,not estimable,50,0,0,0,not estimable,not estimable,not estimable
4,seed333019,Normal,282427,xgboost,50,50,0,50,0,1.0,0.0,1.0,not estimable,not estimable,not estimable,not estimable,not estimable,50,0,0,0,not estimable,not estimable,not estimable
4,seed333019,Normal,307759,hybrid,50,50,0,50,0,1.0,0.0,1.0,not estimable,not estimable,not estimable,not estimable,not estimable,50,0,0,0,not estimable,not estimable,not estimable
4,seed333019,Normal,307759,mlp,50,50,0,50,0,1.0,0.0,1.0,not estimable,not estimable,not estimable,not estimable,not estimable,50,0,0,0,not estimable,not estimable,not estimable
4,seed333019,Normal,307759,rf,50,50,0,50,0,1.0,0.0,1.0,not estimable,not estimable,not estimable,not estimable,not estimable,50,0,0,0,not estimable,not estimable,not estimable
4,seed333019,Normal,307759,xgboost,50,50,0,50,0,1.0,0.0,1.0,not estimable,not estimable,not estimable,not estimable,not estimable,50,0,0,0,not estimable,not estimable,not estimable
4,seed333019,Normal,333019,hybrid,50,50,0,50,0,1.0,0.0,1.0,not estimable,not estimable,not estimable,not estimable,not estimable,50,0,0,0,not estimable,not estimable,not estimable
4,seed333019,Normal,333019,mlp,50,50,0,50,0,1.0,0.0,1.0,not estimable,not estimable,not estimable,not estimable,not estimable,50,0,0,0,not estimable,not estimable,not estimable
4,seed333019,Normal,333019,rf,50,50,0,50,0,1.0,0.0,1.0,not estimable,not estimable,not estimable,not estimable,not estimable,50,0,0,0,not estimable,not estimable,not estimable
4,seed333019,Normal,333019,xgboost,50,50,0,50,0,1.0,0.0,1.0,not estimable,not estimable,not estimable,not estimable,not estimable,50,0,0,0,not estimable,not estimable,not estimable
4,seed333019,SYNFlood,104729,hybrid,850,50,800,850,0,1.0,0.0,0.058823529411764705,not estimable,0.0,0.0,0.5,not estimable,50,0,800,0,0.5,0.06824157226414258,0.9703809800427242
4,seed333019,SYNFlood,104729,mlp,850,50,800,850,0,1.0,0.0,0.058823529411764705,not estimable,0.0,0.0,0.5,not estimable,50,0,800,0,1.0,0.9999999999999999,0.9999999999999999
4,seed333019,SYNFlood,104729,rf,850,50,800,850,0,1.0,0.0,0.058823529411764705,not estimable,0.0,0.0,0.5,not estimable,50,0,800,0,0.0,0.05767202761254314,0.8975976877761901
4,seed333019,SYNFlood,104729,xgboost,850,50,800,850,0,1.0,0.0,0.058823529411764705,not estimable,0.0,0.0,0.5,not estimable,50,0,800,0,0.0,0.05773713018776415,0.9109586056644879
4,seed333019,SYNFlood,130363,hybrid,850,50,800,850,0,1.0,0.0,0.058823529411764705,not estimable,0.0,0.0,0.5,not estimable,50,0,800,0,0.0,0.034346856849481806,0.883714613565037
4,seed333019,SYNFlood,130363,mlp,850,50,800,850,0,1.0,0.0,0.058823529411764705,not estimable,0.0,0.0,0.5,not estimable,50,0,800,0,0.0,0.034346856849481806,0.883714613565037
4,seed333019,SYNFlood,130363,rf,850,50,800,850,0,1.0,0.0,0.058823529411764705,not estimable,0.0,0.0,0.5,not estimable,50,0,800,0,0.0,0.04669794298087333,0.8839873824432648
4,seed333019,SYNFlood,130363,xgboost,850,50,800,850,0,1.0,0.0,0.058823529411764705,not estimable,0.0,0.0,0.5,not estimable,50,0,800,0,0.0,0.04669794298087333,0.9145394061959612
4,seed333019,SYNFlood,155921,hybrid,850,50,800,850,0,1.0,0.0,0.058823529411764705,not estimable,0.0,0.0,0.5,not estimable,50,0,800,0,0.5,0.06833829371258587,0.9703809800427242
4,seed333019,SYNFlood,155921,mlp,850,50,800,850,0,1.0,0.0,0.058823529411764705,not estimable,0.0,0.0,0.5,not estimable,50,0,800,0,1.0,1.0,0.9999999999999999
4,seed333019,SYNFlood,155921,rf,850,50,800,850,0,1.0,0.0,0.058823529411764705,not estimable,0.0,0.0,0.5,not estimable,50,0,800,0,0.0,0.05654543233602854,0.8985013352099004
4,seed333019,SYNFlood,155921,xgboost,850,50,800,850,0,1.0,0.0,0.058823529411764705,not estimable,0.0,0.0,0.5,not estimable,50,0,800,0,0.0,0.05773713018776415,0.9109586056644879
4,seed333019,SYNFlood,181081,hybrid,850,50,800,850,0,1.0,0.0,0.058823529411764705,not estimable,0.0,0.0,0.5,not estimable,50,0,800,0,0.5,0.06838309315694792,0.9703809800427242
4,seed333019,SYNFlood,181081,mlp,850,50,800,850,0,1.0,0.0,0.058823529411764705,not estimable,0.0,0.0,0.5,not estimable,50,0,800,0,1.0,1.0,0.9999999999999999
4,seed333019,SYNFlood,181081,rf,850,50,800,850,0,1.0,0.0,0.058823529411764705,not estimable,0.0,0.0,0.5,not estimable,50,0,800,0,0.0,0.05773713018776415,0.9099561794414736
4,seed333019,SYNFlood,181081,xgboost,850,50,800,850,0,1.0,0.0,0.058823529411764705,not estimable,0.0,0.0,0.5,not estimable,50,0,800,0,0.0,0.05773713018776415,0.9109586056644879
4,seed333019,SYNFlood,206369,hybrid,850,50,800,850,0,1.0,0.0,0.058823529411764705,not estimable,0.0,0.0,0.5,not estimable,50,0,800,0,0.5,0.06824157226414258,0.9703809800427242
4,seed333019,SYNFlood,206369,mlp,850,50,800,850,0,1.0,0.0,0.058823529411764705,not estimable,0.0,0.0,0.5,not estimable,50,0,800,0,0.5,0.06824157226414258,0.9703809800427242
4,seed333019,SYNFlood,206369,rf,850,50,800,850,0,1.0,0.0,0.058823529411764705,not estimable,0.0,0.0,0.5,not estimable,50,0,800,0,0.0,0.05773713018776415,0.8869922706910479
4,seed333019,SYNFlood,206369,xgboost,850,50,800,850,0,1.0,0.0,0.058823529411764705,not estimable,0.0,0.0,0.5,not estimable,50,0,800,0,0.0,0.05773713018776415,0.9109586056644879
4,seed333019,SYNFlood,231701,hybrid,850,50,800,850,0,1.0,0.0,0.058823529411764705,not estimable,0.0,0.0,0.5,not estimable,50,0,800,0,0.5,0.06833829371258587,0.9703809800427242
4,seed333019,SYNFlood,231701,mlp,850,50,800,847,3,0.9964705882352941,0.0035294117647058825,0.06235294117647059,1.0,0.00375,0.007471980074719801,0.501875,0.01487849251609039,50,0,797,3,0.9292,0.8617009693197912,0.9955820037350739
4,seed333019,SYNFlood,231701,rf,850,50,800,850,0,1.0,0.0,0.058823529411764705,not estimable,0.0,0.0,0.5,not estimable,50,0,800,0,0.0,0.05660779980127729,0.8855883717188351
4,seed333019,SYNFlood,231701,xgboost,850,50,800,850,0,1.0,0.0,0.058823529411764705,not estimable,0.0,0.0,0.5,not estimable,50,0,800,0,0.0,0.05773713018776415,0.9109586056644879
4,seed333019,SYNFlood,257053,hybrid,850,50,800,850,0,1.0,0.0,0.058823529411764705,not estimable,0.0,0.0,0.5,not estimable,50,0,800,0,0.0,0.03561057102031298,0.883714613565037
4,seed333019,SYNFlood,257053,mlp,850,50,800,850,0,1.0,0.0,0.058823529411764705,not estimable,0.0,0.0,0.5,not estimable,50,0,800,0,0.5,0.06824157226414258,0.9703809800427242
4,seed333019,SYNFlood,257053,rf,850,50,800,850,0,1.0,0.0,0.058823529411764705,not estimable,0.0,0.0,0.5,not estimable,50,0,800,0,0.0,0.05767202761254314,0.8995819459859415
4,seed333019,SYNFlood,257053,xgboost,850,50,800,850,0,1.0,0.0,0.058823529411764705,not estimable,0.0,0.0,0.5,not estimable,50,0,800,0,0.0,0.05773713018776415,0.9109586056644879
4,seed333019,SYNFlood,282427,hybrid,850,50,800,850,0,1.0,0.0,0.058823529411764705,not estimable,0.0,0.0,0.5,not estimable,50,0,800,0,0.5,0.06838309315694792,0.9703809800427242
4,seed333019,SYNFlood,282427,mlp,850,50,800,850,0,1.0,0.0,0.058823529411764705,not estimable,0.0,0.0,0.5,not estimable,50,0,800,0,1.0,1.0,0.9999999999999999
4,seed333019,SYNFlood,282427,rf,850,50,800,850,0,1.0,0.0,0.058823529411764705,not estimable,0.0,0.0,0.5,not estimable,50,0,800,0,0.0,0.056670392405245316,0.9144150254422898
4,seed333019,SYNFlood,282427,xgboost,850,50,800,850,0,1.0,0.0,0.058823529411764705,not estimable,0.0,0.0,0.5,not estimable,50,0,800,0,0.0,0.05773713018776415,0.9109586056644879
4,seed333019,SYNFlood,307759,hybrid,850,50,800,850,0,1.0,0.0,0.058823529411764705,not estimable,0.0,0.0,0.5,not estimable,50,0,800,0,0.0,0.03429495383953296,0.8950529991216889
4,seed333019,SYNFlood,307759,mlp,850,50,800,850,0,1.0,0.0,0.058823529411764705,not estimable,0.0,0.0,0.5,not estimable,50,0,800,0,0.5,0.06591056993314026,0.9703809800427242
4,seed333019,SYNFlood,307759,rf,850,50,800,850,0,1.0,0.0,0.058823529411764705,not estimable,0.0,0.0,0.5,not estimable,50,0,800,0,0.0,0.04669794298087333,0.8952602543730822
4,seed333019,SYNFlood,307759,xgboost,850,50,800,850,0,1.0,0.0,0.058823529411764705,not estimable,0.0,0.0,0.5,not estimable,50,0,800,0,0.0,0.04669794298087333,0.9145394061959612
4,seed333019,SYNFlood,333019,hybrid,850,50,800,850,0,1.0,0.0,0.058823529411764705,not estimable,0.0,0.0,0.5,not estimable,50,0,800,0,0.0,0.03548757773267165,0.8837120444032004
4,seed333019,SYNFlood,333019,mlp,850,50,800,850,0,1.0,0.0,0.058823529411764705,not estimable,0.0,0.0,0.5,not estimable,50,0,800,0,0.0,0.03548757773267165,0.8991743231912988
4,seed333019,SYNFlood,333019,rf,850,50,800,850,0,1.0,0.0,0.058823529411764705,not estimable,0.0,0.0,0.5,not estimable,50,0,800,0,0.0,0.058823529411764705,0.8839873824432648
4,seed333019,SYNFlood,333019,xgboost,850,50,800,850,0,1.0,0.0,0.058823529411764705,not estimable,0.0,0.0,0.5,not estimable,50,0,800,0,0.059399999999999994,0.05352080344332855,0.9205326797385621
4,seed333019,UDPFlood,104729,hybrid,72,52,20,52,20,0.7222222222222222,0.2777777777777778,1.0,1.0,1.0,1.0,1.0,1.0,52,0,0,20,1.0,1.0,1.0
4,seed333019,UDPFlood,104729,mlp,72,52,20,50,22,0.6944444444444444,0.3055555555555556,0.9722222222222222,0.9090909090909091,1.0,0.9523809523809523,0.9807692307692308,0.9349469900084573,50,2,0,20,1.0,1.0000000000000002,1.0
4,seed333019,UDPFlood,104729,rf,72,52,20,52,20,0.7222222222222222,0.2777777777777778,1.0,1.0,1.0,1.0,1.0,1.0,52,0,0,20,1.0,1.0,1.0
4,seed333019,UDPFlood,104729,xgboost,72,52,20,52,20,0.7222222222222222,0.2777777777777778,1.0,1.0,1.0,1.0,1.0,1.0,52,0,0,20,1.0,1.0,1.0
4,seed333019,UDPFlood,130363,hybrid,72,52,20,51,21,0.7083333333333334,0.2916666666666667,0.9861111111111112,0.9523809523809523,1.0,0.975609756097561,0.9903846153846154,0.9664708656063741,51,1,0,20,1.0,1.0,1.0
4,seed333019,UDPFlood,130363,mlp,72,52,20,51,21,0.7083333333333334,0.2916666666666667,0.9861111111111112,0.9523809523809523,1.0,0.975609756097561,0.9903846153846154,0.9664708656063741,51,1,0,20,1.0,1.0,1.0
4,seed333019,UDPFlood,130363,rf,72,52,20,51,21,0.7083333333333334,0.2916666666666667,0.9861111111111112,0.9523809523809523,1.0,0.975609756097561,0.9903846153846154,0.9664708656063741,51,1,0,20,1.0,1.0,1.0
4,seed333019,UDPFlood,130363,xgboost,72,52,20,52,20,0.7222222222222222,0.2777777777777778,1.0,1.0,1.0,1.0,1.0,1.0,52,0,0,20,0.9999999999999999,1.0,1.0
4,seed333019,UDPFlood,155921,hybrid,72,52,20,52,20,0.7222222222222222,0.2777777777777778,1.0,1.0,1.0,1.0,1.0,1.0,52,0,0,20,1.0,1.0,1.0
4,seed333019,UDPFlood,155921,mlp,72,52,20,70,2,0.9722222222222222,0.027777777777777776,0.6944444444444444,0.0,0.0,0.0,0.4807692307692308,-0.10482848367219183,50,2,20,0,0.0,0.5297186539482825,0.2777777777777778
4,seed333019,UDPFlood,155921,rf,72,52,20,52,20,0.7222222222222222,0.2777777777777778,1.0,1.0,1.0,1.0,1.0,1.0,52,0,0,20,1.0,1.0,1.0
4,seed333019,UDPFlood,155921,xgboost,72,52,20,52,20,0.7222222222222222,0.2777777777777778,1.0,1.0,1.0,1.0,1.0,1.0,52,0,0,20,1.0,1.0,1.0
4,seed333019,UDPFlood,181081,hybrid,72,52,20,52,20,0.7222222222222222,0.2777777777777778,1.0,1.0,1.0,1.0,1.0,1.0,52,0,0,20,1.0,1.0,0.9999999999999999
4,seed333019,UDPFlood,181081,mlp,72,52,20,70,2,0.9722222222222222,0.027777777777777776,0.6944444444444444,0.0,0.0,0.0,0.4807692307692308,-0.10482848367219183,50,2,20,0,0.0,0.5276495868591164,0.2777777777777778
4,seed333019,UDPFlood,181081,rf,72,52,20,52,20,0.7222222222222222,0.2777777777777778,1.0,1.0,1.0,1.0,1.0,1.0,52,0,0,20,1.0,1.0,1.0
4,seed333019,UDPFlood,181081,xgboost,72,52,20,52,20,0.7222222222222222,0.2777777777777778,1.0,1.0,1.0,1.0,1.0,1.0,52,0,0,20,1.0,1.0,1.0
4,seed333019,UDPFlood,206369,hybrid,72,52,20,52,20,0.7222222222222222,0.2777777777777778,1.0,1.0,1.0,1.0,1.0,1.0,52,0,0,20,1.0,1.0,1.0
4,seed333019,UDPFlood,206369,mlp,72,52,20,50,22,0.6944444444444444,0.3055555555555556,0.9722222222222222,0.9090909090909091,1.0,0.9523809523809523,0.9807692307692308,0.9349469900084573,50,2,0,20,1.0,1.0000000000000002,1.0
4,seed333019,UDPFlood,206369,rf,72,52,20,52,20,0.7222222222222222,0.2777777777777778,1.0,1.0,1.0,1.0,1.0,1.0,52,0,0,20,1.0,1.0,1.0000000000000002
4,seed333019,UDPFlood,206369,xgboost,72,52,20,52,20,0.7222222222222222,0.2777777777777778,1.0,1.0,1.0,1.0,1.0,1.0,52,0,0,20,1.0,1.0,1.0
4,seed333019,UDPFlood,231701,hybrid,72,52,20,52,20,0.7222222222222222,0.2777777777777778,1.0,1.0,1.0,1.0,1.0,1.0,52,0,0,20,1.0,1.0,0.9999999999999999
4,seed333019,UDPFlood,231701,mlp,72,52,20,70,2,0.9722222222222222,0.027777777777777776,0.6944444444444444,0.0,0.0,0.0,0.4807692307692308,-0.10482848367219183,50,2,20,0,0.0,0.528958544492521,0.2777777777777778
4,seed333019,UDPFlood,231701,rf,72,52,20,52,20,0.7222222222222222,0.2777777777777778,1.0,1.0,1.0,1.0,1.0,1.0,52,0,0,20,1.0,1.0,1.0
4,seed333019,UDPFlood,231701,xgboost,72,52,20,52,20,0.7222222222222222,0.2777777777777778,1.0,1.0,1.0,1.0,1.0,1.0,52,0,0,20,1.0,1.0,1.0
4,seed333019,UDPFlood,257053,hybrid,72,52,20,52,20,0.7222222222222222,0.2777777777777778,1.0,1.0,1.0,1.0,1.0,1.0,52,0,0,20,1.0,1.0,1.0
4,seed333019,UDPFlood,257053,mlp,72,52,20,70,2,0.9722222222222222,0.027777777777777776,0.6944444444444444,0.0,0.0,0.0,0.4807692307692308,-0.10482848367219183,50,2,20,0,0.0,0.5319246203108802,0.264832285115304
4,seed333019,UDPFlood,257053,rf,72,52,20,52,20,0.7222222222222222,0.2777777777777778,1.0,1.0,1.0,1.0,1.0,1.0,52,0,0,20,1.0,1.0,1.0
4,seed333019,UDPFlood,257053,xgboost,72,52,20,52,20,0.7222222222222222,0.2777777777777778,1.0,1.0,1.0,1.0,1.0,1.0,52,0,0,20,1.0,1.0,1.0
4,seed333019,UDPFlood,282427,hybrid,72,52,20,52,20,0.7222222222222222,0.2777777777777778,1.0,1.0,1.0,1.0,1.0,1.0,52,0,0,20,1.0,1.0,1.0
4,seed333019,UDPFlood,282427,mlp,72,52,20,70,2,0.9722222222222222,0.027777777777777776,0.6944444444444444,0.0,0.0,0.0,0.4807692307692308,-0.10482848367219183,50,2,20,0,0.0,0.5276168629182814,0.2777777777777778
4,seed333019,UDPFlood,282427,rf,72,52,20,52,20,0.7222222222222222,0.2777777777777778,1.0,1.0,1.0,1.0,1.0,1.0,52,0,0,20,1.0,1.0,1.0
4,seed333019,UDPFlood,282427,xgboost,72,52,20,52,20,0.7222222222222222,0.2777777777777778,1.0,1.0,1.0,1.0,1.0,1.0,52,0,0,20,1.0,1.0,1.0
4,seed333019,UDPFlood,307759,hybrid,72,52,20,51,21,0.7083333333333334,0.2916666666666667,0.9861111111111112,0.9523809523809523,1.0,0.975609756097561,0.9903846153846154,0.9664708656063741,51,1,0,20,1.0,1.0,1.0
4,seed333019,UDPFlood,307759,mlp,72,52,20,50,22,0.6944444444444444,0.3055555555555556,0.9722222222222222,0.9090909090909091,1.0,0.9523809523809523,0.9807692307692308,0.9349469900084573,50,2,0,20,1.0,1.0,1.0
4,seed333019,UDPFlood,307759,rf,72,52,20,51,21,0.7083333333333334,0.2916666666666667,0.9861111111111112,0.9523809523809523,1.0,0.975609756097561,0.9903846153846154,0.9664708656063741,51,1,0,20,1.0,1.0,1.0
4,seed333019,UDPFlood,307759,xgboost,72,52,20,52,20,0.7222222222222222,0.2777777777777778,1.0,1.0,1.0,1.0,1.0,1.0,52,0,0,20,0.9999999999999999,1.0,1.0
4,seed333019,UDPFlood,333019,hybrid,72,52,20,52,20,0.7222222222222222,0.2777777777777778,1.0,1.0,1.0,1.0,1.0,1.0,52,0,0,20,1.0,1.0,1.0
4,seed333019,UDPFlood,333019,mlp,72,52,20,52,20,0.7222222222222222,0.2777777777777778,1.0,1.0,1.0,1.0,1.0,1.0,52,0,0,20,1.0,1.0,1.0
4,seed333019,UDPFlood,333019,rf,72,52,20,51,21,0.7083333333333334,0.2916666666666667,0.9861111111111112,0.9523809523809523,1.0,0.975609756097561,0.9903846153846154,0.9664708656063741,51,1,0,20,1.0,1.0,1.0
4,seed333019,UDPFlood,333019,xgboost,72,52,20,52,20,0.7222222222222222,0.2777777777777778,1.0,1.0,1.0,1.0,1.0,1.0,52,0,0,20,1.0,1.0,1.0
6,seed104729,DNSAmplification,104729,hybrid,60,50,10,50,10,0.8333333333333334,0.16666666666666666,1.0,1.0,1.0,1.0,1.0,1.0,50,0,0,10,1.0,1.0,1.0
6,seed104729,DNSAmplification,104729,mlp,60,50,10,60,0,1.0,0.0,0.8333333333333334,not estimable,0.0,0.0,0.5,not estimable,50,0,10,0,0.0,0.6498195682033032,0.16666666666666666
6,seed104729,DNSAmplification,104729,rf,60,50,10,50,10,0.8333333333333334,0.16666666666666666,1.0,1.0,1.0,1.0,1.0,1.0,50,0,0,10,1.0,1.0,1.0
6,seed104729,DNSAmplification,104729,xgboost,60,50,10,50,10,0.8333333333333334,0.16666666666666666,1.0,1.0,1.0,1.0,1.0,1.0,50,0,0,10,1.0,1.0,1.0
6,seed104729,DNSAmplification,130363,hybrid,60,50,10,50,10,0.8333333333333334,0.16666666666666666,1.0,1.0,1.0,1.0,1.0,1.0,50,0,0,10,1.0,1.0,1.0
6,seed104729,DNSAmplification,130363,mlp,60,50,10,60,0,1.0,0.0,0.8333333333333334,not estimable,0.0,0.0,0.5,not estimable,50,0,10,0,0.0,0.6498195682033032,0.16666666666666666
6,seed104729,DNSAmplification,130363,rf,60,50,10,50,10,0.8333333333333334,0.16666666666666666,1.0,1.0,1.0,1.0,1.0,1.0,50,0,0,10,1.0,1.0,1.0
6,seed104729,DNSAmplification,130363,xgboost,60,50,10,50,10,0.8333333333333334,0.16666666666666666,1.0,1.0,1.0,1.0,1.0,1.0,50,0,0,10,1.0,1.0,1.0
6,seed104729,DNSAmplification,155921,hybrid,60,50,10,50,10,0.8333333333333334,0.16666666666666666,1.0,1.0,1.0,1.0,1.0,1.0,50,0,0,10,1.0,1.0,1.0
6,seed104729,DNSAmplification,155921,mlp,60,50,10,60,0,1.0,0.0,0.8333333333333334,not estimable,0.0,0.0,0.5,not estimable,50,0,10,0,0.0,0.8333333333333334,0.16666666666666666
6,seed104729,DNSAmplification,155921,rf,60,50,10,50,10,0.8333333333333334,0.16666666666666666,1.0,1.0,1.0,1.0,1.0,1.0,50,0,0,10,1.0,1.0,1.0
6,seed104729,DNSAmplification,155921,xgboost,60,50,10,50,10,0.8333333333333334,0.16666666666666666,1.0,1.0,1.0,1.0,1.0,1.0,50,0,0,10,1.0,1.0,1.0
6,seed104729,DNSAmplification,181081,hybrid,60,50,10,50,10,0.8333333333333334,0.16666666666666666,1.0,1.0,1.0,1.0,1.0,1.0,50,0,0,10,1.0,1.0,0.9999999999999999
6,seed104729,DNSAmplification,181081,mlp,60,50,10,60,0,1.0,0.0,0.8333333333333334,not estimable,0.0,0.0,0.5,not estimable,50,0,10,0,0.0,0.8333333333333334,0.16666666666666666
6,seed104729,DNSAmplification,181081,rf,60,50,10,50,10,0.8333333333333334,0.16666666666666666,1.0,1.0,1.0,1.0,1.0,1.0,50,0,0,10,1.0,1.0,1.0
6,seed104729,DNSAmplification,181081,xgboost,60,50,10,50,10,0.8333333333333334,0.16666666666666666,1.0,1.0,1.0,1.0,1.0,1.0,50,0,0,10,1.0,1.0,1.0
6,seed104729,DNSAmplification,206369,hybrid,60,50,10,50,10,0.8333333333333334,0.16666666666666666,1.0,1.0,1.0,1.0,1.0,1.0,50,0,0,10,1.0,1.0,1.0
6,seed104729,DNSAmplification,206369,mlp,60,50,10,60,0,1.0,0.0,0.8333333333333334,not estimable,0.0,0.0,0.5,not estimable,50,0,10,0,0.0,0.695185998907887,0.16666666666666666
6,seed104729,DNSAmplification,206369,rf,60,50,10,50,10,0.8333333333333334,0.16666666666666666,1.0,1.0,1.0,1.0,1.0,1.0,50,0,0,10,1.0,1.0,1.0
6,seed104729,DNSAmplification,206369,xgboost,60,50,10,50,10,0.8333333333333334,0.16666666666666666,1.0,1.0,1.0,1.0,1.0,1.0,50,0,0,10,1.0,1.0,1.0
6,seed104729,DNSAmplification,231701,hybrid,60,50,10,50,10,0.8333333333333334,0.16666666666666666,1.0,1.0,1.0,1.0,1.0,1.0,50,0,0,10,1.0,1.0,0.9999999999999999
6,seed104729,DNSAmplification,231701,mlp,60,50,10,60,0,1.0,0.0,0.8333333333333334,not estimable,0.0,0.0,0.5,not estimable,50,0,10,0,0.0,0.8333333333333334,0.16666666666666666
6,seed104729,DNSAmplification,231701,rf,60,50,10,50,10,0.8333333333333334,0.16666666666666666,1.0,1.0,1.0,1.0,1.0,1.0,50,0,0,10,1.0,1.0,1.0
6,seed104729,DNSAmplification,231701,xgboost,60,50,10,50,10,0.8333333333333334,0.16666666666666666,1.0,1.0,1.0,1.0,1.0,1.0,50,0,0,10,1.0,1.0,1.0
6,seed104729,DNSAmplification,257053,hybrid,60,50,10,50,10,0.8333333333333334,0.16666666666666666,1.0,1.0,1.0,1.0,1.0,1.0,50,0,0,10,1.0,1.0,1.0
6,seed104729,DNSAmplification,257053,mlp,60,50,10,59,1,0.9833333333333333,0.016666666666666666,0.8166666666666667,0.0,0.0,0.0,0.49,-0.0582222509739582,49,1,10,0,0.0,0.6498195682033032,0.16666666666666666
6,seed104729,DNSAmplification,257053,rf,60,50,10,50,10,0.8333333333333334,0.16666666666666666,1.0,1.0,1.0,1.0,1.0,1.0,50,0,0,10,1.0,1.0,1.0
6,seed104729,DNSAmplification,257053,xgboost,60,50,10,50,10,0.8333333333333334,0.16666666666666666,1.0,1.0,1.0,1.0,1.0,1.0,50,0,0,10,1.0,1.0,1.0
6,seed104729,DNSAmplification,282427,hybrid,60,50,10,50,10,0.8333333333333334,0.16666666666666666,1.0,1.0,1.0,1.0,1.0,1.0,50,0,0,10,1.0,1.0,1.0
6,seed104729,DNSAmplification,282427,mlp,60,50,10,60,0,1.0,0.0,0.8333333333333334,not estimable,0.0,0.0,0.5,not estimable,50,0,10,0,0.0,0.6500841184678535,0.16666666666666666
6,seed104729,DNSAmplification,282427,rf,60,50,10,50,10,0.8333333333333334,0.16666666666666666,1.0,1.0,1.0,1.0,1.0,1.0,50,0,0,10,1.0,1.0,1.0
6,seed104729,DNSAmplification,282427,xgboost,60,50,10,50,10,0.8333333333333334,0.16666666666666666,1.0,1.0,1.0,1.0,1.0,1.0,50,0,0,10,1.0,1.0,1.0
6,seed104729,DNSAmplification,307759,hybrid,60,50,10,50,10,0.8333333333333334,0.16666666666666666,1.0,1.0,1.0,1.0,1.0,1.0,50,0,0,10,1.0,1.0,1.0
6,seed104729,DNSAmplification,307759,mlp,60,50,10,60,0,1.0,0.0,0.8333333333333334,not estimable,0.0,0.0,0.5,not estimable,50,0,10,0,0.0,0.6498195682033032,0.16666666666666666
6,seed104729,DNSAmplification,307759,rf,60,50,10,50,10,0.8333333333333334,0.16666666666666666,1.0,1.0,1.0,1.0,1.0,1.0,50,0,0,10,1.0,1.0,1.0
6,seed104729,DNSAmplification,307759,xgboost,60,50,10,50,10,0.8333333333333334,0.16666666666666666,1.0,1.0,1.0,1.0,1.0,1.0,50,0,0,10,1.0,1.0,1.0
6,seed104729,DNSAmplification,333019,hybrid,60,50,10,50,10,0.8333333333333334,0.16666666666666666,1.0,1.0,1.0,1.0,1.0,1.0,50,0,0,10,1.0,1.0,1.0
6,seed104729,DNSAmplification,333019,mlp,60,50,10,60,0,1.0,0.0,0.8333333333333334,not estimable,0.0,0.0,0.5,not estimable,50,0,10,0,0.0,0.6498195682033032,0.16666666666666666
6,seed104729,DNSAmplification,333019,rf,60,50,10,50,10,0.8333333333333334,0.16666666666666666,1.0,1.0,1.0,1.0,1.0,1.0,50,0,0,10,1.0,1.0,1.0
6,seed104729,DNSAmplification,333019,xgboost,60,50,10,50,10,0.8333333333333334,0.16666666666666666,1.0,1.0,1.0,1.0,1.0,1.0,50,0,0,10,1.0,1.0,1.0
6,seed104729,Normal,104729,hybrid,50,50,0,50,0,1.0,0.0,1.0,not estimable,not estimable,not estimable,not estimable,not estimable,50,0,0,0,not estimable,not estimable,not estimable
6,seed104729,Normal,104729,mlp,50,50,0,50,0,1.0,0.0,1.0,not estimable,not estimable,not estimable,not estimable,not estimable,50,0,0,0,not estimable,not estimable,not estimable
6,seed104729,Normal,104729,rf,50,50,0,50,0,1.0,0.0,1.0,not estimable,not estimable,not estimable,not estimable,not estimable,50,0,0,0,not estimable,not estimable,not estimable
6,seed104729,Normal,104729,xgboost,50,50,0,50,0,1.0,0.0,1.0,not estimable,not estimable,not estimable,not estimable,not estimable,50,0,0,0,not estimable,not estimable,not estimable
6,seed104729,Normal,130363,hybrid,50,50,0,50,0,1.0,0.0,1.0,not estimable,not estimable,not estimable,not estimable,not estimable,50,0,0,0,not estimable,not estimable,not estimable
6,seed104729,Normal,130363,mlp,50,50,0,50,0,1.0,0.0,1.0,not estimable,not estimable,not estimable,not estimable,not estimable,50,0,0,0,not estimable,not estimable,not estimable
6,seed104729,Normal,130363,rf,50,50,0,50,0,1.0,0.0,1.0,not estimable,not estimable,not estimable,not estimable,not estimable,50,0,0,0,not estimable,not estimable,not estimable
6,seed104729,Normal,130363,xgboost,50,50,0,50,0,1.0,0.0,1.0,not estimable,not estimable,not estimable,not estimable,not estimable,50,0,0,0,not estimable,not estimable,not estimable
6,seed104729,Normal,155921,hybrid,50,50,0,50,0,1.0,0.0,1.0,not estimable,not estimable,not estimable,not estimable,not estimable,50,0,0,0,not estimable,not estimable,not estimable
6,seed104729,Normal,155921,mlp,50,50,0,50,0,1.0,0.0,1.0,not estimable,not estimable,not estimable,not estimable,not estimable,50,0,0,0,not estimable,not estimable,not estimable
6,seed104729,Normal,155921,rf,50,50,0,50,0,1.0,0.0,1.0,not estimable,not estimable,not estimable,not estimable,not estimable,50,0,0,0,not estimable,not estimable,not estimable
6,seed104729,Normal,155921,xgboost,50,50,0,50,0,1.0,0.0,1.0,not estimable,not estimable,not estimable,not estimable,not estimable,50,0,0,0,not estimable,not estimable,not estimable
6,seed104729,Normal,181081,hybrid,50,50,0,50,0,1.0,0.0,1.0,not estimable,not estimable,not estimable,not estimable,not estimable,50,0,0,0,not estimable,not estimable,not estimable
6,seed104729,Normal,181081,mlp,50,50,0,50,0,1.0,0.0,1.0,not estimable,not estimable,not estimable,not estimable,not estimable,50,0,0,0,not estimable,not estimable,not estimable
6,seed104729,Normal,181081,rf,50,50,0,50,0,1.0,0.0,1.0,not estimable,not estimable,not estimable,not estimable,not estimable,50,0,0,0,not estimable,not estimable,not estimable
6,seed104729,Normal,181081,xgboost,50,50,0,50,0,1.0,0.0,1.0,not estimable,not estimable,not estimable,not estimable,not estimable,50,0,0,0,not estimable,not estimable,not estimable
6,seed104729,Normal,206369,hybrid,50,50,0,50,0,1.0,0.0,1.0,not estimable,not estimable,not estimable,not estimable,not estimable,50,0,0,0,not estimable,not estimable,not estimable
6,seed104729,Normal,206369,mlp,50,50,0,50,0,1.0,0.0,1.0,not estimable,not estimable,not estimable,not estimable,not estimable,50,0,0,0,not estimable,not estimable,not estimable
6,seed104729,Normal,206369,rf,50,50,0,50,0,1.0,0.0,1.0,not estimable,not estimable,not estimable,not estimable,not estimable,50,0,0,0,not estimable,not estimable,not estimable
6,seed104729,Normal,206369,xgboost,50,50,0,50,0,1.0,0.0,1.0,not estimable,not estimable,not estimable,not estimable,not estimable,50,0,0,0,not estimable,not estimable,not estimable
6,seed104729,Normal,231701,hybrid,50,50,0,50,0,1.0,0.0,1.0,not estimable,not estimable,not estimable,not estimable,not estimable,50,0,0,0,not estimable,not estimable,not estimable
6,seed104729,Normal,231701,mlp,50,50,0,50,0,1.0,0.0,1.0,not estimable,not estimable,not estimable,not estimable,not estimable,50,0,0,0,not estimable,not estimable,not estimable
6,seed104729,Normal,231701,rf,50,50,0,50,0,1.0,0.0,1.0,not estimable,not estimable,not estimable,not estimable,not estimable,50,0,0,0,not estimable,not estimable,not estimable
6,seed104729,Normal,231701,xgboost,50,50,0,50,0,1.0,0.0,1.0,not estimable,not estimable,not estimable,not estimable,not estimable,50,0,0,0,not estimable,not estimable,not estimable
6,seed104729,Normal,257053,hybrid,50,50,0,50,0,1.0,0.0,1.0,not estimable,not estimable,not estimable,not estimable,not estimable,50,0,0,0,not estimable,not estimable,not estimable
6,seed104729,Normal,257053,mlp,50,50,0,50,0,1.0,0.0,1.0,not estimable,not estimable,not estimable,not estimable,not estimable,50,0,0,0,not estimable,not estimable,not estimable
6,seed104729,Normal,257053,rf,50,50,0,50,0,1.0,0.0,1.0,not estimable,not estimable,not estimable,not estimable,not estimable,50,0,0,0,not estimable,not estimable,not estimable
6,seed104729,Normal,257053,xgboost,50,50,0,50,0,1.0,0.0,1.0,not estimable,not estimable,not estimable,not estimable,not estimable,50,0,0,0,not estimable,not estimable,not estimable
6,seed104729,Normal,282427,hybrid,50,50,0,50,0,1.0,0.0,1.0,not estimable,not estimable,not estimable,not estimable,not estimable,50,0,0,0,not estimable,not estimable,not estimable
6,seed104729,Normal,282427,mlp,50,50,0,50,0,1.0,0.0,1.0,not estimable,not estimable,not estimable,not estimable,not estimable,50,0,0,0,not estimable,not estimable,not estimable
6,seed104729,Normal,282427,rf,50,50,0,50,0,1.0,0.0,1.0,not estimable,not estimable,not estimable,not estimable,not estimable,50,0,0,0,not estimable,not estimable,not estimable
6,seed104729,Normal,282427,xgboost,50,50,0,50,0,1.0,0.0,1.0,not estimable,not estimable,not estimable,not estimable,not estimable,50,0,0,0,not estimable,not estimable,not estimable
6,seed104729,Normal,307759,hybrid,50,50,0,50,0,1.0,0.0,1.0,not estimable,not estimable,not estimable,not estimable,not estimable,50,0,0,0,not estimable,not estimable,not estimable
6,seed104729,Normal,307759,mlp,50,50,0,50,0,1.0,0.0,1.0,not estimable,not estimable,not estimable,not estimable,not estimable,50,0,0,0,not estimable,not estimable,not estimable
6,seed104729,Normal,307759,rf,50,50,0,50,0,1.0,0.0,1.0,not estimable,not estimable,not estimable,not estimable,not estimable,50,0,0,0,not estimable,not estimable,not estimable
6,seed104729,Normal,307759,xgboost,50,50,0,50,0,1.0,0.0,1.0,not estimable,not estimable,not estimable,not estimable,not estimable,50,0,0,0,not estimable,not estimable,not estimable
6,seed104729,Normal,333019,hybrid,50,50,0,50,0,1.0,0.0,1.0,not estimable,not estimable,not estimable,not estimable,not estimable,50,0,0,0,not estimable,not estimable,not estimable
6,seed104729,Normal,333019,mlp,50,50,0,50,0,1.0,0.0,1.0,not estimable,not estimable,not estimable,not estimable,not estimable,50,0,0,0,not estimable,not estimable,not estimable
6,seed104729,Normal,333019,rf,50,50,0,50,0,1.0,0.0,1.0,not estimable,not estimable,not estimable,not estimable,not estimable,50,0,0,0,not estimable,not estimable,not estimable
6,seed104729,Normal,333019,xgboost,50,50,0,50,0,1.0,0.0,1.0,not estimable,not estimable,not estimable,not estimable,not estimable,50,0,0,0,not estimable,not estimable,not estimable
6,seed104729,SYNFlood,104729,hybrid,850,50,800,850,0,1.0,0.0,0.058823529411764705,not estimable,0.0,0.0,0.5,not estimable,50,0,800,0,0.5,0.05884595137542516,0.9703809800427242
6,seed104729,SYNFlood,104729,mlp,850,50,800,850,0,1.0,0.0,0.058823529411764705,not estimable,0.0,0.0,0.5,not estimable,50,0,800,0,1.0,1.0,0.9999999999999999
6,seed104729,SYNFlood,104729,rf,850,50,800,850,0,1.0,0.0,0.058823529411764705,not estimable,0.0,0.0,0.5,not estimable,50,0,800,0,0.0,0.058823529411764705,0.9119116105561722
6,seed104729,SYNFlood,104729,xgboost,850,50,800,850,0,1.0,0.0,0.058823529411764705,not estimable,0.0,0.0,0.5,not estimable,50,0,800,0,0.0,0.04246251368485538,0.8877443682615989
6,seed104729,SYNFlood,130363,hybrid,850,50,800,850,0,1.0,0.0,0.058823529411764705,not estimable,0.0,0.0,0.5,not estimable,50,0,800,0,0.5,0.05884595137542516,0.9703809800427242
6,seed104729,SYNFlood,130363,mlp,850,50,800,450,400,0.5294117647058824,0.47058823529411764,0.5294117647058824,1.0,0.5,0.6666666666666666,0.75,0.23570226039551587,50,0,400,400,1.0,1.0,0.9999999999999999
6,seed104729,SYNFlood,130363,rf,850,50,800,850,0,1.0,0.0,0.058823529411764705,not estimable,0.0,0.0,0.5,not estimable,50,0,800,0,0.0,0.04698837618879887,0.9118653656431126
6,seed104729,SYNFlood,130363,xgboost,850,50,800,850,0,1.0,0.0,0.058823529411764705,not estimable,0.0,0.0,0.5,not estimable,50,0,800,0,0.0,0.038599988733961,0.914826727689496
6,seed104729,SYNFlood,155921,hybrid,850,50,800,850,0,1.0,0.0,0.058823529411764705,not estimable,0.0,0.0,0.5,not estimable,50,0,800,0,0.5,0.07997508586028507,0.9703809800427243
6,seed104729,SYNFlood,155921,mlp,850,50,800,850,0,1.0,0.0,0.058823529411764705,not estimable,0.0,0.0,0.5,not estimable,50,0,800,0,1.0,1.0,0.9999999999999999
6,seed104729,SYNFlood,155921,rf,850,50,800,850,0,1.0,0.0,0.058823529411764705,not estimable,0.0,0.0,0.5,not estimable,50,0,800,0,0.0,0.05767202761254314,0.8990857694778713
6,seed104729,SYNFlood,155921,xgboost,850,50,800,850,0,1.0,0.0,0.058823529411764705,not estimable,0.0,0.0,0.5,not estimable,50,0,800,0,0.0,0.04246251368485538,0.8877443682615989
6,seed104729,SYNFlood,181081,hybrid,850,50,800,850,0,1.0,0.0,0.058823529411764705,not estimable,0.0,0.0,0.5,not estimable,50,0,800,0,0.0,0.04198049173528232,0.8822701516911087
6,seed104729,SYNFlood,181081,mlp,850,50,800,850,0,1.0,0.0,0.058823529411764705,not estimable,0.0,0.0,0.5,not estimable,50,0,800,0,1.0,1.0,0.9999999999999999
6,seed104729,SYNFlood,181081,rf,850,50,800,850,0,1.0,0.0,0.058823529411764705,not estimable,0.0,0.0,0.5,not estimable,50,0,800,0,0.0,0.05767202761254314,0.8967400675398016
6,seed104729,SYNFlood,181081,xgboost,850,50,800,850,0,1.0,0.0,0.058823529411764705,not estimable,0.0,0.0,0.5,not estimable,50,0,800,0,0.0,0.04246251368485538,0.8877443682615989
6,seed104729,SYNFlood,206369,hybrid,850,50,800,850,0,1.0,0.0,0.058823529411764705,not estimable,0.0,0.0,0.5,not estimable,50,0,800,0,0.5,0.06672046796877106,0.9703809800427242
6,seed104729,SYNFlood,206369,mlp,850,50,800,450,400,0.5294117647058824,0.47058823529411764,0.5294117647058824,1.0,0.5,0.6666666666666666,0.75,0.23570226039551587,50,0,400,400,1.0,1.0,0.9999999999999999
6,seed104729,SYNFlood,206369,rf,850,50,800,850,0,1.0,0.0,0.058823529411764705,not estimable,0.0,0.0,0.5,not estimable,50,0,800,0,0.0,0.058823529411764705,0.9150326797385621
6,seed104729,SYNFlood,206369,xgboost,850,50,800,850,0,1.0,0.0,0.058823529411764705,not estimable,0.0,0.0,0.5,not estimable,50,0,800,0,0.0,0.04246251368485538,0.8877443682615989
6,seed104729,SYNFlood,231701,hybrid,850,50,800,850,0,1.0,0.0,0.058823529411764705,not estimable,0.0,0.0,0.5,not estimable,50,0,800,0,0.0,0.04198049173528232,0.898875093558117
6,seed104729,SYNFlood,231701,mlp,850,50,800,850,0,1.0,0.0,0.058823529411764705,not estimable,0.0,0.0,0.5,not estimable,50,0,800,0,1.0,1.0,1.0
6,seed104729,SYNFlood,231701,rf,850,50,800,850,0,1.0,0.0,0.058823529411764705,not estimable,0.0,0.0,0.5,not estimable,50,0,800,0,0.0,0.05767202761254314,0.9115443473197815
6,seed104729,SYNFlood,231701,xgboost,850,50,800,850,0,1.0,0.0,0.058823529411764705,not estimable,0.0,0.0,0.5,not estimable,50,0,800,0,0.0,0.04246251368485538,0.8877443682615989
6,seed104729,SYNFlood,257053,hybrid,850,50,800,850,0,1.0,0.0,0.058823529411764705,not estimable,0.0,0.0,0.5,not estimable,50,0,800,0,0.0,0.030594048341956906,0.8822701516911087
6,seed104729,SYNFlood,257053,mlp,850,50,800,848,2,0.9976470588235294,0.002352941176470588,0.05647058823529412,0.0,0.0,0.0,0.48,-0.19425717247145283,48,2,800,0,0.011900000000000008,0.030637523182840264,0.8837333338709112
6,seed104729,SYNFlood,257053,rf,850,50,800,850,0,1.0,0.0,0.058823529411764705,not estimable,0.0,0.0,0.5,not estimable,50,0,800,0,0.0,0.058823529411764705,0.914290393828491
6,seed104729,SYNFlood,257053,xgboost,850,50,800,850,0,1.0,0.0,0.058823529411764705,not estimable,0.0,0.0,0.5,not estimable,50,0,800,0,0.0,0.04246251368485538,0.8877443682615989
6,seed104729,SYNFlood,282427,hybrid,850,50,800,850,0,1.0,0.0,0.058823529411764705,not estimable,0.0,0.0,0.5,not estimable,50,0,800,0,0.0,0.030616643318528737,0.8822701516911087
6,seed104729,SYNFlood,282427,mlp,850,50,800,850,0,1.0,0.0,0.058823529411764705,not estimable,0.0,0.0,0.5,not estimable,50,0,800,0,1.0,1.0,0.9999999999999999
6,seed104729,SYNFlood,282427,rf,850,50,800,850,0,1.0,0.0,0.058823529411764705,not estimable,0.0,0.0,0.5,not estimable,50,0,800,0,0.0,0.05767202761254314,0.9082004643962848
6,seed104729,SYNFlood,282427,xgboost,850,50,800,850,0,1.0,0.0,0.058823529411764705,not estimable,0.0,0.0,0.5,not estimable,50,0,800,0,0.0,0.04246251368485538,0.8877443682615989
6,seed104729,SYNFlood,307759,hybrid,850,50,800,850,0,1.0,0.0,0.058823529411764705,not estimable,0.0,0.0,0.5,not estimable,50,0,800,0,0.5,0.05884595137542516,0.9703809800427242
6,seed104729,SYNFlood,307759,mlp,850,50,800,850,0,1.0,0.0,0.058823529411764705,not estimable,0.0,0.0,0.5,not estimable,50,0,800,0,0.5,0.05884595137542516,0.9703809800427242
6,seed104729,SYNFlood,307759,rf,850,50,800,850,0,1.0,0.0,0.058823529411764705,not estimable,0.0,0.0,0.5,not estimable,50,0,800,0,0.0,0.04698837618879887,0.914290393828491
6,seed104729,SYNFlood,307759,xgboost,850,50,800,850,0,1.0,0.0,0.058823529411764705,not estimable,0.0,0.0,0.5,not estimable,50,0,800,0,0.0,0.038599988733961,0.914826727689496
6,seed104729,SYNFlood,333019,hybrid,850,50,800,850,0,1.0,0.0,0.058823529411764705,not estimable,0.0,0.0,0.5,not estimable,50,0,800,0,0.31379999999999997,0.04122064258946127,0.9486286435941259
6,seed104729,SYNFlood,333019,mlp,850,50,800,844,6,0.9929411764705882,0.007058823529411765,0.06588235294117648,1.0,0.0075,0.01488833746898263,0.50375,0.02107872852447535,50,0,794,6,1.0,1.0,0.9999999999999999
6,seed104729,SYNFlood,333019,rf,850,50,800,850,0,1.0,0.0,0.058823529411764705,not estimable,0.0,0.0,0.5,not estimable,50,0,800,0,0.0,0.058823529411764705,0.9141683122672533
6,seed104729,SYNFlood,333019,xgboost,850,50,800,850,0,1.0,0.0,0.058823529411764705,not estimable,0.0,0.0,0.5,not estimable,50,0,800,0,0.0,0.04471733218834979,0.9150326797385621
6,seed104729,UDPFlood,104729,hybrid,70,50,20,50,20,0.7142857142857143,0.2857142857142857,1.0,1.0,1.0,1.0,1.0,1.0,50,0,0,20,1.0,1.0,1.0000000000000002
6,seed104729,UDPFlood,104729,mlp,70,50,20,70,0,1.0,0.0,0.7142857142857143,not estimable,0.0,0.0,0.5,not estimable,50,0,20,0,0.0,0.5059611598022441,0.2857142857142857
6,seed104729,UDPFlood,104729,rf,70,50,20,50,20,0.7142857142857143,0.2857142857142857,1.0,1.0,1.0,1.0,1.0,1.0,50,0,0,20,1.0,1.0,1.0
6,seed104729,UDPFlood,104729,xgboost,70,50,20,50,20,0.7142857142857143,0.2857142857142857,1.0,1.0,1.0,1.0,1.0,1.0,50,0,0,20,1.0,1.0,1.0
6,seed104729,UDPFlood,130363,hybrid,70,50,20,50,20,0.7142857142857143,0.2857142857142857,1.0,1.0,1.0,1.0,1.0,1.0,50,0,0,20,1.0,1.0,1.0
6,seed104729,UDPFlood,130363,mlp,70,50,20,70,0,1.0,0.0,0.7142857142857143,not estimable,0.0,0.0,0.5,not estimable,50,0,20,0,0.0,0.5059611598022441,0.24859080061632777
6,seed104729,UDPFlood,130363,rf,70,50,20,50,20,0.7142857142857143,0.2857142857142857,1.0,1.0,1.0,1.0,1.0,1.0,50,0,0,20,1.0,1.0,1.0
6,seed104729,UDPFlood,130363,xgboost,70,50,20,50,20,0.7142857142857143,0.2857142857142857,1.0,1.0,1.0,1.0,1.0,1.0,50,0,0,20,1.0,1.0,1.0
6,seed104729,UDPFlood,155921,hybrid,70,50,20,50,20,0.7142857142857143,0.2857142857142857,1.0,1.0,1.0,1.0,1.0,1.0,50,0,0,20,1.0,1.0,1.0
6,seed104729,UDPFlood,155921,mlp,70,50,20,70,0,1.0,0.0,0.7142857142857143,not estimable,0.0,0.0,0.5,not estimable,50,0,20,0,0.0,0.7142857142857143,0.2857142857142857
6,seed104729,UDPFlood,155921,rf,70,50,20,50,20,0.7142857142857143,0.2857142857142857,1.0,1.0,1.0,1.0,1.0,1.0,50,0,0,20,1.0,1.0,1.0
6,seed104729,UDPFlood,155921,xgboost,70,50,20,50,20,0.7142857142857143,0.2857142857142857,1.0,1.0,1.0,1.0,1.0,1.0,50,0,0,20,1.0,1.0,1.0
6,seed104729,UDPFlood,181081,hybrid,70,50,20,50,20,0.7142857142857143,0.2857142857142857,1.0,1.0,1.0,1.0,1.0,1.0,50,0,0,20,1.0,0.9999999999999999,1.0
6,seed104729,UDPFlood,181081,mlp,70,50,20,70,0,1.0,0.0,0.7142857142857143,not estimable,0.0,0.0,0.5,not estimable,50,0,20,0,0.0,0.7142857142857143,0.2857142857142857
6,seed104729,UDPFlood,181081,rf,70,50,20,50,20,0.7142857142857143,0.2857142857142857,1.0,1.0,1.0,1.0,1.0,1.0,50,0,0,20,1.0,1.0,1.0
6,seed104729,UDPFlood,181081,xgboost,70,50,20,50,20,0.7142857142857143,0.2857142857142857,1.0,1.0,1.0,1.0,1.0,1.0,50,0,0,20,1.0,1.0,1.0
6,seed104729,UDPFlood,206369,hybrid,70,50,20,50,20,0.7142857142857143,0.2857142857142857,1.0,1.0,1.0,1.0,1.0,1.0,50,0,0,20,1.0,1.0,1.0
6,seed104729,UDPFlood,206369,mlp,70,50,20,50,20,0.7142857142857143,0.2857142857142857,1.0,1.0,1.0,1.0,1.0,1.0,50,0,0,20,1.0,1.0,1.0
6,seed104729,UDPFlood,206369,rf,70,50,20,50,20,0.7142857142857143,0.2857142857142857,1.0,1.0,1.0,1.0,1.0,1.0,50,0,0,20,1.0,1.0,1.0
6,seed104729,UDPFlood,206369,xgboost,70,50,20,50,20,0.7142857142857143,0.2857142857142857,1.0,1.0,1.0,1.0,1.0,1.0,50,0,0,20,1.0,1.0,1.0
6,seed104729,UDPFlood,231701,hybrid,70,50,20,50,20,0.7142857142857143,0.2857142857142857,1.0,1.0,1.0,1.0,1.0,1.0,50,0,0,20,1.0,0.9999999999999999,1.0
6,seed104729,UDPFlood,231701,mlp,70,50,20,70,0,1.0,0.0,0.7142857142857143,not estimable,0.0,0.0,0.5,not estimable,50,0,20,0,0.0,0.7142857142857143,0.2857142857142857
6,seed104729,UDPFlood,231701,rf,70,50,20,50,20,0.7142857142857143,0.2857142857142857,1.0,1.0,1.0,1.0,1.0,1.0,50,0,0,20,1.0,1.0,1.0
6,seed104729,UDPFlood,231701,xgboost,70,50,20,50,20,0.7142857142857143,0.2857142857142857,1.0,1.0,1.0,1.0,1.0,1.0,50,0,0,20,1.0,1.0,1.0
6,seed104729,UDPFlood,257053,hybrid,70,50,20,50,20,0.7142857142857143,0.2857142857142857,1.0,1.0,1.0,1.0,1.0,1.0,50,0,0,20,1.0,1.0,0.9999999999999999
6,seed104729,UDPFlood,257053,mlp,70,50,20,70,0,1.0,0.0,0.7142857142857143,not estimable,0.0,0.0,0.5,not estimable,50,0,20,0,0.0,0.5059611598022441,0.2857142857142857
6,seed104729,UDPFlood,257053,rf,70,50,20,50,20,0.7142857142857143,0.2857142857142857,1.0,1.0,1.0,1.0,1.0,1.0,50,0,0,20,1.0,1.0,1.0
6,seed104729,UDPFlood,257053,xgboost,70,50,20,50,20,0.7142857142857143,0.2857142857142857,1.0,1.0,1.0,1.0,1.0,1.0,50,0,0,20,1.0,1.0,1.0
6,seed104729,UDPFlood,282427,hybrid,70,50,20,50,20,0.7142857142857143,0.2857142857142857,1.0,1.0,1.0,1.0,1.0,1.0,50,0,0,20,1.0,1.0,1.0000000000000002
6,seed104729,UDPFlood,282427,mlp,70,50,20,70,0,1.0,0.0,0.7142857142857143,not estimable,0.0,0.0,0.5,not estimable,50,0,20,0,0.0,0.5061461736782847,0.2857142857142857
6,seed104729,UDPFlood,282427,rf,70,50,20,50,20,0.7142857142857143,0.2857142857142857,1.0,1.0,1.0,1.0,1.0,1.0,50,0,0,20,1.0,1.0,1.0000000000000002
6,seed104729,UDPFlood,282427,xgboost,70,50,20,50,20,0.7142857142857143,0.2857142857142857,1.0,1.0,1.0,1.0,1.0,1.0,50,0,0,20,1.0,1.0,1.0
6,seed104729,UDPFlood,307759,hybrid,70,50,20,50,20,0.7142857142857143,0.2857142857142857,1.0,1.0,1.0,1.0,1.0,1.0,50,0,0,20,1.0,1.0,1.0
6,seed104729,UDPFlood,307759,mlp,70,50,20,70,0,1.0,0.0,0.7142857142857143,not estimable,0.0,0.0,0.5,not estimable,50,0,20,0,0.0,0.5059611598022441,0.2857142857142857
6,seed104729,UDPFlood,307759,rf,70,50,20,50,20,0.7142857142857143,0.2857142857142857,1.0,1.0,1.0,1.0,1.0,1.0,50,0,0,20,1.0,1.0,1.0
6,seed104729,UDPFlood,307759,xgboost,70,50,20,50,20,0.7142857142857143,0.2857142857142857,1.0,1.0,1.0,1.0,1.0,1.0,50,0,0,20,1.0,1.0,1.0
6,seed104729,UDPFlood,333019,hybrid,70,50,20,50,20,0.7142857142857143,0.2857142857142857,1.0,1.0,1.0,1.0,1.0,1.0,50,0,0,20,1.0,1.0,1.0
6,seed104729,UDPFlood,333019,mlp,70,50,20,70,0,1.0,0.0,0.7142857142857143,not estimable,0.0,0.0,0.5,not estimable,50,0,20,0,0.0,0.5059611598022441,0.2857142857142857
6,seed104729,UDPFlood,333019,rf,70,50,20,50,20,0.7142857142857143,0.2857142857142857,1.0,1.0,1.0,1.0,1.0,1.0,50,0,0,20,1.0,1.0,1.0000000000000002
6,seed104729,UDPFlood,333019,xgboost,70,50,20,50,20,0.7142857142857143,0.2857142857142857,1.0,1.0,1.0,1.0,1.0,1.0,50,0,0,20,1.0,1.0,1.0
6,seed130363,DNSAmplification,104729,hybrid,60,50,10,50,10,0.8333333333333334,0.16666666666666666,1.0,1.0,1.0,1.0,1.0,1.0,50,0,0,10,1.0,1.0,0.9999999999999999
6,seed130363,DNSAmplification,104729,mlp,60,50,10,60,0,1.0,0.0,0.8333333333333334,not estimable,0.0,0.0,0.5,not estimable,50,0,10,0,0.0,0.6498195682033032,0.16666666666666666
6,seed130363,DNSAmplification,104729,rf,60,50,10,50,10,0.8333333333333334,0.16666666666666666,1.0,1.0,1.0,1.0,1.0,1.0,50,0,0,10,1.0,1.0,0.9999999999999999
6,seed130363,DNSAmplification,104729,xgboost,60,50,10,50,10,0.8333333333333334,0.16666666666666666,1.0,1.0,1.0,1.0,1.0,1.0,50,0,0,10,1.0,1.0,1.0
6,seed130363,DNSAmplification,130363,hybrid,60,50,10,50,10,0.8333333333333334,0.16666666666666666,1.0,1.0,1.0,1.0,1.0,1.0,50,0,0,10,1.0,1.0,1.0
6,seed130363,DNSAmplification,130363,mlp,60,50,10,60,0,1.0,0.0,0.8333333333333334,not estimable,0.0,0.0,0.5,not estimable,50,0,10,0,0.0,0.6498195682033032,0.13914027149321267
6,seed130363,DNSAmplification,130363,rf,60,50,10,50,10,0.8333333333333334,0.16666666666666666,1.0,1.0,1.0,1.0,1.0,1.0,50,0,0,10,1.0,1.0,1.0
6,seed130363,DNSAmplification,130363,xgboost,60,50,10,50,10,0.8333333333333334,0.16666666666666666,1.0,1.0,1.0,1.0,1.0,1.0,50,0,0,10,1.0,1.0,1.0
6,seed130363,DNSAmplification,155921,hybrid,60,50,10,50,10,0.8333333333333334,0.16666666666666666,1.0,1.0,1.0,1.0,1.0,1.0,50,0,0,10,1.0,1.0,1.0
6,seed130363,DNSAmplification,155921,mlp,60,50,10,60,0,1.0,0.0,0.8333333333333334,not estimable,0.0,0.0,0.5,not estimable,50,0,10,0,0.0,0.8333333333333334,0.16666666666666666
6,seed130363,DNSAmplification,155921,rf,60,50,10,50,10,0.8333333333333334,0.16666666666666666,1.0,1.0,1.0,1.0,1.0,1.0,50,0,0,10,1.0,1.0,1.0
6,seed130363,DNSAmplification,155921,xgboost,60,50,10,50,10,0.8333333333333334,0.16666666666666666,1.0,1.0,1.0,1.0,1.0,1.0,50,0,0,10,1.0,1.0,1.0
6,seed130363,DNSAmplification,181081,hybrid,60,50,10,50,10,0.8333333333333334,0.16666666666666666,1.0,1.0,1.0,1.0,1.0,1.0,50,0,0,10,1.0,1.0,0.9999999999999999
6,seed130363,DNSAmplification,181081,mlp,60,50,10,60,0,1.0,0.0,0.8333333333333334,not estimable,0.0,0.0,0.5,not estimable,50,0,10,0,0.0,0.8333333333333334,0.16666666666666666
6,seed130363,DNSAmplification,181081,rf,60,50,10,50,10,0.8333333333333334,0.16666666666666666,1.0,1.0,1.0,1.0,1.0,1.0,50,0,0,10,1.0,1.0,1.0
6,seed130363,DNSAmplification,181081,xgboost,60,50,10,50,10,0.8333333333333334,0.16666666666666666,1.0,1.0,1.0,1.0,1.0,1.0,50,0,0,10,1.0,1.0,1.0
6,seed130363,DNSAmplification,206369,hybrid,60,50,10,50,10,0.8333333333333334,0.16666666666666666,1.0,1.0,1.0,1.0,1.0,1.0,50,0,0,10,1.0,1.0,1.0
6,seed130363,DNSAmplification,206369,mlp,60,50,10,60,0,1.0,0.0,0.8333333333333334,not estimable,0.0,0.0,0.5,not estimable,50,0,10,0,0.0,0.7029647500556553,0.16666666666666666
6,seed130363,DNSAmplification,206369,rf,60,50,10,50,10,0.8333333333333334,0.16666666666666666,1.0,1.0,1.0,1.0,1.0,1.0,50,0,0,10,1.0,1.0,0.9999999999999999
6,seed130363,DNSAmplification,206369,xgboost,60,50,10,50,10,0.8333333333333334,0.16666666666666666,1.0,1.0,1.0,1.0,1.0,1.0,50,0,0,10,1.0,1.0,1.0
6,seed130363,DNSAmplification,231701,hybrid,60,50,10,50,10,0.8333333333333334,0.16666666666666666,1.0,1.0,1.0,1.0,1.0,1.0,50,0,0,10,1.0,1.0,1.0
6,seed130363,DNSAmplification,231701,mlp,60,50,10,60,0,1.0,0.0,0.8333333333333334,not estimable,0.0,0.0,0.5,not estimable,50,0,10,0,0.0,0.8333333333333334,0.16666666666666666
6,seed130363,DNSAmplification,231701,rf,60,50,10,50,10,0.8333333333333334,0.16666666666666666,1.0,1.0,1.0,1.0,1.0,1.0,50,0,0,10,1.0,1.0,1.0
6,seed130363,DNSAmplification,231701,xgboost,60,50,10,50,10,0.8333333333333334,0.16666666666666666,1.0,1.0,1.0,1.0,1.0,1.0,50,0,0,10,1.0,1.0,1.0
6,seed130363,DNSAmplification,257053,hybrid,60,50,10,50,10,0.8333333333333334,0.16666666666666666,1.0,1.0,1.0,1.0,1.0,1.0,50,0,0,10,1.0,1.0,1.0
6,seed130363,DNSAmplification,257053,mlp,60,50,10,59,1,0.9833333333333333,0.016666666666666666,0.8166666666666667,0.0,0.0,0.0,0.49,-0.0582222509739582,49,1,10,0,0.0,0.6498195682033032,0.16666666666666666
6,seed130363,DNSAmplification,257053,rf,60,50,10,50,10,0.8333333333333334,0.16666666666666666,1.0,1.0,1.0,1.0,1.0,1.0,50,0,0,10,1.0,1.0,1.0
6,seed130363,DNSAmplification,257053,xgboost,60,50,10,50,10,0.8333333333333334,0.16666666666666666,1.0,1.0,1.0,1.0,1.0,1.0,50,0,0,10,1.0,1.0,1.0
6,seed130363,DNSAmplification,282427,hybrid,60,50,10,50,10,0.8333333333333334,0.16666666666666666,1.0,1.0,1.0,1.0,1.0,1.0,50,0,0,10,1.0,1.0,1.0
6,seed130363,DNSAmplification,282427,mlp,60,50,10,60,0,1.0,0.0,0.8333333333333334,not estimable,0.0,0.0,0.5,not estimable,50,0,10,0,0.0,0.6498195682033032,0.16666666666666666
6,seed130363,DNSAmplification,282427,rf,60,50,10,50,10,0.8333333333333334,0.16666666666666666,1.0,1.0,1.0,1.0,1.0,1.0,50,0,0,10,1.0,1.0,1.0
6,seed130363,DNSAmplification,282427,xgboost,60,50,10,50,10,0.8333333333333334,0.16666666666666666,1.0,1.0,1.0,1.0,1.0,1.0,50,0,0,10,1.0,1.0,1.0
6,seed130363,DNSAmplification,307759,hybrid,60,50,10,50,10,0.8333333333333334,0.16666666666666666,1.0,1.0,1.0,1.0,1.0,1.0,50,0,0,10,1.0,1.0,1.0
6,seed130363,DNSAmplification,307759,mlp,60,50,10,60,0,1.0,0.0,0.8333333333333334,not estimable,0.0,0.0,0.5,not estimable,50,0,10,0,0.0,0.6498195682033032,0.16666666666666666
6,seed130363,DNSAmplification,307759,rf,60,50,10,50,10,0.8333333333333334,0.16666666666666666,1.0,1.0,1.0,1.0,1.0,1.0,50,0,0,10,1.0,1.0,1.0
6,seed130363,DNSAmplification,307759,xgboost,60,50,10,50,10,0.8333333333333334,0.16666666666666666,1.0,1.0,1.0,1.0,1.0,1.0,50,0,0,10,1.0,1.0,1.0
6,seed130363,DNSAmplification,333019,hybrid,60,50,10,50,10,0.8333333333333334,0.16666666666666666,1.0,1.0,1.0,1.0,1.0,1.0,50,0,0,10,1.0,1.0,1.0
6,seed130363,DNSAmplification,333019,mlp,60,50,10,60,0,1.0,0.0,0.8333333333333334,not estimable,0.0,0.0,0.5,not estimable,50,0,10,0,0.0,0.6498195682033032,0.16666666666666666
6,seed130363,DNSAmplification,333019,rf,60,50,10,50,10,0.8333333333333334,0.16666666666666666,1.0,1.0,1.0,1.0,1.0,1.0,50,0,0,10,1.0,1.0,0.9999999999999999
6,seed130363,DNSAmplification,333019,xgboost,60,50,10,50,10,0.8333333333333334,0.16666666666666666,1.0,1.0,1.0,1.0,1.0,1.0,50,0,0,10,1.0,1.0,1.0
6,seed130363,Normal,104729,hybrid,50,50,0,50,0,1.0,0.0,1.0,not estimable,not estimable,not estimable,not estimable,not estimable,50,0,0,0,not estimable,not estimable,not estimable
6,seed130363,Normal,104729,mlp,50,50,0,50,0,1.0,0.0,1.0,not estimable,not estimable,not estimable,not estimable,not estimable,50,0,0,0,not estimable,not estimable,not estimable
6,seed130363,Normal,104729,rf,50,50,0,50,0,1.0,0.0,1.0,not estimable,not estimable,not estimable,not estimable,not estimable,50,0,0,0,not estimable,not estimable,not estimable
6,seed130363,Normal,104729,xgboost,50,50,0,50,0,1.0,0.0,1.0,not estimable,not estimable,not estimable,not estimable,not estimable,50,0,0,0,not estimable,not estimable,not estimable
6,seed130363,Normal,130363,hybrid,50,50,0,50,0,1.0,0.0,1.0,not estimable,not estimable,not estimable,not estimable,not estimable,50,0,0,0,not estimable,not estimable,not estimable
6,seed130363,Normal,130363,mlp,50,50,0,50,0,1.0,0.0,1.0,not estimable,not estimable,not estimable,not estimable,not estimable,50,0,0,0,not estimable,not estimable,not estimable
6,seed130363,Normal,130363,rf,50,50,0,50,0,1.0,0.0,1.0,not estimable,not estimable,not estimable,not estimable,not estimable,50,0,0,0,not estimable,not estimable,not estimable
6,seed130363,Normal,130363,xgboost,50,50,0,50,0,1.0,0.0,1.0,not estimable,not estimable,not estimable,not estimable,not estimable,50,0,0,0,not estimable,not estimable,not estimable
6,seed130363,Normal,155921,hybrid,50,50,0,50,0,1.0,0.0,1.0,not estimable,not estimable,not estimable,not estimable,not estimable,50,0,0,0,not estimable,not estimable,not estimable
6,seed130363,Normal,155921,mlp,50,50,0,50,0,1.0,0.0,1.0,not estimable,not estimable,not estimable,not estimable,not estimable,50,0,0,0,not estimable,not estimable,not estimable
6,seed130363,Normal,155921,rf,50,50,0,50,0,1.0,0.0,1.0,not estimable,not estimable,not estimable,not estimable,not estimable,50,0,0,0,not estimable,not estimable,not estimable
6,seed130363,Normal,155921,xgboost,50,50,0,50,0,1.0,0.0,1.0,not estimable,not estimable,not estimable,not estimable,not estimable,50,0,0,0,not estimable,not estimable,not estimable
6,seed130363,Normal,181081,hybrid,50,50,0,50,0,1.0,0.0,1.0,not estimable,not estimable,not estimable,not estimable,not estimable,50,0,0,0,not estimable,not estimable,not estimable
6,seed130363,Normal,181081,mlp,50,50,0,50,0,1.0,0.0,1.0,not estimable,not estimable,not estimable,not estimable,not estimable,50,0,0,0,not estimable,not estimable,not estimable
6,seed130363,Normal,181081,rf,50,50,0,50,0,1.0,0.0,1.0,not estimable,not estimable,not estimable,not estimable,not estimable,50,0,0,0,not estimable,not estimable,not estimable
6,seed130363,Normal,181081,xgboost,50,50,0,50,0,1.0,0.0,1.0,not estimable,not estimable,not estimable,not estimable,not estimable,50,0,0,0,not estimable,not estimable,not estimable
6,seed130363,Normal,206369,hybrid,50,50,0,50,0,1.0,0.0,1.0,not estimable,not estimable,not estimable,not estimable,not estimable,50,0,0,0,not estimable,not estimable,not estimable
6,seed130363,Normal,206369,mlp,50,50,0,50,0,1.0,0.0,1.0,not estimable,not estimable,not estimable,not estimable,not estimable,50,0,0,0,not estimable,not estimable,not estimable
6,seed130363,Normal,206369,rf,50,50,0,50,0,1.0,0.0,1.0,not estimable,not estimable,not estimable,not estimable,not estimable,50,0,0,0,not estimable,not estimable,not estimable
6,seed130363,Normal,206369,xgboost,50,50,0,50,0,1.0,0.0,1.0,not estimable,not estimable,not estimable,not estimable,not estimable,50,0,0,0,not estimable,not estimable,not estimable
6,seed130363,Normal,231701,hybrid,50,50,0,50,0,1.0,0.0,1.0,not estimable,not estimable,not estimable,not estimable,not estimable,50,0,0,0,not estimable,not estimable,not estimable
6,seed130363,Normal,231701,mlp,50,50,0,50,0,1.0,0.0,1.0,not estimable,not estimable,not estimable,not estimable,not estimable,50,0,0,0,not estimable,not estimable,not estimable
6,seed130363,Normal,231701,rf,50,50,0,50,0,1.0,0.0,1.0,not estimable,not estimable,not estimable,not estimable,not estimable,50,0,0,0,not estimable,not estimable,not estimable
6,seed130363,Normal,231701,xgboost,50,50,0,50,0,1.0,0.0,1.0,not estimable,not estimable,not estimable,not estimable,not estimable,50,0,0,0,not estimable,not estimable,not estimable
6,seed130363,Normal,257053,hybrid,50,50,0,50,0,1.0,0.0,1.0,not estimable,not estimable,not estimable,not estimable,not estimable,50,0,0,0,not estimable,not estimable,not estimable
6,seed130363,Normal,257053,mlp,50,50,0,50,0,1.0,0.0,1.0,not estimable,not estimable,not estimable,not estimable,not estimable,50,0,0,0,not estimable,not estimable,not estimable
6,seed130363,Normal,257053,rf,50,50,0,50,0,1.0,0.0,1.0,not estimable,not estimable,not estimable,not estimable,not estimable,50,0,0,0,not estimable,not estimable,not estimable
6,seed130363,Normal,257053,xgboost,50,50,0,50,0,1.0,0.0,1.0,not estimable,not estimable,not estimable,not estimable,not estimable,50,0,0,0,not estimable,not estimable,not estimable
6,seed130363,Normal,282427,hybrid,50,50,0,50,0,1.0,0.0,1.0,not estimable,not estimable,not estimable,not estimable,not estimable,50,0,0,0,not estimable,not estimable,not estimable
6,seed130363,Normal,282427,mlp,50,50,0,50,0,1.0,0.0,1.0,not estimable,not estimable,not estimable,not estimable,not estimable,50,0,0,0,not estimable,not estimable,not estimable
6,seed130363,Normal,282427,rf,50,50,0,50,0,1.0,0.0,1.0,not estimable,not estimable,not estimable,not estimable,not estimable,50,0,0,0,not estimable,not estimable,not estimable
6,seed130363,Normal,282427,xgboost,50,50,0,50,0,1.0,0.0,1.0,not estimable,not estimable,not estimable,not estimable,not estimable,50,0,0,0,not estimable,not estimable,not estimable
6,seed130363,Normal,307759,hybrid,50,50,0,50,0,1.0,0.0,1.0,not estimable,not estimable,not estimable,not estimable,not estimable,50,0,0,0,not estimable,not estimable,not estimable
6,seed130363,Normal,307759,mlp,50,50,0,50,0,1.0,0.0,1.0,not estimable,not estimable,not estimable,not estimable,not estimable,50,0,0,0,not estimable,not estimable,not estimable
6,seed130363,Normal,307759,rf,50,50,0,50,0,1.0,0.0,1.0,not estimable,not estimable,not estimable,not estimable,not estimable,50,0,0,0,not estimable,not estimable,not estimable
6,seed130363,Normal,307759,xgboost,50,50,0,50,0,1.0,0.0,1.0,not estimable,not estimable,not estimable,not estimable,not estimable,50,0,0,0,not estimable,not estimable,not estimable
6,seed130363,Normal,333019,hybrid,50,50,0,50,0,1.0,0.0,1.0,not estimable,not estimable,not estimable,not estimable,not estimable,50,0,0,0,not estimable,not estimable,not estimable
6,seed130363,Normal,333019,mlp,50,50,0,50,0,1.0,0.0,1.0,not estimable,not estimable,not estimable,not estimable,not estimable,50,0,0,0,not estimable,not estimable,not estimable
6,seed130363,Normal,333019,rf,50,50,0,50,0,1.0,0.0,1.0,not estimable,not estimable,not estimable,not estimable,not estimable,50,0,0,0,not estimable,not estimable,not estimable
6,seed130363,Normal,333019,xgboost,50,50,0,50,0,1.0,0.0,1.0,not estimable,not estimable,not estimable,not estimable,not estimable,50,0,0,0,not estimable,not estimable,not estimable
6,seed130363,SYNFlood,104729,hybrid,850,50,800,850,0,1.0,0.0,0.058823529411764705,not estimable,0.0,0.0,0.5,not estimable,50,0,800,0,0.49875,0.058710361154085455,0.9702420911538352
6,seed130363,SYNFlood,104729,mlp,850,50,800,850,0,1.0,0.0,0.058823529411764705,not estimable,0.0,0.0,0.5,not estimable,50,0,800,0,1.0,1.0,0.9999999999999999
6,seed130363,SYNFlood,104729,rf,850,50,800,850,0,1.0,0.0,0.058823529411764705,not estimable,0.0,0.0,0.5,not estimable,50,0,800,0,0.0,0.058823529411764705,0.9127838076010485
6,seed130363,SYNFlood,104729,xgboost,850,50,800,850,0,1.0,0.0,0.058823529411764705,not estimable,0.0,0.0,0.5,not estimable,50,0,800,0,0.0,0.04401126233555856,0.8879297308599734
6,seed130363,SYNFlood,130363,hybrid,850,50,800,850,0,1.0,0.0,0.058823529411764705,not estimable,0.0,0.0,0.5,not estimable,50,0,800,0,0.5,0.05884595137542516,0.9703809800427241
6,seed130363,SYNFlood,130363,mlp,850,50,800,450,400,0.5294117647058824,0.47058823529411764,0.5294117647058824,1.0,0.5,0.6666666666666666,0.75,0.23570226039551587,50,0,400,400,1.0,1.0,0.9999999999999999
6,seed130363,SYNFlood,130363,rf,850,50,800,850,0,1.0,0.0,0.058823529411764705,not estimable,0.0,0.0,0.5,not estimable,50,0,800,0,0.0,0.04579185520361991,0.9127838076010485
6,seed130363,SYNFlood,130363,xgboost,850,50,800,850,0,1.0,0.0,0.058823529411764705,not estimable,0.0,0.0,0.5,not estimable,50,0,800,0,0.0,0.03794810039499329,0.9149291139276919
6,seed130363,SYNFlood,155921,hybrid,850,50,800,850,0,1.0,0.0,0.058823529411764705,not estimable,0.0,0.0,0.5,not estimable,50,0,800,0,0.5,0.08283281595441915,0.9703809800427243
6,seed130363,SYNFlood,155921,mlp,850,50,800,850,0,1.0,0.0,0.058823529411764705,not estimable,0.0,0.0,0.5,not estimable,50,0,800,0,1.0,1.0,0.9999999999999999
6,seed130363,SYNFlood,155921,rf,850,50,800,850,0,1.0,0.0,0.058823529411764705,not estimable,0.0,0.0,0.5,not estimable,50,0,800,0,0.0,0.05767202761254314,0.8987691276748164
6,seed130363,SYNFlood,155921,xgboost,850,50,800,850,0,1.0,0.0,0.058823529411764705,not estimable,0.0,0.0,0.5,not estimable,50,0,800,0,0.0,0.04401126233555856,0.8879297308599734
6,seed130363,SYNFlood,181081,hybrid,850,50,800,850,0,1.0,0.0,0.058823529411764705,not estimable,0.0,0.0,0.5,not estimable,50,0,800,0,0.00125,0.043530307128653106,0.8859283208399648
6,seed130363,SYNFlood,181081,mlp,850,50,800,850,0,1.0,0.0,0.058823529411764705,not estimable,0.0,0.0,0.5,not estimable,50,0,800,0,1.0,1.0,0.9999999999999999
6,seed130363,SYNFlood,181081,rf,850,50,800,850,0,1.0,0.0,0.058823529411764705,not estimable,0.0,0.0,0.5,not estimable,50,0,800,0,0.0,0.05767202761254314,0.8971040592572412
6,seed130363,SYNFlood,181081,xgboost,850,50,800,850,0,1.0,0.0,0.058823529411764705,not estimable,0.0,0.0,0.5,not estimable,50,0,800,0,0.0,0.04401126233555856,0.8879297308599734
6,seed130363,SYNFlood,206369,hybrid,850,50,800,850,0,1.0,0.0,0.058823529411764705,not estimable,0.0,0.0,0.5,not estimable,50,0,800,0,0.5,0.06582309049306573,0.9703809800427241
6,seed130363,SYNFlood,206369,mlp,850,50,800,451,399,0.5305882352941177,0.46941176470588236,0.528235294117647,1.0,0.49875,0.6655546288573811,0.749375,0.23514631949975184,50,0,401,399,1.0,0.9999999999999999,0.9999999999999999
6,seed130363,SYNFlood,206369,rf,850,50,800,850,0,1.0,0.0,0.058823529411764705,not estimable,0.0,0.0,0.5,not estimable,50,0,800,0,0.0,0.05767202761254314,0.914909257318369
6,seed130363,SYNFlood,206369,xgboost,850,50,800,850,0,1.0,0.0,0.058823529411764705,not estimable,0.0,0.0,0.5,not estimable,50,0,800,0,0.0,0.04401126233555856,0.8879297308599734
6,seed130363,SYNFlood,231701,hybrid,850,50,800,850,0,1.0,0.0,0.058823529411764705,not estimable,0.0,0.0,0.5,not estimable,50,0,800,0,0.0,0.043478613375434606,0.898561872423423
6,seed130363,SYNFlood,231701,mlp,850,50,800,850,0,1.0,0.0,0.058823529411764705,not estimable,0.0,0.0,0.5,not estimable,50,0,800,0,1.0,1.0,0.9999999999999999
6,seed130363,SYNFlood,231701,rf,850,50,800,850,0,1.0,0.0,0.058823529411764705,not estimable,0.0,0.0,0.5,not estimable,50,0,800,0,0.0,0.05767202761254314,0.9118653656431126
6,seed130363,SYNFlood,231701,xgboost,850,50,800,850,0,1.0,0.0,0.058823529411764705,not estimable,0.0,0.0,0.5,not estimable,50,0,800,0,0.0,0.04401126233555856,0.8879297308599734
6,seed130363,SYNFlood,257053,hybrid,850,50,800,850,0,1.0,0.0,0.058823529411764705,not estimable,0.0,0.0,0.5,not estimable,50,0,800,0,0.0,0.030594048341956906,0.8847028306438863
6,seed130363,SYNFlood,257053,mlp,850,50,800,850,0,1.0,0.0,0.058823529411764705,not estimable,0.0,0.0,0.5,not estimable,50,0,800,0,0.024975000000000018,0.03072241807101952,0.8886370588790357
6,seed130363,SYNFlood,257053,rf,850,50,800,850,0,1.0,0.0,0.058823529411764705,not estimable,0.0,0.0,0.5,not estimable,50,0,800,0,0.0,0.058823529411764705,0.9146620014228418
6,seed130363,SYNFlood,257053,xgboost,850,50,800,850,0,1.0,0.0,0.058823529411764705,not estimable,0.0,0.0,0.5,not estimable,50,0,800,0,0.0,0.04401126233555856,0.8879297308599734
6,seed130363,SYNFlood,282427,hybrid,850,50,800,850,0,1.0,0.0,0.058823529411764705,not estimable,0.0,0.0,0.5,not estimable,50,0,800,0,0.0,0.030617814718475727,0.8852904566517753
6,seed130363,SYNFlood,282427,mlp,850,50,800,850,0,1.0,0.0,0.058823529411764705,not estimable,0.0,0.0,0.5,not estimable,50,0,800,0,1.0,1.0,0.9999999999999999
6,seed130363,SYNFlood,282427,rf,850,50,800,850,0,1.0,0.0,0.058823529411764705,not estimable,0.0,0.0,0.5,not estimable,50,0,800,0,0.0,0.05767202761254314,0.9117428712110414
6,seed130363,SYNFlood,282427,xgboost,850,50,800,850,0,1.0,0.0,0.058823529411764705,not estimable,0.0,0.0,0.5,not estimable,50,0,800,0,0.0,0.04401126233555856,0.8879297308599734
6,seed130363,SYNFlood,307759,hybrid,850,50,800,850,0,1.0,0.0,0.058823529411764705,not estimable,0.0,0.0,0.5,not estimable,50,0,800,0,0.5,0.05884595137542516,0.9703809800427241
6,seed130363,SYNFlood,307759,mlp,850,50,800,849,1,0.9988235294117647,0.001176470588235294,0.06,1.0,0.00125,0.0024968789013732834,0.500625,0.008579977788182253,50,0,799,1,0.5,0.05884595137542516,0.9703809800427241
6,seed130363,SYNFlood,307759,rf,850,50,800,850,0,1.0,0.0,0.058823529411764705,not estimable,0.0,0.0,0.5,not estimable,50,0,800,0,0.0,0.04579185520361991,0.9146620014228418
6,seed130363,SYNFlood,307759,xgboost,850,50,800,850,0,1.0,0.0,0.058823529411764705,not estimable,0.0,0.0,0.5,not estimable,50,0,800,0,0.0,0.03794810039499329,0.9149291139276919
6,seed130363,SYNFlood,333019,hybrid,850,50,800,850,0,1.0,0.0,0.058823529411764705,not estimable,0.0,0.0,0.5,not estimable,50,0,800,0,0.32315,0.04180241623498207,0.9496725491293752
6,seed130363,SYNFlood,333019,mlp,850,50,800,847,3,0.9964705882352941,0.0035294117647058825,0.06235294117647059,1.0,0.00375,0.007471980074719801,0.501875,0.01487849251609039,50,0,797,3,1.0,1.0,0.9999999999999999
6,seed130363,SYNFlood,333019,rf,850,50,800,850,0,1.0,0.0,0.058823529411764705,not estimable,0.0,0.0,0.5,not estimable,50,0,800,0,0.0,0.058823529411764705,0.9145378553970194
6,seed130363,SYNFlood,333019,xgboost,850,50,800,850,0,1.0,0.0,0.058823529411764705,not estimable,0.0,0.0,0.5,not estimable,50,0,800,0,0.0,0.04462011292974055,0.914909257318369
6,seed130363,UDPFlood,104729,hybrid,70,50,20,50,20,0.7142857142857143,0.2857142857142857,1.0,1.0,1.0,1.0,1.0,1.0,50,0,0,20,1.0,1.0,0.9999999999999999
6,seed130363,UDPFlood,104729,mlp,70,50,20,70,0,1.0,0.0,0.7142857142857143,not estimable,0.0,0.0,0.5,not estimable,50,0,20,0,0.0,0.5075515983492044,0.2857142857142857
6,seed130363,UDPFlood,104729,rf,70,50,20,50,20,0.7142857142857143,0.2857142857142857,1.0,1.0,1.0,1.0,1.0,1.0,50,0,0,20,1.0,1.0,1.0
6,seed130363,UDPFlood,104729,xgboost,70,50,20,50,20,0.7142857142857143,0.2857142857142857,1.0,1.0,1.0,1.0,1.0,1.0,50,0,0,20,1.0,1.0,1.0
6,seed130363,UDPFlood,130363,hybrid,70,50,20,50,20,0.7142857142857143,0.2857142857142857,1.0,1.0,1.0,1.0,1.0,1.0,50,0,0,20,1.0,1.0,1.0
6,seed130363,UDPFlood,130363,mlp,70,50,20,70,0,1.0,0.0,0.7142857142857143,not estimable,0.0,0.0,0.5,not estimable,50,0,20,0,0.045000000000000005,0.5160380308873318,0.23562147147052806
6,seed130363,UDPFlood,130363,rf,70,50,20,50,20,0.7142857142857143,0.2857142857142857,1.0,1.0,1.0,1.0,1.0,1.0,50,0,0,20,1.0,1.0,1.0
6,seed130363,UDPFlood,130363,xgboost,70,50,20,50,20,0.7142857142857143,0.2857142857142857,1.0,1.0,1.0,1.0,1.0,1.0,50,0,0,20,1.0,1.0,1.0
6,seed130363,UDPFlood,155921,hybrid,70,50,20,50,20,0.7142857142857143,0.2857142857142857,1.0,1.0,1.0,1.0,1.0,1.0,50,0,0,20,1.0,0.9999999999999999,1.0
6,seed130363,UDPFlood,155921,mlp,70,50,20,70,0,1.0,0.0,0.7142857142857143,not estimable,0.0,0.0,0.5,not estimable,50,0,20,0,0.0,0.7142857142857143,0.2857142857142857
6,seed130363,UDPFlood,155921,rf,70,50,20,50,20,0.7142857142857143,0.2857142857142857,1.0,1.0,1.0,1.0,1.0,1.0,50,0,0,20,1.0,1.0,1.0
6,seed130363,UDPFlood,155921,xgboost,70,50,20,50,20,0.7142857142857143,0.2857142857142857,1.0,1.0,1.0,1.0,1.0,1.0,50,0,0,20,1.0,1.0,1.0
6,seed130363,UDPFlood,181081,hybrid,70,50,20,50,20,0.7142857142857143,0.2857142857142857,1.0,1.0,1.0,1.0,1.0,1.0,50,0,0,20,1.0,1.0,1.0
6,seed130363,UDPFlood,181081,mlp,70,50,20,70,0,1.0,0.0,0.7142857142857143,not estimable,0.0,0.0,0.5,not estimable,50,0,20,0,0.0,0.7142857142857143,0.2857142857142857
6,seed130363,UDPFlood,181081,rf,70,50,20,50,20,0.7142857142857143,0.2857142857142857,1.0,1.0,1.0,1.0,1.0,1.0,50,0,0,20,1.0,1.0,1.0
6,seed130363,UDPFlood,181081,xgboost,70,50,20,50,20,0.7142857142857143,0.2857142857142857,1.0,1.0,1.0,1.0,1.0,1.0,50,0,0,20,1.0,1.0,1.0
6,seed130363,UDPFlood,206369,hybrid,70,50,20,50,20,0.7142857142857143,0.2857142857142857,1.0,1.0,1.0,1.0,1.0,1.0,50,0,0,20,1.0,1.0,1.0
6,seed130363,UDPFlood,206369,mlp,70,50,20,50,20,0.7142857142857143,0.2857142857142857,1.0,1.0,1.0,1.0,1.0,1.0,50,0,0,20,1.0,1.0,1.0
6,seed130363,UDPFlood,206369,rf,70,50,20,50,20,0.7142857142857143,0.2857142857142857,1.0,1.0,1.0,1.0,1.0,1.0,50,0,0,20,1.0,1.0,1.0
6,seed130363,UDPFlood,206369,xgboost,70,50,20,50,20,0.7142857142857143,0.2857142857142857,1.0,1.0,1.0,1.0,1.0,1.0,50,0,0,20,1.0,1.0,1.0
6,seed130363,UDPFlood,231701,hybrid,70,50,20,50,20,0.7142857142857143,0.2857142857142857,1.0,1.0,1.0,1.0,1.0,1.0,50,0,0,20,1.0,1.0,1.0
6,seed130363,UDPFlood,231701,mlp,70,50,20,70,0,1.0,0.0,0.7142857142857143,not estimable,0.0,0.0,0.5,not estimable,50,0,20,0,0.0,0.7142857142857143,0.2857142857142857
6,seed130363,UDPFlood,231701,rf,70,50,20,50,20,0.7142857142857143,0.2857142857142857,1.0,1.0,1.0,1.0,1.0,1.0,50,0,0,20,1.0,1.0,0.9999999999999999
6,seed130363,UDPFlood,231701,xgboost,70,50,20,50,20,0.7142857142857143,0.2857142857142857,1.0,1.0,1.0,1.0,1.0,1.0,50,0,0,20,1.0,1.0,1.0
6,seed130363,UDPFlood,257053,hybrid,70,50,20,50,20,0.7142857142857143,0.2857142857142857,1.0,1.0,1.0,1.0,1.0,1.0,50,0,0,20,1.0,1.0,1.0
6,seed130363,UDPFlood,257053,mlp,70,50,20,70,0,1.0,0.0,0.7142857142857143,not estimable,0.0,0.0,0.5,not estimable,50,0,20,0,0.0,0.5059611598022441,0.2857142857142857
6,seed130363,UDPFlood,257053,rf,70,50,20,50,20,0.7142857142857143,0.2857142857142857,1.0,1.0,1.0,1.0,1.0,1.0,50,0,0,20,1.0,1.0,0.9999999999999999
6,seed130363,UDPFlood,257053,xgboost,70,50,20,50,20,0.7142857142857143,0.2857142857142857,1.0,1.0,1.0,1.0,1.0,1.0,50,0,0,20,1.0,1.0,1.0
6,seed130363,UDPFlood,282427,hybrid,70,50,20,50,20,0.7142857142857143,0.2857142857142857,1.0,1.0,1.0,1.0,1.0,1.0,50,0,0,20,1.0,1.0,1.0
6,seed130363,UDPFlood,282427,mlp,70,50,20,70,0,1.0,0.0,0.7142857142857143,not estimable,0.0,0.0,0.5,not estimable,50,0,20,0,0.0,0.5072154792791815,0.2857142857142857
6,seed130363,UDPFlood,282427,rf,70,50,20,50,20,0.7142857142857143,0.2857142857142857,1.0,1.0,1.0,1.0,1.0,1.0,50,0,0,20,1.0,1.0,1.0
6,seed130363,UDPFlood,282427,xgboost,70,50,20,50,20,0.7142857142857143,0.2857142857142857,1.0,1.0,1.0,1.0,1.0,1.0,50,0,0,20,1.0,1.0,1.0
6,seed130363,UDPFlood,307759,hybrid,70,50,20,50,20,0.7142857142857143,0.2857142857142857,1.0,1.0,1.0,1.0,1.0,1.0,50,0,0,20,1.0,1.0,1.0
6,seed130363,UDPFlood,307759,mlp,70,50,20,70,0,1.0,0.0,0.7142857142857143,not estimable,0.0,0.0,0.5,not estimable,50,0,20,0,0.0,0.5059611598022441,0.2857142857142857
6,seed130363,UDPFlood,307759,rf,70,50,20,50,20,0.7142857142857143,0.2857142857142857,1.0,1.0,1.0,1.0,1.0,1.0,50,0,0,20,1.0,0.9999999999999999,1.0
6,seed130363,UDPFlood,307759,xgboost,70,50,20,50,20,0.7142857142857143,0.2857142857142857,1.0,1.0,1.0,1.0,1.0,1.0,50,0,0,20,1.0,1.0,1.0
6,seed130363,UDPFlood,333019,hybrid,70,50,20,50,20,0.7142857142857143,0.2857142857142857,1.0,1.0,1.0,1.0,1.0,1.0,50,0,0,20,1.0,1.0,1.0000000000000002
6,seed130363,UDPFlood,333019,mlp,70,50,20,70,0,1.0,0.0,0.7142857142857143,not estimable,0.0,0.0,0.5,not estimable,50,0,20,0,0.0,0.5059611598022441,0.2857142857142857
6,seed130363,UDPFlood,333019,rf,70,50,20,50,20,0.7142857142857143,0.2857142857142857,1.0,1.0,1.0,1.0,1.0,1.0,50,0,0,20,1.0,0.9999999999999999,1.0
6,seed130363,UDPFlood,333019,xgboost,70,50,20,50,20,0.7142857142857143,0.2857142857142857,1.0,1.0,1.0,1.0,1.0,1.0,50,0,0,20,1.0,1.0,1.0
6,seed155921,DNSAmplification,104729,hybrid,60,50,10,50,10,0.8333333333333334,0.16666666666666666,1.0,1.0,1.0,1.0,1.0,1.0,50,0,0,10,1.0,1.0,1.0
6,seed155921,DNSAmplification,104729,mlp,60,50,10,60,0,1.0,0.0,0.8333333333333334,not estimable,0.0,0.0,0.5,not estimable,50,0,10,0,0.0,0.6498195682033032,0.16666666666666666
6,seed155921,DNSAmplification,104729,rf,60,50,10,50,10,0.8333333333333334,0.16666666666666666,1.0,1.0,1.0,1.0,1.0,1.0,50,0,0,10,1.0,1.0,0.9999999999999999
6,seed155921,DNSAmplification,104729,xgboost,60,50,10,50,10,0.8333333333333334,0.16666666666666666,1.0,1.0,1.0,1.0,1.0,1.0,50,0,0,10,1.0,1.0,1.0
6,seed155921,DNSAmplification,130363,hybrid,60,50,10,50,10,0.8333333333333334,0.16666666666666666,1.0,1.0,1.0,1.0,1.0,1.0,50,0,0,10,1.0,1.0,1.0
6,seed155921,DNSAmplification,130363,mlp,60,50,10,60,0,1.0,0.0,0.8333333333333334,not estimable,0.0,0.0,0.5,not estimable,50,0,10,0,0.0,0.6498195682033032,0.16666666666666666
6,seed155921,DNSAmplification,130363,rf,60,50,10,50,10,0.8333333333333334,0.16666666666666666,1.0,1.0,1.0,1.0,1.0,1.0,50,0,0,10,1.0,1.0,1.0
6,seed155921,DNSAmplification,130363,xgboost,60,50,10,50,10,0.8333333333333334,0.16666666666666666,1.0,1.0,1.0,1.0,1.0,1.0,50,0,0,10,1.0,1.0,1.0
6,seed155921,DNSAmplification,155921,hybrid,60,50,10,50,10,0.8333333333333334,0.16666666666666666,1.0,1.0,1.0,1.0,1.0,1.0,50,0,0,10,1.0,1.0,1.0
6,seed155921,DNSAmplification,155921,mlp,60,50,10,60,0,1.0,0.0,0.8333333333333334,not estimable,0.0,0.0,0.5,not estimable,50,0,10,0,0.0,0.8333333333333334,0.16666666666666666
6,seed155921,DNSAmplification,155921,rf,60,50,10,50,10,0.8333333333333334,0.16666666666666666,1.0,1.0,1.0,1.0,1.0,1.0,50,0,0,10,1.0,1.0,1.0
6,seed155921,DNSAmplification,155921,xgboost,60,50,10,50,10,0.8333333333333334,0.16666666666666666,1.0,1.0,1.0,1.0,1.0,1.0,50,0,0,10,1.0,1.0,1.0
6,seed155921,DNSAmplification,181081,hybrid,60,50,10,50,10,0.8333333333333334,0.16666666666666666,1.0,1.0,1.0,1.0,1.0,1.0,50,0,0,10,1.0,1.0,0.9999999999999999
6,seed155921,DNSAmplification,181081,mlp,60,50,10,60,0,1.0,0.0,0.8333333333333334,not estimable,0.0,0.0,0.5,not estimable,50,0,10,0,0.0,0.8333333333333334,0.16666666666666666
6,seed155921,DNSAmplification,181081,rf,60,50,10,50,10,0.8333333333333334,0.16666666666666666,1.0,1.0,1.0,1.0,1.0,1.0,50,0,0,10,1.0,1.0,1.0
6,seed155921,DNSAmplification,181081,xgboost,60,50,10,50,10,0.8333333333333334,0.16666666666666666,1.0,1.0,1.0,1.0,1.0,1.0,50,0,0,10,1.0,1.0,1.0
6,seed155921,DNSAmplification,206369,hybrid,60,50,10,50,10,0.8333333333333334,0.16666666666666666,1.0,1.0,1.0,1.0,1.0,1.0,50,0,0,10,1.0,1.0,1.0
6,seed155921,DNSAmplification,206369,mlp,60,50,10,60,0,1.0,0.0,0.8333333333333334,not estimable,0.0,0.0,0.5,not estimable,50,0,10,0,0.0,0.6925642932451369,0.16666666666666666
6,seed155921,DNSAmplification,206369,rf,60,50,10,50,10,0.8333333333333334,0.16666666666666666,1.0,1.0,1.0,1.0,1.0,1.0,50,0,0,10,1.0,1.0,1.0
6,seed155921,DNSAmplification,206369,xgboost,60,50,10,50,10,0.8333333333333334,0.16666666666666666,1.0,1.0,1.0,1.0,1.0,1.0,50,0,0,10,1.0,1.0,1.0
6,seed155921,DNSAmplification,231701,hybrid,60,50,10,50,10,0.8333333333333334,0.16666666666666666,1.0,1.0,1.0,1.0,1.0,1.0,50,0,0,10,1.0,1.0,0.9999999999999999
6,seed155921,DNSAmplification,231701,mlp,60,50,10,60,0,1.0,0.0,0.8333333333333334,not estimable,0.0,0.0,0.5,not estimable,50,0,10,0,0.0,0.8333333333333334,0.16666666666666666
6,seed155921,DNSAmplification,231701,rf,60,50,10,50,10,0.8333333333333334,0.16666666666666666,1.0,1.0,1.0,1.0,1.0,1.0,50,0,0,10,1.0,1.0,0.9999999999999999
6,seed155921,DNSAmplification,231701,xgboost,60,50,10,50,10,0.8333333333333334,0.16666666666666666,1.0,1.0,1.0,1.0,1.0,1.0,50,0,0,10,1.0,1.0,1.0
6,seed155921,DNSAmplification,257053,hybrid,60,50,10,50,10,0.8333333333333334,0.16666666666666666,1.0,1.0,1.0,1.0,1.0,1.0,50,0,0,10,1.0,1.0,1.0
6,seed155921,DNSAmplification,257053,mlp,60,50,10,59,1,0.9833333333333333,0.016666666666666666,0.8166666666666667,0.0,0.0,0.0,0.49,-0.0582222509739582,49,1,10,0,0.0,0.6498195682033032,0.16666666666666666
6,seed155921,DNSAmplification,257053,rf,60,50,10,50,10,0.8333333333333334,0.16666666666666666,1.0,1.0,1.0,1.0,1.0,1.0,50,0,0,10,1.0,1.0,1.0
6,seed155921,DNSAmplification,257053,xgboost,60,50,10,50,10,0.8333333333333334,0.16666666666666666,1.0,1.0,1.0,1.0,1.0,1.0,50,0,0,10,1.0,1.0,1.0
6,seed155921,DNSAmplification,282427,hybrid,60,50,10,50,10,0.8333333333333334,0.16666666666666666,1.0,1.0,1.0,1.0,1.0,1.0,50,0,0,10,1.0,1.0,0.9999999999999999
6,seed155921,DNSAmplification,282427,mlp,60,50,10,60,0,1.0,0.0,0.8333333333333334,not estimable,0.0,0.0,0.5,not estimable,50,0,10,0,0.0,0.6499697183534535,0.16666666666666666
6,seed155921,DNSAmplification,282427,rf,60,50,10,50,10,0.8333333333333334,0.16666666666666666,1.0,1.0,1.0,1.0,1.0,1.0,50,0,0,10,1.0,1.0,1.0
6,seed155921,DNSAmplification,282427,xgboost,60,50,10,50,10,0.8333333333333334,0.16666666666666666,1.0,1.0,1.0,1.0,1.0,1.0,50,0,0,10,1.0,1.0,1.0
6,seed155921,DNSAmplification,307759,hybrid,60,50,10,50,10,0.8333333333333334,0.16666666666666666,1.0,1.0,1.0,1.0,1.0,1.0,50,0,0,10,1.0,1.0,1.0
6,seed155921,DNSAmplification,307759,mlp,60,50,10,60,0,1.0,0.0,0.8333333333333334,not estimable,0.0,0.0,0.5,not estimable,50,0,10,0,0.0,0.6498195682033032,0.16666666666666666
6,seed155921,DNSAmplification,307759,rf,60,50,10,50,10,0.8333333333333334,0.16666666666666666,1.0,1.0,1.0,1.0,1.0,1.0,50,0,0,10,1.0,1.0,1.0
6,seed155921,DNSAmplification,307759,xgboost,60,50,10,50,10,0.8333333333333334,0.16666666666666666,1.0,1.0,1.0,1.0,1.0,1.0,50,0,0,10,1.0,1.0,1.0
6,seed155921,DNSAmplification,333019,hybrid,60,50,10,50,10,0.8333333333333334,0.16666666666666666,1.0,1.0,1.0,1.0,1.0,1.0,50,0,0,10,1.0,1.0,1.0
6,seed155921,DNSAmplification,333019,mlp,60,50,10,60,0,1.0,0.0,0.8333333333333334,not estimable,0.0,0.0,0.5,not estimable,50,0,10,0,0.0,0.6498195682033032,0.16666666666666666
6,seed155921,DNSAmplification,333019,rf,60,50,10,50,10,0.8333333333333334,0.16666666666666666,1.0,1.0,1.0,1.0,1.0,1.0,50,0,0,10,1.0,1.0,1.0
6,seed155921,DNSAmplification,333019,xgboost,60,50,10,50,10,0.8333333333333334,0.16666666666666666,1.0,1.0,1.0,1.0,1.0,1.0,50,0,0,10,1.0,1.0,1.0
6,seed155921,Normal,104729,hybrid,50,50,0,50,0,1.0,0.0,1.0,not estimable,not estimable,not estimable,not estimable,not estimable,50,0,0,0,not estimable,not estimable,not estimable
6,seed155921,Normal,104729,mlp,50,50,0,50,0,1.0,0.0,1.0,not estimable,not estimable,not estimable,not estimable,not estimable,50,0,0,0,not estimable,not estimable,not estimable
6,seed155921,Normal,104729,rf,50,50,0,50,0,1.0,0.0,1.0,not estimable,not estimable,not estimable,not estimable,not estimable,50,0,0,0,not estimable,not estimable,not estimable
6,seed155921,Normal,104729,xgboost,50,50,0,50,0,1.0,0.0,1.0,not estimable,not estimable,not estimable,not estimable,not estimable,50,0,0,0,not estimable,not estimable,not estimable
6,seed155921,Normal,130363,hybrid,50,50,0,50,0,1.0,0.0,1.0,not estimable,not estimable,not estimable,not estimable,not estimable,50,0,0,0,not estimable,not estimable,not estimable
6,seed155921,Normal,130363,mlp,50,50,0,50,0,1.0,0.0,1.0,not estimable,not estimable,not estimable,not estimable,not estimable,50,0,0,0,not estimable,not estimable,not estimable
6,seed155921,Normal,130363,rf,50,50,0,50,0,1.0,0.0,1.0,not estimable,not estimable,not estimable,not estimable,not estimable,50,0,0,0,not estimable,not estimable,not estimable
6,seed155921,Normal,130363,xgboost,50,50,0,50,0,1.0,0.0,1.0,not estimable,not estimable,not estimable,not estimable,not estimable,50,0,0,0,not estimable,not estimable,not estimable
6,seed155921,Normal,155921,hybrid,50,50,0,50,0,1.0,0.0,1.0,not estimable,not estimable,not estimable,not estimable,not estimable,50,0,0,0,not estimable,not estimable,not estimable
6,seed155921,Normal,155921,mlp,50,50,0,50,0,1.0,0.0,1.0,not estimable,not estimable,not estimable,not estimable,not estimable,50,0,0,0,not estimable,not estimable,not estimable
6,seed155921,Normal,155921,rf,50,50,0,50,0,1.0,0.0,1.0,not estimable,not estimable,not estimable,not estimable,not estimable,50,0,0,0,not estimable,not estimable,not estimable
6,seed155921,Normal,155921,xgboost,50,50,0,50,0,1.0,0.0,1.0,not estimable,not estimable,not estimable,not estimable,not estimable,50,0,0,0,not estimable,not estimable,not estimable
6,seed155921,Normal,181081,hybrid,50,50,0,50,0,1.0,0.0,1.0,not estimable,not estimable,not estimable,not estimable,not estimable,50,0,0,0,not estimable,not estimable,not estimable
6,seed155921,Normal,181081,mlp,50,50,0,50,0,1.0,0.0,1.0,not estimable,not estimable,not estimable,not estimable,not estimable,50,0,0,0,not estimable,not estimable,not estimable
6,seed155921,Normal,181081,rf,50,50,0,50,0,1.0,0.0,1.0,not estimable,not estimable,not estimable,not estimable,not estimable,50,0,0,0,not estimable,not estimable,not estimable
6,seed155921,Normal,181081,xgboost,50,50,0,50,0,1.0,0.0,1.0,not estimable,not estimable,not estimable,not estimable,not estimable,50,0,0,0,not estimable,not estimable,not estimable
6,seed155921,Normal,206369,hybrid,50,50,0,50,0,1.0,0.0,1.0,not estimable,not estimable,not estimable,not estimable,not estimable,50,0,0,0,not estimable,not estimable,not estimable
6,seed155921,Normal,206369,mlp,50,50,0,50,0,1.0,0.0,1.0,not estimable,not estimable,not estimable,not estimable,not estimable,50,0,0,0,not estimable,not estimable,not estimable
6,seed155921,Normal,206369,rf,50,50,0,50,0,1.0,0.0,1.0,not estimable,not estimable,not estimable,not estimable,not estimable,50,0,0,0,not estimable,not estimable,not estimable
6,seed155921,Normal,206369,xgboost,50,50,0,50,0,1.0,0.0,1.0,not estimable,not estimable,not estimable,not estimable,not estimable,50,0,0,0,not estimable,not estimable,not estimable
6,seed155921,Normal,231701,hybrid,50,50,0,50,0,1.0,0.0,1.0,not estimable,not estimable,not estimable,not estimable,not estimable,50,0,0,0,not estimable,not estimable,not estimable
6,seed155921,Normal,231701,mlp,50,50,0,50,0,1.0,0.0,1.0,not estimable,not estimable,not estimable,not estimable,not estimable,50,0,0,0,not estimable,not estimable,not estimable
6,seed155921,Normal,231701,rf,50,50,0,50,0,1.0,0.0,1.0,not estimable,not estimable,not estimable,not estimable,not estimable,50,0,0,0,not estimable,not estimable,not estimable
6,seed155921,Normal,231701,xgboost,50,50,0,50,0,1.0,0.0,1.0,not estimable,not estimable,not estimable,not estimable,not estimable,50,0,0,0,not estimable,not estimable,not estimable
6,seed155921,Normal,257053,hybrid,50,50,0,50,0,1.0,0.0,1.0,not estimable,not estimable,not estimable,not estimable,not estimable,50,0,0,0,not estimable,not estimable,not estimable
6,seed155921,Normal,257053,mlp,50,50,0,49,1,0.98,0.02,0.98,0.0,not estimable,0.0,not estimable,not estimable,49,1,0,0,not estimable,not estimable,not estimable
6,seed155921,Normal,257053,rf,50,50,0,50,0,1.0,0.0,1.0,not estimable,not estimable,not estimable,not estimable,not estimable,50,0,0,0,not estimable,not estimable,not estimable
6,seed155921,Normal,257053,xgboost,50,50,0,50,0,1.0,0.0,1.0,not estimable,not estimable,not estimable,not estimable,not estimable,50,0,0,0,not estimable,not estimable,not estimable
6,seed155921,Normal,282427,hybrid,50,50,0,50,0,1.0,0.0,1.0,not estimable,not estimable,not estimable,not estimable,not estimable,50,0,0,0,not estimable,not estimable,not estimable
6,seed155921,Normal,282427,mlp,50,50,0,50,0,1.0,0.0,1.0,not estimable,not estimable,not estimable,not estimable,not estimable,50,0,0,0,not estimable,not estimable,not estimable
6,seed155921,Normal,282427,rf,50,50,0,50,0,1.0,0.0,1.0,not estimable,not estimable,not estimable,not estimable,not estimable,50,0,0,0,not estimable,not estimable,not estimable
6,seed155921,Normal,282427,xgboost,50,50,0,50,0,1.0,0.0,1.0,not estimable,not estimable,not estimable,not estimable,not estimable,50,0,0,0,not estimable,not estimable,not estimable
6,seed155921,Normal,307759,hybrid,50,50,0,50,0,1.0,0.0,1.0,not estimable,not estimable,not estimable,not estimable,not estimable,50,0,0,0,not estimable,not estimable,not estimable
6,seed155921,Normal,307759,mlp,50,50,0,50,0,1.0,0.0,1.0,not estimable,not estimable,not estimable,not estimable,not estimable,50,0,0,0,not estimable,not estimable,not estimable
6,seed155921,Normal,307759,rf,50,50,0,50,0,1.0,0.0,1.0,not estimable,not estimable,not estimable,not estimable,not estimable,50,0,0,0,not estimable,not estimable,not estimable
6,seed155921,Normal,307759,xgboost,50,50,0,50,0,1.0,0.0,1.0,not estimable,not estimable,not estimable,not estimable,not estimable,50,0,0,0,not estimable,not estimable,not estimable
6,seed155921,Normal,333019,hybrid,50,50,0,50,0,1.0,0.0,1.0,not estimable,not estimable,not estimable,not estimable,not estimable,50,0,0,0,not estimable,not estimable,not estimable
6,seed155921,Normal,333019,mlp,50,50,0,50,0,1.0,0.0,1.0,not estimable,not estimable,not estimable,not estimable,not estimable,50,0,0,0,not estimable,not estimable,not estimable
6,seed155921,Normal,333019,rf,50,50,0,50,0,1.0,0.0,1.0,not estimable,not estimable,not estimable,not estimable,not estimable,50,0,0,0,not estimable,not estimable,not estimable
6,seed155921,Normal,333019,xgboost,50,50,0,50,0,1.0,0.0,1.0,not estimable,not estimable,not estimable,not estimable,not estimable,50,0,0,0,not estimable,not estimable,not estimable
6,seed155921,SYNFlood,104729,hybrid,850,50,800,850,0,1.0,0.0,0.058823529411764705,not estimable,0.0,0.0,0.5,not estimable,50,0,800,0,0.5,0.05884595137542516,0.9665906239026092
6,seed155921,SYNFlood,104729,mlp,850,50,800,850,0,1.0,0.0,0.058823529411764705,not estimable,0.0,0.0,0.5,not estimable,50,0,800,0,1.0,1.0,1.0
6,seed155921,SYNFlood,104729,rf,850,50,800,850,0,1.0,0.0,0.058823529411764705,not estimable,0.0,0.0,0.5,not estimable,50,0,800,0,0.0,0.058823529411764705,0.9127838076010485
6,seed155921,SYNFlood,104729,xgboost,850,50,800,850,0,1.0,0.0,0.058823529411764705,not estimable,0.0,0.0,0.5,not estimable,50,0,800,0,0.0,0.045153690204230185,0.8875752580067404
6,seed155921,SYNFlood,130363,hybrid,850,50,800,850,0,1.0,0.0,0.058823529411764705,not estimable,0.0,0.0,0.5,not estimable,50,0,800,0,0.5,0.05884595137542516,0.9665906239026092
6,seed155921,SYNFlood,130363,mlp,850,50,800,450,400,0.5294117647058824,0.47058823529411764,0.5294117647058824,1.0,0.5,0.6666666666666666,0.75,0.23570226039551587,50,0,400,400,1.0,1.0,1.0
6,seed155921,SYNFlood,130363,rf,850,50,800,850,0,1.0,0.0,0.058823529411764705,not estimable,0.0,0.0,0.5,not estimable,50,0,800,0,0.0,0.04698837618879887,0.9127602404818932
6,seed155921,SYNFlood,130363,xgboost,850,50,800,850,0,1.0,0.0,0.058823529411764705,not estimable,0.0,0.0,0.5,not estimable,50,0,800,0,0.0,0.03973461478077507,0.9149291139276919
6,seed155921,SYNFlood,155921,hybrid,850,50,800,850,0,1.0,0.0,0.058823529411764705,not estimable,0.0,0.0,0.5,not estimable,50,0,800,0,0.5,0.08320503120695705,0.9665906239026092
6,seed155921,SYNFlood,155921,mlp,850,50,800,850,0,1.0,0.0,0.058823529411764705,not estimable,0.0,0.0,0.5,not estimable,50,0,800,0,1.0,1.0,1.0
6,seed155921,SYNFlood,155921,rf,850,50,800,850,0,1.0,0.0,0.058823529411764705,not estimable,0.0,0.0,0.5,not estimable,50,0,800,0,0.0,0.05657033885873551,0.8996793042751908
6,seed155921,SYNFlood,155921,xgboost,850,50,800,850,0,1.0,0.0,0.058823529411764705,not estimable,0.0,0.0,0.5,not estimable,50,0,800,0,0.0,0.045153690204230185,0.8875752580067404
6,seed155921,SYNFlood,181081,hybrid,850,50,800,850,0,1.0,0.0,0.058823529411764705,not estimable,0.0,0.0,0.5,not estimable,50,0,800,0,0.0012500000000000002,0.04381318547238068,0.882612233320445
6,seed155921,SYNFlood,181081,mlp,850,50,800,850,0,1.0,0.0,0.058823529411764705,not estimable,0.0,0.0,0.5,not estimable,50,0,800,0,1.0,1.0,1.0
6,seed155921,SYNFlood,181081,rf,850,50,800,850,0,1.0,0.0,0.058823529411764705,not estimable,0.0,0.0,0.5,not estimable,50,0,800,0,0.0,0.05657033885873551,0.8979604942338696
6,seed155921,SYNFlood,181081,xgboost,850,50,800,850,0,1.0,0.0,0.058823529411764705,not estimable,0.0,0.0,0.5,not estimable,50,0,800,0,0.0,0.045153690204230185,0.8875752580067404
6,seed155921,SYNFlood,206369,hybrid,850,50,800,850,0,1.0,0.0,0.058823529411764705,not estimable,0.0,0.0,0.5,not estimable,50,0,800,0,0.5,0.06967434458779924,0.9665906239026092
6,seed155921,SYNFlood,206369,mlp,850,50,800,450,400,0.5294117647058824,0.47058823529411764,0.5294117647058824,1.0,0.5,0.6666666666666666,0.75,0.23570226039551587,50,0,400,400,1.0,0.9999999999999999,1.0
6,seed155921,SYNFlood,206369,rf,850,50,800,850,0,1.0,0.0,0.058823529411764705,not estimable,0.0,0.0,0.5,not estimable,50,0,800,0,0.0,0.058823529411764705,0.914909257318369
6,seed155921,SYNFlood,206369,xgboost,850,50,800,850,0,1.0,0.0,0.058823529411764705,not estimable,0.0,0.0,0.5,not estimable,50,0,800,0,0.0,0.045153690204230185,0.8875752580067404
6,seed155921,SYNFlood,231701,hybrid,850,50,800,850,0,1.0,0.0,0.058823529411764705,not estimable,0.0,0.0,0.5,not estimable,50,0,800,0,0.0,0.04376127099807669,0.8956813821733738
6,seed155921,SYNFlood,231701,mlp,850,50,800,850,0,1.0,0.0,0.058823529411764705,not estimable,0.0,0.0,0.5,not estimable,50,0,800,0,1.0,1.0,0.9999999999999999
6,seed155921,SYNFlood,231701,rf,850,50,800,850,0,1.0,0.0,0.058823529411764705,not estimable,0.0,0.0,0.5,not estimable,50,0,800,0,0.0,0.05657033885873551,0.9118653656431126
6,seed155921,SYNFlood,231701,xgboost,850,50,800,850,0,1.0,0.0,0.058823529411764705,not estimable,0.0,0.0,0.5,not estimable,50,0,800,0,0.0,0.045153690204230185,0.8875752580067404
6,seed155921,SYNFlood,257053,hybrid,850,50,800,850,0,1.0,0.0,0.058823529411764705,not estimable,0.0,0.0,0.5,not estimable,50,0,800,0,0.0,0.030594048341956906,0.8813867431243666
6,seed155921,SYNFlood,257053,mlp,850,50,800,850,0,1.0,0.0,0.058823529411764705,not estimable,0.0,0.0,0.5,not estimable,50,0,800,0,0.024875000000000022,0.030722082353465116,0.8850998743696201
6,seed155921,SYNFlood,257053,rf,850,50,800,850,0,1.0,0.0,0.058823529411764705,not estimable,0.0,0.0,0.5,not estimable,50,0,800,0,0.0,0.058823529411764705,0.9146620014228418
6,seed155921,SYNFlood,257053,xgboost,850,50,800,850,0,1.0,0.0,0.058823529411764705,not estimable,0.0,0.0,0.5,not estimable,50,0,800,0,0.0,0.045153690204230185,0.8875752580067404
6,seed155921,SYNFlood,282427,hybrid,850,50,800,850,0,1.0,0.0,0.058823529411764705,not estimable,0.0,0.0,0.5,not estimable,50,0,800,0,0.0,0.03061741432925749,0.8813867431243666
6,seed155921,SYNFlood,282427,mlp,850,50,800,850,0,1.0,0.0,0.058823529411764705,not estimable,0.0,0.0,0.5,not estimable,50,0,800,0,1.0,1.0,1.0
6,seed155921,SYNFlood,282427,rf,850,50,800,850,0,1.0,0.0,0.058823529411764705,not estimable,0.0,0.0,0.5,not estimable,50,0,800,0,0.0,0.05657033885873551,0.9127838076010485
6,seed155921,SYNFlood,282427,xgboost,850,50,800,850,0,1.0,0.0,0.058823529411764705,not estimable,0.0,0.0,0.5,not estimable,50,0,800,0,0.0,0.045153690204230185,0.8875752580067404
6,seed155921,SYNFlood,307759,hybrid,850,50,800,850,0,1.0,0.0,0.058823529411764705,not estimable,0.0,0.0,0.5,not estimable,50,0,800,0,0.5,0.05884595137542516,0.9665906239026092
6,seed155921,SYNFlood,307759,mlp,850,50,800,849,1,0.9988235294117647,0.001176470588235294,0.06,1.0,0.00125,0.0024968789013732834,0.500625,0.008579977788182253,50,0,799,1,0.5,0.05884595137542516,0.9665906239026092
6,seed155921,SYNFlood,307759,rf,850,50,800,850,0,1.0,0.0,0.058823529411764705,not estimable,0.0,0.0,0.5,not estimable,50,0,800,0,0.0,0.04698837618879887,0.9146620014228418
6,seed155921,SYNFlood,307759,xgboost,850,50,800,850,0,1.0,0.0,0.058823529411764705,not estimable,0.0,0.0,0.5,not estimable,50,0,800,0,0.0,0.03973461478077507,0.9149291139276919
6,seed155921,SYNFlood,333019,hybrid,850,50,800,850,0,1.0,0.0,0.058823529411764705,not estimable,0.0,0.0,0.5,not estimable,50,0,800,0,0.27725,0.039193998216428313,0.9408689148956807
6,seed155921,SYNFlood,333019,mlp,850,50,800,847,3,0.9964705882352941,0.0035294117647058825,0.06235294117647059,1.0,0.00375,0.007471980074719801,0.501875,0.01487849251609039,50,0,797,3,1.0,1.0,1.0
6,seed155921,SYNFlood,333019,rf,850,50,800,850,0,1.0,0.0,0.058823529411764705,not estimable,0.0,0.0,0.5,not estimable,50,0,800,0,0.0,0.058823529411764705,0.9146620014228418
6,seed155921,SYNFlood,333019,xgboost,850,50,800,850,0,1.0,0.0,0.058823529411764705,not estimable,0.0,0.0,0.5,not estimable,50,0,800,0,0.0,0.04589819281445748,0.914909257318369
6,seed155921,UDPFlood,104729,hybrid,73,53,20,52,21,0.7123287671232876,0.2876712328767123,0.9863013698630136,0.9523809523809523,1.0,0.975609756097561,0.9905660377358491,0.9666496265189555,52,1,0,20,0.9622641509433962,0.9895896154619338,0.8098336897021107
6,seed155921,UDPFlood,104729,mlp,73,53,20,70,3,0.958904109589041,0.0410958904109589,0.684931506849315,0.0,0.0,0.0,0.4716981132075472,-0.1271711710197892,50,3,20,0,0.0,0.5193744699241333,0.273972602739726
6,seed155921,UDPFlood,104729,rf,73,53,20,52,21,0.7123287671232876,0.2876712328767123,0.9863013698630136,0.9523809523809523,1.0,0.975609756097561,0.9905660377358491,0.9666496265189555,52,1,0,20,0.9811320754716981,0.9948307056086845,0.9050595238095239
6,seed155921,UDPFlood,104729,xgboost,73,53,20,53,20,0.726027397260274,0.273972602739726,1.0,1.0,1.0,1.0,1.0,1.0,53,0,0,20,1.0,1.0,1.0
6,seed155921,UDPFlood,130363,hybrid,73,53,20,53,20,0.726027397260274,0.273972602739726,1.0,1.0,1.0,1.0,1.0,1.0,53,0,0,20,0.9811320754716981,0.9948307056086845,0.8935714285714286
6,seed155921,UDPFlood,130363,mlp,73,53,20,71,2,0.9726027397260274,0.0273972602739726,0.6986301369863014,0.0,0.0,0.0,0.4811320754716981,-0.1031010021079477,51,2,20,0,0.0,0.5182003295990496,0.24931945020986115
6,seed155921,UDPFlood,130363,rf,73,53,20,53,20,0.726027397260274,0.273972602739726,1.0,1.0,1.0,1.0,1.0,1.0,53,0,0,20,1.0,1.0,1.0
6,seed155921,UDPFlood,130363,xgboost,73,53,20,53,20,0.726027397260274,0.273972602739726,1.0,1.0,1.0,1.0,1.0,1.0,53,0,0,20,1.0,1.0,1.0
6,seed155921,UDPFlood,155921,hybrid,73,53,20,52,21,0.7123287671232876,0.2876712328767123,0.9863013698630136,0.9523809523809523,1.0,0.975609756097561,0.9905660377358491,0.9666496265189555,52,1,0,20,0.9811320754716981,0.9948307056086844,0.900008700449877
6,seed155921,UDPFlood,155921,mlp,73,53,20,72,1,0.9863013698630136,0.0136986301369863,0.7123287671232876,0.0,0.0,0.0,0.49056603773584906,-0.07239537379384489,52,1,20,0,0.0,0.7070442087101103,0.273972602739726
6,seed155921,UDPFlood,155921,rf,73,53,20,52,21,0.7123287671232876,0.2876712328767123,0.9863013698630136,0.9523809523809523,1.0,0.975609756097561,0.9905660377358491,0.9666496265189555,52,1,0,20,1.0,1.0,1.0
6,seed155921,UDPFlood,155921,xgboost,73,53,20,53,20,0.726027397260274,0.273972602739726,1.0,1.0,1.0,1.0,1.0,1.0,53,0,0,20,1.0,1.0,1.0
6,seed155921,UDPFlood,181081,hybrid,73,53,20,53,20,0.726027397260274,0.273972602739726,1.0,1.0,1.0,1.0,1.0,1.0,53,0,0,20,1.0,1.0,1.0000000000000002
6,seed155921,UDPFlood,181081,mlp,73,53,20,73,0,1.0,0.0,0.726027397260274,not estimable,0.0,0.0,0.5,not estimable,53,0,20,0,0.0,0.7109046536263869,0.273972602739726
6,seed155921,UDPFlood,181081,rf,73,53,20,52,21,0.7123287671232876,0.2876712328767123,0.9863013698630136,0.9523809523809523,1.0,0.975609756097561,0.9905660377358491,0.9666496265189555,52,1,0,20,0.9924528301886792,0.997525518094649,0.9797619047619048
6,seed155921,UDPFlood,181081,xgboost,73,53,20,53,20,0.726027397260274,0.273972602739726,1.0,1.0,1.0,1.0,1.0,1.0,53,0,0,20,1.0,1.0,1.0
6,seed155921,UDPFlood,206369,hybrid,73,53,20,53,20,0.726027397260274,0.273972602739726,1.0,1.0,1.0,1.0,1.0,1.0,53,0,0,20,1.0,1.0,1.0
6,seed155921,UDPFlood,206369,mlp,73,53,20,53,20,0.726027397260274,0.273972602739726,1.0,1.0,1.0,1.0,1.0,1.0,53,0,0,20,1.0,1.0,1.0
6,seed155921,UDPFlood,206369,rf,73,53,20,52,21,0.7123287671232876,0.2876712328767123,0.9863013698630136,0.9523809523809523,1.0,0.975609756097561,0.9905660377358491,0.9666496265189555,52,1,0,20,0.9811320754716981,0.9948307056086845,0.9217358346847511
6,seed155921,UDPFlood,206369,xgboost,73,53,20,53,20,0.726027397260274,0.273972602739726,1.0,1.0,1.0,1.0,1.0,1.0,53,0,0,20,1.0,1.0,1.0
6,seed155921,UDPFlood,231701,hybrid,73,53,20,52,21,0.7123287671232876,0.2876712328767123,0.9863013698630136,0.9523809523809523,1.0,0.975609756097561,0.9905660377358491,0.9666496265189555,52,1,0,20,0.9811320754716981,0.9948307056086844,0.8803508582920349
6,seed155921,UDPFlood,231701,mlp,73,53,20,71,2,0.9726027397260274,0.0273972602739726,0.6986301369863014,0.0,0.0,0.0,0.4811320754716981,-0.1031010021079477,51,2,20,0,0.0,0.7070442087101103,0.273972602739726
6,seed155921,UDPFlood,231701,rf,73,53,20,52,21,0.7123287671232876,0.2876712328767123,0.9863013698630136,0.9523809523809523,1.0,0.975609756097561,0.9905660377358491,0.9666496265189555,52,1,0,20,0.9811320754716981,0.9948307056086845,0.8864418914418914
6,seed155921,UDPFlood,231701,xgboost,73,53,20,53,20,0.726027397260274,0.273972602739726,1.0,1.0,1.0,1.0,1.0,1.0,53,0,0,20,1.0,1.0,1.0
6,seed155921,UDPFlood,257053,hybrid,73,53,20,53,20,0.726027397260274,0.273972602739726,1.0,1.0,1.0,1.0,1.0,1.0,53,0,0,20,1.0,1.0,1.0000000000000002
6,seed155921,UDPFlood,257053,mlp,73,53,20,73,0,1.0,0.0,0.726027397260274,not estimable,0.0,0.0,0.5,not estimable,53,0,20,0,0.0,0.5182003295990496,0.273972602739726
6,seed155921,UDPFlood,257053,rf,73,53,20,52,21,0.7123287671232876,0.2876712328767123,0.9863013698630136,0.9523809523809523,1.0,0.975609756097561,0.9905660377358491,0.9666496265189555,52,1,0,20,0.9811320754716981,0.9948307056086845,0.8862614870509608
6,seed155921,UDPFlood,257053,xgboost,73,53,20,53,20,0.726027397260274,0.273972602739726,1.0,1.0,1.0,1.0,1.0,1.0,53,0,0,20,1.0,1.0,1.0
6,seed155921,UDPFlood,282427,hybrid,73,53,20,52,21,0.7123287671232876,0.2876712328767123,0.9863013698630136,0.9523809523809523,1.0,0.975609756097561,0.9905660377358491,0.9666496265189555,52,1,0,20,1.0,1.0,1.0000000000000002
6,seed155921,UDPFlood,282427,mlp,73,53,20,72,1,0.9863013698630136,0.0136986301369863,0.7123287671232876,0.0,0.0,0.0,0.49056603773584906,-0.07239537379384489,52,1,20,0,0.0,0.519294279933681,0.273972602739726
6,seed155921,UDPFlood,282427,rf,73,53,20,52,21,0.7123287671232876,0.2876712328767123,0.9863013698630136,0.9523809523809523,1.0,0.975609756097561,0.9905660377358491,0.9666496265189555,52,1,0,20,1.0,1.0,1.0
6,seed155921,UDPFlood,282427,xgboost,73,53,20,53,20,0.726027397260274,0.273972602739726,1.0,1.0,1.0,1.0,1.0,1.0,53,0,0,20,1.0,1.0,1.0
6,seed155921,UDPFlood,307759,hybrid,73,53,20,53,20,0.726027397260274,0.273972602739726,1.0,1.0,1.0,1.0,1.0,1.0,53,0,0,20,0.9622641509433962,0.9895896154619339,0.8203896103896106
6,seed155921,UDPFlood,307759,mlp,73,53,20,70,3,0.958904109589041,0.0410958904109589,0.684931506849315,0.0,0.0,0.0,0.4716981132075472,-0.1271711710197892,50,3,20,0,0.0,0.5182003295990496,0.273972602739726
6,seed155921,UDPFlood,307759,rf,73,53,20,53,20,0.726027397260274,0.273972602739726,1.0,1.0,1.0,1.0,1.0,1.0,53,0,0,20,1.0,1.0,1.0
6,seed155921,UDPFlood,307759,xgboost,73,53,20,53,20,0.726027397260274,0.273972602739726,1.0,1.0,1.0,1.0,1.0,1.0,53,0,0,20,1.0,1.0,1.0
6,seed155921,UDPFlood,333019,hybrid,73,53,20,53,20,0.726027397260274,0.273972602739726,1.0,1.0,1.0,1.0,1.0,1.0,53,0,0,20,0.9811320754716981,0.9948307056086844,0.8763888888888889
6,seed155921,UDPFlood,333019,mlp,73,53,20,71,2,0.9726027397260274,0.0273972602739726,0.6986301369863014,0.0,0.0,0.0,0.4811320754716981,-0.1031010021079477,51,2,20,0,0.0,0.5182003295990496,0.273972602739726
6,seed155921,UDPFlood,333019,rf,73,53,20,53,20,0.726027397260274,0.273972602739726,1.0,1.0,1.0,1.0,1.0,1.0,53,0,0,20,1.0,1.0,1.0
6,seed155921,UDPFlood,333019,xgboost,73,53,20,52,21,0.7123287671232876,0.2876712328767123,0.9863013698630136,0.9523809523809523,1.0,0.975609756097561,0.9905660377358491,0.9666496265189555,52,1,0,20,1.0,1.0,1.0
6,seed181081,DNSAmplification,104729,hybrid,60,50,10,50,10,0.8333333333333334,0.16666666666666666,1.0,1.0,1.0,1.0,1.0,1.0,50,0,0,10,1.0,1.0,1.0
6,seed181081,DNSAmplification,104729,mlp,60,50,10,60,0,1.0,0.0,0.8333333333333334,not estimable,0.0,0.0,0.5,not estimable,50,0,10,0,0.0,0.6498195682033032,0.16666666666666666
6,seed181081,DNSAmplification,104729,rf,60,50,10,50,10,0.8333333333333334,0.16666666666666666,1.0,1.0,1.0,1.0,1.0,1.0,50,0,0,10,1.0,1.0,1.0
6,seed181081,DNSAmplification,104729,xgboost,60,50,10,50,10,0.8333333333333334,0.16666666666666666,1.0,1.0,1.0,1.0,1.0,1.0,50,0,0,10,1.0,1.0,1.0
6,seed181081,DNSAmplification,130363,hybrid,60,50,10,50,10,0.8333333333333334,0.16666666666666666,1.0,1.0,1.0,1.0,1.0,1.0,50,0,0,10,1.0,1.0,1.0
6,seed181081,DNSAmplification,130363,mlp,60,50,10,60,0,1.0,0.0,0.8333333333333334,not estimable,0.0,0.0,0.5,not estimable,50,0,10,0,0.0,0.6498195682033032,0.16666666666666666
6,seed181081,DNSAmplification,130363,rf,60,50,10,50,10,0.8333333333333334,0.16666666666666666,1.0,1.0,1.0,1.0,1.0,1.0,50,0,0,10,1.0,1.0,1.0
6,seed181081,DNSAmplification,130363,xgboost,60,50,10,50,10,0.8333333333333334,0.16666666666666666,1.0,1.0,1.0,1.0,1.0,1.0,50,0,0,10,1.0,1.0,1.0
6,seed181081,DNSAmplification,155921,hybrid,60,50,10,50,10,0.8333333333333334,0.16666666666666666,1.0,1.0,1.0,1.0,1.0,1.0,50,0,0,10,1.0,1.0,1.0
6,seed181081,DNSAmplification,155921,mlp,60,50,10,60,0,1.0,0.0,0.8333333333333334,not estimable,0.0,0.0,0.5,not estimable,50,0,10,0,0.0,0.8333333333333334,0.16666666666666666
6,seed181081,DNSAmplification,155921,rf,60,50,10,50,10,0.8333333333333334,0.16666666666666666,1.0,1.0,1.0,1.0,1.0,1.0,50,0,0,10,1.0,1.0,1.0
6,seed181081,DNSAmplification,155921,xgboost,60,50,10,50,10,0.8333333333333334,0.16666666666666666,1.0,1.0,1.0,1.0,1.0,1.0,50,0,0,10,1.0,1.0,1.0
6,seed181081,DNSAmplification,181081,hybrid,60,50,10,50,10,0.8333333333333334,0.16666666666666666,1.0,1.0,1.0,1.0,1.0,1.0,50,0,0,10,1.0,1.0,0.9999999999999999
6,seed181081,DNSAmplification,181081,mlp,60,50,10,60,0,1.0,0.0,0.8333333333333334,not estimable,0.0,0.0,0.5,not estimable,50,0,10,0,0.0,0.8333333333333334,0.16666666666666666
6,seed181081,DNSAmplification,181081,rf,60,50,10,50,10,0.8333333333333334,0.16666666666666666,1.0,1.0,1.0,1.0,1.0,1.0,50,0,0,10,1.0,1.0,1.0
6,seed181081,DNSAmplification,181081,xgboost,60,50,10,50,10,0.8333333333333334,0.16666666666666666,1.0,1.0,1.0,1.0,1.0,1.0,50,0,0,10,1.0,1.0,1.0
6,seed181081,DNSAmplification,206369,hybrid,60,50,10,50,10,0.8333333333333334,0.16666666666666666,1.0,1.0,1.0,1.0,1.0,1.0,50,0,0,10,1.0,1.0,1.0
6,seed181081,DNSAmplification,206369,mlp,60,50,10,60,0,1.0,0.0,0.8333333333333334,not estimable,0.0,0.0,0.5,not estimable,50,0,10,0,0.0,0.6988834549279253,0.16666666666666666
6,seed181081,DNSAmplification,206369,rf,60,50,10,50,10,0.8333333333333334,0.16666666666666666,1.0,1.0,1.0,1.0,1.0,1.0,50,0,0,10,1.0,1.0,1.0
6,seed181081,DNSAmplification,206369,xgboost,60,50,10,50,10,0.8333333333333334,0.16666666666666666,1.0,1.0,1.0,1.0,1.0,1.0,50,0,0,10,1.0,1.0,1.0
6,seed181081,DNSAmplification,231701,hybrid,60,50,10,50,10,0.8333333333333334,0.16666666666666666,1.0,1.0,1.0,1.0,1.0,1.0,50,0,0,10,1.0,1.0,1.0
6,seed181081,DNSAmplification,231701,mlp,60,50,10,60,0,1.0,0.0,0.8333333333333334,not estimable,0.0,0.0,0.5,not estimable,50,0,10,0,0.0,0.8333333333333334,0.16666666666666666
6,seed181081,DNSAmplification,231701,rf,60,50,10,50,10,0.8333333333333334,0.16666666666666666,1.0,1.0,1.0,1.0,1.0,1.0,50,0,0,10,1.0,1.0,1.0
6,seed181081,DNSAmplification,231701,xgboost,60,50,10,50,10,0.8333333333333334,0.16666666666666666,1.0,1.0,1.0,1.0,1.0,1.0,50,0,0,10,1.0,1.0,1.0
6,seed181081,DNSAmplification,257053,hybrid,60,50,10,50,10,0.8333333333333334,0.16666666666666666,1.0,1.0,1.0,1.0,1.0,1.0,50,0,0,10,1.0,1.0,1.0
6,seed181081,DNSAmplification,257053,mlp,60,50,10,60,0,1.0,0.0,0.8333333333333334,not estimable,0.0,0.0,0.5,not estimable,50,0,10,0,0.0,0.6498195682033032,0.16666666666666666
6,seed181081,DNSAmplification,257053,rf,60,50,10,50,10,0.8333333333333334,0.16666666666666666,1.0,1.0,1.0,1.0,1.0,1.0,50,0,0,10,1.0,1.0,1.0
6,seed181081,DNSAmplification,257053,xgboost,60,50,10,50,10,0.8333333333333334,0.16666666666666666,1.0,1.0,1.0,1.0,1.0,1.0,50,0,0,10,1.0,1.0,1.0
6,seed181081,DNSAmplification,282427,hybrid,60,50,10,50,10,0.8333333333333334,0.16666666666666666,1.0,1.0,1.0,1.0,1.0,1.0,50,0,0,10,1.0,1.0,1.0
6,seed181081,DNSAmplification,282427,mlp,60,50,10,60,0,1.0,0.0,0.8333333333333334,not estimable,0.0,0.0,0.5,not estimable,50,0,10,0,0.0,0.6505548623209503,0.16666666666666666
6,seed181081,DNSAmplification,282427,rf,60,50,10,50,10,0.8333333333333334,0.16666666666666666,1.0,1.0,1.0,1.0,1.0,1.0,50,0,0,10,1.0,1.0,1.0
6,seed181081,DNSAmplification,282427,xgboost,60,50,10,50,10,0.8333333333333334,0.16666666666666666,1.0,1.0,1.0,1.0,1.0,1.0,50,0,0,10,1.0,1.0,1.0
6,seed181081,DNSAmplification,307759,hybrid,60,50,10,50,10,0.8333333333333334,0.16666666666666666,1.0,1.0,1.0,1.0,1.0,1.0,50,0,0,10,1.0,1.0,1.0
6,seed181081,DNSAmplification,307759,mlp,60,50,10,60,0,1.0,0.0,0.8333333333333334,not estimable,0.0,0.0,0.5,not estimable,50,0,10,0,0.0,0.6498195682033032,0.16666666666666666
6,seed181081,DNSAmplification,307759,rf,60,50,10,50,10,0.8333333333333334,0.16666666666666666,1.0,1.0,1.0,1.0,1.0,1.0,50,0,0,10,1.0,1.0,1.0
6,seed181081,DNSAmplification,307759,xgboost,60,50,10,50,10,0.8333333333333334,0.16666666666666666,1.0,1.0,1.0,1.0,1.0,1.0,50,0,0,10,1.0,1.0,1.0
6,seed181081,DNSAmplification,333019,hybrid,60,50,10,50,10,0.8333333333333334,0.16666666666666666,1.0,1.0,1.0,1.0,1.0,1.0,50,0,0,10,1.0,1.0,0.9999999999999999
6,seed181081,DNSAmplification,333019,mlp,60,50,10,60,0,1.0,0.0,0.8333333333333334,not estimable,0.0,0.0,0.5,not estimable,50,0,10,0,0.0,0.6498195682033032,0.16666666666666666
6,seed181081,DNSAmplification,333019,rf,60,50,10,50,10,0.8333333333333334,0.16666666666666666,1.0,1.0,1.0,1.0,1.0,1.0,50,0,0,10,1.0,1.0,1.0
6,seed181081,DNSAmplification,333019,xgboost,60,50,10,50,10,0.8333333333333334,0.16666666666666666,1.0,1.0,1.0,1.0,1.0,1.0,50,0,0,10,1.0,1.0,1.0
6,seed181081,Normal,104729,hybrid,50,50,0,50,0,1.0,0.0,1.0,not estimable,not estimable,not estimable,not estimable,not estimable,50,0,0,0,not estimable,not estimable,not estimable
6,seed181081,Normal,104729,mlp,50,50,0,50,0,1.0,0.0,1.0,not estimable,not estimable,not estimable,not estimable,not estimable,50,0,0,0,not estimable,not estimable,not estimable
6,seed181081,Normal,104729,rf,50,50,0,50,0,1.0,0.0,1.0,not estimable,not estimable,not estimable,not estimable,not estimable,50,0,0,0,not estimable,not estimable,not estimable
6,seed181081,Normal,104729,xgboost,50,50,0,50,0,1.0,0.0,1.0,not estimable,not estimable,not estimable,not estimable,not estimable,50,0,0,0,not estimable,not estimable,not estimable
6,seed181081,Normal,130363,hybrid,50,50,0,50,0,1.0,0.0,1.0,not estimable,not estimable,not estimable,not estimable,not estimable,50,0,0,0,not estimable,not estimable,not estimable
6,seed181081,Normal,130363,mlp,50,50,0,50,0,1.0,0.0,1.0,not estimable,not estimable,not estimable,not estimable,not estimable,50,0,0,0,not estimable,not estimable,not estimable
6,seed181081,Normal,130363,rf,50,50,0,50,0,1.0,0.0,1.0,not estimable,not estimable,not estimable,not estimable,not estimable,50,0,0,0,not estimable,not estimable,not estimable
6,seed181081,Normal,130363,xgboost,50,50,0,50,0,1.0,0.0,1.0,not estimable,not estimable,not estimable,not estimable,not estimable,50,0,0,0,not estimable,not estimable,not estimable
6,seed181081,Normal,155921,hybrid,50,50,0,50,0,1.0,0.0,1.0,not estimable,not estimable,not estimable,not estimable,not estimable,50,0,0,0,not estimable,not estimable,not estimable
6,seed181081,Normal,155921,mlp,50,50,0,50,0,1.0,0.0,1.0,not estimable,not estimable,not estimable,not estimable,not estimable,50,0,0,0,not estimable,not estimable,not estimable
6,seed181081,Normal,155921,rf,50,50,0,50,0,1.0,0.0,1.0,not estimable,not estimable,not estimable,not estimable,not estimable,50,0,0,0,not estimable,not estimable,not estimable
6,seed181081,Normal,155921,xgboost,50,50,0,50,0,1.0,0.0,1.0,not estimable,not estimable,not estimable,not estimable,not estimable,50,0,0,0,not estimable,not estimable,not estimable
6,seed181081,Normal,181081,hybrid,50,50,0,50,0,1.0,0.0,1.0,not estimable,not estimable,not estimable,not estimable,not estimable,50,0,0,0,not estimable,not estimable,not estimable
6,seed181081,Normal,181081,mlp,50,50,0,50,0,1.0,0.0,1.0,not estimable,not estimable,not estimable,not estimable,not estimable,50,0,0,0,not estimable,not estimable,not estimable
6,seed181081,Normal,181081,rf,50,50,0,50,0,1.0,0.0,1.0,not estimable,not estimable,not estimable,not estimable,not estimable,50,0,0,0,not estimable,not estimable,not estimable
6,seed181081,Normal,181081,xgboost,50,50,0,50,0,1.0,0.0,1.0,not estimable,not estimable,not estimable,not estimable,not estimable,50,0,0,0,not estimable,not estimable,not estimable
6,seed181081,Normal,206369,hybrid,50,50,0,50,0,1.0,0.0,1.0,not estimable,not estimable,not estimable,not estimable,not estimable,50,0,0,0,not estimable,not estimable,not estimable
6,seed181081,Normal,206369,mlp,50,50,0,50,0,1.0,0.0,1.0,not estimable,not estimable,not estimable,not estimable,not estimable,50,0,0,0,not estimable,not estimable,not estimable
6,seed181081,Normal,206369,rf,50,50,0,50,0,1.0,0.0,1.0,not estimable,not estimable,not estimable,not estimable,not estimable,50,0,0,0,not estimable,not estimable,not estimable
6,seed181081,Normal,206369,xgboost,50,50,0,50,0,1.0,0.0,1.0,not estimable,not estimable,not estimable,not estimable,not estimable,50,0,0,0,not estimable,not estimable,not estimable
6,seed181081,Normal,231701,hybrid,50,50,0,50,0,1.0,0.0,1.0,not estimable,not estimable,not estimable,not estimable,not estimable,50,0,0,0,not estimable,not estimable,not estimable
6,seed181081,Normal,231701,mlp,50,50,0,50,0,1.0,0.0,1.0,not estimable,not estimable,not estimable,not estimable,not estimable,50,0,0,0,not estimable,not estimable,not estimable
6,seed181081,Normal,231701,rf,50,50,0,50,0,1.0,0.0,1.0,not estimable,not estimable,not estimable,not estimable,not estimable,50,0,0,0,not estimable,not estimable,not estimable
6,seed181081,Normal,231701,xgboost,50,50,0,50,0,1.0,0.0,1.0,not estimable,not estimable,not estimable,not estimable,not estimable,50,0,0,0,not estimable,not estimable,not estimable
6,seed181081,Normal,257053,hybrid,50,50,0,50,0,1.0,0.0,1.0,not estimable,not estimable,not estimable,not estimable,not estimable,50,0,0,0,not estimable,not estimable,not estimable
6,seed181081,Normal,257053,mlp,50,50,0,50,0,1.0,0.0,1.0,not estimable,not estimable,not estimable,not estimable,not estimable,50,0,0,0,not estimable,not estimable,not estimable
6,seed181081,Normal,257053,rf,50,50,0,50,0,1.0,0.0,1.0,not estimable,not estimable,not estimable,not estimable,not estimable,50,0,0,0,not estimable,not estimable,not estimable
6,seed181081,Normal,257053,xgboost,50,50,0,50,0,1.0,0.0,1.0,not estimable,not estimable,not estimable,not estimable,not estimable,50,0,0,0,not estimable,not estimable,not estimable
6,seed181081,Normal,282427,hybrid,50,50,0,50,0,1.0,0.0,1.0,not estimable,not estimable,not estimable,not estimable,not estimable,50,0,0,0,not estimable,not estimable,not estimable
6,seed181081,Normal,282427,mlp,50,50,0,50,0,1.0,0.0,1.0,not estimable,not estimable,not estimable,not estimable,not estimable,50,0,0,0,not estimable,not estimable,not estimable
6,seed181081,Normal,282427,rf,50,50,0,50,0,1.0,0.0,1.0,not estimable,not estimable,not estimable,not estimable,not estimable,50,0,0,0,not estimable,not estimable,not estimable
6,seed181081,Normal,282427,xgboost,50,50,0,50,0,1.0,0.0,1.0,not estimable,not estimable,not estimable,not estimable,not estimable,50,0,0,0,not estimable,not estimable,not estimable
6,seed181081,Normal,307759,hybrid,50,50,0,50,0,1.0,0.0,1.0,not estimable,not estimable,not estimable,not estimable,not estimable,50,0,0,0,not estimable,not estimable,not estimable
6,seed181081,Normal,307759,mlp,50,50,0,50,0,1.0,0.0,1.0,not estimable,not estimable,not estimable,not estimable,not estimable,50,0,0,0,not estimable,not estimable,not estimable
6,seed181081,Normal,307759,rf,50,50,0,50,0,1.0,0.0,1.0,not estimable,not estimable,not estimable,not estimable,not estimable,50,0,0,0,not estimable,not estimable,not estimable
6,seed181081,Normal,307759,xgboost,50,50,0,50,0,1.0,0.0,1.0,not estimable,not estimable,not estimable,not estimable,not estimable,50,0,0,0,not estimable,not estimable,not estimable
6,seed181081,Normal,333019,hybrid,50,50,0,50,0,1.0,0.0,1.0,not estimable,not estimable,not estimable,not estimable,not estimable,50,0,0,0,not estimable,not estimable,not estimable
6,seed181081,Normal,333019,mlp,50,50,0,50,0,1.0,0.0,1.0,not estimable,not estimable,not estimable,not estimable,not estimable,50,0,0,0,not estimable,not estimable,not estimable
6,seed181081,Normal,333019,rf,50,50,0,50,0,1.0,0.0,1.0,not estimable,not estimable,not estimable,not estimable,not estimable,50,0,0,0,not estimable,not estimable,not estimable
6,seed181081,Normal,333019,xgboost,50,50,0,50,0,1.0,0.0,1.0,not estimable,not estimable,not estimable,not estimable,not estimable,50,0,0,0,not estimable,not estimable,not estimable
6,seed181081,SYNFlood,104729,hybrid,850,50,800,850,0,1.0,0.0,0.058823529411764705,not estimable,0.0,0.0,0.5,not estimable,50,0,800,0,0.49875,0.058710361154085455,0.9657128434492722
6,seed181081,SYNFlood,104729,mlp,850,50,800,850,0,1.0,0.0,0.058823529411764705,not estimable,0.0,0.0,0.5,not estimable,50,0,800,0,1.0,1.0,1.0
6,seed181081,SYNFlood,104729,rf,850,50,800,850,0,1.0,0.0,0.058823529411764705,not estimable,0.0,0.0,0.5,not estimable,50,0,800,0,0.0,0.058823529411764705,0.914909257318369
6,seed181081,SYNFlood,104729,xgboost,850,50,800,850,0,1.0,0.0,0.058823529411764705,not estimable,0.0,0.0,0.5,not estimable,50,0,800,0,0.0,0.04471733218834979,0.888045514217759
6,seed181081,SYNFlood,130363,hybrid,850,50,800,850,0,1.0,0.0,0.058823529411764705,not estimable,0.0,0.0,0.5,not estimable,50,0,800,0,0.5,0.05884595137542516,0.9658517323381611
6,seed181081,SYNFlood,130363,mlp,850,50,800,450,400,0.5294117647058824,0.47058823529411764,0.5294117647058824,1.0,0.5,0.6666666666666666,0.75,0.23570226039551587,50,0,400,400,1.0,1.0,1.0
6,seed181081,SYNFlood,130363,rf,850,50,800,850,0,1.0,0.0,0.058823529411764705,not estimable,0.0,0.0,0.5,not estimable,50,0,800,0,0.0,0.04985994397759104,0.914909257318369
6,seed181081,SYNFlood,130363,xgboost,850,50,800,850,0,1.0,0.0,0.058823529411764705,not estimable,0.0,0.0,0.5,not estimable,50,0,800,0,0.0,0.040080249893818254,0.9149635725987396
6,seed181081,SYNFlood,155921,hybrid,850,50,800,850,0,1.0,0.0,0.058823529411764705,not estimable,0.0,0.0,0.5,not estimable,50,0,800,0,0.5,0.08288244313026064,0.9658517323381612
6,seed181081,SYNFlood,155921,mlp,850,50,800,850,0,1.0,0.0,0.058823529411764705,not estimable,0.0,0.0,0.5,not estimable,50,0,800,0,1.0,1.0,1.0
6,seed181081,SYNFlood,155921,rf,850,50,800,850,0,1.0,0.0,0.058823529411764705,not estimable,0.0,0.0,0.5,not estimable,50,0,800,0,0.0,0.05657033885873551,0.8991760956076009
6,seed181081,SYNFlood,155921,xgboost,850,50,800,850,0,1.0,0.0,0.058823529411764705,not estimable,0.0,0.0,0.5,not estimable,50,0,800,0,0.0,0.04471733218834979,0.888045514217759
6,seed181081,SYNFlood,181081,hybrid,850,50,800,850,0,1.0,0.0,0.058823529411764705,not estimable,0.0,0.0,0.5,not estimable,50,0,800,0,0.00125,0.04355524470668057,0.88291182127325
6,seed181081,SYNFlood,181081,mlp,850,50,800,850,0,1.0,0.0,0.058823529411764705,not estimable,0.0,0.0,0.5,not estimable,50,0,800,0,1.0,1.0,1.0
6,seed181081,SYNFlood,181081,rf,850,50,800,850,0,1.0,0.0,0.058823529411764705,not estimable,0.0,0.0,0.5,not estimable,50,0,800,0,0.0,0.05657033885873551,0.8992174200786476
6,seed181081,SYNFlood,181081,xgboost,850,50,800,850,0,1.0,0.0,0.058823529411764705,not estimable,0.0,0.0,0.5,not estimable,50,0,800,0,0.0,0.04471733218834979,0.888045514217759
6,seed181081,SYNFlood,206369,hybrid,850,50,800,850,0,1.0,0.0,0.058823529411764705,not estimable,0.0,0.0,0.5,not estimable,50,0,800,0,0.5,0.0695273147117683,0.9658517323381611
6,seed181081,SYNFlood,206369,mlp,850,50,800,451,399,0.5305882352941177,0.46941176470588236,0.528235294117647,1.0,0.49875,0.6655546288573811,0.749375,0.23514631949975184,50,0,401,399,1.0,1.0,1.0
6,seed181081,SYNFlood,206369,rf,850,50,800,850,0,1.0,0.0,0.058823529411764705,not estimable,0.0,0.0,0.5,not estimable,50,0,800,0,0.0,0.05657033885873551,0.914909257318369
6,seed181081,SYNFlood,206369,xgboost,850,50,800,850,0,1.0,0.0,0.058823529411764705,not estimable,0.0,0.0,0.5,not estimable,50,0,800,0,0.0,0.04471733218834979,0.888045514217759
6,seed181081,SYNFlood,231701,hybrid,850,50,800,850,0,1.0,0.0,0.058823529411764705,not estimable,0.0,0.0,0.5,not estimable,50,0,800,0,0.0,0.04350351989814157,0.8944395926516444
6,seed181081,SYNFlood,231701,mlp,850,50,800,850,0,1.0,0.0,0.058823529411764705,not estimable,0.0,0.0,0.5,not estimable,50,0,800,0,1.0,1.0,1.0
6,seed181081,SYNFlood,231701,rf,850,50,800,850,0,1.0,0.0,0.058823529411764705,not estimable,0.0,0.0,0.5,not estimable,50,0,800,0,0.0,0.05657033885873551,0.9138229653405534
6,seed181081,SYNFlood,231701,xgboost,850,50,800,850,0,1.0,0.0,0.058823529411764705,not estimable,0.0,0.0,0.5,not estimable,50,0,800,0,0.0,0.04471733218834979,0.888045514217759
6,seed181081,SYNFlood,257053,hybrid,850,50,800,850,0,1.0,0.0,0.058823529411764705,not estimable,0.0,0.0,0.5,not estimable,50,0,800,0,0.0,0.030594048341956906,0.8816863310771716
6,seed181081,SYNFlood,257053,mlp,850,50,800,850,0,1.0,0.0,0.058823529411764705,not estimable,0.0,0.0,0.5,not estimable,50,0,800,0,0.047975000000000025,0.030928610681673865,0.890382685260793
6,seed181081,SYNFlood,257053,rf,850,50,800,850,0,1.0,0.0,0.058823529411764705,not estimable,0.0,0.0,0.5,not estimable,50,0,800,0,0.0,0.058823529411764705,0.9147855946155373
6,seed181081,SYNFlood,257053,xgboost,850,50,800,850,0,1.0,0.0,0.058823529411764705,not estimable,0.0,0.0,0.5,not estimable,50,0,800,0,0.0,0.04471733218834979,0.888045514217759
6,seed181081,SYNFlood,282427,hybrid,850,50,800,850,0,1.0,0.0,0.058823529411764705,not estimable,0.0,0.0,0.5,not estimable,50,0,800,0,0.0,0.030617023973427776,0.8823062183139067
6,seed181081,SYNFlood,282427,mlp,850,50,800,850,0,1.0,0.0,0.058823529411764705,not estimable,0.0,0.0,0.5,not estimable,50,0,800,0,1.0,1.0,1.0
6,seed181081,SYNFlood,282427,rf,850,50,800,850,0,1.0,0.0,0.058823529411764705,not estimable,0.0,0.0,0.5,not estimable,50,0,800,0,0.0,0.05657033885873551,0.9138229653405534
6,seed181081,SYNFlood,282427,xgboost,850,50,800,850,0,1.0,0.0,0.058823529411764705,not estimable,0.0,0.0,0.5,not estimable,50,0,800,0,0.0,0.04471733218834979,0.888045514217759
6,seed181081,SYNFlood,307759,hybrid,850,50,800,850,0,1.0,0.0,0.058823529411764705,not estimable,0.0,0.0,0.5,not estimable,50,0,800,0,0.5,0.05884595137542516,0.9658517323381611
6,seed181081,SYNFlood,307759,mlp,850,50,800,849,1,0.9988235294117647,0.001176470588235294,0.06,1.0,0.00125,0.0024968789013732834,0.500625,0.008579977788182253,50,0,799,1,0.5,0.05884595137542516,0.9658517323381611
6,seed181081,SYNFlood,307759,rf,850,50,800,850,0,1.0,0.0,0.058823529411764705,not estimable,0.0,0.0,0.5,not estimable,50,0,800,0,0.0,0.04985994397759104,0.9147855946155373
6,seed181081,SYNFlood,307759,xgboost,850,50,800,850,0,1.0,0.0,0.058823529411764705,not estimable,0.0,0.0,0.5,not estimable,50,0,800,0,0.0,0.040080249893818254,0.9149635725987396
6,seed181081,SYNFlood,333019,hybrid,850,50,800,850,0,1.0,0.0,0.058823529411764705,not estimable,0.0,0.0,0.5,not estimable,50,0,800,0,0.3145,0.041261924682313884,0.9441811715904976
6,seed181081,SYNFlood,333019,mlp,850,50,800,848,2,0.9976470588235294,0.002352941176470588,0.0611764705882353,1.0,0.0025,0.004987531172069825,0.50125,0.012141073279465802,50,0,798,2,1.0,1.0,1.0
6,seed181081,SYNFlood,333019,rf,850,50,800,850,0,1.0,0.0,0.058823529411764705,not estimable,0.0,0.0,0.5,not estimable,50,0,800,0,0.0,0.058823529411764705,0.9147855946155373
6,seed181081,SYNFlood,333019,xgboost,850,50,800,850,0,1.0,0.0,0.058823529411764705,not estimable,0.0,0.0,0.5,not estimable,50,0,800,0,0.0,0.04471733218834979,0.914909257318369
6,seed181081,UDPFlood,104729,hybrid,70,50,20,50,20,0.7142857142857143,0.2857142857142857,1.0,1.0,1.0,1.0,1.0,1.0,50,0,0,20,1.0,1.0,1.0
6,seed181081,UDPFlood,104729,mlp,70,50,20,70,0,1.0,0.0,0.7142857142857143,not estimable,0.0,0.0,0.5,not estimable,50,0,20,0,0.0,0.5066857974834035,0.2857142857142857
6,seed181081,UDPFlood,104729,rf,70,50,20,50,20,0.7142857142857143,0.2857142857142857,1.0,1.0,1.0,1.0,1.0,1.0,50,0,0,20,1.0,1.0,1.0
6,seed181081,UDPFlood,104729,xgboost,70,50,20,50,20,0.7142857142857143,0.2857142857142857,1.0,1.0,1.0,1.0,1.0,1.0,50,0,0,20,1.0,1.0,1.0
6,seed181081,UDPFlood,130363,hybrid,70,50,20,50,20,0.7142857142857143,0.2857142857142857,1.0,1.0,1.0,1.0,1.0,1.0,50,0,0,20,1.0,1.0,0.9999999999999999
6,seed181081,UDPFlood,130363,mlp,70,50,20,70,0,1.0,0.0,0.7142857142857143,not estimable,0.0,0.0,0.5,not estimable,50,0,20,0,0.0,0.5059611598022441,0.24859080061632777
6,seed181081,UDPFlood,130363,rf,70,50,20,50,20,0.7142857142857143,0.2857142857142857,1.0,1.0,1.0,1.0,1.0,1.0,50,0,0,20,1.0,1.0,0.9999999999999999
6,seed181081,UDPFlood,130363,xgboost,70,50,20,50,20,0.7142857142857143,0.2857142857142857,1.0,1.0,1.0,1.0,1.0,1.0,50,0,0,20,1.0,1.0,1.0
6,seed181081,UDPFlood,155921,hybrid,70,50,20,50,20,0.7142857142857143,0.2857142857142857,1.0,1.0,1.0,1.0,1.0,1.0,50,0,0,20,1.0,1.0,1.0
6,seed181081,UDPFlood,155921,mlp,70,50,20,70,0,1.0,0.0,0.7142857142857143,not estimable,0.0,0.0,0.5,not estimable,50,0,20,0,0.0,0.7142857142857143,0.2857142857142857
6,seed181081,UDPFlood,155921,rf,70,50,20,50,20,0.7142857142857143,0.2857142857142857,1.0,1.0,1.0,1.0,1.0,1.0,50,0,0,20,1.0,1.0,1.0
6,seed181081,UDPFlood,155921,xgboost,70,50,20,50,20,0.7142857142857143,0.2857142857142857,1.0,1.0,1.0,1.0,1.0,1.0,50,0,0,20,1.0,1.0,1.0
6,seed181081,UDPFlood,181081,hybrid,70,50,20,50,20,0.7142857142857143,0.2857142857142857,1.0,1.0,1.0,1.0,1.0,1.0,50,0,0,20,1.0,1.0,0.9999999999999999
6,seed181081,UDPFlood,181081,mlp,70,50,20,70,0,1.0,0.0,0.7142857142857143,not estimable,0.0,0.0,0.5,not estimable,50,0,20,0,0.0,0.7142857142857143,0.2857142857142857
6,seed181081,UDPFlood,181081,rf,70,50,20,50,20,0.7142857142857143,0.2857142857142857,1.0,1.0,1.0,1.0,1.0,1.0,50,0,0,20,1.0,1.0,1.0
6,seed181081,UDPFlood,181081,xgboost,70,50,20,50,20,0.7142857142857143,0.2857142857142857,1.0,1.0,1.0,1.0,1.0,1.0,50,0,0,20,1.0,1.0,1.0
6,seed181081,UDPFlood,206369,hybrid,70,50,20,50,20,0.7142857142857143,0.2857142857142857,1.0,1.0,1.0,1.0,1.0,1.0,50,0,0,20,1.0,1.0000000000000002,1.0000000000000002
6,seed181081,UDPFlood,206369,mlp,70,50,20,50,20,0.7142857142857143,0.2857142857142857,1.0,1.0,1.0,1.0,1.0,1.0,50,0,0,20,1.0,1.0,1.0
6,seed181081,UDPFlood,206369,rf,70,50,20,50,20,0.7142857142857143,0.2857142857142857,1.0,1.0,1.0,1.0,1.0,1.0,50,0,0,20,1.0,1.0,1.0
6,seed181081,UDPFlood,206369,xgboost,70,50,20,50,20,0.7142857142857143,0.2857142857142857,1.0,1.0,1.0,1.0,1.0,1.0,50,0,0,20,1.0,1.0,1.0
6,seed181081,UDPFlood,231701,hybrid,70,50,20,50,20,0.7142857142857143,0.2857142857142857,1.0,1.0,1.0,1.0,1.0,1.0,50,0,0,20,1.0,1.0,1.0
6,seed181081,UDPFlood,231701,mlp,70,50,20,70,0,1.0,0.0,0.7142857142857143,not estimable,0.0,0.0,0.5,not estimable,50,0,20,0,0.0,0.7142857142857143,0.2857142857142857
6,seed181081,UDPFlood,231701,rf,70,50,20,50,20,0.7142857142857143,0.2857142857142857,1.0,1.0,1.0,1.0,1.0,1.0,50,0,0,20,1.0,1.0,1.0
6,seed181081,UDPFlood,231701,xgboost,70,50,20,50,20,0.7142857142857143,0.2857142857142857,1.0,1.0,1.0,1.0,1.0,1.0,50,0,0,20,1.0,1.0,1.0
6,seed181081,UDPFlood,257053,hybrid,70,50,20,50,20,0.7142857142857143,0.2857142857142857,1.0,1.0,1.0,1.0,1.0,1.0,50,0,0,20,1.0,1.0,1.0000000000000002
6,seed181081,UDPFlood,257053,mlp,70,50,20,70,0,1.0,0.0,0.7142857142857143,not estimable,0.0,0.0,0.5,not estimable,50,0,20,0,0.0,0.5059611598022441,0.2857142857142857
6,seed181081,UDPFlood,257053,rf,70,50,20,50,20,0.7142857142857143,0.2857142857142857,1.0,1.0,1.0,1.0,1.0,1.0,50,0,0,20,1.0,1.0,1.0
6,seed181081,UDPFlood,257053,xgboost,70,50,20,50,20,0.7142857142857143,0.2857142857142857,1.0,1.0,1.0,1.0,1.0,1.0,50,0,0,20,1.0,1.0,1.0
6,seed181081,UDPFlood,282427,hybrid,70,50,20,50,20,0.7142857142857143,0.2857142857142857,1.0,1.0,1.0,1.0,1.0,1.0,50,0,0,20,1.0,1.0,1.0
6,seed181081,UDPFlood,282427,mlp,70,50,20,70,0,1.0,0.0,0.7142857142857143,not estimable,0.0,0.0,0.5,not estimable,50,0,20,0,0.0,0.5063867733857523,0.2857142857142857
6,seed181081,UDPFlood,282427,rf,70,50,20,50,20,0.7142857142857143,0.2857142857142857,1.0,1.0,1.0,1.0,1.0,1.0,50,0,0,20,1.0,1.0,1.0000000000000002
6,seed181081,UDPFlood,282427,xgboost,70,50,20,50,20,0.7142857142857143,0.2857142857142857,1.0,1.0,1.0,1.0,1.0,1.0,50,0,0,20,1.0,1.0,1.0
6,seed181081,UDPFlood,307759,hybrid,70,50,20,50,20,0.7142857142857143,0.2857142857142857,1.0,1.0,1.0,1.0,1.0,1.0,50,0,0,20,1.0,1.0,1.0000000000000002
6,seed181081,UDPFlood,307759,mlp,70,50,20,70,0,1.0,0.0,0.7142857142857143,not estimable,0.0,0.0,0.5,not estimable,50,0,20,0,0.0,0.5059611598022441,0.2857142857142857
6,seed181081,UDPFlood,307759,rf,70,50,20,50,20,0.7142857142857143,0.2857142857142857,1.0,1.0,1.0,1.0,1.0,1.0,50,0,0,20,1.0,1.0,1.0000000000000002
6,seed181081,UDPFlood,307759,xgboost,70,50,20,50,20,0.7142857142857143,0.2857142857142857,1.0,1.0,1.0,1.0,1.0,1.0,50,0,0,20,1.0,1.0,1.0
6,seed181081,UDPFlood,333019,hybrid,70,50,20,50,20,0.7142857142857143,0.2857142857142857,1.0,1.0,1.0,1.0,1.0,1.0,50,0,0,20,1.0,1.0,0.9999999999999999
6,seed181081,UDPFlood,333019,mlp,70,50,20,70,0,1.0,0.0,0.7142857142857143,not estimable,0.0,0.0,0.5,not estimable,50,0,20,0,0.0,0.5059611598022441,0.2857142857142857
6,seed181081,UDPFlood,333019,rf,70,50,20,50,20,0.7142857142857143,0.2857142857142857,1.0,1.0,1.0,1.0,1.0,1.0,50,0,0,20,0.9999999999999999,1.0,1.0000000000000002
6,seed181081,UDPFlood,333019,xgboost,70,50,20,50,20,0.7142857142857143,0.2857142857142857,1.0,1.0,1.0,1.0,1.0,1.0,50,0,0,20,1.0,1.0,1.0
6,seed206369,DNSAmplification,104729,hybrid,60,50,10,50,10,0.8333333333333334,0.16666666666666666,1.0,1.0,1.0,1.0,1.0,1.0,50,0,0,10,1.0,1.0,1.0
6,seed206369,DNSAmplification,104729,mlp,60,50,10,60,0,1.0,0.0,0.8333333333333334,not estimable,0.0,0.0,0.5,not estimable,50,0,10,0,0.0,0.6498195682033032,0.16666666666666666
6,seed206369,DNSAmplification,104729,rf,60,50,10,50,10,0.8333333333333334,0.16666666666666666,1.0,1.0,1.0,1.0,1.0,1.0,50,0,0,10,1.0,1.0,1.0
6,seed206369,DNSAmplification,104729,xgboost,60,50,10,50,10,0.8333333333333334,0.16666666666666666,1.0,1.0,1.0,1.0,1.0,1.0,50,0,0,10,1.0,1.0,1.0
6,seed206369,DNSAmplification,130363,hybrid,60,50,10,50,10,0.8333333333333334,0.16666666666666666,1.0,1.0,1.0,1.0,1.0,1.0,50,0,0,10,1.0,1.0,1.0
6,seed206369,DNSAmplification,130363,mlp,60,50,10,60,0,1.0,0.0,0.8333333333333334,not estimable,0.0,0.0,0.5,not estimable,50,0,10,0,0.0,0.6498195682033032,0.16666666666666666
6,seed206369,DNSAmplification,130363,rf,60,50,10,50,10,0.8333333333333334,0.16666666666666666,1.0,1.0,1.0,1.0,1.0,1.0,50,0,0,10,1.0,1.0,1.0
6,seed206369,DNSAmplification,130363,xgboost,60,50,10,50,10,0.8333333333333334,0.16666666666666666,1.0,1.0,1.0,1.0,1.0,1.0,50,0,0,10,1.0,1.0,1.0
6,seed206369,DNSAmplification,155921,hybrid,60,50,10,50,10,0.8333333333333334,0.16666666666666666,1.0,1.0,1.0,1.0,1.0,1.0,50,0,0,10,1.0,1.0,1.0
6,seed206369,DNSAmplification,155921,mlp,60,50,10,60,0,1.0,0.0,0.8333333333333334,not estimable,0.0,0.0,0.5,not estimable,50,0,10,0,0.0,0.8333333333333334,0.16666666666666666
6,seed206369,DNSAmplification,155921,rf,60,50,10,50,10,0.8333333333333334,0.16666666666666666,1.0,1.0,1.0,1.0,1.0,1.0,50,0,0,10,1.0,1.0,1.0
6,seed206369,DNSAmplification,155921,xgboost,60,50,10,50,10,0.8333333333333334,0.16666666666666666,1.0,1.0,1.0,1.0,1.0,1.0,50,0,0,10,1.0,1.0,1.0
6,seed206369,DNSAmplification,181081,hybrid,60,50,10,50,10,0.8333333333333334,0.16666666666666666,1.0,1.0,1.0,1.0,1.0,1.0,50,0,0,10,1.0,1.0,1.0
6,seed206369,DNSAmplification,181081,mlp,60,50,10,60,0,1.0,0.0,0.8333333333333334,not estimable,0.0,0.0,0.5,not estimable,50,0,10,0,0.0,0.8333333333333334,0.16666666666666666
6,seed206369,DNSAmplification,181081,rf,60,50,10,50,10,0.8333333333333334,0.16666666666666666,1.0,1.0,1.0,1.0,1.0,1.0,50,0,0,10,1.0,1.0,1.0
6,seed206369,DNSAmplification,181081,xgboost,60,50,10,50,10,0.8333333333333334,0.16666666666666666,1.0,1.0,1.0,1.0,1.0,1.0,50,0,0,10,1.0,1.0,1.0
6,seed206369,DNSAmplification,206369,hybrid,60,50,10,50,10,0.8333333333333334,0.16666666666666666,1.0,1.0,1.0,1.0,1.0,1.0,50,0,0,10,1.0,1.0,1.0
6,seed206369,DNSAmplification,206369,mlp,60,50,10,60,0,1.0,0.0,0.8333333333333334,not estimable,0.0,0.0,0.5,not estimable,50,0,10,0,0.0,0.692454424903059,0.16666666666666666
6,seed206369,DNSAmplification,206369,rf,60,50,10,50,10,0.8333333333333334,0.16666666666666666,1.0,1.0,1.0,1.0,1.0,1.0,50,0,0,10,1.0,1.0,1.0
6,seed206369,DNSAmplification,206369,xgboost,60,50,10,50,10,0.8333333333333334,0.16666666666666666,1.0,1.0,1.0,1.0,1.0,1.0,50,0,0,10,1.0,1.0,1.0
6,seed206369,DNSAmplification,231701,hybrid,60,50,10,50,10,0.8333333333333334,0.16666666666666666,1.0,1.0,1.0,1.0,1.0,1.0,50,0,0,10,1.0,1.0,1.0
6,seed206369,DNSAmplification,231701,mlp,60,50,10,60,0,1.0,0.0,0.8333333333333334,not estimable,0.0,0.0,0.5,not estimable,50,0,10,0,0.0,0.8333333333333334,0.16666666666666666
6,seed206369,DNSAmplification,231701,rf,60,50,10,50,10,0.8333333333333334,0.16666666666666666,1.0,1.0,1.0,1.0,1.0,1.0,50,0,0,10,1.0,1.0,1.0
6,seed206369,DNSAmplification,231701,xgboost,60,50,10,50,10,0.8333333333333334,0.16666666666666666,1.0,1.0,1.0,1.0,1.0,1.0,50,0,0,10,1.0,1.0,1.0
6,seed206369,DNSAmplification,257053,hybrid,60,50,10,50,10,0.8333333333333334,0.16666666666666666,1.0,1.0,1.0,1.0,1.0,1.0,50,0,0,10,1.0,1.0,1.0
6,seed206369,DNSAmplification,257053,mlp,60,50,10,60,0,1.0,0.0,0.8333333333333334,not estimable,0.0,0.0,0.5,not estimable,50,0,10,0,0.0,0.6498195682033032,0.16666666666666666
6,seed206369,DNSAmplification,257053,rf,60,50,10,50,10,0.8333333333333334,0.16666666666666666,1.0,1.0,1.0,1.0,1.0,1.0,50,0,0,10,1.0,1.0,1.0
6,seed206369,DNSAmplification,257053,xgboost,60,50,10,50,10,0.8333333333333334,0.16666666666666666,1.0,1.0,1.0,1.0,1.0,1.0,50,0,0,10,1.0,1.0,1.0
6,seed206369,DNSAmplification,282427,hybrid,60,50,10,50,10,0.8333333333333334,0.16666666666666666,1.0,1.0,1.0,1.0,1.0,1.0,50,0,0,10,1.0,1.0,1.0
6,seed206369,DNSAmplification,282427,mlp,60,50,10,60,0,1.0,0.0,0.8333333333333334,not estimable,0.0,0.0,0.5,not estimable,50,0,10,0,0.0,0.6503458839927768,0.16666666666666666
6,seed206369,DNSAmplification,282427,rf,60,50,10,50,10,0.8333333333333334,0.16666666666666666,1.0,1.0,1.0,1.0,1.0,1.0,50,0,0,10,1.0,1.0,1.0
6,seed206369,DNSAmplification,282427,xgboost,60,50,10,50,10,0.8333333333333334,0.16666666666666666,1.0,1.0,1.0,1.0,1.0,1.0,50,0,0,10,1.0,1.0,1.0
6,seed206369,DNSAmplification,307759,hybrid,60,50,10,50,10,0.8333333333333334,0.16666666666666666,1.0,1.0,1.0,1.0,1.0,1.0,50,0,0,10,1.0,1.0,1.0
6,seed206369,DNSAmplification,307759,mlp,60,50,10,60,0,1.0,0.0,0.8333333333333334,not estimable,0.0,0.0,0.5,not estimable,50,0,10,0,0.0,0.6498195682033032,0.16666666666666666
6,seed206369,DNSAmplification,307759,rf,60,50,10,50,10,0.8333333333333334,0.16666666666666666,1.0,1.0,1.0,1.0,1.0,1.0,50,0,0,10,1.0,1.0,1.0
6,seed206369,DNSAmplification,307759,xgboost,60,50,10,50,10,0.8333333333333334,0.16666666666666666,1.0,1.0,1.0,1.0,1.0,1.0,50,0,0,10,1.0,1.0,1.0
6,seed206369,DNSAmplification,333019,hybrid,60,50,10,50,10,0.8333333333333334,0.16666666666666666,1.0,1.0,1.0,1.0,1.0,1.0,50,0,0,10,1.0,1.0,1.0
6,seed206369,DNSAmplification,333019,mlp,60,50,10,60,0,1.0,0.0,0.8333333333333334,not estimable,0.0,0.0,0.5,not estimable,50,0,10,0,0.0,0.6498195682033032,0.16666666666666666
6,seed206369,DNSAmplification,333019,rf,60,50,10,50,10,0.8333333333333334,0.16666666666666666,1.0,1.0,1.0,1.0,1.0,1.0,50,0,0,10,1.0,1.0,1.0
6,seed206369,DNSAmplification,333019,xgboost,60,50,10,50,10,0.8333333333333334,0.16666666666666666,1.0,1.0,1.0,1.0,1.0,1.0,50,0,0,10,1.0,1.0,1.0
6,seed206369,Normal,104729,hybrid,50,50,0,50,0,1.0,0.0,1.0,not estimable,not estimable,not estimable,not estimable,not estimable,50,0,0,0,not estimable,not estimable,not estimable
6,seed206369,Normal,104729,mlp,50,50,0,50,0,1.0,0.0,1.0,not estimable,not estimable,not estimable,not estimable,not estimable,50,0,0,0,not estimable,not estimable,not estimable
6,seed206369,Normal,104729,rf,50,50,0,50,0,1.0,0.0,1.0,not estimable,not estimable,not estimable,not estimable,not estimable,50,0,0,0,not estimable,not estimable,not estimable
6,seed206369,Normal,104729,xgboost,50,50,0,50,0,1.0,0.0,1.0,not estimable,not estimable,not estimable,not estimable,not estimable,50,0,0,0,not estimable,not estimable,not estimable
6,seed206369,Normal,130363,hybrid,50,50,0,50,0,1.0,0.0,1.0,not estimable,not estimable,not estimable,not estimable,not estimable,50,0,0,0,not estimable,not estimable,not estimable
6,seed206369,Normal,130363,mlp,50,50,0,50,0,1.0,0.0,1.0,not estimable,not estimable,not estimable,not estimable,not estimable,50,0,0,0,not estimable,not estimable,not estimable
6,seed206369,Normal,130363,rf,50,50,0,50,0,1.0,0.0,1.0,not estimable,not estimable,not estimable,not estimable,not estimable,50,0,0,0,not estimable,not estimable,not estimable
6,seed206369,Normal,130363,xgboost,50,50,0,50,0,1.0,0.0,1.0,not estimable,not estimable,not estimable,not estimable,not estimable,50,0,0,0,not estimable,not estimable,not estimable
6,seed206369,Normal,155921,hybrid,50,50,0,50,0,1.0,0.0,1.0,not estimable,not estimable,not estimable,not estimable,not estimable,50,0,0,0,not estimable,not estimable,not estimable
6,seed206369,Normal,155921,mlp,50,50,0,50,0,1.0,0.0,1.0,not estimable,not estimable,not estimable,not estimable,not estimable,50,0,0,0,not estimable,not estimable,not estimable
6,seed206369,Normal,155921,rf,50,50,0,50,0,1.0,0.0,1.0,not estimable,not estimable,not estimable,not estimable,not estimable,50,0,0,0,not estimable,not estimable,not estimable
6,seed206369,Normal,155921,xgboost,50,50,0,50,0,1.0,0.0,1.0,not estimable,not estimable,not estimable,not estimable,not estimable,50,0,0,0,not estimable,not estimable,not estimable
6,seed206369,Normal,181081,hybrid,50,50,0,50,0,1.0,0.0,1.0,not estimable,not estimable,not estimable,not estimable,not estimable,50,0,0,0,not estimable,not estimable,not estimable
6,seed206369,Normal,181081,mlp,50,50,0,50,0,1.0,0.0,1.0,not estimable,not estimable,not estimable,not estimable,not estimable,50,0,0,0,not estimable,not estimable,not estimable
6,seed206369,Normal,181081,rf,50,50,0,50,0,1.0,0.0,1.0,not estimable,not estimable,not estimable,not estimable,not estimable,50,0,0,0,not estimable,not estimable,not estimable
6,seed206369,Normal,181081,xgboost,50,50,0,50,0,1.0,0.0,1.0,not estimable,not estimable,not estimable,not estimable,not estimable,50,0,0,0,not estimable,not estimable,not estimable
6,seed206369,Normal,206369,hybrid,50,50,0,50,0,1.0,0.0,1.0,not estimable,not estimable,not estimable,not estimable,not estimable,50,0,0,0,not estimable,not estimable,not estimable
6,seed206369,Normal,206369,mlp,50,50,0,50,0,1.0,0.0,1.0,not estimable,not estimable,not estimable,not estimable,not estimable,50,0,0,0,not estimable,not estimable,not estimable
6,seed206369,Normal,206369,rf,50,50,0,50,0,1.0,0.0,1.0,not estimable,not estimable,not estimable,not estimable,not estimable,50,0,0,0,not estimable,not estimable,not estimable
6,seed206369,Normal,206369,xgboost,50,50,0,50,0,1.0,0.0,1.0,not estimable,not estimable,not estimable,not estimable,not estimable,50,0,0,0,not estimable,not estimable,not estimable
6,seed206369,Normal,231701,hybrid,50,50,0,50,0,1.0,0.0,1.0,not estimable,not estimable,not estimable,not estimable,not estimable,50,0,0,0,not estimable,not estimable,not estimable
6,seed206369,Normal,231701,mlp,50,50,0,50,0,1.0,0.0,1.0,not estimable,not estimable,not estimable,not estimable,not estimable,50,0,0,0,not estimable,not estimable,not estimable
6,seed206369,Normal,231701,rf,50,50,0,50,0,1.0,0.0,1.0,not estimable,not estimable,not estimable,not estimable,not estimable,50,0,0,0,not estimable,not estimable,not estimable
6,seed206369,Normal,231701,xgboost,50,50,0,50,0,1.0,0.0,1.0,not estimable,not estimable,not estimable,not estimable,not estimable,50,0,0,0,not estimable,not estimable,not estimable
6,seed206369,Normal,257053,hybrid,50,50,0,50,0,1.0,0.0,1.0,not estimable,not estimable,not estimable,not estimable,not estimable,50,0,0,0,not estimable,not estimable,not estimable
6,seed206369,Normal,257053,mlp,50,50,0,49,1,0.98,0.02,0.98,0.0,not estimable,0.0,not estimable,not estimable,49,1,0,0,not estimable,not estimable,not estimable
6,seed206369,Normal,257053,rf,50,50,0,50,0,1.0,0.0,1.0,not estimable,not estimable,not estimable,not estimable,not estimable,50,0,0,0,not estimable,not estimable,not estimable
6,seed206369,Normal,257053,xgboost,50,50,0,50,0,1.0,0.0,1.0,not estimable,not estimable,not estimable,not estimable,not estimable,50,0,0,0,not estimable,not estimable,not estimable
6,seed206369,Normal,282427,hybrid,50,50,0,50,0,1.0,0.0,1.0,not estimable,not estimable,not estimable,not estimable,not estimable,50,0,0,0,not estimable,not estimable,not estimable
6,seed206369,Normal,282427,mlp,50,50,0,50,0,1.0,0.0,1.0,not estimable,not estimable,not estimable,not estimable,not estimable,50,0,0,0,not estimable,not estimable,not estimable
6,seed206369,Normal,282427,rf,50,50,0,50,0,1.0,0.0,1.0,not estimable,not estimable,not estimable,not estimable,not estimable,50,0,0,0,not estimable,not estimable,not estimable
6,seed206369,Normal,282427,xgboost,50,50,0,50,0,1.0,0.0,1.0,not estimable,not estimable,not estimable,not estimable,not estimable,50,0,0,0,not estimable,not estimable,not estimable
6,seed206369,Normal,307759,hybrid,50,50,0,50,0,1.0,0.0,1.0,not estimable,not estimable,not estimable,not estimable,not estimable,50,0,0,0,not estimable,not estimable,not estimable
6,seed206369,Normal,307759,mlp,50,50,0,50,0,1.0,0.0,1.0,not estimable,not estimable,not estimable,not estimable,not estimable,50,0,0,0,not estimable,not estimable,not estimable
6,seed206369,Normal,307759,rf,50,50,0,50,0,1.0,0.0,1.0,not estimable,not estimable,not estimable,not estimable,not estimable,50,0,0,0,not estimable,not estimable,not estimable
6,seed206369,Normal,307759,xgboost,50,50,0,50,0,1.0,0.0,1.0,not estimable,not estimable,not estimable,not estimable,not estimable,50,0,0,0,not estimable,not estimable,not estimable
6,seed206369,Normal,333019,hybrid,50,50,0,50,0,1.0,0.0,1.0,not estimable,not estimable,not estimable,not estimable,not estimable,50,0,0,0,not estimable,not estimable,not estimable
6,seed206369,Normal,333019,mlp,50,50,0,50,0,1.0,0.0,1.0,not estimable,not estimable,not estimable,not estimable,not estimable,50,0,0,0,not estimable,not estimable,not estimable
6,seed206369,Normal,333019,rf,50,50,0,50,0,1.0,0.0,1.0,not estimable,not estimable,not estimable,not estimable,not estimable,50,0,0,0,not estimable,not estimable,not estimable
6,seed206369,Normal,333019,xgboost,50,50,0,50,0,1.0,0.0,1.0,not estimable,not estimable,not estimable,not estimable,not estimable,50,0,0,0,not estimable,not estimable,not estimable
6,seed206369,SYNFlood,104729,hybrid,850,50,800,850,0,1.0,0.0,0.058823529411764705,not estimable,0.0,0.0,0.5,not estimable,50,0,800,0,0.5,0.05884595137542516,0.9703809800427242
6,seed206369,SYNFlood,104729,mlp,850,50,800,850,0,1.0,0.0,0.058823529411764705,not estimable,0.0,0.0,0.5,not estimable,50,0,800,0,1.0,1.0,0.9999999999999999
6,seed206369,SYNFlood,104729,rf,850,50,800,850,0,1.0,0.0,0.058823529411764705,not estimable,0.0,0.0,0.5,not estimable,50,0,800,0,0.0,0.058823529411764705,0.9099234302278649
6,seed206369,SYNFlood,104729,xgboost,850,50,800,850,0,1.0,0.0,0.058823529411764705,not estimable,0.0,0.0,0.5,not estimable,50,0,800,0,0.0,0.045050215208034435,0.8880024197665481
6,seed206369,SYNFlood,130363,hybrid,850,50,800,850,0,1.0,0.0,0.058823529411764705,not estimable,0.0,0.0,0.5,not estimable,50,0,800,0,0.5,0.05884595137542516,0.9703809800427242
6,seed206369,SYNFlood,130363,mlp,850,50,800,450,400,0.5294117647058824,0.47058823529411764,0.5294117647058824,1.0,0.5,0.6666666666666666,0.75,0.23570226039551587,50,0,400,400,1.0,1.0,0.9999999999999999
6,seed206369,SYNFlood,130363,rf,850,50,800,850,0,1.0,0.0,0.058823529411764705,not estimable,0.0,0.0,0.5,not estimable,50,0,800,0,0.0,0.04858065421872806,0.9098343036681501
6,seed206369,SYNFlood,130363,xgboost,850,50,800,850,0,1.0,0.0,0.058823529411764705,not estimable,0.0,0.0,0.5,not estimable,50,0,800,0,0.0,0.04008164759684492,0.914826294654091
6,seed206369,SYNFlood,155921,hybrid,850,50,800,850,0,1.0,0.0,0.058823529411764705,not estimable,0.0,0.0,0.5,not estimable,50,0,800,0,0.5,0.08130587325194025,0.9703809800427243
6,seed206369,SYNFlood,155921,mlp,850,50,800,850,0,1.0,0.0,0.058823529411764705,not estimable,0.0,0.0,0.5,not estimable,50,0,800,0,1.0,1.0,0.9999999999999999
6,seed206369,SYNFlood,155921,rf,850,50,800,850,0,1.0,0.0,0.058823529411764705,not estimable,0.0,0.0,0.5,not estimable,50,0,800,0,0.0,0.054515657009072294,0.897674427899027
6,seed206369,SYNFlood,155921,xgboost,850,50,800,850,0,1.0,0.0,0.058823529411764705,not estimable,0.0,0.0,0.5,not estimable,50,0,800,0,0.0,0.045050215208034435,0.8880024197665481
6,seed206369,SYNFlood,181081,hybrid,850,50,800,850,0,1.0,0.0,0.058823529411764705,not estimable,0.0,0.0,0.5,not estimable,50,0,800,0,0.0,0.04270786621667779,0.8828423401008385
6,seed206369,SYNFlood,181081,mlp,850,50,800,850,0,1.0,0.0,0.058823529411764705,not estimable,0.0,0.0,0.5,not estimable,50,0,800,0,1.0,1.0,0.9999999999999999
6,seed206369,SYNFlood,181081,rf,850,50,800,850,0,1.0,0.0,0.058823529411764705,not estimable,0.0,0.0,0.5,not estimable,50,0,800,0,0.0,0.054515657009072294,0.8938012937340692
6,seed206369,SYNFlood,181081,xgboost,850,50,800,850,0,1.0,0.0,0.058823529411764705,not estimable,0.0,0.0,0.5,not estimable,50,0,800,0,0.0,0.045050215208034435,0.8880024197665481
6,seed206369,SYNFlood,206369,hybrid,850,50,800,850,0,1.0,0.0,0.058823529411764705,not estimable,0.0,0.0,0.5,not estimable,50,0,800,0,0.5,0.06838295815385284,0.9703809800427242
6,seed206369,SYNFlood,206369,mlp,850,50,800,450,400,0.5294117647058824,0.47058823529411764,0.5294117647058824,1.0,0.5,0.6666666666666666,0.75,0.23570226039551587,50,0,400,400,1.0,1.0,0.9999999999999999
6,seed206369,SYNFlood,206369,rf,850,50,800,850,0,1.0,0.0,0.058823529411764705,not estimable,0.0,0.0,0.5,not estimable,50,0,800,0,0.0,0.058823529411764705,0.9139460784313725
6,seed206369,SYNFlood,206369,xgboost,850,50,800,850,0,1.0,0.0,0.058823529411764705,not estimable,0.0,0.0,0.5,not estimable,50,0,800,0,0.0,0.045050215208034435,0.8880024197665481
6,seed206369,SYNFlood,231701,hybrid,850,50,800,850,0,1.0,0.0,0.058823529411764705,not estimable,0.0,0.0,0.5,not estimable,50,0,800,0,0.0,0.04270786621667779,0.8974659214276941
6,seed206369,SYNFlood,231701,mlp,850,50,800,850,0,1.0,0.0,0.058823529411764705,not estimable,0.0,0.0,0.5,not estimable,50,0,800,0,1.0,1.0,1.0
6,seed206369,SYNFlood,231701,rf,850,50,800,850,0,1.0,0.0,0.058823529411764705,not estimable,0.0,0.0,0.5,not estimable,50,0,800,0,0.0,0.054515657009072294,0.9090601657329598
6,seed206369,SYNFlood,231701,xgboost,850,50,800,850,0,1.0,0.0,0.058823529411764705,not estimable,0.0,0.0,0.5,not estimable,50,0,800,0,0.0,0.045050215208034435,0.8880024197665481
6,seed206369,SYNFlood,257053,hybrid,850,50,800,850,0,1.0,0.0,0.058823529411764705,not estimable,0.0,0.0,0.5,not estimable,50,0,800,0,0.0,0.030594048341956906,0.8828423401008385
6,seed206369,SYNFlood,257053,mlp,850,50,800,850,0,1.0,0.0,0.058823529411764705,not estimable,0.0,0.0,0.5,not estimable,50,0,800,0,0.046074999999999984,0.030909937655014784,0.8891217522761274
6,seed206369,SYNFlood,257053,rf,850,50,800,850,0,1.0,0.0,0.058823529411764705,not estimable,0.0,0.0,0.5,not estimable,50,0,800,0,0.0,0.058823529411764705,0.9142916296997592
6,seed206369,SYNFlood,257053,xgboost,850,50,800,850,0,1.0,0.0,0.058823529411764705,not estimable,0.0,0.0,0.5,not estimable,50,0,800,0,0.0,0.045050215208034435,0.8880024197665481
6,seed206369,SYNFlood,282427,hybrid,850,50,800,850,0,1.0,0.0,0.058823529411764705,not estimable,0.0,0.0,0.5,not estimable,50,0,800,0,0.0,0.030594048341956906,0.8828423401008385
6,seed206369,SYNFlood,282427,mlp,850,50,800,850,0,1.0,0.0,0.058823529411764705,not estimable,0.0,0.0,0.5,not estimable,50,0,800,0,1.0,1.0,0.9999999999999999
6,seed206369,SYNFlood,282427,rf,850,50,800,850,0,1.0,0.0,0.058823529411764705,not estimable,0.0,0.0,0.5,not estimable,50,0,800,0,0.0,0.054515657009072294,0.908095032547432
6,seed206369,SYNFlood,282427,xgboost,850,50,800,850,0,1.0,0.0,0.058823529411764705,not estimable,0.0,0.0,0.5,not estimable,50,0,800,0,0.0,0.045050215208034435,0.8880024197665481
6,seed206369,SYNFlood,307759,hybrid,850,50,800,850,0,1.0,0.0,0.058823529411764705,not estimable,0.0,0.0,0.5,not estimable,50,0,800,0,0.5,0.05884595137542516,0.9703809800427242
6,seed206369,SYNFlood,307759,mlp,850,50,800,850,0,1.0,0.0,0.058823529411764705,not estimable,0.0,0.0,0.5,not estimable,50,0,800,0,0.5,0.05884595137542516,0.9703809800427242
6,seed206369,SYNFlood,307759,rf,850,50,800,850,0,1.0,0.0,0.058823529411764705,not estimable,0.0,0.0,0.5,not estimable,50,0,800,0,0.0,0.04858065421872806,0.914291643602203
6,seed206369,SYNFlood,307759,xgboost,850,50,800,850,0,1.0,0.0,0.058823529411764705,not estimable,0.0,0.0,0.5,not estimable,50,0,800,0,0.0,0.04008164759684492,0.914826294654091
6,seed206369,SYNFlood,333019,hybrid,850,50,800,850,0,1.0,0.0,0.058823529411764705,not estimable,0.0,0.0,0.5,not estimable,50,0,800,0,0.31025,0.04100134788387997,0.9483170265543522
6,seed206369,SYNFlood,333019,mlp,850,50,800,844,6,0.9929411764705882,0.007058823529411765,0.06588235294117648,1.0,0.0075,0.01488833746898263,0.50375,0.02107872852447535,50,0,794,6,1.0,1.0,0.9999999999999999
6,seed206369,SYNFlood,333019,rf,850,50,800,850,0,1.0,0.0,0.058823529411764705,not estimable,0.0,0.0,0.5,not estimable,50,0,800,0,0.0,0.058823529411764705,0.9141667656203837
6,seed206369,SYNFlood,333019,xgboost,850,50,800,850,0,1.0,0.0,0.058823529411764705,not estimable,0.0,0.0,0.5,not estimable,50,0,800,0,0.0,0.045050215208034435,0.9150326797385621
6,seed206369,UDPFlood,104729,hybrid,70,50,20,50,20,0.7142857142857143,0.2857142857142857,1.0,1.0,1.0,1.0,1.0,1.0,50,0,0,20,1.0,1.0,1.0
6,seed206369,UDPFlood,104729,mlp,70,50,20,70,0,1.0,0.0,0.7142857142857143,not estimable,0.0,0.0,0.5,not estimable,50,0,20,0,0.0,0.5059611598022441,0.2857142857142857
6,seed206369,UDPFlood,104729,rf,70,50,20,50,20,0.7142857142857143,0.2857142857142857,1.0,1.0,1.0,1.0,1.0,1.0,50,0,0,20,1.0,1.0,1.0
6,seed206369,UDPFlood,104729,xgboost,70,50,20,50,20,0.7142857142857143,0.2857142857142857,1.0,1.0,1.0,1.0,1.0,1.0,50,0,0,20,1.0,1.0,1.0
6,seed206369,UDPFlood,130363,hybrid,70,50,20,50,20,0.7142857142857143,0.2857142857142857,1.0,1.0,1.0,1.0,1.0,1.0,50,0,0,20,1.0,1.0,1.0000000000000002
6,seed206369,UDPFlood,130363,mlp,70,50,20,70,0,1.0,0.0,0.7142857142857143,not estimable,0.0,0.0,0.5,not estimable,50,0,20,0,0.0,0.5059611598022441,0.22826853029405747
6,seed206369,UDPFlood,130363,rf,70,50,20,50,20,0.7142857142857143,0.2857142857142857,1.0,1.0,1.0,1.0,1.0,1.0,50,0,0,20,1.0,1.0,1.0
6,seed206369,UDPFlood,130363,xgboost,70,50,20,50,20,0.7142857142857143,0.2857142857142857,1.0,1.0,1.0,1.0,1.0,1.0,50,0,0,20,1.0,1.0,1.0
6,seed206369,UDPFlood,155921,hybrid,70,50,20,50,20,0.7142857142857143,0.2857142857142857,1.0,1.0,1.0,1.0,1.0,1.0,50,0,0,20,1.0,1.0,1.0
6,seed206369,UDPFlood,155921,mlp,70,50,20,70,0,1.0,0.0,0.7142857142857143,not estimable,0.0,0.0,0.5,not estimable,50,0,20,0,0.0,0.7142857142857143,0.2857142857142857
6,seed206369,UDPFlood,155921,rf,70,50,20,50,20,0.7142857142857143,0.2857142857142857,1.0,1.0,1.0,1.0,1.0,1.0,50,0,0,20,1.0,1.0,1.0
6,seed206369,UDPFlood,155921,xgboost,70,50,20,50,20,0.7142857142857143,0.2857142857142857,1.0,1.0,1.0,1.0,1.0,1.0,50,0,0,20,1.0,1.0,1.0
6,seed206369,UDPFlood,181081,hybrid,70,50,20,50,20,0.7142857142857143,0.2857142857142857,1.0,1.0,1.0,1.0,1.0,1.0,50,0,0,20,1.0,1.0,1.0
6,seed206369,UDPFlood,181081,mlp,70,50,20,70,0,1.0,0.0,0.7142857142857143,not estimable,0.0,0.0,0.5,not estimable,50,0,20,0,0.0,0.7142857142857143,0.2857142857142857
6,seed206369,UDPFlood,181081,rf,70,50,20,50,20,0.7142857142857143,0.2857142857142857,1.0,1.0,1.0,1.0,1.0,1.0,50,0,0,20,1.0,1.0,1.0
6,seed206369,UDPFlood,181081,xgboost,70,50,20,50,20,0.7142857142857143,0.2857142857142857,1.0,1.0,1.0,1.0,1.0,1.0,50,0,0,20,1.0,1.0,1.0
6,seed206369,UDPFlood,206369,hybrid,70,50,20,50,20,0.7142857142857143,0.2857142857142857,1.0,1.0,1.0,1.0,1.0,1.0,50,0,0,20,1.0,1.0,1.0
6,seed206369,UDPFlood,206369,mlp,70,50,20,50,20,0.7142857142857143,0.2857142857142857,1.0,1.0,1.0,1.0,1.0,1.0,50,0,0,20,1.0,1.0,1.0
6,seed206369,UDPFlood,206369,rf,70,50,20,50,20,0.7142857142857143,0.2857142857142857,1.0,1.0,1.0,1.0,1.0,1.0,50,0,0,20,1.0,1.0,1.0
6,seed206369,UDPFlood,206369,xgboost,70,50,20,50,20,0.7142857142857143,0.2857142857142857,1.0,1.0,1.0,1.0,1.0,1.0,50,0,0,20,1.0,1.0,1.0
6,seed206369,UDPFlood,231701,hybrid,70,50,20,50,20,0.7142857142857143,0.2857142857142857,1.0,1.0,1.0,1.0,1.0,1.0,50,0,0,20,1.0,1.0,1.0
6,seed206369,UDPFlood,231701,mlp,70,50,20,70,0,1.0,0.0,0.7142857142857143,not estimable,0.0,0.0,0.5,not estimable,50,0,20,0,0.0,0.7142857142857143,0.2857142857142857
6,seed206369,UDPFlood,231701,rf,70,50,20,50,20,0.7142857142857143,0.2857142857142857,1.0,1.0,1.0,1.0,1.0,1.0,50,0,0,20,1.0,1.0,1.0
6,seed206369,UDPFlood,231701,xgboost,70,50,20,50,20,0.7142857142857143,0.2857142857142857,1.0,1.0,1.0,1.0,1.0,1.0,50,0,0,20,1.0,1.0,1.0
6,seed206369,UDPFlood,257053,hybrid,70,50,20,50,20,0.7142857142857143,0.2857142857142857,1.0,1.0,1.0,1.0,1.0,1.0,50,0,0,20,1.0,1.0,1.0
6,seed206369,UDPFlood,257053,mlp,70,50,20,70,0,1.0,0.0,0.7142857142857143,not estimable,0.0,0.0,0.5,not estimable,50,0,20,0,0.0,0.5059611598022441,0.2857142857142857
6,seed206369,UDPFlood,257053,rf,70,50,20,50,20,0.7142857142857143,0.2857142857142857,1.0,1.0,1.0,1.0,1.0,1.0,50,0,0,20,1.0,1.0,1.0
6,seed206369,UDPFlood,257053,xgboost,70,50,20,50,20,0.7142857142857143,0.2857142857142857,1.0,1.0,1.0,1.0,1.0,1.0,50,0,0,20,1.0,1.0,1.0
6,seed206369,UDPFlood,282427,hybrid,70,50,20,50,20,0.7142857142857143,0.2857142857142857,1.0,1.0,1.0,1.0,1.0,1.0,50,0,0,20,1.0,1.0,1.0
6,seed206369,UDPFlood,282427,mlp,70,50,20,70,0,1.0,0.0,0.7142857142857143,not estimable,0.0,0.0,0.5,not estimable,50,0,20,0,0.0,0.5066691337705866,0.2857142857142857
6,seed206369,UDPFlood,282427,rf,70,50,20,50,20,0.7142857142857143,0.2857142857142857,1.0,1.0,1.0,1.0,1.0,1.0,50,0,0,20,1.0,1.0,1.0
6,seed206369,UDPFlood,282427,xgboost,70,50,20,50,20,0.7142857142857143,0.2857142857142857,1.0,1.0,1.0,1.0,1.0,1.0,50,0,0,20,1.0,1.0,1.0
6,seed206369,UDPFlood,307759,hybrid,70,50,20,50,20,0.7142857142857143,0.2857142857142857,1.0,1.0,1.0,1.0,1.0,1.0,50,0,0,20,1.0,1.0,1.0
6,seed206369,UDPFlood,307759,mlp,70,50,20,70,0,1.0,0.0,0.7142857142857143,not estimable,0.0,0.0,0.5,not estimable,50,0,20,0,0.0,0.5059611598022441,0.2857142857142857
6,seed206369,UDPFlood,307759,rf,70,50,20,50,20,0.7142857142857143,0.2857142857142857,1.0,1.0,1.0,1.0,1.0,1.0,50,0,0,20,1.0,1.0,1.0
6,seed206369,UDPFlood,307759,xgboost,70,50,20,50,20,0.7142857142857143,0.2857142857142857,1.0,1.0,1.0,1.0,1.0,1.0,50,0,0,20,1.0,1.0,1.0
6,seed206369,UDPFlood,333019,hybrid,70,50,20,50,20,0.7142857142857143,0.2857142857142857,1.0,1.0,1.0,1.0,1.0,1.0,50,0,0,20,1.0,1.0,1.0
6,seed206369,UDPFlood,333019,mlp,70,50,20,70,0,1.0,0.0,0.7142857142857143,not estimable,0.0,0.0,0.5,not estimable,50,0,20,0,0.0,0.5059611598022441,0.2857142857142857
6,seed206369,UDPFlood,333019,rf,70,50,20,50,20,0.7142857142857143,0.2857142857142857,1.0,1.0,1.0,1.0,1.0,1.0,50,0,0,20,1.0,1.0,1.0
6,seed206369,UDPFlood,333019,xgboost,70,50,20,50,20,0.7142857142857143,0.2857142857142857,1.0,1.0,1.0,1.0,1.0,1.0,50,0,0,20,1.0,1.0,1.0
6,seed231701,DNSAmplification,104729,hybrid,60,50,10,50,10,0.8333333333333334,0.16666666666666666,1.0,1.0,1.0,1.0,1.0,1.0,50,0,0,10,1.0,1.0,1.0
6,seed231701,DNSAmplification,104729,mlp,60,50,10,60,0,1.0,0.0,0.8333333333333334,not estimable,0.0,0.0,0.5,not estimable,50,0,10,0,0.0,0.6498195682033032,0.16666666666666666
6,seed231701,DNSAmplification,104729,rf,60,50,10,50,10,0.8333333333333334,0.16666666666666666,1.0,1.0,1.0,1.0,1.0,1.0,50,0,0,10,1.0,1.0,1.0
6,seed231701,DNSAmplification,104729,xgboost,60,50,10,50,10,0.8333333333333334,0.16666666666666666,1.0,1.0,1.0,1.0,1.0,1.0,50,0,0,10,1.0,1.0,1.0
6,seed231701,DNSAmplification,130363,hybrid,60,50,10,50,10,0.8333333333333334,0.16666666666666666,1.0,1.0,1.0,1.0,1.0,1.0,50,0,0,10,1.0,1.0,1.0
6,seed231701,DNSAmplification,130363,mlp,60,50,10,60,0,1.0,0.0,0.8333333333333334,not estimable,0.0,0.0,0.5,not estimable,50,0,10,0,0.0,0.6498195682033032,0.16666666666666666
6,seed231701,DNSAmplification,130363,rf,60,50,10,50,10,0.8333333333333334,0.16666666666666666,1.0,1.0,1.0,1.0,1.0,1.0,50,0,0,10,1.0,1.0,1.0
6,seed231701,DNSAmplification,130363,xgboost,60,50,10,50,10,0.8333333333333334,0.16666666666666666,1.0,1.0,1.0,1.0,1.0,1.0,50,0,0,10,1.0,1.0,1.0
6,seed231701,DNSAmplification,155921,hybrid,60,50,10,50,10,0.8333333333333334,0.16666666666666666,1.0,1.0,1.0,1.0,1.0,1.0,50,0,0,10,1.0,1.0,1.0
6,seed231701,DNSAmplification,155921,mlp,60,50,10,60,0,1.0,0.0,0.8333333333333334,not estimable,0.0,0.0,0.5,not estimable,50,0,10,0,0.0,0.8333333333333334,0.16666666666666666
6,seed231701,DNSAmplification,155921,rf,60,50,10,50,10,0.8333333333333334,0.16666666666666666,1.0,1.0,1.0,1.0,1.0,1.0,50,0,0,10,1.0,1.0,1.0
6,seed231701,DNSAmplification,155921,xgboost,60,50,10,50,10,0.8333333333333334,0.16666666666666666,1.0,1.0,1.0,1.0,1.0,1.0,50,0,0,10,1.0,1.0,1.0
6,seed231701,DNSAmplification,181081,hybrid,60,50,10,50,10,0.8333333333333334,0.16666666666666666,1.0,1.0,1.0,1.0,1.0,1.0,50,0,0,10,1.0,1.0,0.9999999999999999
6,seed231701,DNSAmplification,181081,mlp,60,50,10,60,0,1.0,0.0,0.8333333333333334,not estimable,0.0,0.0,0.5,not estimable,50,0,10,0,0.0,0.8333333333333334,0.16666666666666666
6,seed231701,DNSAmplification,181081,rf,60,50,10,50,10,0.8333333333333334,0.16666666666666666,1.0,1.0,1.0,1.0,1.0,1.0,50,0,0,10,1.0,1.0,1.0
6,seed231701,DNSAmplification,181081,xgboost,60,50,10,50,10,0.8333333333333334,0.16666666666666666,1.0,1.0,1.0,1.0,1.0,1.0,50,0,0,10,1.0,1.0,1.0
6,seed231701,DNSAmplification,206369,hybrid,60,50,10,50,10,0.8333333333333334,0.16666666666666666,1.0,1.0,1.0,1.0,1.0,1.0,50,0,0,10,1.0,1.0,1.0
6,seed231701,DNSAmplification,206369,mlp,60,50,10,60,0,1.0,0.0,0.8333333333333334,not estimable,0.0,0.0,0.5,not estimable,50,0,10,0,0.0,0.692924110283391,0.16666666666666666
6,seed231701,DNSAmplification,206369,rf,60,50,10,50,10,0.8333333333333334,0.16666666666666666,1.0,1.0,1.0,1.0,1.0,1.0,50,0,0,10,1.0,1.0,1.0
6,seed231701,DNSAmplification,206369,xgboost,60,50,10,50,10,0.8333333333333334,0.16666666666666666,1.0,1.0,1.0,1.0,1.0,1.0,50,0,0,10,1.0,1.0,1.0
6,seed231701,DNSAmplification,231701,hybrid,60,50,10,50,10,0.8333333333333334,0.16666666666666666,1.0,1.0,1.0,1.0,1.0,1.0,50,0,0,10,1.0,1.0,0.9999999999999999
6,seed231701,DNSAmplification,231701,mlp,60,50,10,60,0,1.0,0.0,0.8333333333333334,not estimable,0.0,0.0,0.5,not estimable,50,0,10,0,0.0,0.8333333333333334,0.16666666666666666
6,seed231701,DNSAmplification,231701,rf,60,50,10,50,10,0.8333333333333334,0.16666666666666666,1.0,1.0,1.0,1.0,1.0,1.0,50,0,0,10,1.0,1.0,1.0
6,seed231701,DNSAmplification,231701,xgboost,60,50,10,50,10,0.8333333333333334,0.16666666666666666,1.0,1.0,1.0,1.0,1.0,1.0,50,0,0,10,1.0,1.0,1.0
6,seed231701,DNSAmplification,257053,hybrid,60,50,10,50,10,0.8333333333333334,0.16666666666666666,1.0,1.0,1.0,1.0,1.0,1.0,50,0,0,10,1.0,1.0,1.0
6,seed231701,DNSAmplification,257053,mlp,60,50,10,60,0,1.0,0.0,0.8333333333333334,not estimable,0.0,0.0,0.5,not estimable,50,0,10,0,0.0,0.6498195682033032,0.16666666666666666
6,seed231701,DNSAmplification,257053,rf,60,50,10,50,10,0.8333333333333334,0.16666666666666666,1.0,1.0,1.0,1.0,1.0,1.0,50,0,0,10,1.0,1.0,1.0
6,seed231701,DNSAmplification,257053,xgboost,60,50,10,50,10,0.8333333333333334,0.16666666666666666,1.0,1.0,1.0,1.0,1.0,1.0,50,0,0,10,1.0,1.0,1.0
6,seed231701,DNSAmplification,282427,hybrid,60,50,10,50,10,0.8333333333333334,0.16666666666666666,1.0,1.0,1.0,1.0,1.0,1.0,50,0,0,10,1.0,1.0,1.0
6,seed231701,DNSAmplification,282427,mlp,60,50,10,60,0,1.0,0.0,0.8333333333333334,not estimable,0.0,0.0,0.5,not estimable,50,0,10,0,0.0,0.6498195682033032,0.16666666666666666
6,seed231701,DNSAmplification,282427,rf,60,50,10,50,10,0.8333333333333334,0.16666666666666666,1.0,1.0,1.0,1.0,1.0,1.0,50,0,0,10,1.0,1.0,1.0
6,seed231701,DNSAmplification,282427,xgboost,60,50,10,50,10,0.8333333333333334,0.16666666666666666,1.0,1.0,1.0,1.0,1.0,1.0,50,0,0,10,1.0,1.0,1.0
6,seed231701,DNSAmplification,307759,hybrid,60,50,10,50,10,0.8333333333333334,0.16666666666666666,1.0,1.0,1.0,1.0,1.0,1.0,50,0,0,10,1.0,1.0,1.0
6,seed231701,DNSAmplification,307759,mlp,60,50,10,60,0,1.0,0.0,0.8333333333333334,not estimable,0.0,0.0,0.5,not estimable,50,0,10,0,0.0,0.6498195682033032,0.16666666666666666
6,seed231701,DNSAmplification,307759,rf,60,50,10,50,10,0.8333333333333334,0.16666666666666666,1.0,1.0,1.0,1.0,1.0,1.0,50,0,0,10,1.0,1.0,1.0
6,seed231701,DNSAmplification,307759,xgboost,60,50,10,50,10,0.8333333333333334,0.16666666666666666,1.0,1.0,1.0,1.0,1.0,1.0,50,0,0,10,1.0,1.0,1.0
6,seed231701,DNSAmplification,333019,hybrid,60,50,10,50,10,0.8333333333333334,0.16666666666666666,1.0,1.0,1.0,1.0,1.0,1.0,50,0,0,10,1.0,1.0,1.0
6,seed231701,DNSAmplification,333019,mlp,60,50,10,60,0,1.0,0.0,0.8333333333333334,not estimable,0.0,0.0,0.5,not estimable,50,0,10,0,0.0,0.6498195682033032,0.16666666666666666
6,seed231701,DNSAmplification,333019,rf,60,50,10,50,10,0.8333333333333334,0.16666666666666666,1.0,1.0,1.0,1.0,1.0,1.0,50,0,0,10,1.0,1.0,1.0
6,seed231701,DNSAmplification,333019,xgboost,60,50,10,50,10,0.8333333333333334,0.16666666666666666,1.0,1.0,1.0,1.0,1.0,1.0,50,0,0,10,1.0,1.0,1.0
6,seed231701,Normal,104729,hybrid,50,50,0,50,0,1.0,0.0,1.0,not estimable,not estimable,not estimable,not estimable,not estimable,50,0,0,0,not estimable,not estimable,not estimable
6,seed231701,Normal,104729,mlp,50,50,0,50,0,1.0,0.0,1.0,not estimable,not estimable,not estimable,not estimable,not estimable,50,0,0,0,not estimable,not estimable,not estimable
6,seed231701,Normal,104729,rf,50,50,0,50,0,1.0,0.0,1.0,not estimable,not estimable,not estimable,not estimable,not estimable,50,0,0,0,not estimable,not estimable,not estimable
6,seed231701,Normal,104729,xgboost,50,50,0,50,0,1.0,0.0,1.0,not estimable,not estimable,not estimable,not estimable,not estimable,50,0,0,0,not estimable,not estimable,not estimable
6,seed231701,Normal,130363,hybrid,50,50,0,50,0,1.0,0.0,1.0,not estimable,not estimable,not estimable,not estimable,not estimable,50,0,0,0,not estimable,not estimable,not estimable
6,seed231701,Normal,130363,mlp,50,50,0,50,0,1.0,0.0,1.0,not estimable,not estimable,not estimable,not estimable,not estimable,50,0,0,0,not estimable,not estimable,not estimable
6,seed231701,Normal,130363,rf,50,50,0,50,0,1.0,0.0,1.0,not estimable,not estimable,not estimable,not estimable,not estimable,50,0,0,0,not estimable,not estimable,not estimable
6,seed231701,Normal,130363,xgboost,50,50,0,50,0,1.0,0.0,1.0,not estimable,not estimable,not estimable,not estimable,not estimable,50,0,0,0,not estimable,not estimable,not estimable
6,seed231701,Normal,155921,hybrid,50,50,0,50,0,1.0,0.0,1.0,not estimable,not estimable,not estimable,not estimable,not estimable,50,0,0,0,not estimable,not estimable,not estimable
6,seed231701,Normal,155921,mlp,50,50,0,50,0,1.0,0.0,1.0,not estimable,not estimable,not estimable,not estimable,not estimable,50,0,0,0,not estimable,not estimable,not estimable
6,seed231701,Normal,155921,rf,50,50,0,50,0,1.0,0.0,1.0,not estimable,not estimable,not estimable,not estimable,not estimable,50,0,0,0,not estimable,not estimable,not estimable
6,seed231701,Normal,155921,xgboost,50,50,0,50,0,1.0,0.0,1.0,not estimable,not estimable,not estimable,not estimable,not estimable,50,0,0,0,not estimable,not estimable,not estimable
6,seed231701,Normal,181081,hybrid,50,50,0,50,0,1.0,0.0,1.0,not estimable,not estimable,not estimable,not estimable,not estimable,50,0,0,0,not estimable,not estimable,not estimable
6,seed231701,Normal,181081,mlp,50,50,0,50,0,1.0,0.0,1.0,not estimable,not estimable,not estimable,not estimable,not estimable,50,0,0,0,not estimable,not estimable,not estimable
6,seed231701,Normal,181081,rf,50,50,0,50,0,1.0,0.0,1.0,not estimable,not estimable,not estimable,not estimable,not estimable,50,0,0,0,not estimable,not estimable,not estimable
6,seed231701,Normal,181081,xgboost,50,50,0,50,0,1.0,0.0,1.0,not estimable,not estimable,not estimable,not estimable,not estimable,50,0,0,0,not estimable,not estimable,not estimable
6,seed231701,Normal,206369,hybrid,50,50,0,50,0,1.0,0.0,1.0,not estimable,not estimable,not estimable,not estimable,not estimable,50,0,0,0,not estimable,not estimable,not estimable
6,seed231701,Normal,206369,mlp,50,50,0,50,0,1.0,0.0,1.0,not estimable,not estimable,not estimable,not estimable,not estimable,50,0,0,0,not estimable,not estimable,not estimable
6,seed231701,Normal,206369,rf,50,50,0,50,0,1.0,0.0,1.0,not estimable,not estimable,not estimable,not estimable,not estimable,50,0,0,0,not estimable,not estimable,not estimable
6,seed231701,Normal,206369,xgboost,50,50,0,50,0,1.0,0.0,1.0,not estimable,not estimable,not estimable,not estimable,not estimable,50,0,0,0,not estimable,not estimable,not estimable
6,seed231701,Normal,231701,hybrid,50,50,0,50,0,1.0,0.0,1.0,not estimable,not estimable,not estimable,not estimable,not estimable,50,0,0,0,not estimable,not estimable,not estimable
6,seed231701,Normal,231701,mlp,50,50,0,50,0,1.0,0.0,1.0,not estimable,not estimable,not estimable,not estimable,not estimable,50,0,0,0,not estimable,not estimable,not estimable
6,seed231701,Normal,231701,rf,50,50,0,50,0,1.0,0.0,1.0,not estimable,not estimable,not estimable,not estimable,not estimable,50,0,0,0,not estimable,not estimable,not estimable
6,seed231701,Normal,231701,xgboost,50,50,0,50,0,1.0,0.0,1.0,not estimable,not estimable,not estimable,not estimable,not estimable,50,0,0,0,not estimable,not estimable,not estimable
6,seed231701,Normal,257053,hybrid,50,50,0,50,0,1.0,0.0,1.0,not estimable,not estimable,not estimable,not estimable,not estimable,50,0,0,0,not estimable,not estimable,not estimable
6,seed231701,Normal,257053,mlp,50,50,0,50,0,1.0,0.0,1.0,not estimable,not estimable,not estimable,not estimable,not estimable,50,0,0,0,not estimable,not estimable,not estimable
6,seed231701,Normal,257053,rf,50,50,0,50,0,1.0,0.0,1.0,not estimable,not estimable,not estimable,not estimable,not estimable,50,0,0,0,not estimable,not estimable,not estimable
6,seed231701,Normal,257053,xgboost,50,50,0,50,0,1.0,0.0,1.0,not estimable,not estimable,not estimable,not estimable,not estimable,50,0,0,0,not estimable,not estimable,not estimable
6,seed231701,Normal,282427,hybrid,50,50,0,50,0,1.0,0.0,1.0,not estimable,not estimable,not estimable,not estimable,not estimable,50,0,0,0,not estimable,not estimable,not estimable
6,seed231701,Normal,282427,mlp,50,50,0,50,0,1.0,0.0,1.0,not estimable,not estimable,not estimable,not estimable,not estimable,50,0,0,0,not estimable,not estimable,not estimable
6,seed231701,Normal,282427,rf,50,50,0,50,0,1.0,0.0,1.0,not estimable,not estimable,not estimable,not estimable,not estimable,50,0,0,0,not estimable,not estimable,not estimable
6,seed231701,Normal,282427,xgboost,50,50,0,50,0,1.0,0.0,1.0,not estimable,not estimable,not estimable,not estimable,not estimable,50,0,0,0,not estimable,not estimable,not estimable
6,seed231701,Normal,307759,hybrid,50,50,0,50,0,1.0,0.0,1.0,not estimable,not estimable,not estimable,not estimable,not estimable,50,0,0,0,not estimable,not estimable,not estimable
6,seed231701,Normal,307759,mlp,50,50,0,50,0,1.0,0.0,1.0,not estimable,not estimable,not estimable,not estimable,not estimable,50,0,0,0,not estimable,not estimable,not estimable
6,seed231701,Normal,307759,rf,50,50,0,50,0,1.0,0.0,1.0,not estimable,not estimable,not estimable,not estimable,not estimable,50,0,0,0,not estimable,not estimable,not estimable
6,seed231701,Normal,307759,xgboost,50,50,0,50,0,1.0,0.0,1.0,not estimable,not estimable,not estimable,not estimable,not estimable,50,0,0,0,not estimable,not estimable,not estimable
6,seed231701,Normal,333019,hybrid,50,50,0,50,0,1.0,0.0,1.0,not estimable,not estimable,not estimable,not estimable,not estimable,50,0,0,0,not estimable,not estimable,not estimable
6,seed231701,Normal,333019,mlp,50,50,0,50,0,1.0,0.0,1.0,not estimable,not estimable,not estimable,not estimable,not estimable,50,0,0,0,not estimable,not estimable,not estimable
6,seed231701,Normal,333019,rf,50,50,0,50,0,1.0,0.0,1.0,not estimable,not estimable,not estimable,not estimable,not estimable,50,0,0,0,not estimable,not estimable,not estimable
6,seed231701,Normal,333019,xgboost,50,50,0,50,0,1.0,0.0,1.0,not estimable,not estimable,not estimable,not estimable,not estimable,50,0,0,0,not estimable,not estimable,not estimable
6,seed231701,SYNFlood,104729,hybrid,850,50,800,850,0,1.0,0.0,0.058823529411764705,not estimable,0.0,0.0,0.5,not estimable,50,0,800,0,0.4975,0.05857539482677126,0.9701028929355724
6,seed231701,SYNFlood,104729,mlp,850,50,800,850,0,1.0,0.0,0.058823529411764705,not estimable,0.0,0.0,0.5,not estimable,50,0,800,0,1.0,1.0,0.9999999999999998
6,seed231701,SYNFlood,104729,rf,850,50,800,850,0,1.0,0.0,0.058823529411764705,not estimable,0.0,0.0,0.5,not estimable,50,0,800,0,0.0,0.058823529411764705,0.912661075648208
6,seed231701,SYNFlood,104729,xgboost,850,50,800,850,0,1.0,0.0,0.058823529411764705,not estimable,0.0,0.0,0.5,not estimable,50,0,800,0,0.0,0.045153690204230185,0.8874906185500283
6,seed231701,SYNFlood,130363,hybrid,850,50,800,850,0,1.0,0.0,0.058823529411764705,not estimable,0.0,0.0,0.5,not estimable,50,0,800,0,0.5,0.05884595137542516,0.9703809800427241
6,seed231701,SYNFlood,130363,mlp,850,50,800,450,400,0.5294117647058824,0.47058823529411764,0.5294117647058824,1.0,0.5,0.6666666666666666,0.75,0.23570226039551587,50,0,400,400,1.0,1.0,0.9999999999999998
6,seed231701,SYNFlood,130363,rf,850,50,800,850,0,1.0,0.0,0.058823529411764705,not estimable,0.0,0.0,0.5,not estimable,50,0,800,0,0.0,0.04698837618879887,0.912661075648208
6,seed231701,SYNFlood,130363,xgboost,850,50,800,850,0,1.0,0.0,0.058823529411764705,not estimable,0.0,0.0,0.5,not estimable,50,0,800,0,0.0,0.03946985916188776,0.914860300798988
6,seed231701,SYNFlood,155921,hybrid,850,50,800,850,0,1.0,0.0,0.058823529411764705,not estimable,0.0,0.0,0.5,not estimable,50,0,800,0,0.5,0.08245042376784245,0.9703809800427241
6,seed231701,SYNFlood,155921,mlp,850,50,800,850,0,1.0,0.0,0.058823529411764705,not estimable,0.0,0.0,0.5,not estimable,50,0,800,0,1.0,1.0,0.9999999999999998
6,seed231701,SYNFlood,155921,rf,850,50,800,850,0,1.0,0.0,0.058823529411764705,not estimable,0.0,0.0,0.5,not estimable,50,0,800,0,0.0,0.055518277049300416,0.8994915397616565
6,seed231701,SYNFlood,155921,xgboost,850,50,800,850,0,1.0,0.0,0.058823529411764705,not estimable,0.0,0.0,0.5,not estimable,50,0,800,0,0.0,0.045153690204230185,0.8874906185500283
6,seed231701,SYNFlood,181081,hybrid,850,50,800,850,0,1.0,0.0,0.058823529411764705,not estimable,0.0,0.0,0.5,not estimable,50,0,800,0,0.0025,0.043475914017396824,0.8860604031876169
6,seed231701,SYNFlood,181081,mlp,850,50,800,850,0,1.0,0.0,0.058823529411764705,not estimable,0.0,0.0,0.5,not estimable,50,0,800,0,1.0,1.0,0.9999999999999998
6,seed231701,SYNFlood,181081,rf,850,50,800,850,0,1.0,0.0,0.058823529411764705,not estimable,0.0,0.0,0.5,not estimable,50,0,800,0,0.0,0.055518277049300416,0.8978135880258226
6,seed231701,SYNFlood,181081,xgboost,850,50,800,850,0,1.0,0.0,0.058823529411764705,not estimable,0.0,0.0,0.5,not estimable,50,0,800,0,0.0,0.045153690204230185,0.8874906185500283
6,seed231701,SYNFlood,206369,hybrid,850,50,800,850,0,1.0,0.0,0.058823529411764705,not estimable,0.0,0.0,0.5,not estimable,50,0,800,0,0.5,0.06818628759360959,0.9703809800427241
6,seed231701,SYNFlood,206369,mlp,850,50,800,452,398,0.5317647058823529,0.4682352941176471,0.5270588235294118,1.0,0.4975,0.664440734557596,0.74875,0.23459152977187384,50,0,402,398,1.0,1.0,0.9999999999999998
6,seed231701,SYNFlood,206369,rf,850,50,800,850,0,1.0,0.0,0.058823529411764705,not estimable,0.0,0.0,0.5,not estimable,50,0,800,0,0.0,0.058823529411764705,0.9147859039449113
6,seed231701,SYNFlood,206369,xgboost,850,50,800,850,0,1.0,0.0,0.058823529411764705,not estimable,0.0,0.0,0.5,not estimable,50,0,800,0,0.0,0.045153690204230185,0.8874906185500283
6,seed231701,SYNFlood,231701,hybrid,850,50,800,850,0,1.0,0.0,0.058823529411764705,not estimable,0.0,0.0,0.5,not estimable,50,0,800,0,0.0,0.043372906573909624,0.8992833495803125
6,seed231701,SYNFlood,231701,mlp,850,50,800,850,0,1.0,0.0,0.058823529411764705,not estimable,0.0,0.0,0.5,not estimable,50,0,800,0,1.0,1.0,0.9999999999999998
6,seed231701,SYNFlood,231701,rf,850,50,800,850,0,1.0,0.0,0.058823529411764705,not estimable,0.0,0.0,0.5,not estimable,50,0,800,0,0.0,0.055518277049300416,0.9107473892227592
6,seed231701,SYNFlood,231701,xgboost,850,50,800,850,0,1.0,0.0,0.058823529411764705,not estimable,0.0,0.0,0.5,not estimable,50,0,800,0,0.0,0.045153690204230185,0.8874906185500283
6,seed231701,SYNFlood,257053,hybrid,850,50,800,850,0,1.0,0.0,0.058823529411764705,not estimable,0.0,0.0,0.5,not estimable,50,0,800,0,0.0,0.030594048341956906,0.8836329899146155
6,seed231701,SYNFlood,257053,mlp,850,50,800,850,0,1.0,0.0,0.058823529411764705,not estimable,0.0,0.0,0.5,not estimable,50,0,800,0,0.04579999999999998,0.030936640699642793,0.8905879133307153
6,seed231701,SYNFlood,257053,rf,850,50,800,850,0,1.0,0.0,0.058823529411764705,not estimable,0.0,0.0,0.5,not estimable,50,0,800,0,0.0,0.058823529411764705,0.9144137770401615
6,seed231701,SYNFlood,257053,xgboost,850,50,800,850,0,1.0,0.0,0.058823529411764705,not estimable,0.0,0.0,0.5,not estimable,50,0,800,0,0.0,0.045153690204230185,0.8874906185500283
6,seed231701,SYNFlood,282427,hybrid,850,50,800,850,0,1.0,0.0,0.058823529411764705,not estimable,0.0,0.0,0.5,not estimable,50,0,800,0,0.0,0.030594048341956906,0.884997486305172
6,seed231701,SYNFlood,282427,mlp,850,50,800,850,0,1.0,0.0,0.058823529411764705,not estimable,0.0,0.0,0.5,not estimable,50,0,800,0,1.0,1.0,0.9999999999999998
6,seed231701,SYNFlood,282427,rf,850,50,800,850,0,1.0,0.0,0.058823529411764705,not estimable,0.0,0.0,0.5,not estimable,50,0,800,0,0.0,0.055518277049300416,0.911666694881569
6,seed231701,SYNFlood,282427,xgboost,850,50,800,850,0,1.0,0.0,0.058823529411764705,not estimable,0.0,0.0,0.5,not estimable,50,0,800,0,0.0,0.045153690204230185,0.8874906185500283
6,seed231701,SYNFlood,307759,hybrid,850,50,800,850,0,1.0,0.0,0.058823529411764705,not estimable,0.0,0.0,0.5,not estimable,50,0,800,0,0.5,0.05884595137542516,0.9703809800427241
6,seed231701,SYNFlood,307759,mlp,850,50,800,848,2,0.9976470588235294,0.002352941176470588,0.0611764705882353,1.0,0.0025,0.004987531172069825,0.50125,0.012141073279465802,50,0,798,2,0.5,0.05884595137542516,0.9703809800427241
6,seed231701,SYNFlood,307759,rf,850,50,800,850,0,1.0,0.0,0.058823529411764705,not estimable,0.0,0.0,0.5,not estimable,50,0,800,0,0.0,0.04698837618879887,0.9144137770401615
6,seed231701,SYNFlood,307759,xgboost,850,50,800,850,0,1.0,0.0,0.058823529411764705,not estimable,0.0,0.0,0.5,not estimable,50,0,800,0,0.0,0.03946985916188776,0.914860300798988
6,seed231701,SYNFlood,333019,hybrid,850,50,800,850,0,1.0,0.0,0.058823529411764705,not estimable,0.0,0.0,0.5,not estimable,50,0,800,0,0.27807499999999996,0.03923902057718223,0.9447545366247103
6,seed231701,SYNFlood,333019,mlp,850,50,800,845,5,0.9941176470588236,0.0058823529411764705,0.06470588235294118,1.0,0.00625,0.012422360248447204,0.503125,0.019230769230769232,50,0,795,5,1.0,1.0,0.9999999999999998
6,seed231701,SYNFlood,333019,rf,850,50,800,850,0,1.0,0.0,0.058823529411764705,not estimable,0.0,0.0,0.5,not estimable,50,0,800,0,0.0,0.058823529411764705,0.9144144026407379
6,seed231701,SYNFlood,333019,xgboost,850,50,800,850,0,1.0,0.0,0.058823529411764705,not estimable,0.0,0.0,0.5,not estimable,50,0,800,0,0.0,0.04589819281445748,0.9147859039449113
6,seed231701,UDPFlood,104729,hybrid,72,52,20,52,20,0.7222222222222222,0.2777777777777778,1.0,1.0,1.0,1.0,1.0,1.0,52,0,0,20,1.0,1.0,1.0
6,seed231701,UDPFlood,104729,mlp,72,52,20,70,2,0.9722222222222222,0.027777777777777776,0.6944444444444444,0.0,0.0,0.0,0.4807692307692308,-0.10482848367219183,50,2,20,0,0.0,0.5175546626877994,0.2777777777777778
6,seed231701,UDPFlood,104729,rf,72,52,20,52,20,0.7222222222222222,0.2777777777777778,1.0,1.0,1.0,1.0,1.0,1.0,52,0,0,20,1.0,1.0,1.0
6,seed231701,UDPFlood,104729,xgboost,72,52,20,52,20,0.7222222222222222,0.2777777777777778,1.0,1.0,1.0,1.0,1.0,1.0,52,0,0,20,0.9999999999999999,1.0,1.0
6,seed231701,UDPFlood,130363,hybrid,72,52,20,52,20,0.7222222222222222,0.2777777777777778,1.0,1.0,1.0,1.0,1.0,1.0,52,0,0,20,1.0,1.0,1.0
6,seed231701,UDPFlood,130363,mlp,72,52,20,71,1,0.9861111111111112,0.013888888888888888,0.7083333333333334,0.0,0.0,0.0,0.49038461538461536,-0.07360107399470765,51,1,20,0,0.0,0.5142036552209491,0.2313161715991905
6,seed231701,UDPFlood,130363,rf,72,52,20,52,20,0.7222222222222222,0.2777777777777778,1.0,1.0,1.0,1.0,1.0,1.0,52,0,0,20,1.0,1.0,1.0
6,seed231701,UDPFlood,130363,xgboost,72,52,20,52,20,0.7222222222222222,0.2777777777777778,1.0,1.0,1.0,1.0,1.0,1.0,52,0,0,20,1.0,1.0,0.9999999999999999
6,seed231701,UDPFlood,155921,hybrid,72,52,20,52,20,0.7222222222222222,0.2777777777777778,1.0,1.0,1.0,1.0,1.0,1.0,52,0,0,20,1.0,1.0,1.0
6,seed231701,UDPFlood,155921,mlp,72,52,20,72,0,1.0,0.0,0.7222222222222222,not estimable,0.0,0.0,0.5,not estimable,52,0,20,0,0.0,0.7106138316334275,0.2777777777777778
6,seed231701,UDPFlood,155921,rf,72,52,20,52,20,0.7222222222222222,0.2777777777777778,1.0,1.0,1.0,1.0,1.0,1.0,52,0,0,20,1.0,1.0,1.0
6,seed231701,UDPFlood,155921,xgboost,72,52,20,52,20,0.7222222222222222,0.2777777777777778,1.0,1.0,1.0,1.0,1.0,1.0,52,0,0,20,0.9999999999999999,1.0,1.0
6,seed231701,UDPFlood,181081,hybrid,72,52,20,52,20,0.7222222222222222,0.2777777777777778,1.0,1.0,1.0,1.0,1.0,1.0,52,0,0,20,1.0,1.0,0.9999999999999999
6,seed231701,UDPFlood,181081,mlp,72,52,20,72,0,1.0,0.0,0.7222222222222222,not estimable,0.0,0.0,0.5,not estimable,52,0,20,0,0.0,0.7106138316334275,0.2777777777777778
6,seed231701,UDPFlood,181081,rf,72,52,20,52,20,0.7222222222222222,0.2777777777777778,1.0,1.0,1.0,1.0,1.0,1.0,52,0,0,20,1.0,1.0,0.9999999999999999
6,seed231701,UDPFlood,181081,xgboost,72,52,20,52,20,0.7222222222222222,0.2777777777777778,1.0,1.0,1.0,1.0,1.0,1.0,52,0,0,20,0.9999999999999999,1.0,1.0
6,seed231701,UDPFlood,206369,hybrid,72,52,20,52,20,0.7222222222222222,0.2777777777777778,1.0,1.0,1.0,1.0,1.0,1.0,52,0,0,20,1.0,1.0,1.0
6,seed231701,UDPFlood,206369,mlp,72,52,20,52,20,0.7222222222222222,0.2777777777777778,1.0,1.0,1.0,1.0,1.0,1.0,52,0,0,20,1.0,1.0,1.0
6,seed231701,UDPFlood,206369,rf,72,52,20,52,20,0.7222222222222222,0.2777777777777778,1.0,1.0,1.0,1.0,1.0,1.0,52,0,0,20,1.0,1.0,1.0
6,seed231701,UDPFlood,206369,xgboost,72,52,20,52,20,0.7222222222222222,0.2777777777777778,1.0,1.0,1.0,1.0,1.0,1.0,52,0,0,20,0.9999999999999999,1.0,1.0
6,seed231701,UDPFlood,231701,hybrid,72,52,20,52,20,0.7222222222222222,0.2777777777777778,1.0,1.0,1.0,1.0,1.0,1.0,52,0,0,20,1.0,1.0,1.0
6,seed231701,UDPFlood,231701,mlp,72,52,20,72,0,1.0,0.0,0.7222222222222222,not estimable,0.0,0.0,0.5,not estimable,52,0,20,0,0.0,0.7066791473918379,0.2777777777777778
6,seed231701,UDPFlood,231701,rf,72,52,20,52,20,0.7222222222222222,0.2777777777777778,1.0,1.0,1.0,1.0,1.0,1.0,52,0,0,20,1.0,1.0,1.0
6,seed231701,UDPFlood,231701,xgboost,72,52,20,52,20,0.7222222222222222,0.2777777777777778,1.0,1.0,1.0,1.0,1.0,1.0,52,0,0,20,0.9999999999999999,1.0,1.0
6,seed231701,UDPFlood,257053,hybrid,72,52,20,52,20,0.7222222222222222,0.2777777777777778,1.0,1.0,1.0,1.0,1.0,1.0,52,0,0,20,1.0,1.0,1.0
6,seed231701,UDPFlood,257053,mlp,72,52,20,72,0,1.0,0.0,0.7222222222222222,not estimable,0.0,0.0,0.5,not estimable,52,0,20,0,0.0,0.5142036552209491,0.2777777777777778
6,seed231701,UDPFlood,257053,rf,72,52,20,52,20,0.7222222222222222,0.2777777777777778,1.0,1.0,1.0,1.0,1.0,1.0,52,0,0,20,1.0,0.9999999999999999,1.0
6,seed231701,UDPFlood,257053,xgboost,72,52,20,52,20,0.7222222222222222,0.2777777777777778,1.0,1.0,1.0,1.0,1.0,1.0,52,0,0,20,0.9999999999999999,1.0,1.0
6,seed231701,UDPFlood,282427,hybrid,72,52,20,52,20,0.7222222222222222,0.2777777777777778,1.0,1.0,1.0,1.0,1.0,1.0,52,0,0,20,1.0,1.0,0.9999999999999999
6,seed231701,UDPFlood,282427,mlp,72,52,20,72,0,1.0,0.0,0.7222222222222222,not estimable,0.0,0.0,0.5,not estimable,52,0,20,0,0.0,0.5142036552209491,0.2777777777777778
6,seed231701,UDPFlood,282427,rf,72,52,20,52,20,0.7222222222222222,0.2777777777777778,1.0,1.0,1.0,1.0,1.0,1.0,52,0,0,20,1.0,1.0,1.0
6,seed231701,UDPFlood,282427,xgboost,72,52,20,52,20,0.7222222222222222,0.2777777777777778,1.0,1.0,1.0,1.0,1.0,1.0,52,0,0,20,0.9999999999999999,1.0,1.0
6,seed231701,UDPFlood,307759,hybrid,72,52,20,52,20,0.7222222222222222,0.2777777777777778,1.0,1.0,1.0,1.0,1.0,1.0,52,0,0,20,1.0,1.0,0.9999999999999999
6,seed231701,UDPFlood,307759,mlp,72,52,20,70,2,0.9722222222222222,0.027777777777777776,0.6944444444444444,0.0,0.0,0.0,0.4807692307692308,-0.10482848367219183,50,2,20,0,0.0,0.5142036552209491,0.2777777777777778
6,seed231701,UDPFlood,307759,rf,72,52,20,52,20,0.7222222222222222,0.2777777777777778,1.0,1.0,1.0,1.0,1.0,1.0,52,0,0,20,1.0,1.0,0.9999999999999999
6,seed231701,UDPFlood,307759,xgboost,72,52,20,52,20,0.7222222222222222,0.2777777777777778,1.0,1.0,1.0,1.0,1.0,1.0,52,0,0,20,1.0,1.0,0.9999999999999999
6,seed231701,UDPFlood,333019,hybrid,72,52,20,51,21,0.7083333333333334,0.2916666666666667,0.9861111111111112,0.9523809523809523,1.0,0.975609756097561,0.9903846153846154,0.9664708656063741,51,1,0,20,1.0,1.0,1.0000000000000002
6,seed231701,UDPFlood,333019,mlp,72,52,20,70,2,0.9722222222222222,0.027777777777777776,0.6944444444444444,0.0,0.0,0.0,0.4807692307692308,-0.10482848367219183,50,2,20,0,0.0,0.5142036552209491,0.2777777777777778
6,seed231701,UDPFlood,333019,rf,72,52,20,52,20,0.7222222222222222,0.2777777777777778,1.0,1.0,1.0,1.0,1.0,1.0,52,0,0,20,1.0,1.0,1.0
6,seed231701,UDPFlood,333019,xgboost,72,52,20,51,21,0.7083333333333334,0.2916666666666667,0.9861111111111112,0.9523809523809523,1.0,0.975609756097561,0.9903846153846154,0.9664708656063741,51,1,0,20,1.0,1.0,1.0
6,seed257053,DNSAmplification,104729,hybrid,60,50,10,50,10,0.8333333333333334,0.16666666666666666,1.0,1.0,1.0,1.0,1.0,1.0,50,0,0,10,1.0,1.0,1.0
6,seed257053,DNSAmplification,104729,mlp,60,50,10,60,0,1.0,0.0,0.8333333333333334,not estimable,0.0,0.0,0.5,not estimable,50,0,10,0,0.0,0.6498195682033032,0.16666666666666666
6,seed257053,DNSAmplification,104729,rf,60,50,10,50,10,0.8333333333333334,0.16666666666666666,1.0,1.0,1.0,1.0,1.0,1.0,50,0,0,10,1.0,1.0,1.0
6,seed257053,DNSAmplification,104729,xgboost,60,50,10,50,10,0.8333333333333334,0.16666666666666666,1.0,1.0,1.0,1.0,1.0,1.0,50,0,0,10,1.0,1.0,1.0
6,seed257053,DNSAmplification,130363,hybrid,60,50,10,50,10,0.8333333333333334,0.16666666666666666,1.0,1.0,1.0,1.0,1.0,1.0,50,0,0,10,1.0,1.0,1.0
6,seed257053,DNSAmplification,130363,mlp,60,50,10,60,0,1.0,0.0,0.8333333333333334,not estimable,0.0,0.0,0.5,not estimable,50,0,10,0,0.0,0.6498195682033032,0.16666666666666666
6,seed257053,DNSAmplification,130363,rf,60,50,10,50,10,0.8333333333333334,0.16666666666666666,1.0,1.0,1.0,1.0,1.0,1.0,50,0,0,10,1.0,1.0,1.0
6,seed257053,DNSAmplification,130363,xgboost,60,50,10,50,10,0.8333333333333334,0.16666666666666666,1.0,1.0,1.0,1.0,1.0,1.0,50,0,0,10,1.0,1.0,1.0
6,seed257053,DNSAmplification,155921,hybrid,60,50,10,50,10,0.8333333333333334,0.16666666666666666,1.0,1.0,1.0,1.0,1.0,1.0,50,0,0,10,1.0,1.0,1.0
6,seed257053,DNSAmplification,155921,mlp,60,50,10,60,0,1.0,0.0,0.8333333333333334,not estimable,0.0,0.0,0.5,not estimable,50,0,10,0,0.0,0.8333333333333334,0.16666666666666666
6,seed257053,DNSAmplification,155921,rf,60,50,10,50,10,0.8333333333333334,0.16666666666666666,1.0,1.0,1.0,1.0,1.0,1.0,50,0,0,10,1.0,1.0,1.0
6,seed257053,DNSAmplification,155921,xgboost,60,50,10,50,10,0.8333333333333334,0.16666666666666666,1.0,1.0,1.0,1.0,1.0,1.0,50,0,0,10,1.0,1.0,1.0
6,seed257053,DNSAmplification,181081,hybrid,60,50,10,50,10,0.8333333333333334,0.16666666666666666,1.0,1.0,1.0,1.0,1.0,1.0,50,0,0,10,1.0,1.0,1.0
6,seed257053,DNSAmplification,181081,mlp,60,50,10,60,0,1.0,0.0,0.8333333333333334,not estimable,0.0,0.0,0.5,not estimable,50,0,10,0,0.0,0.8333333333333334,0.16666666666666666
6,seed257053,DNSAmplification,181081,rf,60,50,10,50,10,0.8333333333333334,0.16666666666666666,1.0,1.0,1.0,1.0,1.0,1.0,50,0,0,10,1.0,1.0,1.0
6,seed257053,DNSAmplification,181081,xgboost,60,50,10,50,10,0.8333333333333334,0.16666666666666666,1.0,1.0,1.0,1.0,1.0,1.0,50,0,0,10,1.0,1.0,1.0
6,seed257053,DNSAmplification,206369,hybrid,60,50,10,50,10,0.8333333333333334,0.16666666666666666,1.0,1.0,1.0,1.0,1.0,1.0,50,0,0,10,1.0,1.0,1.0
6,seed257053,DNSAmplification,206369,mlp,60,50,10,60,0,1.0,0.0,0.8333333333333334,not estimable,0.0,0.0,0.5,not estimable,50,0,10,0,0.0,0.712989724388661,0.16666666666666666
6,seed257053,DNSAmplification,206369,rf,60,50,10,50,10,0.8333333333333334,0.16666666666666666,1.0,1.0,1.0,1.0,1.0,1.0,50,0,0,10,1.0,1.0,1.0
6,seed257053,DNSAmplification,206369,xgboost,60,50,10,50,10,0.8333333333333334,0.16666666666666666,1.0,1.0,1.0,1.0,1.0,1.0,50,0,0,10,1.0,1.0,1.0
6,seed257053,DNSAmplification,231701,hybrid,60,50,10,50,10,0.8333333333333334,0.16666666666666666,1.0,1.0,1.0,1.0,1.0,1.0,50,0,0,10,1.0,1.0,1.0
6,seed257053,DNSAmplification,231701,mlp,60,50,10,60,0,1.0,0.0,0.8333333333333334,not estimable,0.0,0.0,0.5,not estimable,50,0,10,0,0.0,0.8333333333333334,0.16666666666666666
6,seed257053,DNSAmplification,231701,rf,60,50,10,50,10,0.8333333333333334,0.16666666666666666,1.0,1.0,1.0,1.0,1.0,1.0,50,0,0,10,1.0,1.0,1.0
6,seed257053,DNSAmplification,231701,xgboost,60,50,10,50,10,0.8333333333333334,0.16666666666666666,1.0,1.0,1.0,1.0,1.0,1.0,50,0,0,10,1.0,1.0,1.0
6,seed257053,DNSAmplification,257053,hybrid,60,50,10,50,10,0.8333333333333334,0.16666666666666666,1.0,1.0,1.0,1.0,1.0,1.0,50,0,0,10,1.0,1.0,1.0
6,seed257053,DNSAmplification,257053,mlp,60,50,10,60,0,1.0,0.0,0.8333333333333334,not estimable,0.0,0.0,0.5,not estimable,50,0,10,0,0.0,0.6498195682033032,0.16666666666666666
6,seed257053,DNSAmplification,257053,rf,60,50,10,50,10,0.8333333333333334,0.16666666666666666,1.0,1.0,1.0,1.0,1.0,1.0,50,0,0,10,1.0,1.0,1.0
6,seed257053,DNSAmplification,257053,xgboost,60,50,10,50,10,0.8333333333333334,0.16666666666666666,1.0,1.0,1.0,1.0,1.0,1.0,50,0,0,10,1.0,1.0,1.0
6,seed257053,DNSAmplification,282427,hybrid,60,50,10,50,10,0.8333333333333334,0.16666666666666666,1.0,1.0,1.0,1.0,1.0,1.0,50,0,0,10,1.0,1.0,1.0
6,seed257053,DNSAmplification,282427,mlp,60,50,10,60,0,1.0,0.0,0.8333333333333334,not estimable,0.0,0.0,0.5,not estimable,50,0,10,0,0.0,0.6499782983620335,0.16666666666666666
6,seed257053,DNSAmplification,282427,rf,60,50,10,50,10,0.8333333333333334,0.16666666666666666,1.0,1.0,1.0,1.0,1.0,1.0,50,0,0,10,1.0,1.0,1.0
6,seed257053,DNSAmplification,282427,xgboost,60,50,10,50,10,0.8333333333333334,0.16666666666666666,1.0,1.0,1.0,1.0,1.0,1.0,50,0,0,10,1.0,1.0,1.0
6,seed257053,DNSAmplification,307759,hybrid,60,50,10,50,10,0.8333333333333334,0.16666666666666666,1.0,1.0,1.0,1.0,1.0,1.0,50,0,0,10,1.0,1.0,1.0
6,seed257053,DNSAmplification,307759,mlp,60,50,10,60,0,1.0,0.0,0.8333333333333334,not estimable,0.0,0.0,0.5,not estimable,50,0,10,0,0.0,0.6498195682033032,0.16666666666666666
6,seed257053,DNSAmplification,307759,rf,60,50,10,50,10,0.8333333333333334,0.16666666666666666,1.0,1.0,1.0,1.0,1.0,1.0,50,0,0,10,1.0,1.0,1.0
6,seed257053,DNSAmplification,307759,xgboost,60,50,10,50,10,0.8333333333333334,0.16666666666666666,1.0,1.0,1.0,1.0,1.0,1.0,50,0,0,10,1.0,1.0,1.0
6,seed257053,DNSAmplification,333019,hybrid,60,50,10,50,10,0.8333333333333334,0.16666666666666666,1.0,1.0,1.0,1.0,1.0,1.0,50,0,0,10,1.0,1.0,1.0
6,seed257053,DNSAmplification,333019,mlp,60,50,10,60,0,1.0,0.0,0.8333333333333334,not estimable,0.0,0.0,0.5,not estimable,50,0,10,0,0.0,0.6498195682033032,0.16666666666666666
6,seed257053,DNSAmplification,333019,rf,60,50,10,50,10,0.8333333333333334,0.16666666666666666,1.0,1.0,1.0,1.0,1.0,1.0,50,0,0,10,1.0,1.0,1.0
6,seed257053,DNSAmplification,333019,xgboost,60,50,10,50,10,0.8333333333333334,0.16666666666666666,1.0,1.0,1.0,1.0,1.0,1.0,50,0,0,10,1.0,1.0,1.0
6,seed257053,Normal,104729,hybrid,50,50,0,50,0,1.0,0.0,1.0,not estimable,not estimable,not estimable,not estimable,not estimable,50,0,0,0,not estimable,not estimable,not estimable
6,seed257053,Normal,104729,mlp,50,50,0,50,0,1.0,0.0,1.0,not estimable,not estimable,not estimable,not estimable,not estimable,50,0,0,0,not estimable,not estimable,not estimable
6,seed257053,Normal,104729,rf,50,50,0,50,0,1.0,0.0,1.0,not estimable,not estimable,not estimable,not estimable,not estimable,50,0,0,0,not estimable,not estimable,not estimable
6,seed257053,Normal,104729,xgboost,50,50,0,50,0,1.0,0.0,1.0,not estimable,not estimable,not estimable,not estimable,not estimable,50,0,0,0,not estimable,not estimable,not estimable
6,seed257053,Normal,130363,hybrid,50,50,0,50,0,1.0,0.0,1.0,not estimable,not estimable,not estimable,not estimable,not estimable,50,0,0,0,not estimable,not estimable,not estimable
6,seed257053,Normal,130363,mlp,50,50,0,50,0,1.0,0.0,1.0,not estimable,not estimable,not estimable,not estimable,not estimable,50,0,0,0,not estimable,not estimable,not estimable
6,seed257053,Normal,130363,rf,50,50,0,50,0,1.0,0.0,1.0,not estimable,not estimable,not estimable,not estimable,not estimable,50,0,0,0,not estimable,not estimable,not estimable
6,seed257053,Normal,130363,xgboost,50,50,0,50,0,1.0,0.0,1.0,not estimable,not estimable,not estimable,not estimable,not estimable,50,0,0,0,not estimable,not estimable,not estimable
6,seed257053,Normal,155921,hybrid,50,50,0,50,0,1.0,0.0,1.0,not estimable,not estimable,not estimable,not estimable,not estimable,50,0,0,0,not estimable,not estimable,not estimable
6,seed257053,Normal,155921,mlp,50,50,0,50,0,1.0,0.0,1.0,not estimable,not estimable,not estimable,not estimable,not estimable,50,0,0,0,not estimable,not estimable,not estimable
6,seed257053,Normal,155921,rf,50,50,0,50,0,1.0,0.0,1.0,not estimable,not estimable,not estimable,not estimable,not estimable,50,0,0,0,not estimable,not estimable,not estimable
6,seed257053,Normal,155921,xgboost,50,50,0,50,0,1.0,0.0,1.0,not estimable,not estimable,not estimable,not estimable,not estimable,50,0,0,0,not estimable,not estimable,not estimable
6,seed257053,Normal,181081,hybrid,50,50,0,50,0,1.0,0.0,1.0,not estimable,not estimable,not estimable,not estimable,not estimable,50,0,0,0,not estimable,not estimable,not estimable
6,seed257053,Normal,181081,mlp,50,50,0,50,0,1.0,0.0,1.0,not estimable,not estimable,not estimable,not estimable,not estimable,50,0,0,0,not estimable,not estimable,not estimable
6,seed257053,Normal,181081,rf,50,50,0,50,0,1.0,0.0,1.0,not estimable,not estimable,not estimable,not estimable,not estimable,50,0,0,0,not estimable,not estimable,not estimable
6,seed257053,Normal,181081,xgboost,50,50,0,50,0,1.0,0.0,1.0,not estimable,not estimable,not estimable,not estimable,not estimable,50,0,0,0,not estimable,not estimable,not estimable
6,seed257053,Normal,206369,hybrid,50,50,0,50,0,1.0,0.0,1.0,not estimable,not estimable,not estimable,not estimable,not estimable,50,0,0,0,not estimable,not estimable,not estimable
6,seed257053,Normal,206369,mlp,50,50,0,50,0,1.0,0.0,1.0,not estimable,not estimable,not estimable,not estimable,not estimable,50,0,0,0,not estimable,not estimable,not estimable
6,seed257053,Normal,206369,rf,50,50,0,50,0,1.0,0.0,1.0,not estimable,not estimable,not estimable,not estimable,not estimable,50,0,0,0,not estimable,not estimable,not estimable
6,seed257053,Normal,206369,xgboost,50,50,0,50,0,1.0,0.0,1.0,not estimable,not estimable,not estimable,not estimable,not estimable,50,0,0,0,not estimable,not estimable,not estimable
6,seed257053,Normal,231701,hybrid,50,50,0,50,0,1.0,0.0,1.0,not estimable,not estimable,not estimable,not estimable,not estimable,50,0,0,0,not estimable,not estimable,not estimable
6,seed257053,Normal,231701,mlp,50,50,0,50,0,1.0,0.0,1.0,not estimable,not estimable,not estimable,not estimable,not estimable,50,0,0,0,not estimable,not estimable,not estimable
6,seed257053,Normal,231701,rf,50,50,0,50,0,1.0,0.0,1.0,not estimable,not estimable,not estimable,not estimable,not estimable,50,0,0,0,not estimable,not estimable,not estimable
6,seed257053,Normal,231701,xgboost,50,50,0,50,0,1.0,0.0,1.0,not estimable,not estimable,not estimable,not estimable,not estimable,50,0,0,0,not estimable,not estimable,not estimable
6,seed257053,Normal,257053,hybrid,50,50,0,50,0,1.0,0.0,1.0,not estimable,not estimable,not estimable,not estimable,not estimable,50,0,0,0,not estimable,not estimable,not estimable
6,seed257053,Normal,257053,mlp,50,50,0,50,0,1.0,0.0,1.0,not estimable,not estimable,not estimable,not estimable,not estimable,50,0,0,0,not estimable,not estimable,not estimable
6,seed257053,Normal,257053,rf,50,50,0,50,0,1.0,0.0,1.0,not estimable,not estimable,not estimable,not estimable,not estimable,50,0,0,0,not estimable,not estimable,not estimable
6,seed257053,Normal,257053,xgboost,50,50,0,50,0,1.0,0.0,1.0,not estimable,not estimable,not estimable,not estimable,not estimable,50,0,0,0,not estimable,not estimable,not estimable
6,seed257053,Normal,282427,hybrid,50,50,0,50,0,1.0,0.0,1.0,not estimable,not estimable,not estimable,not estimable,not estimable,50,0,0,0,not estimable,not estimable,not estimable
6,seed257053,Normal,282427,mlp,50,50,0,50,0,1.0,0.0,1.0,not estimable,not estimable,not estimable,not estimable,not estimable,50,0,0,0,not estimable,not estimable,not estimable
6,seed257053,Normal,282427,rf,50,50,0,50,0,1.0,0.0,1.0,not estimable,not estimable,not estimable,not estimable,not estimable,50,0,0,0,not estimable,not estimable,not estimable
6,seed257053,Normal,282427,xgboost,50,50,0,50,0,1.0,0.0,1.0,not estimable,not estimable,not estimable,not estimable,not estimable,50,0,0,0,not estimable,not estimable,not estimable
6,seed257053,Normal,307759,hybrid,50,50,0,50,0,1.0,0.0,1.0,not estimable,not estimable,not estimable,not estimable,not estimable,50,0,0,0,not estimable,not estimable,not estimable
6,seed257053,Normal,307759,mlp,50,50,0,50,0,1.0,0.0,1.0,not estimable,not estimable,not estimable,not estimable,not estimable,50,0,0,0,not estimable,not estimable,not estimable
6,seed257053,Normal,307759,rf,50,50,0,50,0,1.0,0.0,1.0,not estimable,not estimable,not estimable,not estimable,not estimable,50,0,0,0,not estimable,not estimable,not estimable
6,seed257053,Normal,307759,xgboost,50,50,0,50,0,1.0,0.0,1.0,not estimable,not estimable,not estimable,not estimable,not estimable,50,0,0,0,not estimable,not estimable,not estimable
6,seed257053,Normal,333019,hybrid,50,50,0,50,0,1.0,0.0,1.0,not estimable,not estimable,not estimable,not estimable,not estimable,50,0,0,0,not estimable,not estimable,not estimable
6,seed257053,Normal,333019,mlp,50,50,0,50,0,1.0,0.0,1.0,not estimable,not estimable,not estimable,not estimable,not estimable,50,0,0,0,not estimable,not estimable,not estimable
6,seed257053,Normal,333019,rf,50,50,0,50,0,1.0,0.0,1.0,not estimable,not estimable,not estimable,not estimable,not estimable,50,0,0,0,not estimable,not estimable,not estimable
6,seed257053,Normal,333019,xgboost,50,50,0,50,0,1.0,0.0,1.0,not estimable,not estimable,not estimable,not estimable,not estimable,50,0,0,0,not estimable,not estimable,not estimable
6,seed257053,SYNFlood,104729,hybrid,850,50,800,850,0,1.0,0.0,0.058823529411764705,not estimable,0.0,0.0,0.5,not estimable,50,0,800,0,0.49875,0.058710361154085455,0.9702420911538353
6,seed257053,SYNFlood,104729,mlp,850,50,800,850,0,1.0,0.0,0.058823529411764705,not estimable,0.0,0.0,0.5,not estimable,50,0,800,0,1.0,1.0,1.0
6,seed257053,SYNFlood,104729,rf,850,50,800,850,0,1.0,0.0,0.058823529411764705,not estimable,0.0,0.0,0.5,not estimable,50,0,800,0,0.0,0.058823529411764705,0.9064820295936636
6,seed257053,SYNFlood,104729,xgboost,850,50,800,850,0,1.0,0.0,0.058823529411764705,not estimable,0.0,0.0,0.5,not estimable,50,0,800,0,0.0,0.04462011292974055,0.8874973409545786
6,seed257053,SYNFlood,130363,hybrid,850,50,800,850,0,1.0,0.0,0.058823529411764705,not estimable,0.0,0.0,0.5,not estimable,50,0,800,0,0.5,0.05884595137542516,0.9703809800427241
6,seed257053,SYNFlood,130363,mlp,850,50,800,450,400,0.5294117647058824,0.47058823529411764,0.5294117647058824,1.0,0.5,0.6666666666666666,0.75,0.23570226039551587,50,0,400,400,1.0,1.0,0.9999999999999999
6,seed257053,SYNFlood,130363,rf,850,50,800,850,0,1.0,0.0,0.058823529411764705,not estimable,0.0,0.0,0.5,not estimable,50,0,800,0,0.0,0.04548170170595314,0.9072809763889365
6,seed257053,SYNFlood,130363,xgboost,850,50,800,850,0,1.0,0.0,0.058823529411764705,not estimable,0.0,0.0,0.5,not estimable,50,0,800,0,0.0,0.037984871857848296,0.9146905137202112
6,seed257053,SYNFlood,155921,hybrid,850,50,800,850,0,1.0,0.0,0.058823529411764705,not estimable,0.0,0.0,0.5,not estimable,50,0,800,0,0.5,0.08184296195788364,0.9703809800427242
6,seed257053,SYNFlood,155921,mlp,850,50,800,850,0,1.0,0.0,0.058823529411764705,not estimable,0.0,0.0,0.5,not estimable,50,0,800,0,1.0,1.0,1.0
6,seed257053,SYNFlood,155921,rf,850,50,800,850,0,1.0,0.0,0.058823529411764705,not estimable,0.0,0.0,0.5,not estimable,50,0,800,0,0.0,0.055528282460204366,0.8977663277165715
6,seed257053,SYNFlood,155921,xgboost,850,50,800,850,0,1.0,0.0,0.058823529411764705,not estimable,0.0,0.0,0.5,not estimable,50,0,800,0,0.0,0.04462011292974055,0.8874973409545786
6,seed257053,SYNFlood,181081,hybrid,850,50,800,850,0,1.0,0.0,0.058823529411764705,not estimable,0.0,0.0,0.5,not estimable,50,0,800,0,0.00125,0.043530307128653106,0.8821788396689737
6,seed257053,SYNFlood,181081,mlp,850,50,800,850,0,1.0,0.0,0.058823529411764705,not estimable,0.0,0.0,0.5,not estimable,50,0,800,0,1.0,1.0,0.9999999999999999
6,seed257053,SYNFlood,181081,rf,850,50,800,850,0,1.0,0.0,0.058823529411764705,not estimable,0.0,0.0,0.5,not estimable,50,0,800,0,0.0,0.05657033885873551,0.891979168714877
6,seed257053,SYNFlood,181081,xgboost,850,50,800,850,0,1.0,0.0,0.058823529411764705,not estimable,0.0,0.0,0.5,not estimable,50,0,800,0,0.0,0.04462011292974055,0.8874973409545786
6,seed257053,SYNFlood,206369,hybrid,850,50,800,850,0,1.0,0.0,0.058823529411764705,not estimable,0.0,0.0,0.5,not estimable,50,0,800,0,0.5,0.06654173598772385,0.9703809800427242
6,seed257053,SYNFlood,206369,mlp,850,50,800,451,399,0.5305882352941177,0.46941176470588236,0.528235294117647,1.0,0.49875,0.6655546288573811,0.749375,0.23514631949975184,50,0,401,399,1.0,1.0,1.0
6,seed257053,SYNFlood,206369,rf,850,50,800,850,0,1.0,0.0,0.058823529411764705,not estimable,0.0,0.0,0.5,not estimable,50,0,800,0,0.0,0.058823529411764705,0.914909257318369
6,seed257053,SYNFlood,206369,xgboost,850,50,800,850,0,1.0,0.0,0.058823529411764705,not estimable,0.0,0.0,0.5,not estimable,50,0,800,0,0.0,0.04462011292974055,0.8874973409545786
6,seed257053,SYNFlood,231701,hybrid,850,50,800,850,0,1.0,0.0,0.058823529411764705,not estimable,0.0,0.0,0.5,not estimable,50,0,800,0,0.0,0.043478613375434606,0.8975565473274318
6,seed257053,SYNFlood,231701,mlp,850,50,800,850,0,1.0,0.0,0.058823529411764705,not estimable,0.0,0.0,0.5,not estimable,50,0,800,0,1.0,1.0,0.9999999999999999
6,seed257053,SYNFlood,231701,rf,850,50,800,850,0,1.0,0.0,0.058823529411764705,not estimable,0.0,0.0,0.5,not estimable,50,0,800,0,0.0,0.05657033885873551,0.9058210784313724
6,seed257053,SYNFlood,231701,xgboost,850,50,800,850,0,1.0,0.0,0.058823529411764705,not estimable,0.0,0.0,0.5,not estimable,50,0,800,0,0.0,0.04462011292974055,0.8874973409545786
6,seed257053,SYNFlood,257053,hybrid,850,50,800,850,0,1.0,0.0,0.058823529411764705,not estimable,0.0,0.0,0.5,not estimable,50,0,800,0,0.0,0.030594048341956906,0.8809533494728953
6,seed257053,SYNFlood,257053,mlp,850,50,800,850,0,1.0,0.0,0.058823529411764705,not estimable,0.0,0.0,0.5,not estimable,50,0,800,0,0.040500000000000015,0.030855320891856355,0.8879442286538799
6,seed257053,SYNFlood,257053,rf,850,50,800,850,0,1.0,0.0,0.058823529411764705,not estimable,0.0,0.0,0.5,not estimable,50,0,800,0,0.0,0.058823529411764705,0.9137988351681362
6,seed257053,SYNFlood,257053,xgboost,850,50,800,850,0,1.0,0.0,0.058823529411764705,not estimable,0.0,0.0,0.5,not estimable,50,0,800,0,0.0,0.04462011292974055,0.8874973409545786
6,seed257053,SYNFlood,282427,hybrid,850,50,800,850,0,1.0,0.0,0.058823529411764705,not estimable,0.0,0.0,0.5,not estimable,50,0,800,0,0.0,0.030617931006426367,0.881574265766512
6,seed257053,SYNFlood,282427,mlp,850,50,800,850,0,1.0,0.0,0.058823529411764705,not estimable,0.0,0.0,0.5,not estimable,50,0,800,0,1.0,1.0,0.9999999999999999
6,seed257053,SYNFlood,282427,rf,850,50,800,850,0,1.0,0.0,0.058823529411764705,not estimable,0.0,0.0,0.5,not estimable,50,0,800,0,0.0,0.05657033885873551,0.9066281429776495
6,seed257053,SYNFlood,282427,xgboost,850,50,800,850,0,1.0,0.0,0.058823529411764705,not estimable,0.0,0.0,0.5,not estimable,50,0,800,0,0.0,0.04462011292974055,0.8874973409545786
6,seed257053,SYNFlood,307759,hybrid,850,50,800,850,0,1.0,0.0,0.058823529411764705,not estimable,0.0,0.0,0.5,not estimable,50,0,800,0,0.5,0.05884595137542516,0.9703809800427241
6,seed257053,SYNFlood,307759,mlp,850,50,800,849,1,0.9988235294117647,0.001176470588235294,0.06,1.0,0.00125,0.0024968789013732834,0.500625,0.008579977788182253,50,0,799,1,0.5,0.05884595137542516,0.9703809800427241
6,seed257053,SYNFlood,307759,rf,850,50,800,850,0,1.0,0.0,0.058823529411764705,not estimable,0.0,0.0,0.5,not estimable,50,0,800,0,0.0,0.04579185520361991,0.9137963100303899
6,seed257053,SYNFlood,307759,xgboost,850,50,800,850,0,1.0,0.0,0.058823529411764705,not estimable,0.0,0.0,0.5,not estimable,50,0,800,0,0.0,0.037984871857848296,0.9146905137202112
6,seed257053,SYNFlood,333019,hybrid,850,50,800,850,0,1.0,0.0,0.058823529411764705,not estimable,0.0,0.0,0.5,not estimable,50,0,800,0,0.32787499999999997,0.04209030250518585,0.9502258278178999
6,seed257053,SYNFlood,333019,mlp,850,50,800,840,10,0.9882352941176471,0.011764705882352941,0.07058823529411765,1.0,0.0125,0.024691358024691357,0.50625,0.02727723627949905,50,0,790,10,1.0,1.0,0.9999999999999999
6,seed257053,SYNFlood,333019,rf,850,50,800,850,0,1.0,0.0,0.058823529411764705,not estimable,0.0,0.0,0.5,not estimable,50,0,800,0,0.0,0.058823529411764705,0.9137988351681362
6,seed257053,SYNFlood,333019,xgboost,850,50,800,850,0,1.0,0.0,0.058823529411764705,not estimable,0.0,0.0,0.5,not estimable,50,0,800,0,0.0,0.04462011292974055,0.914909257318369
6,seed257053,UDPFlood,104729,hybrid,75,55,20,54,21,0.72,0.28,0.9866666666666667,0.9523809523809523,1.0,0.975609756097561,0.990909090909091,0.9669875568304563,54,1,0,20,0.9818181818181818,0.9951515151515152,0.8826397907647908
6,seed257053,UDPFlood,104729,mlp,75,55,20,72,3,0.96,0.04,0.6933333333333334,0.0,0.0,0.0,0.4727272727272727,-0.12309149097933274,52,3,20,0,0.0,0.5325827444365308,0.26666666666666666
6,seed257053,UDPFlood,104729,rf,75,55,20,54,21,0.72,0.28,0.9866666666666667,0.9523809523809523,1.0,0.975609756097561,0.990909090909091,0.9669875568304563,54,1,0,20,0.9818181818181819,0.9951515151515151,0.9096724766461609
6,seed257053,UDPFlood,104729,xgboost,75,55,20,55,20,0.7333333333333333,0.26666666666666666,1.0,1.0,1.0,1.0,1.0,1.0,55,0,0,20,1.0,1.0,1.0
6,seed257053,UDPFlood,130363,hybrid,75,55,20,53,22,0.7066666666666667,0.29333333333333333,0.9733333333333334,0.9090909090909091,1.0,0.9523809523809523,0.9818181818181818,0.9359663764533636,53,2,0,20,0.9636363636363636,0.9902375102375102,0.8395021645021645
6,seed257053,UDPFlood,130363,mlp,75,55,20,72,3,0.96,0.04,0.6933333333333334,0.0,0.0,0.0,0.4727272727272727,-0.12309149097933274,52,3,20,0,0.009090909090909089,0.5274229334349588,0.2428413424866514
6,seed257053,UDPFlood,130363,rf,75,55,20,54,21,0.72,0.28,0.9866666666666667,0.9523809523809523,1.0,0.975609756097561,0.990909090909091,0.9669875568304563,54,1,0,20,1.0,1.0,1.0
6,seed257053,UDPFlood,130363,xgboost,75,55,20,53,22,0.7066666666666667,0.29333333333333333,0.9733333333333334,0.9090909090909091,1.0,0.9523809523809523,0.9818181818181818,0.9359663764533636,53,2,0,20,1.0,1.0,1.0
6,seed257053,UDPFlood,155921,hybrid,75,55,20,54,21,0.72,0.28,0.9866666666666667,0.9523809523809523,1.0,0.975609756097561,0.990909090909091,0.9669875568304563,54,1,0,20,0.9818181818181818,0.9951515151515153,0.8826508980785297
6,seed257053,UDPFlood,155921,mlp,75,55,20,74,1,0.9866666666666667,0.013333333333333334,0.72,0.0,0.0,0.0,0.4909090909090909,-0.07009996372327816,54,1,20,0,0.0,0.7079346568127074,0.26666666666666666
6,seed257053,UDPFlood,155921,rf,75,55,20,54,21,0.72,0.28,0.9866666666666667,0.9523809523809523,1.0,0.975609756097561,0.990909090909091,0.9669875568304563,54,1,0,20,0.9999999999999999,1.0,1.0
6,seed257053,UDPFlood,155921,xgboost,75,55,20,55,20,0.7333333333333333,0.26666666666666666,1.0,1.0,1.0,1.0,1.0,1.0,55,0,0,20,1.0,1.0,1.0
6,seed257053,UDPFlood,181081,hybrid,75,55,20,55,20,0.7333333333333333,0.26666666666666666,1.0,1.0,1.0,1.0,1.0,1.0,55,0,0,20,1.0,1.0,1.0
6,seed257053,UDPFlood,181081,mlp,75,55,20,75,0,1.0,0.0,0.7333333333333333,not estimable,0.0,0.0,0.5,not estimable,55,0,20,0,0.0,0.7116547219138467,0.26666666666666666
6,seed257053,UDPFlood,181081,rf,75,55,20,54,21,0.72,0.28,0.9866666666666667,0.9523809523809523,1.0,0.975609756097561,0.990909090909091,0.9669875568304563,54,1,0,20,0.9863636363636364,0.996103896103896,0.9483441558441559
6,seed257053,UDPFlood,181081,xgboost,75,55,20,55,20,0.7333333333333333,0.26666666666666666,1.0,1.0,1.0,1.0,1.0,1.0,55,0,0,20,1.0,1.0,1.0
6,seed257053,UDPFlood,206369,hybrid,75,55,20,54,21,0.72,0.28,0.9866666666666667,0.9523809523809523,1.0,0.975609756097561,0.990909090909091,0.9669875568304563,54,1,0,20,1.0,1.0,1.0
6,seed257053,UDPFlood,206369,mlp,75,55,20,54,21,0.72,0.28,0.9866666666666667,0.9523809523809523,1.0,0.975609756097561,0.990909090909091,0.9669875568304563,54,1,0,20,1.0,1.0,1.0
6,seed257053,UDPFlood,206369,rf,75,55,20,54,21,0.72,0.28,0.9866666666666667,0.9523809523809523,1.0,0.975609756097561,0.990909090909091,0.9669875568304563,54,1,0,20,0.9818181818181818,0.9951515151515151,0.9176094117870435
6,seed257053,UDPFlood,206369,xgboost,75,55,20,55,20,0.7333333333333333,0.26666666666666666,1.0,1.0,1.0,1.0,1.0,1.0,55,0,0,20,1.0,1.0,1.0
6,seed257053,UDPFlood,231701,hybrid,75,55,20,54,21,0.72,0.28,0.9866666666666667,0.9523809523809523,1.0,0.975609756097561,0.990909090909091,0.9669875568304563,54,1,0,20,0.9818181818181818,0.9951515151515151,0.8902083333333333
6,seed257053,UDPFlood,231701,mlp,75,55,20,74,1,0.9866666666666667,0.013333333333333334,0.72,0.0,0.0,0.0,0.4909090909090909,-0.07009996372327816,54,1,20,0,0.0,0.7041833598217265,0.26666666666666666
6,seed257053,UDPFlood,231701,rf,75,55,20,54,21,0.72,0.28,0.9866666666666667,0.9523809523809523,1.0,0.975609756097561,0.990909090909091,0.9669875568304563,54,1,0,20,0.9818181818181818,0.9951515151515151,0.8911996336996337
6,seed257053,UDPFlood,231701,xgboost,75,55,20,55,20,0.7333333333333333,0.26666666666666666,1.0,1.0,1.0,1.0,1.0,1.0,55,0,0,20,1.0,1.0,1.0
6,seed257053,UDPFlood,257053,hybrid,75,55,20,54,21,0.72,0.28,0.9866666666666667,0.9523809523809523,1.0,0.975609756097561,0.990909090909091,0.9669875568304563,54,1,0,20,1.0,1.0,1.0
6,seed257053,UDPFlood,257053,mlp,75,55,20,74,1,0.9866666666666667,0.013333333333333334,0.72,0.0,0.0,0.0,0.4909090909090909,-0.07009996372327816,54,1,20,0,0.0,0.5259578278511399,0.26666666666666666
6,seed257053,UDPFlood,257053,rf,75,55,20,54,21,0.72,0.28,0.9866666666666667,0.9523809523809523,1.0,0.975609756097561,0.990909090909091,0.9669875568304563,54,1,0,20,0.9818181818181819,0.9951515151515151,0.8865259740259742
6,seed257053,UDPFlood,257053,xgboost,75,55,20,55,20,0.7333333333333333,0.26666666666666666,1.0,1.0,1.0,1.0,1.0,1.0,55,0,0,20,1.0,1.0,1.0
6,seed257053,UDPFlood,282427,hybrid,75,55,20,54,21,0.72,0.28,0.9866666666666667,0.9523809523809523,1.0,0.975609756097561,0.990909090909091,0.9669875568304563,54,1,0,20,1.0,1.0,1.0000000000000002
6,seed257053,UDPFlood,282427,mlp,75,55,20,74,1,0.9866666666666667,0.013333333333333334,0.72,0.0,0.0,0.0,0.4909090909090909,-0.07009996372327816,54,1,20,0,0.0,0.5263021804682199,0.26666666666666666
6,seed257053,UDPFlood,282427,rf,75,55,20,54,21,0.72,0.28,0.9866666666666667,0.9523809523809523,1.0,0.975609756097561,0.990909090909091,0.9669875568304563,54,1,0,20,1.0,1.0,1.0
6,seed257053,UDPFlood,282427,xgboost,75,55,20,55,20,0.7333333333333333,0.26666666666666666,1.0,1.0,1.0,1.0,1.0,1.0,55,0,0,20,1.0,1.0,1.0
6,seed257053,UDPFlood,307759,hybrid,75,55,20,53,22,0.7066666666666667,0.29333333333333333,0.9733333333333334,0.9090909090909091,1.0,0.9523809523809523,0.9818181818181818,0.9359663764533636,53,2,0,20,0.9627272727272727,0.98990080990081,0.8063598237511282
6,seed257053,UDPFlood,307759,mlp,75,55,20,71,4,0.9466666666666667,0.05333333333333334,0.68,0.0,0.0,0.0,0.4636363636363636,-0.1431312533929026,51,4,20,0,0.0,0.5259578278511399,0.26666666666666666
6,seed257053,UDPFlood,307759,rf,75,55,20,54,21,0.72,0.28,0.9866666666666667,0.9523809523809523,1.0,0.975609756097561,0.990909090909091,0.9669875568304563,54,1,0,20,1.0,1.0,0.9999999999999999
6,seed257053,UDPFlood,307759,xgboost,75,55,20,53,22,0.7066666666666667,0.29333333333333333,0.9733333333333334,0.9090909090909091,1.0,0.9523809523809523,0.9818181818181818,0.9359663764533636,53,2,0,20,1.0,1.0,1.0
6,seed257053,UDPFlood,333019,hybrid,75,55,20,55,20,0.7333333333333333,0.26666666666666666,1.0,1.0,1.0,1.0,1.0,1.0,55,0,0,20,0.9645454545454545,0.9904192611041926,0.8156760886172651
6,seed257053,UDPFlood,333019,mlp,75,55,20,71,4,0.9466666666666667,0.05333333333333334,0.68,0.0,0.0,0.0,0.4636363636363636,-0.1431312533929026,51,4,20,0,0.0,0.5259578278511399,0.26666666666666666
6,seed257053,UDPFlood,333019,rf,75,55,20,55,20,0.7333333333333333,0.26666666666666666,1.0,1.0,1.0,1.0,1.0,1.0,55,0,0,20,1.0,1.0,1.0
6,seed257053,UDPFlood,333019,xgboost,75,55,20,55,20,0.7333333333333333,0.26666666666666666,1.0,1.0,1.0,1.0,1.0,1.0,55,0,0,20,1.0,1.0,1.0
6,seed282427,DNSAmplification,104729,hybrid,60,50,10,50,10,0.8333333333333334,0.16666666666666666,1.0,1.0,1.0,1.0,1.0,1.0,50,0,0,10,1.0,1.0,1.0
6,seed282427,DNSAmplification,104729,mlp,60,50,10,60,0,1.0,0.0,0.8333333333333334,not estimable,0.0,0.0,0.5,not estimable,50,0,10,0,0.0,0.6498195682033032,0.16666666666666666
6,seed282427,DNSAmplification,104729,rf,60,50,10,50,10,0.8333333333333334,0.16666666666666666,1.0,1.0,1.0,1.0,1.0,1.0,50,0,0,10,1.0,1.0,0.9999999999999999
6,seed282427,DNSAmplification,104729,xgboost,60,50,10,50,10,0.8333333333333334,0.16666666666666666,1.0,1.0,1.0,1.0,1.0,1.0,50,0,0,10,1.0,1.0,1.0
6,seed282427,DNSAmplification,130363,hybrid,60,50,10,50,10,0.8333333333333334,0.16666666666666666,1.0,1.0,1.0,1.0,1.0,1.0,50,0,0,10,1.0,1.0,1.0
6,seed282427,DNSAmplification,130363,mlp,60,50,10,60,0,1.0,0.0,0.8333333333333334,not estimable,0.0,0.0,0.5,not estimable,50,0,10,0,0.0,0.6498195682033032,0.16666666666666666
6,seed282427,DNSAmplification,130363,rf,60,50,10,50,10,0.8333333333333334,0.16666666666666666,1.0,1.0,1.0,1.0,1.0,1.0,50,0,0,10,1.0,1.0,1.0
6,seed282427,DNSAmplification,130363,xgboost,60,50,10,50,10,0.8333333333333334,0.16666666666666666,1.0,1.0,1.0,1.0,1.0,1.0,50,0,0,10,1.0,1.0,1.0
6,seed282427,DNSAmplification,155921,hybrid,60,50,10,50,10,0.8333333333333334,0.16666666666666666,1.0,1.0,1.0,1.0,1.0,1.0,50,0,0,10,1.0,1.0,1.0
6,seed282427,DNSAmplification,155921,mlp,60,50,10,60,0,1.0,0.0,0.8333333333333334,not estimable,0.0,0.0,0.5,not estimable,50,0,10,0,0.0,0.8333333333333334,0.16666666666666666
6,seed282427,DNSAmplification,155921,rf,60,50,10,50,10,0.8333333333333334,0.16666666666666666,1.0,1.0,1.0,1.0,1.0,1.0,50,0,0,10,1.0,1.0,1.0
6,seed282427,DNSAmplification,155921,xgboost,60,50,10,50,10,0.8333333333333334,0.16666666666666666,1.0,1.0,1.0,1.0,1.0,1.0,50,0,0,10,1.0,1.0,1.0
6,seed282427,DNSAmplification,181081,hybrid,60,50,10,50,10,0.8333333333333334,0.16666666666666666,1.0,1.0,1.0,1.0,1.0,1.0,50,0,0,10,1.0,1.0,0.9999999999999999
6,seed282427,DNSAmplification,181081,mlp,60,50,10,60,0,1.0,0.0,0.8333333333333334,not estimable,0.0,0.0,0.5,not estimable,50,0,10,0,0.0,0.8333333333333334,0.16666666666666666
6,seed282427,DNSAmplification,181081,rf,60,50,10,50,10,0.8333333333333334,0.16666666666666666,1.0,1.0,1.0,1.0,1.0,1.0,50,0,0,10,1.0,1.0,1.0
6,seed282427,DNSAmplification,181081,xgboost,60,50,10,50,10,0.8333333333333334,0.16666666666666666,1.0,1.0,1.0,1.0,1.0,1.0,50,0,0,10,1.0,1.0,1.0
6,seed282427,DNSAmplification,206369,hybrid,60,50,10,50,10,0.8333333333333334,0.16666666666666666,1.0,1.0,1.0,1.0,1.0,1.0,50,0,0,10,1.0,1.0,1.0
6,seed282427,DNSAmplification,206369,mlp,60,50,10,60,0,1.0,0.0,0.8333333333333334,not estimable,0.0,0.0,0.5,not estimable,50,0,10,0,0.0,0.7082759543040321,0.16666666666666666
6,seed282427,DNSAmplification,206369,rf,60,50,10,50,10,0.8333333333333334,0.16666666666666666,1.0,1.0,1.0,1.0,1.0,1.0,50,0,0,10,1.0,1.0,1.0
6,seed282427,DNSAmplification,206369,xgboost,60,50,10,50,10,0.8333333333333334,0.16666666666666666,1.0,1.0,1.0,1.0,1.0,1.0,50,0,0,10,1.0,1.0,1.0
6,seed282427,DNSAmplification,231701,hybrid,60,50,10,50,10,0.8333333333333334,0.16666666666666666,1.0,1.0,1.0,1.0,1.0,1.0,50,0,0,10,1.0,1.0,1.0
6,seed282427,DNSAmplification,231701,mlp,60,50,10,60,0,1.0,0.0,0.8333333333333334,not estimable,0.0,0.0,0.5,not estimable,50,0,10,0,0.0,0.8333333333333334,0.16666666666666666
6,seed282427,DNSAmplification,231701,rf,60,50,10,50,10,0.8333333333333334,0.16666666666666666,1.0,1.0,1.0,1.0,1.0,1.0,50,0,0,10,1.0,1.0,1.0
6,seed282427,DNSAmplification,231701,xgboost,60,50,10,50,10,0.8333333333333334,0.16666666666666666,1.0,1.0,1.0,1.0,1.0,1.0,50,0,0,10,1.0,1.0,1.0
6,seed282427,DNSAmplification,257053,hybrid,60,50,10,50,10,0.8333333333333334,0.16666666666666666,1.0,1.0,1.0,1.0,1.0,1.0,50,0,0,10,1.0,1.0,0.9999999999999999
6,seed282427,DNSAmplification,257053,mlp,60,50,10,60,0,1.0,0.0,0.8333333333333334,not estimable,0.0,0.0,0.5,not estimable,50,0,10,0,0.0,0.6498195682033032,0.16666666666666666
6,seed282427,DNSAmplification,257053,rf,60,50,10,50,10,0.8333333333333334,0.16666666666666666,1.0,1.0,1.0,1.0,1.0,1.0,50,0,0,10,1.0,1.0,1.0
6,seed282427,DNSAmplification,257053,xgboost,60,50,10,50,10,0.8333333333333334,0.16666666666666666,1.0,1.0,1.0,1.0,1.0,1.0,50,0,0,10,1.0,1.0,1.0
6,seed282427,DNSAmplification,282427,hybrid,60,50,10,50,10,0.8333333333333334,0.16666666666666666,1.0,1.0,1.0,1.0,1.0,1.0,50,0,0,10,1.0,1.0,1.0
6,seed282427,DNSAmplification,282427,mlp,60,50,10,60,0,1.0,0.0,0.8333333333333334,not estimable,0.0,0.0,0.5,not estimable,50,0,10,0,0.0,0.6500841184678535,0.16666666666666666
6,seed282427,DNSAmplification,282427,rf,60,50,10,50,10,0.8333333333333334,0.16666666666666666,1.0,1.0,1.0,1.0,1.0,1.0,50,0,0,10,1.0,1.0,1.0
6,seed282427,DNSAmplification,282427,xgboost,60,50,10,50,10,0.8333333333333334,0.16666666666666666,1.0,1.0,1.0,1.0,1.0,1.0,50,0,0,10,1.0,1.0,1.0
6,seed282427,DNSAmplification,307759,hybrid,60,50,10,50,10,0.8333333333333334,0.16666666666666666,1.0,1.0,1.0,1.0,1.0,1.0,50,0,0,10,1.0,1.0,1.0
6,seed282427,DNSAmplification,307759,mlp,60,50,10,60,0,1.0,0.0,0.8333333333333334,not estimable,0.0,0.0,0.5,not estimable,50,0,10,0,0.0,0.6498195682033032,0.16666666666666666
6,seed282427,DNSAmplification,307759,rf,60,50,10,50,10,0.8333333333333334,0.16666666666666666,1.0,1.0,1.0,1.0,1.0,1.0,50,0,0,10,1.0,1.0,1.0
6,seed282427,DNSAmplification,307759,xgboost,60,50,10,50,10,0.8333333333333334,0.16666666666666666,1.0,1.0,1.0,1.0,1.0,1.0,50,0,0,10,1.0,1.0,1.0
6,seed282427,DNSAmplification,333019,hybrid,60,50,10,50,10,0.8333333333333334,0.16666666666666666,1.0,1.0,1.0,1.0,1.0,1.0,50,0,0,10,1.0,1.0,1.0
6,seed282427,DNSAmplification,333019,mlp,60,50,10,60,0,1.0,0.0,0.8333333333333334,not estimable,0.0,0.0,0.5,not estimable,50,0,10,0,0.0,0.6498195682033032,0.16666666666666666
6,seed282427,DNSAmplification,333019,rf,60,50,10,50,10,0.8333333333333334,0.16666666666666666,1.0,1.0,1.0,1.0,1.0,1.0,50,0,0,10,1.0,1.0,1.0
6,seed282427,DNSAmplification,333019,xgboost,60,50,10,50,10,0.8333333333333334,0.16666666666666666,1.0,1.0,1.0,1.0,1.0,1.0,50,0,0,10,1.0,1.0,1.0
6,seed282427,Normal,104729,hybrid,50,50,0,50,0,1.0,0.0,1.0,not estimable,not estimable,not estimable,not estimable,not estimable,50,0,0,0,not estimable,not estimable,not estimable
6,seed282427,Normal,104729,mlp,50,50,0,50,0,1.0,0.0,1.0,not estimable,not estimable,not estimable,not estimable,not estimable,50,0,0,0,not estimable,not estimable,not estimable
6,seed282427,Normal,104729,rf,50,50,0,50,0,1.0,0.0,1.0,not estimable,not estimable,not estimable,not estimable,not estimable,50,0,0,0,not estimable,not estimable,not estimable
6,seed282427,Normal,104729,xgboost,50,50,0,50,0,1.0,0.0,1.0,not estimable,not estimable,not estimable,not estimable,not estimable,50,0,0,0,not estimable,not estimable,not estimable
6,seed282427,Normal,130363,hybrid,50,50,0,50,0,1.0,0.0,1.0,not estimable,not estimable,not estimable,not estimable,not estimable,50,0,0,0,not estimable,not estimable,not estimable
6,seed282427,Normal,130363,mlp,50,50,0,50,0,1.0,0.0,1.0,not estimable,not estimable,not estimable,not estimable,not estimable,50,0,0,0,not estimable,not estimable,not estimable
6,seed282427,Normal,130363,rf,50,50,0,50,0,1.0,0.0,1.0,not estimable,not estimable,not estimable,not estimable,not estimable,50,0,0,0,not estimable,not estimable,not estimable
6,seed282427,Normal,130363,xgboost,50,50,0,50,0,1.0,0.0,1.0,not estimable,not estimable,not estimable,not estimable,not estimable,50,0,0,0,not estimable,not estimable,not estimable
6,seed282427,Normal,155921,hybrid,50,50,0,50,0,1.0,0.0,1.0,not estimable,not estimable,not estimable,not estimable,not estimable,50,0,0,0,not estimable,not estimable,not estimable
6,seed282427,Normal,155921,mlp,50,50,0,50,0,1.0,0.0,1.0,not estimable,not estimable,not estimable,not estimable,not estimable,50,0,0,0,not estimable,not estimable,not estimable
6,seed282427,Normal,155921,rf,50,50,0,50,0,1.0,0.0,1.0,not estimable,not estimable,not estimable,not estimable,not estimable,50,0,0,0,not estimable,not estimable,not estimable
6,seed282427,Normal,155921,xgboost,50,50,0,50,0,1.0,0.0,1.0,not estimable,not estimable,not estimable,not estimable,not estimable,50,0,0,0,not estimable,not estimable,not estimable
6,seed282427,Normal,181081,hybrid,50,50,0,50,0,1.0,0.0,1.0,not estimable,not estimable,not estimable,not estimable,not estimable,50,0,0,0,not estimable,not estimable,not estimable
6,seed282427,Normal,181081,mlp,50,50,0,50,0,1.0,0.0,1.0,not estimable,not estimable,not estimable,not estimable,not estimable,50,0,0,0,not estimable,not estimable,not estimable
6,seed282427,Normal,181081,rf,50,50,0,50,0,1.0,0.0,1.0,not estimable,not estimable,not estimable,not estimable,not estimable,50,0,0,0,not estimable,not estimable,not estimable
6,seed282427,Normal,181081,xgboost,50,50,0,50,0,1.0,0.0,1.0,not estimable,not estimable,not estimable,not estimable,not estimable,50,0,0,0,not estimable,not estimable,not estimable
6,seed282427,Normal,206369,hybrid,50,50,0,50,0,1.0,0.0,1.0,not estimable,not estimable,not estimable,not estimable,not estimable,50,0,0,0,not estimable,not estimable,not estimable
6,seed282427,Normal,206369,mlp,50,50,0,50,0,1.0,0.0,1.0,not estimable,not estimable,not estimable,not estimable,not estimable,50,0,0,0,not estimable,not estimable,not estimable
6,seed282427,Normal,206369,rf,50,50,0,50,0,1.0,0.0,1.0,not estimable,not estimable,not estimable,not estimable,not estimable,50,0,0,0,not estimable,not estimable,not estimable
6,seed282427,Normal,206369,xgboost,50,50,0,50,0,1.0,0.0,1.0,not estimable,not estimable,not estimable,not estimable,not estimable,50,0,0,0,not estimable,not estimable,not estimable
6,seed282427,Normal,231701,hybrid,50,50,0,50,0,1.0,0.0,1.0,not estimable,not estimable,not estimable,not estimable,not estimable,50,0,0,0,not estimable,not estimable,not estimable
6,seed282427,Normal,231701,mlp,50,50,0,50,0,1.0,0.0,1.0,not estimable,not estimable,not estimable,not estimable,not estimable,50,0,0,0,not estimable,not estimable,not estimable
6,seed282427,Normal,231701,rf,50,50,0,50,0,1.0,0.0,1.0,not estimable,not estimable,not estimable,not estimable,not estimable,50,0,0,0,not estimable,not estimable,not estimable
6,seed282427,Normal,231701,xgboost,50,50,0,50,0,1.0,0.0,1.0,not estimable,not estimable,not estimable,not estimable,not estimable,50,0,0,0,not estimable,not estimable,not estimable
6,seed282427,Normal,257053,hybrid,50,50,0,50,0,1.0,0.0,1.0,not estimable,not estimable,not estimable,not estimable,not estimable,50,0,0,0,not estimable,not estimable,not estimable
6,seed282427,Normal,257053,mlp,50,50,0,50,0,1.0,0.0,1.0,not estimable,not estimable,not estimable,not estimable,not estimable,50,0,0,0,not estimable,not estimable,not estimable
6,seed282427,Normal,257053,rf,50,50,0,50,0,1.0,0.0,1.0,not estimable,not estimable,not estimable,not estimable,not estimable,50,0,0,0,not estimable,not estimable,not estimable
6,seed282427,Normal,257053,xgboost,50,50,0,50,0,1.0,0.0,1.0,not estimable,not estimable,not estimable,not estimable,not estimable,50,0,0,0,not estimable,not estimable,not estimable
6,seed282427,Normal,282427,hybrid,50,50,0,50,0,1.0,0.0,1.0,not estimable,not estimable,not estimable,not estimable,not estimable,50,0,0,0,not estimable,not estimable,not estimable
6,seed282427,Normal,282427,mlp,50,50,0,50,0,1.0,0.0,1.0,not estimable,not estimable,not estimable,not estimable,not estimable,50,0,0,0,not estimable,not estimable,not estimable
6,seed282427,Normal,282427,rf,50,50,0,50,0,1.0,0.0,1.0,not estimable,not estimable,not estimable,not estimable,not estimable,50,0,0,0,not estimable,not estimable,not estimable
6,seed282427,Normal,282427,xgboost,50,50,0,50,0,1.0,0.0,1.0,not estimable,not estimable,not estimable,not estimable,not estimable,50,0,0,0,not estimable,not estimable,not estimable
6,seed282427,Normal,307759,hybrid,50,50,0,50,0,1.0,0.0,1.0,not estimable,not estimable,not estimable,not estimable,not estimable,50,0,0,0,not estimable,not estimable,not estimable
6,seed282427,Normal,307759,mlp,50,50,0,50,0,1.0,0.0,1.0,not estimable,not estimable,not estimable,not estimable,not estimable,50,0,0,0,not estimable,not estimable,not estimable
6,seed282427,Normal,307759,rf,50,50,0,50,0,1.0,0.0,1.0,not estimable,not estimable,not estimable,not estimable,not estimable,50,0,0,0,not estimable,not estimable,not estimable
6,seed282427,Normal,307759,xgboost,50,50,0,50,0,1.0,0.0,1.0,not estimable,not estimable,not estimable,not estimable,not estimable,50,0,0,0,not estimable,not estimable,not estimable
6,seed282427,Normal,333019,hybrid,50,50,0,50,0,1.0,0.0,1.0,not estimable,not estimable,not estimable,not estimable,not estimable,50,0,0,0,not estimable,not estimable,not estimable
6,seed282427,Normal,333019,mlp,50,50,0,50,0,1.0,0.0,1.0,not estimable,not estimable,not estimable,not estimable,not estimable,50,0,0,0,not estimable,not estimable,not estimable
6,seed282427,Normal,333019,rf,50,50,0,50,0,1.0,0.0,1.0,not estimable,not estimable,not estimable,not estimable,not estimable,50,0,0,0,not estimable,not estimable,not estimable
6,seed282427,Normal,333019,xgboost,50,50,0,50,0,1.0,0.0,1.0,not estimable,not estimable,not estimable,not estimable,not estimable,50,0,0,0,not estimable,not estimable,not estimable
6,seed282427,SYNFlood,104729,hybrid,850,50,800,850,0,1.0,0.0,0.058823529411764705,not estimable,0.0,0.0,0.5,not estimable,50,0,800,0,0.5,0.05884595137542516,0.9703809800427242
6,seed282427,SYNFlood,104729,mlp,850,50,800,850,0,1.0,0.0,0.058823529411764705,not estimable,0.0,0.0,0.5,not estimable,50,0,800,0,1.0,1.0,0.9999999999999999
6,seed282427,SYNFlood,104729,rf,850,50,800,850,0,1.0,0.0,0.058823529411764705,not estimable,0.0,0.0,0.5,not estimable,50,0,800,0,0.0,0.058823529411764705,0.9109586056644879
6,seed282427,SYNFlood,104729,xgboost,850,50,800,850,0,1.0,0.0,0.058823529411764705,not estimable,0.0,0.0,0.5,not estimable,50,0,800,0,0.0,0.04437404093918927,0.8874918586293934
6,seed282427,SYNFlood,130363,hybrid,850,50,800,850,0,1.0,0.0,0.058823529411764705,not estimable,0.0,0.0,0.5,not estimable,50,0,800,0,0.5,0.05884595137542516,0.9703809800427242
6,seed282427,SYNFlood,130363,mlp,850,50,800,450,400,0.5294117647058824,0.47058823529411764,0.5294117647058824,1.0,0.5,0.6666666666666666,0.75,0.23570226039551587,50,0,400,400,1.0,1.0,0.9999999999999999
6,seed282427,SYNFlood,130363,rf,850,50,800,850,0,1.0,0.0,0.058823529411764705,not estimable,0.0,0.0,0.5,not estimable,50,0,800,0,0.0,0.04698837618879887,0.9109586056644879
6,seed282427,SYNFlood,130363,xgboost,850,50,800,850,0,1.0,0.0,0.058823529411764705,not estimable,0.0,0.0,0.5,not estimable,50,0,800,0,0.0,0.038806413634972246,0.9148608210542599
6,seed282427,SYNFlood,155921,hybrid,850,50,800,850,0,1.0,0.0,0.058823529411764705,not estimable,0.0,0.0,0.5,not estimable,50,0,800,0,0.5,0.08322468059022549,0.9703809800427243
6,seed282427,SYNFlood,155921,mlp,850,50,800,850,0,1.0,0.0,0.058823529411764705,not estimable,0.0,0.0,0.5,not estimable,50,0,800,0,1.0,1.0,0.9999999999999999
6,seed282427,SYNFlood,155921,rf,850,50,800,850,0,1.0,0.0,0.058823529411764705,not estimable,0.0,0.0,0.5,not estimable,50,0,800,0,0.0,0.05767202761254314,0.8994933998807041
6,seed282427,SYNFlood,155921,xgboost,850,50,800,850,0,1.0,0.0,0.058823529411764705,not estimable,0.0,0.0,0.5,not estimable,50,0,800,0,0.0,0.04437404093918927,0.8874918586293934
6,seed282427,SYNFlood,181081,hybrid,850,50,800,850,0,1.0,0.0,0.058823529411764705,not estimable,0.0,0.0,0.5,not estimable,50,0,800,0,0.0,0.04372161667837863,0.8837455883728021
6,seed282427,SYNFlood,181081,mlp,850,50,800,850,0,1.0,0.0,0.058823529411764705,not estimable,0.0,0.0,0.5,not estimable,50,0,800,0,1.0,1.0,0.9999999999999999
6,seed282427,SYNFlood,181081,rf,850,50,800,850,0,1.0,0.0,0.058823529411764705,not estimable,0.0,0.0,0.5,not estimable,50,0,800,0,0.0,0.05767202761254314,0.8962686331842677
6,seed282427,SYNFlood,181081,xgboost,850,50,800,850,0,1.0,0.0,0.058823529411764705,not estimable,0.0,0.0,0.5,not estimable,50,0,800,0,0.0,0.04437404093918927,0.8874918586293934
6,seed282427,SYNFlood,206369,hybrid,850,50,800,850,0,1.0,0.0,0.058823529411764705,not estimable,0.0,0.0,0.5,not estimable,50,0,800,0,0.5,0.06787101528493011,0.9703809800427242
6,seed282427,SYNFlood,206369,mlp,850,50,800,450,400,0.5294117647058824,0.47058823529411764,0.5294117647058824,1.0,0.5,0.6666666666666666,0.75,0.23570226039551587,50,0,400,400,1.0,1.0,0.9999999999999999
6,seed282427,SYNFlood,206369,rf,850,50,800,850,0,1.0,0.0,0.058823529411764705,not estimable,0.0,0.0,0.5,not estimable,50,0,800,0,0.0,0.058823529411764705,0.9150326797385621
6,seed282427,SYNFlood,206369,xgboost,850,50,800,850,0,1.0,0.0,0.058823529411764705,not estimable,0.0,0.0,0.5,not estimable,50,0,800,0,0.0,0.04437404093918927,0.8874918586293934
6,seed282427,SYNFlood,231701,hybrid,850,50,800,850,0,1.0,0.0,0.058823529411764705,not estimable,0.0,0.0,0.5,not estimable,50,0,800,0,0.0,0.04372161667837863,0.8992848989890517
6,seed282427,SYNFlood,231701,mlp,850,50,800,850,0,1.0,0.0,0.058823529411764705,not estimable,0.0,0.0,0.5,not estimable,50,0,800,0,1.0,1.0,1.0
6,seed282427,SYNFlood,231701,rf,850,50,800,850,0,1.0,0.0,0.058823529411764705,not estimable,0.0,0.0,0.5,not estimable,50,0,800,0,0.0,0.05767202761254314,0.9108364205617906
6,seed282427,SYNFlood,231701,xgboost,850,50,800,850,0,1.0,0.0,0.058823529411764705,not estimable,0.0,0.0,0.5,not estimable,50,0,800,0,0.0,0.04437404093918927,0.8874918586293934
6,seed282427,SYNFlood,257053,hybrid,850,50,800,850,0,1.0,0.0,0.058823529411764705,not estimable,0.0,0.0,0.5,not estimable,50,0,800,0,0.0,0.030594048341956906,0.8837455883728021
6,seed282427,SYNFlood,257053,mlp,850,50,800,850,0,1.0,0.0,0.058823529411764705,not estimable,0.0,0.0,0.5,not estimable,50,0,800,0,0.014950000000000012,0.03064829481709768,0.885877318978533
6,seed282427,SYNFlood,257053,rf,850,50,800,850,0,1.0,0.0,0.058823529411764705,not estimable,0.0,0.0,0.5,not estimable,50,0,800,0,0.0,0.058823529411764705,0.9144150171195264
6,seed282427,SYNFlood,257053,xgboost,850,50,800,850,0,1.0,0.0,0.058823529411764705,not estimable,0.0,0.0,0.5,not estimable,50,0,800,0,0.0,0.04437404093918927,0.8874918586293934
6,seed282427,SYNFlood,282427,hybrid,850,50,800,850,0,1.0,0.0,0.058823529411764705,not estimable,0.0,0.0,0.5,not estimable,50,0,800,0,0.0,0.030594048341956906,0.8837455883728021
6,seed282427,SYNFlood,282427,mlp,850,50,800,850,0,1.0,0.0,0.058823529411764705,not estimable,0.0,0.0,0.5,not estimable,50,0,800,0,1.0,1.0,0.9999999999999999
6,seed282427,SYNFlood,282427,rf,850,50,800,850,0,1.0,0.0,0.058823529411764705,not estimable,0.0,0.0,0.5,not estimable,50,0,800,0,0.0,0.05767202761254314,0.9100453060011884
6,seed282427,SYNFlood,282427,xgboost,850,50,800,850,0,1.0,0.0,0.058823529411764705,not estimable,0.0,0.0,0.5,not estimable,50,0,800,0,0.0,0.04437404093918927,0.8874918586293934
6,seed282427,SYNFlood,307759,hybrid,850,50,800,850,0,1.0,0.0,0.058823529411764705,not estimable,0.0,0.0,0.5,not estimable,50,0,800,0,0.5,0.05884595137542516,0.9703809800427242
6,seed282427,SYNFlood,307759,mlp,850,50,800,850,0,1.0,0.0,0.058823529411764705,not estimable,0.0,0.0,0.5,not estimable,50,0,800,0,0.5,0.05884595137542516,0.9703809800427242
6,seed282427,SYNFlood,307759,rf,850,50,800,850,0,1.0,0.0,0.058823529411764705,not estimable,0.0,0.0,0.5,not estimable,50,0,800,0,0.0,0.04698837618879887,0.9144150171195264
6,seed282427,SYNFlood,307759,xgboost,850,50,800,850,0,1.0,0.0,0.058823529411764705,not estimable,0.0,0.0,0.5,not estimable,50,0,800,0,0.0,0.038806413634972246,0.9148608210542599
6,seed282427,SYNFlood,333019,hybrid,850,50,800,850,0,1.0,0.0,0.058823529411764705,not estimable,0.0,0.0,0.5,not estimable,50,0,800,0,0.29825,0.04030267221716005,0.9469216777171429
6,seed282427,SYNFlood,333019,mlp,850,50,800,845,5,0.9941176470588236,0.0058823529411764705,0.06470588235294118,1.0,0.00625,0.012422360248447204,0.503125,0.019230769230769232,50,0,795,5,1.0,1.0,0.9999999999999999
6,seed282427,SYNFlood,333019,rf,850,50,800,850,0,1.0,0.0,0.058823529411764705,not estimable,0.0,0.0,0.5,not estimable,50,0,800,0,0.0,0.058823529411764705,0.9144162627597856
6,seed282427,SYNFlood,333019,xgboost,850,50,800,850,0,1.0,0.0,0.058823529411764705,not estimable,0.0,0.0,0.5,not estimable,50,0,800,0,0.0,0.045050215208034435,0.9150326797385621
6,seed282427,UDPFlood,104729,hybrid,70,50,20,50,20,0.7142857142857143,0.2857142857142857,1.0,1.0,1.0,1.0,1.0,1.0,50,0,0,20,1.0,1.0,1.0
6,seed282427,UDPFlood,104729,mlp,70,50,20,70,0,1.0,0.0,0.7142857142857143,not estimable,0.0,0.0,0.5,not estimable,50,0,20,0,0.0,0.5059611598022441,0.2857142857142857
6,seed282427,UDPFlood,104729,rf,70,50,20,50,20,0.7142857142857143,0.2857142857142857,1.0,1.0,1.0,1.0,1.0,1.0,50,0,0,20,1.0,1.0,1.0
6,seed282427,UDPFlood,104729,xgboost,70,50,20,50,20,0.7142857142857143,0.2857142857142857,1.0,1.0,1.0,1.0,1.0,1.0,50,0,0,20,1.0,1.0,1.0
6,seed282427,UDPFlood,130363,hybrid,70,50,20,50,20,0.7142857142857143,0.2857142857142857,1.0,1.0,1.0,1.0,1.0,1.0,50,0,0,20,1.0,1.0,1.0
6,seed282427,UDPFlood,130363,mlp,70,50,20,70,0,1.0,0.0,0.7142857142857143,not estimable,0.0,0.0,0.5,not estimable,50,0,20,0,0.0,0.5059611598022441,0.22826853029405747
6,seed282427,UDPFlood,130363,rf,70,50,20,50,20,0.7142857142857143,0.2857142857142857,1.0,1.0,1.0,1.0,1.0,1.0,50,0,0,20,1.0,1.0,1.0
6,seed282427,UDPFlood,130363,xgboost,70,50,20,50,20,0.7142857142857143,0.2857142857142857,1.0,1.0,1.0,1.0,1.0,1.0,50,0,0,20,1.0,1.0,1.0
6,seed282427,UDPFlood,155921,hybrid,70,50,20,50,20,0.7142857142857143,0.2857142857142857,1.0,1.0,1.0,1.0,1.0,1.0,50,0,0,20,1.0,1.0,1.0
6,seed282427,UDPFlood,155921,mlp,70,50,20,70,0,1.0,0.0,0.7142857142857143,not estimable,0.0,0.0,0.5,not estimable,50,0,20,0,0.0,0.7142857142857143,0.2857142857142857
6,seed282427,UDPFlood,155921,rf,70,50,20,50,20,0.7142857142857143,0.2857142857142857,1.0,1.0,1.0,1.0,1.0,1.0,50,0,0,20,1.0,1.0,1.0
6,seed282427,UDPFlood,155921,xgboost,70,50,20,50,20,0.7142857142857143,0.2857142857142857,1.0,1.0,1.0,1.0,1.0,1.0,50,0,0,20,1.0,1.0,1.0
6,seed282427,UDPFlood,181081,hybrid,70,50,20,50,20,0.7142857142857143,0.2857142857142857,1.0,1.0,1.0,1.0,1.0,1.0,50,0,0,20,1.0,0.9999999999999999,1.0
6,seed282427,UDPFlood,181081,mlp,70,50,20,70,0,1.0,0.0,0.7142857142857143,not estimable,0.0,0.0,0.5,not estimable,50,0,20,0,0.0,0.7142857142857143,0.2857142857142857
6,seed282427,UDPFlood,181081,rf,70,50,20,50,20,0.7142857142857143,0.2857142857142857,1.0,1.0,1.0,1.0,1.0,1.0,50,0,0,20,1.0,1.0,1.0
6,seed282427,UDPFlood,181081,xgboost,70,50,20,50,20,0.7142857142857143,0.2857142857142857,1.0,1.0,1.0,1.0,1.0,1.0,50,0,0,20,1.0,1.0,1.0
6,seed282427,UDPFlood,206369,hybrid,70,50,20,50,20,0.7142857142857143,0.2857142857142857,1.0,1.0,1.0,1.0,1.0,1.0,50,0,0,20,1.0,1.0,1.0
6,seed282427,UDPFlood,206369,mlp,70,50,20,50,20,0.7142857142857143,0.2857142857142857,1.0,1.0,1.0,1.0,1.0,1.0,50,0,0,20,1.0,1.0,1.0
6,seed282427,UDPFlood,206369,rf,70,50,20,50,20,0.7142857142857143,0.2857142857142857,1.0,1.0,1.0,1.0,1.0,1.0,50,0,0,20,1.0,1.0,1.0
6,seed282427,UDPFlood,206369,xgboost,70,50,20,50,20,0.7142857142857143,0.2857142857142857,1.0,1.0,1.0,1.0,1.0,1.0,50,0,0,20,1.0,1.0,1.0
6,seed282427,UDPFlood,231701,hybrid,70,50,20,50,20,0.7142857142857143,0.2857142857142857,1.0,1.0,1.0,1.0,1.0,1.0,50,0,0,20,1.0,0.9999999999999999,1.0
6,seed282427,UDPFlood,231701,mlp,70,50,20,70,0,1.0,0.0,0.7142857142857143,not estimable,0.0,0.0,0.5,not estimable,50,0,20,0,0.0,0.7142857142857143,0.2857142857142857
6,seed282427,UDPFlood,231701,rf,70,50,20,50,20,0.7142857142857143,0.2857142857142857,1.0,1.0,1.0,1.0,1.0,1.0,50,0,0,20,1.0,1.0,1.0
6,seed282427,UDPFlood,231701,xgboost,70,50,20,50,20,0.7142857142857143,0.2857142857142857,1.0,1.0,1.0,1.0,1.0,1.0,50,0,0,20,1.0,1.0,1.0
6,seed282427,UDPFlood,257053,hybrid,70,50,20,50,20,0.7142857142857143,0.2857142857142857,1.0,1.0,1.0,1.0,1.0,1.0,50,0,0,20,1.0,1.0,1.0
6,seed282427,UDPFlood,257053,mlp,70,50,20,70,0,1.0,0.0,0.7142857142857143,not estimable,0.0,0.0,0.5,not estimable,50,0,20,0,0.0,0.5059611598022441,0.2857142857142857
6,seed282427,UDPFlood,257053,rf,70,50,20,50,20,0.7142857142857143,0.2857142857142857,1.0,1.0,1.0,1.0,1.0,1.0,50,0,0,20,1.0,1.0,1.0
6,seed282427,UDPFlood,257053,xgboost,70,50,20,50,20,0.7142857142857143,0.2857142857142857,1.0,1.0,1.0,1.0,1.0,1.0,50,0,0,20,1.0,1.0,1.0
6,seed282427,UDPFlood,282427,hybrid,70,50,20,50,20,0.7142857142857143,0.2857142857142857,1.0,1.0,1.0,1.0,1.0,1.0,50,0,0,20,1.0,1.0,1.0
6,seed282427,UDPFlood,282427,mlp,70,50,20,70,0,1.0,0.0,0.7142857142857143,not estimable,0.0,0.0,0.5,not estimable,50,0,20,0,0.0,0.5059611598022441,0.2857142857142857
6,seed282427,UDPFlood,282427,rf,70,50,20,50,20,0.7142857142857143,0.2857142857142857,1.0,1.0,1.0,1.0,1.0,1.0,50,0,0,20,1.0,1.0,1.0
6,seed282427,UDPFlood,282427,xgboost,70,50,20,50,20,0.7142857142857143,0.2857142857142857,1.0,1.0,1.0,1.0,1.0,1.0,50,0,0,20,1.0,1.0,1.0
6,seed282427,UDPFlood,307759,hybrid,70,50,20,50,20,0.7142857142857143,0.2857142857142857,1.0,1.0,1.0,1.0,1.0,1.0,50,0,0,20,1.0,1.0,1.0
6,seed282427,UDPFlood,307759,mlp,70,50,20,70,0,1.0,0.0,0.7142857142857143,not estimable,0.0,0.0,0.5,not estimable,50,0,20,0,0.0,0.5059611598022441,0.2857142857142857
6,seed282427,UDPFlood,307759,rf,70,50,20,50,20,0.7142857142857143,0.2857142857142857,1.0,1.0,1.0,1.0,1.0,1.0,50,0,0,20,1.0,1.0,1.0
6,seed282427,UDPFlood,307759,xgboost,70,50,20,50,20,0.7142857142857143,0.2857142857142857,1.0,1.0,1.0,1.0,1.0,1.0,50,0,0,20,1.0,1.0,1.0
6,seed282427,UDPFlood,333019,hybrid,70,50,20,50,20,0.7142857142857143,0.2857142857142857,1.0,1.0,1.0,1.0,1.0,1.0,50,0,0,20,1.0,1.0,1.0
6,seed282427,UDPFlood,333019,mlp,70,50,20,70,0,1.0,0.0,0.7142857142857143,not estimable,0.0,0.0,0.5,not estimable,50,0,20,0,0.0,0.5059611598022441,0.2857142857142857
6,seed282427,UDPFlood,333019,rf,70,50,20,50,20,0.7142857142857143,0.2857142857142857,1.0,1.0,1.0,1.0,1.0,1.0,50,0,0,20,1.0,1.0,1.0
6,seed282427,UDPFlood,333019,xgboost,70,50,20,50,20,0.7142857142857143,0.2857142857142857,1.0,1.0,1.0,1.0,1.0,1.0,50,0,0,20,1.0,1.0,1.0
6,seed307759,DNSAmplification,104729,hybrid,60,50,10,50,10,0.8333333333333334,0.16666666666666666,1.0,1.0,1.0,1.0,1.0,1.0,50,0,0,10,1.0,1.0,1.0
6,seed307759,DNSAmplification,104729,mlp,60,50,10,60,0,1.0,0.0,0.8333333333333334,not estimable,0.0,0.0,0.5,not estimable,50,0,10,0,0.0,0.6498195682033032,0.16666666666666666
6,seed307759,DNSAmplification,104729,rf,60,50,10,50,10,0.8333333333333334,0.16666666666666666,1.0,1.0,1.0,1.0,1.0,1.0,50,0,0,10,1.0,1.0,1.0
6,seed307759,DNSAmplification,104729,xgboost,60,50,10,50,10,0.8333333333333334,0.16666666666666666,1.0,1.0,1.0,1.0,1.0,1.0,50,0,0,10,1.0,1.0,1.0
6,seed307759,DNSAmplification,130363,hybrid,60,50,10,50,10,0.8333333333333334,0.16666666666666666,1.0,1.0,1.0,1.0,1.0,1.0,50,0,0,10,1.0,1.0,1.0
6,seed307759,DNSAmplification,130363,mlp,60,50,10,60,0,1.0,0.0,0.8333333333333334,not estimable,0.0,0.0,0.5,not estimable,50,0,10,0,0.0,0.6498195682033032,0.16666666666666666
6,seed307759,DNSAmplification,130363,rf,60,50,10,50,10,0.8333333333333334,0.16666666666666666,1.0,1.0,1.0,1.0,1.0,1.0,50,0,0,10,1.0,1.0,1.0
6,seed307759,DNSAmplification,130363,xgboost,60,50,10,50,10,0.8333333333333334,0.16666666666666666,1.0,1.0,1.0,1.0,1.0,1.0,50,0,0,10,1.0,1.0,1.0
6,seed307759,DNSAmplification,155921,hybrid,60,50,10,50,10,0.8333333333333334,0.16666666666666666,1.0,1.0,1.0,1.0,1.0,1.0,50,0,0,10,1.0,1.0,1.0
6,seed307759,DNSAmplification,155921,mlp,60,50,10,60,0,1.0,0.0,0.8333333333333334,not estimable,0.0,0.0,0.5,not estimable,50,0,10,0,0.0,0.8333333333333334,0.16666666666666666
6,seed307759,DNSAmplification,155921,rf,60,50,10,50,10,0.8333333333333334,0.16666666666666666,1.0,1.0,1.0,1.0,1.0,1.0,50,0,0,10,1.0,1.0,1.0
6,seed307759,DNSAmplification,155921,xgboost,60,50,10,50,10,0.8333333333333334,0.16666666666666666,1.0,1.0,1.0,1.0,1.0,1.0,50,0,0,10,1.0,1.0,1.0
6,seed307759,DNSAmplification,181081,hybrid,60,50,10,50,10,0.8333333333333334,0.16666666666666666,1.0,1.0,1.0,1.0,1.0,1.0,50,0,0,10,1.0,1.0,1.0
6,seed307759,DNSAmplification,181081,mlp,60,50,10,60,0,1.0,0.0,0.8333333333333334,not estimable,0.0,0.0,0.5,not estimable,50,0,10,0,0.0,0.8333333333333334,0.16666666666666666
6,seed307759,DNSAmplification,181081,rf,60,50,10,50,10,0.8333333333333334,0.16666666666666666,1.0,1.0,1.0,1.0,1.0,1.0,50,0,0,10,1.0,1.0,1.0
6,seed307759,DNSAmplification,181081,xgboost,60,50,10,50,10,0.8333333333333334,0.16666666666666666,1.0,1.0,1.0,1.0,1.0,1.0,50,0,0,10,1.0,1.0,1.0
6,seed307759,DNSAmplification,206369,hybrid,60,50,10,50,10,0.8333333333333334,0.16666666666666666,1.0,1.0,1.0,1.0,1.0,1.0,50,0,0,10,1.0,1.0,1.0
6,seed307759,DNSAmplification,206369,mlp,60,50,10,60,0,1.0,0.0,0.8333333333333334,not estimable,0.0,0.0,0.5,not estimable,50,0,10,0,0.0,0.6998175345663891,0.16666666666666666
6,seed307759,DNSAmplification,206369,rf,60,50,10,50,10,0.8333333333333334,0.16666666666666666,1.0,1.0,1.0,1.0,1.0,1.0,50,0,0,10,1.0,1.0,1.0
6,seed307759,DNSAmplification,206369,xgboost,60,50,10,50,10,0.8333333333333334,0.16666666666666666,1.0,1.0,1.0,1.0,1.0,1.0,50,0,0,10,1.0,1.0,1.0
6,seed307759,DNSAmplification,231701,hybrid,60,50,10,50,10,0.8333333333333334,0.16666666666666666,1.0,1.0,1.0,1.0,1.0,1.0,50,0,0,10,1.0,1.0,1.0
6,seed307759,DNSAmplification,231701,mlp,60,50,10,60,0,1.0,0.0,0.8333333333333334,not estimable,0.0,0.0,0.5,not estimable,50,0,10,0,0.0,0.8333333333333334,0.16666666666666666
6,seed307759,DNSAmplification,231701,rf,60,50,10,50,10,0.8333333333333334,0.16666666666666666,1.0,1.0,1.0,1.0,1.0,1.0,50,0,0,10,1.0,1.0,1.0
6,seed307759,DNSAmplification,231701,xgboost,60,50,10,50,10,0.8333333333333334,0.16666666666666666,1.0,1.0,1.0,1.0,1.0,1.0,50,0,0,10,1.0,1.0,1.0
6,seed307759,DNSAmplification,257053,hybrid,60,50,10,50,10,0.8333333333333334,0.16666666666666666,1.0,1.0,1.0,1.0,1.0,1.0,50,0,0,10,1.0,1.0,1.0
6,seed307759,DNSAmplification,257053,mlp,60,50,10,60,0,1.0,0.0,0.8333333333333334,not estimable,0.0,0.0,0.5,not estimable,50,0,10,0,0.0,0.6498195682033032,0.16666666666666666
6,seed307759,DNSAmplification,257053,rf,60,50,10,50,10,0.8333333333333334,0.16666666666666666,1.0,1.0,1.0,1.0,1.0,1.0,50,0,0,10,1.0,1.0,1.0
6,seed307759,DNSAmplification,257053,xgboost,60,50,10,50,10,0.8333333333333334,0.16666666666666666,1.0,1.0,1.0,1.0,1.0,1.0,50,0,0,10,1.0,1.0,1.0
6,seed307759,DNSAmplification,282427,hybrid,60,50,10,50,10,0.8333333333333334,0.16666666666666666,1.0,1.0,1.0,1.0,1.0,1.0,50,0,0,10,1.0,1.0,0.9999999999999999
6,seed307759,DNSAmplification,282427,mlp,60,50,10,60,0,1.0,0.0,0.8333333333333334,not estimable,0.0,0.0,0.5,not estimable,50,0,10,0,0.0,0.6498195682033032,0.16666666666666666
6,seed307759,DNSAmplification,282427,rf,60,50,10,50,10,0.8333333333333334,0.16666666666666666,1.0,1.0,1.0,1.0,1.0,1.0,50,0,0,10,1.0,1.0,0.9999999999999999
6,seed307759,DNSAmplification,282427,xgboost,60,50,10,50,10,0.8333333333333334,0.16666666666666666,1.0,1.0,1.0,1.0,1.0,1.0,50,0,0,10,1.0,1.0,1.0
6,seed307759,DNSAmplification,307759,hybrid,60,50,10,50,10,0.8333333333333334,0.16666666666666666,1.0,1.0,1.0,1.0,1.0,1.0,50,0,0,10,1.0,1.0,1.0
6,seed307759,DNSAmplification,307759,mlp,60,50,10,60,0,1.0,0.0,0.8333333333333334,not estimable,0.0,0.0,0.5,not estimable,50,0,10,0,0.0,0.6498195682033032,0.16666666666666666
6,seed307759,DNSAmplification,307759,rf,60,50,10,50,10,0.8333333333333334,0.16666666666666666,1.0,1.0,1.0,1.0,1.0,1.0,50,0,0,10,1.0,1.0,1.0
6,seed307759,DNSAmplification,307759,xgboost,60,50,10,50,10,0.8333333333333334,0.16666666666666666,1.0,1.0,1.0,1.0,1.0,1.0,50,0,0,10,1.0,1.0,1.0
6,seed307759,DNSAmplification,333019,hybrid,60,50,10,50,10,0.8333333333333334,0.16666666666666666,1.0,1.0,1.0,1.0,1.0,1.0,50,0,0,10,1.0,1.0,1.0
6,seed307759,DNSAmplification,333019,mlp,60,50,10,60,0,1.0,0.0,0.8333333333333334,not estimable,0.0,0.0,0.5,not estimable,50,0,10,0,0.0,0.6498195682033032,0.16666666666666666
6,seed307759,DNSAmplification,333019,rf,60,50,10,50,10,0.8333333333333334,0.16666666666666666,1.0,1.0,1.0,1.0,1.0,1.0,50,0,0,10,1.0,1.0,1.0
6,seed307759,DNSAmplification,333019,xgboost,60,50,10,50,10,0.8333333333333334,0.16666666666666666,1.0,1.0,1.0,1.0,1.0,1.0,50,0,0,10,1.0,1.0,1.0
6,seed307759,Normal,104729,hybrid,50,50,0,50,0,1.0,0.0,1.0,not estimable,not estimable,not estimable,not estimable,not estimable,50,0,0,0,not estimable,not estimable,not estimable
6,seed307759,Normal,104729,mlp,50,50,0,50,0,1.0,0.0,1.0,not estimable,not estimable,not estimable,not estimable,not estimable,50,0,0,0,not estimable,not estimable,not estimable
6,seed307759,Normal,104729,rf,50,50,0,50,0,1.0,0.0,1.0,not estimable,not estimable,not estimable,not estimable,not estimable,50,0,0,0,not estimable,not estimable,not estimable
6,seed307759,Normal,104729,xgboost,50,50,0,50,0,1.0,0.0,1.0,not estimable,not estimable,not estimable,not estimable,not estimable,50,0,0,0,not estimable,not estimable,not estimable
6,seed307759,Normal,130363,hybrid,50,50,0,50,0,1.0,0.0,1.0,not estimable,not estimable,not estimable,not estimable,not estimable,50,0,0,0,not estimable,not estimable,not estimable
6,seed307759,Normal,130363,mlp,50,50,0,50,0,1.0,0.0,1.0,not estimable,not estimable,not estimable,not estimable,not estimable,50,0,0,0,not estimable,not estimable,not estimable
6,seed307759,Normal,130363,rf,50,50,0,50,0,1.0,0.0,1.0,not estimable,not estimable,not estimable,not estimable,not estimable,50,0,0,0,not estimable,not estimable,not estimable
6,seed307759,Normal,130363,xgboost,50,50,0,50,0,1.0,0.0,1.0,not estimable,not estimable,not estimable,not estimable,not estimable,50,0,0,0,not estimable,not estimable,not estimable
6,seed307759,Normal,155921,hybrid,50,50,0,50,0,1.0,0.0,1.0,not estimable,not estimable,not estimable,not estimable,not estimable,50,0,0,0,not estimable,not estimable,not estimable
6,seed307759,Normal,155921,mlp,50,50,0,50,0,1.0,0.0,1.0,not estimable,not estimable,not estimable,not estimable,not estimable,50,0,0,0,not estimable,not estimable,not estimable
6,seed307759,Normal,155921,rf,50,50,0,50,0,1.0,0.0,1.0,not estimable,not estimable,not estimable,not estimable,not estimable,50,0,0,0,not estimable,not estimable,not estimable
6,seed307759,Normal,155921,xgboost,50,50,0,50,0,1.0,0.0,1.0,not estimable,not estimable,not estimable,not estimable,not estimable,50,0,0,0,not estimable,not estimable,not estimable
6,seed307759,Normal,181081,hybrid,50,50,0,50,0,1.0,0.0,1.0,not estimable,not estimable,not estimable,not estimable,not estimable,50,0,0,0,not estimable,not estimable,not estimable
6,seed307759,Normal,181081,mlp,50,50,0,50,0,1.0,0.0,1.0,not estimable,not estimable,not estimable,not estimable,not estimable,50,0,0,0,not estimable,not estimable,not estimable
6,seed307759,Normal,181081,rf,50,50,0,50,0,1.0,0.0,1.0,not estimable,not estimable,not estimable,not estimable,not estimable,50,0,0,0,not estimable,not estimable,not estimable
6,seed307759,Normal,181081,xgboost,50,50,0,50,0,1.0,0.0,1.0,not estimable,not estimable,not estimable,not estimable,not estimable,50,0,0,0,not estimable,not estimable,not estimable
6,seed307759,Normal,206369,hybrid,50,50,0,50,0,1.0,0.0,1.0,not estimable,not estimable,not estimable,not estimable,not estimable,50,0,0,0,not estimable,not estimable,not estimable
6,seed307759,Normal,206369,mlp,50,50,0,50,0,1.0,0.0,1.0,not estimable,not estimable,not estimable,not estimable,not estimable,50,0,0,0,not estimable,not estimable,not estimable
6,seed307759,Normal,206369,rf,50,50,0,50,0,1.0,0.0,1.0,not estimable,not estimable,not estimable,not estimable,not estimable,50,0,0,0,not estimable,not estimable,not estimable
6,seed307759,Normal,206369,xgboost,50,50,0,50,0,1.0,0.0,1.0,not estimable,not estimable,not estimable,not estimable,not estimable,50,0,0,0,not estimable,not estimable,not estimable
6,seed307759,Normal,231701,hybrid,50,50,0,50,0,1.0,0.0,1.0,not estimable,not estimable,not estimable,not estimable,not estimable,50,0,0,0,not estimable,not estimable,not estimable
6,seed307759,Normal,231701,mlp,50,50,0,50,0,1.0,0.0,1.0,not estimable,not estimable,not estimable,not estimable,not estimable,50,0,0,0,not estimable,not estimable,not estimable
6,seed307759,Normal,231701,rf,50,50,0,50,0,1.0,0.0,1.0,not estimable,not estimable,not estimable,not estimable,not estimable,50,0,0,0,not estimable,not estimable,not estimable
6,seed307759,Normal,231701,xgboost,50,50,0,50,0,1.0,0.0,1.0,not estimable,not estimable,not estimable,not estimable,not estimable,50,0,0,0,not estimable,not estimable,not estimable
6,seed307759,Normal,257053,hybrid,50,50,0,50,0,1.0,0.0,1.0,not estimable,not estimable,not estimable,not estimable,not estimable,50,0,0,0,not estimable,not estimable,not estimable
6,seed307759,Normal,257053,mlp,50,50,0,50,0,1.0,0.0,1.0,not estimable,not estimable,not estimable,not estimable,not estimable,50,0,0,0,not estimable,not estimable,not estimable
6,seed307759,Normal,257053,rf,50,50,0,50,0,1.0,0.0,1.0,not estimable,not estimable,not estimable,not estimable,not estimable,50,0,0,0,not estimable,not estimable,not estimable
6,seed307759,Normal,257053,xgboost,50,50,0,50,0,1.0,0.0,1.0,not estimable,not estimable,not estimable,not estimable,not estimable,50,0,0,0,not estimable,not estimable,not estimable
6,seed307759,Normal,282427,hybrid,50,50,0,50,0,1.0,0.0,1.0,not estimable,not estimable,not estimable,not estimable,not estimable,50,0,0,0,not estimable,not estimable,not estimable
6,seed307759,Normal,282427,mlp,50,50,0,50,0,1.0,0.0,1.0,not estimable,not estimable,not estimable,not estimable,not estimable,50,0,0,0,not estimable,not estimable,not estimable
6,seed307759,Normal,282427,rf,50,50,0,50,0,1.0,0.0,1.0,not estimable,not estimable,not estimable,not estimable,not estimable,50,0,0,0,not estimable,not estimable,not estimable
6,seed307759,Normal,282427,xgboost,50,50,0,50,0,1.0,0.0,1.0,not estimable,not estimable,not estimable,not estimable,not estimable,50,0,0,0,not estimable,not estimable,not estimable
6,seed307759,Normal,307759,hybrid,50,50,0,50,0,1.0,0.0,1.0,not estimable,not estimable,not estimable,not estimable,not estimable,50,0,0,0,not estimable,not estimable,not estimable
6,seed307759,Normal,307759,mlp,50,50,0,50,0,1.0,0.0,1.0,not estimable,not estimable,not estimable,not estimable,not estimable,50,0,0,0,not estimable,not estimable,not estimable
6,seed307759,Normal,307759,rf,50,50,0,50,0,1.0,0.0,1.0,not estimable,not estimable,not estimable,not estimable,not estimable,50,0,0,0,not estimable,not estimable,not estimable
6,seed307759,Normal,307759,xgboost,50,50,0,50,0,1.0,0.0,1.0,not estimable,not estimable,not estimable,not estimable,not estimable,50,0,0,0,not estimable,not estimable,not estimable
6,seed307759,Normal,333019,hybrid,50,50,0,50,0,1.0,0.0,1.0,not estimable,not estimable,not estimable,not estimable,not estimable,50,0,0,0,not estimable,not estimable,not estimable
6,seed307759,Normal,333019,mlp,50,50,0,50,0,1.0,0.0,1.0,not estimable,not estimable,not estimable,not estimable,not estimable,50,0,0,0,not estimable,not estimable,not estimable
6,seed307759,Normal,333019,rf,50,50,0,50,0,1.0,0.0,1.0,not estimable,not estimable,not estimable,not estimable,not estimable,50,0,0,0,not estimable,not estimable,not estimable
6,seed307759,Normal,333019,xgboost,50,50,0,50,0,1.0,0.0,1.0,not estimable,not estimable,not estimable,not estimable,not estimable,50,0,0,0,not estimable,not estimable,not estimable
6,seed307759,SYNFlood,104729,hybrid,850,50,800,850,0,1.0,0.0,0.058823529411764705,not estimable,0.0,0.0,0.5,not estimable,50,0,800,0,0.5,0.05884595137542516,0.9703809800427242
6,seed307759,SYNFlood,104729,mlp,850,50,800,850,0,1.0,0.0,0.058823529411764705,not estimable,0.0,0.0,0.5,not estimable,50,0,800,0,1.0,1.0,0.9999999999999999
6,seed307759,SYNFlood,104729,rf,850,50,800,850,0,1.0,0.0,0.058823529411764705,not estimable,0.0,0.0,0.5,not estimable,50,0,800,0,0.0,0.058823529411764705,0.9119116105561722
6,seed307759,SYNFlood,104729,xgboost,850,50,800,850,0,1.0,0.0,0.058823529411764705,not estimable,0.0,0.0,0.5,not estimable,50,0,800,0,0.0,0.04311779113035685,0.8876576333919267
6,seed307759,SYNFlood,130363,hybrid,850,50,800,850,0,1.0,0.0,0.058823529411764705,not estimable,0.0,0.0,0.5,not estimable,50,0,800,0,0.5,0.05884595137542516,0.9703809800427242
6,seed307759,SYNFlood,130363,mlp,850,50,800,450,400,0.5294117647058824,0.47058823529411764,0.5294117647058824,1.0,0.5,0.6666666666666666,0.75,0.23570226039551587,50,0,400,400,1.0,1.0,0.9999999999999999
6,seed307759,SYNFlood,130363,rf,850,50,800,850,0,1.0,0.0,0.058823529411764705,not estimable,0.0,0.0,0.5,not estimable,50,0,800,0,0.0,0.04919862581504592,0.9127838076010485
6,seed307759,SYNFlood,130363,xgboost,850,50,800,850,0,1.0,0.0,0.058823529411764705,not estimable,0.0,0.0,0.5,not estimable,50,0,800,0,0.0,0.039748274584460945,0.9148950076484494
6,seed307759,SYNFlood,155921,hybrid,850,50,800,850,0,1.0,0.0,0.058823529411764705,not estimable,0.0,0.0,0.5,not estimable,50,0,800,0,0.5,0.08007954272353211,0.9703809800427241
6,seed307759,SYNFlood,155921,mlp,850,50,800,850,0,1.0,0.0,0.058823529411764705,not estimable,0.0,0.0,0.5,not estimable,50,0,800,0,1.0,1.0,0.9999999999999999
6,seed307759,SYNFlood,155921,rf,850,50,800,850,0,1.0,0.0,0.058823529411764705,not estimable,0.0,0.0,0.5,not estimable,50,0,800,0,0.0,0.05657033885873551,0.8994209532338359
6,seed307759,SYNFlood,155921,xgboost,850,50,800,850,0,1.0,0.0,0.058823529411764705,not estimable,0.0,0.0,0.5,not estimable,50,0,800,0,0.0,0.04311779113035685,0.8876576333919267
6,seed307759,SYNFlood,181081,hybrid,850,50,800,850,0,1.0,0.0,0.058823529411764705,not estimable,0.0,0.0,0.5,not estimable,50,0,800,0,0.0,0.042054269137509474,0.8844613256949345
6,seed307759,SYNFlood,181081,mlp,850,50,800,850,0,1.0,0.0,0.058823529411764705,not estimable,0.0,0.0,0.5,not estimable,50,0,800,0,1.0,1.0,0.9999999999999999
6,seed307759,SYNFlood,181081,rf,850,50,800,850,0,1.0,0.0,0.058823529411764705,not estimable,0.0,0.0,0.5,not estimable,50,0,800,0,0.0,0.05657033885873551,0.8977850835847158
6,seed307759,SYNFlood,181081,xgboost,850,50,800,850,0,1.0,0.0,0.058823529411764705,not estimable,0.0,0.0,0.5,not estimable,50,0,800,0,0.0,0.04311779113035685,0.8876576333919267
6,seed307759,SYNFlood,206369,hybrid,850,50,800,850,0,1.0,0.0,0.058823529411764705,not estimable,0.0,0.0,0.5,not estimable,50,0,800,0,0.5,0.06859588016974612,0.9703809800427242
6,seed307759,SYNFlood,206369,mlp,850,50,800,450,400,0.5294117647058824,0.47058823529411764,0.5294117647058824,1.0,0.5,0.6666666666666666,0.75,0.23570226039551587,50,0,400,400,1.0,1.0,0.9999999999999999
6,seed307759,SYNFlood,206369,rf,850,50,800,850,0,1.0,0.0,0.058823529411764705,not estimable,0.0,0.0,0.5,not estimable,50,0,800,0,0.0,0.058823529411764705,0.9139460784313725
6,seed307759,SYNFlood,206369,xgboost,850,50,800,850,0,1.0,0.0,0.058823529411764705,not estimable,0.0,0.0,0.5,not estimable,50,0,800,0,0.0,0.04311779113035685,0.8876576333919267
6,seed307759,SYNFlood,231701,hybrid,850,50,800,850,0,1.0,0.0,0.058823529411764705,not estimable,0.0,0.0,0.5,not estimable,50,0,800,0,0.0,0.042054269137509474,0.8992136979824426
6,seed307759,SYNFlood,231701,mlp,850,50,800,850,0,1.0,0.0,0.058823529411764705,not estimable,0.0,0.0,0.5,not estimable,50,0,800,0,1.0,1.0,0.9999999999999998
6,seed307759,SYNFlood,231701,rf,850,50,800,850,0,1.0,0.0,0.058823529411764705,not estimable,0.0,0.0,0.5,not estimable,50,0,800,0,0.0,0.05657033885873551,0.9109586056644879
6,seed307759,SYNFlood,231701,xgboost,850,50,800,850,0,1.0,0.0,0.058823529411764705,not estimable,0.0,0.0,0.5,not estimable,50,0,800,0,0.0,0.04311779113035685,0.8876576333919267
6,seed307759,SYNFlood,257053,hybrid,850,50,800,850,0,1.0,0.0,0.058823529411764705,not estimable,0.0,0.0,0.5,not estimable,50,0,800,0,0.0,0.030594048341956906,0.8844613256949345
6,seed307759,SYNFlood,257053,mlp,850,50,800,849,1,0.9988235294117647,0.001176470588235294,0.05764705882352941,0.0,0.0,0.0,0.49,-0.13727964461091605,49,1,800,0,0.02410000000000002,0.030691374120069635,0.8877993852686783
6,seed307759,SYNFlood,257053,rf,850,50,800,850,0,1.0,0.0,0.058823529411764705,not estimable,0.0,0.0,0.5,not estimable,50,0,800,0,0.0,0.058823529411764705,0.9145384740557673
6,seed307759,SYNFlood,257053,xgboost,850,50,800,850,0,1.0,0.0,0.058823529411764705,not estimable,0.0,0.0,0.5,not estimable,50,0,800,0,0.0,0.04311779113035685,0.8876576333919267
6,seed307759,SYNFlood,282427,hybrid,850,50,800,850,0,1.0,0.0,0.058823529411764705,not estimable,0.0,0.0,0.5,not estimable,50,0,800,0,0.0,0.030616643318528737,0.8844613256949345
6,seed307759,SYNFlood,282427,mlp,850,50,800,850,0,1.0,0.0,0.058823529411764705,not estimable,0.0,0.0,0.5,not estimable,50,0,800,0,1.0,1.0,0.9999999999999999
6,seed307759,SYNFlood,282427,rf,850,50,800,850,0,1.0,0.0,0.058823529411764705,not estimable,0.0,0.0,0.5,not estimable,50,0,800,0,0.0,0.05657033885873551,0.910890522875817
6,seed307759,SYNFlood,282427,xgboost,850,50,800,850,0,1.0,0.0,0.058823529411764705,not estimable,0.0,0.0,0.5,not estimable,50,0,800,0,0.0,0.04311779113035685,0.8876576333919267
6,seed307759,SYNFlood,307759,hybrid,850,50,800,850,0,1.0,0.0,0.058823529411764705,not estimable,0.0,0.0,0.5,not estimable,50,0,800,0,0.5,0.05884595137542516,0.9703809800427242
6,seed307759,SYNFlood,307759,mlp,850,50,800,850,0,1.0,0.0,0.058823529411764705,not estimable,0.0,0.0,0.5,not estimable,50,0,800,0,0.5,0.05884595137542516,0.9703809800427242
6,seed307759,SYNFlood,307759,rf,850,50,800,850,0,1.0,0.0,0.058823529411764705,not estimable,0.0,0.0,0.5,not estimable,50,0,800,0,0.0,0.04919862581504592,0.9145378553970194
6,seed307759,SYNFlood,307759,xgboost,850,50,800,850,0,1.0,0.0,0.058823529411764705,not estimable,0.0,0.0,0.5,not estimable,50,0,800,0,0.0,0.039748274584460945,0.9148950076484494
6,seed307759,SYNFlood,333019,hybrid,850,50,800,850,0,1.0,0.0,0.058823529411764705,not estimable,0.0,0.0,0.5,not estimable,50,0,800,0,0.3124,0.041138429232190785,0.9484650921922568
6,seed307759,SYNFlood,333019,mlp,850,50,800,846,4,0.9952941176470588,0.004705882352941176,0.06352941176470588,1.0,0.005,0.009950248756218905,0.5025,0.017190354104313223,50,0,796,4,1.0,1.0,0.9999999999999999
6,seed307759,SYNFlood,333019,rf,850,50,800,850,0,1.0,0.0,0.058823529411764705,not estimable,0.0,0.0,0.5,not estimable,50,0,800,0,0.0,0.058823529411764705,0.9145378553970194
6,seed307759,SYNFlood,333019,xgboost,850,50,800,850,0,1.0,0.0,0.058823529411764705,not estimable,0.0,0.0,0.5,not estimable,50,0,800,0,0.0,0.04471733218834979,0.9150326797385621
6,seed307759,UDPFlood,104729,hybrid,70,50,20,50,20,0.7142857142857143,0.2857142857142857,1.0,1.0,1.0,1.0,1.0,1.0,50,0,0,20,1.0,1.0,1.0
6,seed307759,UDPFlood,104729,mlp,70,50,20,70,0,1.0,0.0,0.7142857142857143,not estimable,0.0,0.0,0.5,not estimable,50,0,20,0,0.0,0.5084079883360291,0.2857142857142857
6,seed307759,UDPFlood,104729,rf,70,50,20,50,20,0.7142857142857143,0.2857142857142857,1.0,1.0,1.0,1.0,1.0,1.0,50,0,0,20,1.0,1.0,1.0
6,seed307759,UDPFlood,104729,xgboost,70,50,20,50,20,0.7142857142857143,0.2857142857142857,1.0,1.0,1.0,1.0,1.0,1.0,50,0,0,20,1.0,1.0,1.0
6,seed307759,UDPFlood,130363,hybrid,70,50,20,50,20,0.7142857142857143,0.2857142857142857,1.0,1.0,1.0,1.0,1.0,1.0,50,0,0,20,1.0,1.0,1.0
6,seed307759,UDPFlood,130363,mlp,70,50,20,70,0,1.0,0.0,0.7142857142857143,not estimable,0.0,0.0,0.5,not estimable,50,0,20,0,0.0,0.5059611598022441,0.24859080061632777
6,seed307759,UDPFlood,130363,rf,70,50,20,50,20,0.7142857142857143,0.2857142857142857,1.0,1.0,1.0,1.0,1.0,1.0,50,0,0,20,1.0,1.0,1.0
6,seed307759,UDPFlood,130363,xgboost,70,50,20,50,20,0.7142857142857143,0.2857142857142857,1.0,1.0,1.0,1.0,1.0,1.0,50,0,0,20,1.0,1.0,1.0
6,seed307759,UDPFlood,155921,hybrid,70,50,20,50,20,0.7142857142857143,0.2857142857142857,1.0,1.0,1.0,1.0,1.0,1.0,50,0,0,20,1.0,1.0,1.0
6,seed307759,UDPFlood,155921,mlp,70,50,20,70,0,1.0,0.0,0.7142857142857143,not estimable,0.0,0.0,0.5,not estimable,50,0,20,0,0.0,0.7142857142857143,0.2857142857142857
6,seed307759,UDPFlood,155921,rf,70,50,20,50,20,0.7142857142857143,0.2857142857142857,1.0,1.0,1.0,1.0,1.0,1.0,50,0,0,20,1.0,1.0,1.0
6,seed307759,UDPFlood,155921,xgboost,70,50,20,50,20,0.7142857142857143,0.2857142857142857,1.0,1.0,1.0,1.0,1.0,1.0,50,0,0,20,1.0,1.0,1.0
6,seed307759,UDPFlood,181081,hybrid,70,50,20,50,20,0.7142857142857143,0.2857142857142857,1.0,1.0,1.0,1.0,1.0,1.0,50,0,0,20,1.0,1.0,1.0
6,seed307759,UDPFlood,181081,mlp,70,50,20,70,0,1.0,0.0,0.7142857142857143,not estimable,0.0,0.0,0.5,not estimable,50,0,20,0,0.0,0.7142857142857143,0.2857142857142857
6,seed307759,UDPFlood,181081,rf,70,50,20,50,20,0.7142857142857143,0.2857142857142857,1.0,1.0,1.0,1.0,1.0,1.0,50,0,0,20,1.0,1.0,1.0
6,seed307759,UDPFlood,181081,xgboost,70,50,20,50,20,0.7142857142857143,0.2857142857142857,1.0,1.0,1.0,1.0,1.0,1.0,50,0,0,20,1.0,1.0,1.0
6,seed307759,UDPFlood,206369,hybrid,70,50,20,50,20,0.7142857142857143,0.2857142857142857,1.0,1.0,1.0,1.0,1.0,1.0,50,0,0,20,1.0,1.0,1.0
6,seed307759,UDPFlood,206369,mlp,70,50,20,50,20,0.7142857142857143,0.2857142857142857,1.0,1.0,1.0,1.0,1.0,1.0,50,0,0,20,1.0,1.0,1.0
6,seed307759,UDPFlood,206369,rf,70,50,20,50,20,0.7142857142857143,0.2857142857142857,1.0,1.0,1.0,1.0,1.0,1.0,50,0,0,20,1.0,1.0,1.0
6,seed307759,UDPFlood,206369,xgboost,70,50,20,50,20,0.7142857142857143,0.2857142857142857,1.0,1.0,1.0,1.0,1.0,1.0,50,0,0,20,1.0,1.0,1.0
6,seed307759,UDPFlood,231701,hybrid,70,50,20,50,20,0.7142857142857143,0.2857142857142857,1.0,1.0,1.0,1.0,1.0,1.0,50,0,0,20,1.0,1.0,1.0
6,seed307759,UDPFlood,231701,mlp,70,50,20,70,0,1.0,0.0,0.7142857142857143,not estimable,0.0,0.0,0.5,not estimable,50,0,20,0,0.0,0.7142857142857143,0.2857142857142857
6,seed307759,UDPFlood,231701,rf,70,50,20,50,20,0.7142857142857143,0.2857142857142857,1.0,1.0,1.0,1.0,1.0,1.0,50,0,0,20,1.0,1.0,1.0000000000000002
6,seed307759,UDPFlood,231701,xgboost,70,50,20,50,20,0.7142857142857143,0.2857142857142857,1.0,1.0,1.0,1.0,1.0,1.0,50,0,0,20,1.0,1.0,1.0
6,seed307759,UDPFlood,257053,hybrid,70,50,20,50,20,0.7142857142857143,0.2857142857142857,1.0,1.0,1.0,1.0,1.0,1.0,50,0,0,20,1.0,1.0,1.0000000000000002
6,seed307759,UDPFlood,257053,mlp,70,50,20,70,0,1.0,0.0,0.7142857142857143,not estimable,0.0,0.0,0.5,not estimable,50,0,20,0,0.0,0.5059611598022441,0.2857142857142857
6,seed307759,UDPFlood,257053,rf,70,50,20,50,20,0.7142857142857143,0.2857142857142857,1.0,1.0,1.0,1.0,1.0,1.0,50,0,0,20,1.0,1.0,1.0000000000000002
6,seed307759,UDPFlood,257053,xgboost,70,50,20,50,20,0.7142857142857143,0.2857142857142857,1.0,1.0,1.0,1.0,1.0,1.0,50,0,0,20,1.0,1.0,1.0
6,seed307759,UDPFlood,282427,hybrid,70,50,20,50,20,0.7142857142857143,0.2857142857142857,1.0,1.0,1.0,1.0,1.0,1.0,50,0,0,20,1.0,1.0,1.0
6,seed307759,UDPFlood,282427,mlp,70,50,20,70,0,1.0,0.0,0.7142857142857143,not estimable,0.0,0.0,0.5,not estimable,50,0,20,0,0.0,0.5062175700586543,0.2857142857142857
6,seed307759,UDPFlood,282427,rf,70,50,20,50,20,0.7142857142857143,0.2857142857142857,1.0,1.0,1.0,1.0,1.0,1.0,50,0,0,20,1.0,1.0,1.0
6,seed307759,UDPFlood,282427,xgboost,70,50,20,50,20,0.7142857142857143,0.2857142857142857,1.0,1.0,1.0,1.0,1.0,1.0,50,0,0,20,1.0,1.0,1.0
6,seed307759,UDPFlood,307759,hybrid,70,50,20,50,20,0.7142857142857143,0.2857142857142857,1.0,1.0,1.0,1.0,1.0,1.0,50,0,0,20,1.0,1.0,1.0
6,seed307759,UDPFlood,307759,mlp,70,50,20,70,0,1.0,0.0,0.7142857142857143,not estimable,0.0,0.0,0.5,not estimable,50,0,20,0,0.0,0.5059611598022441,0.2857142857142857
6,seed307759,UDPFlood,307759,rf,70,50,20,50,20,0.7142857142857143,0.2857142857142857,1.0,1.0,1.0,1.0,1.0,1.0,50,0,0,20,1.0,1.0,1.0
6,seed307759,UDPFlood,307759,xgboost,70,50,20,50,20,0.7142857142857143,0.2857142857142857,1.0,1.0,1.0,1.0,1.0,1.0,50,0,0,20,1.0,1.0,1.0
6,seed307759,UDPFlood,333019,hybrid,70,50,20,50,20,0.7142857142857143,0.2857142857142857,1.0,1.0,1.0,1.0,1.0,1.0,50,0,0,20,1.0,1.0,1.0000000000000002
6,seed307759,UDPFlood,333019,mlp,70,50,20,70,0,1.0,0.0,0.7142857142857143,not estimable,0.0,0.0,0.5,not estimable,50,0,20,0,0.0,0.5059611598022441,0.2857142857142857
6,seed307759,UDPFlood,333019,rf,70,50,20,50,20,0.7142857142857143,0.2857142857142857,1.0,1.0,1.0,1.0,1.0,1.0,50,0,0,20,1.0,1.0,1.0
6,seed307759,UDPFlood,333019,xgboost,70,50,20,50,20,0.7142857142857143,0.2857142857142857,1.0,1.0,1.0,1.0,1.0,1.0,50,0,0,20,1.0,1.0,1.0
6,seed333019,DNSAmplification,104729,hybrid,60,50,10,50,10,0.8333333333333334,0.16666666666666666,1.0,1.0,1.0,1.0,1.0,1.0,50,0,0,10,1.0,1.0,1.0
6,seed333019,DNSAmplification,104729,mlp,60,50,10,60,0,1.0,0.0,0.8333333333333334,not estimable,0.0,0.0,0.5,not estimable,50,0,10,0,0.0,0.6498195682033032,0.16666666666666666
6,seed333019,DNSAmplification,104729,rf,60,50,10,50,10,0.8333333333333334,0.16666666666666666,1.0,1.0,1.0,1.0,1.0,1.0,50,0,0,10,1.0,1.0,1.0
6,seed333019,DNSAmplification,104729,xgboost,60,50,10,50,10,0.8333333333333334,0.16666666666666666,1.0,1.0,1.0,1.0,1.0,1.0,50,0,0,10,1.0,1.0,1.0
6,seed333019,DNSAmplification,130363,hybrid,60,50,10,50,10,0.8333333333333334,0.16666666666666666,1.0,1.0,1.0,1.0,1.0,1.0,50,0,0,10,1.0,1.0,1.0
6,seed333019,DNSAmplification,130363,mlp,60,50,10,60,0,1.0,0.0,0.8333333333333334,not estimable,0.0,0.0,0.5,not estimable,50,0,10,0,0.0,0.6498195682033032,0.16666666666666666
6,seed333019,DNSAmplification,130363,rf,60,50,10,50,10,0.8333333333333334,0.16666666666666666,1.0,1.0,1.0,1.0,1.0,1.0,50,0,0,10,1.0,1.0,1.0
6,seed333019,DNSAmplification,130363,xgboost,60,50,10,50,10,0.8333333333333334,0.16666666666666666,1.0,1.0,1.0,1.0,1.0,1.0,50,0,0,10,1.0,1.0,1.0
6,seed333019,DNSAmplification,155921,hybrid,60,50,10,50,10,0.8333333333333334,0.16666666666666666,1.0,1.0,1.0,1.0,1.0,1.0,50,0,0,10,1.0,1.0,1.0
6,seed333019,DNSAmplification,155921,mlp,60,50,10,60,0,1.0,0.0,0.8333333333333334,not estimable,0.0,0.0,0.5,not estimable,50,0,10,0,0.0,0.8333333333333334,0.16666666666666666
6,seed333019,DNSAmplification,155921,rf,60,50,10,50,10,0.8333333333333334,0.16666666666666666,1.0,1.0,1.0,1.0,1.0,1.0,50,0,0,10,1.0,1.0,1.0
6,seed333019,DNSAmplification,155921,xgboost,60,50,10,50,10,0.8333333333333334,0.16666666666666666,1.0,1.0,1.0,1.0,1.0,1.0,50,0,0,10,1.0,1.0,1.0
6,seed333019,DNSAmplification,181081,hybrid,60,50,10,50,10,0.8333333333333334,0.16666666666666666,1.0,1.0,1.0,1.0,1.0,1.0,50,0,0,10,1.0,1.0,1.0
6,seed333019,DNSAmplification,181081,mlp,60,50,10,60,0,1.0,0.0,0.8333333333333334,not estimable,0.0,0.0,0.5,not estimable,50,0,10,0,0.0,0.8333333333333334,0.16666666666666666
6,seed333019,DNSAmplification,181081,rf,60,50,10,50,10,0.8333333333333334,0.16666666666666666,1.0,1.0,1.0,1.0,1.0,1.0,50,0,0,10,1.0,1.0,1.0
6,seed333019,DNSAmplification,181081,xgboost,60,50,10,50,10,0.8333333333333334,0.16666666666666666,1.0,1.0,1.0,1.0,1.0,1.0,50,0,0,10,1.0,1.0,1.0
6,seed333019,DNSAmplification,206369,hybrid,60,50,10,50,10,0.8333333333333334,0.16666666666666666,1.0,1.0,1.0,1.0,1.0,1.0,50,0,0,10,1.0,1.0,1.0
6,seed333019,DNSAmplification,206369,mlp,60,50,10,60,0,1.0,0.0,0.8333333333333334,not estimable,0.0,0.0,0.5,not estimable,50,0,10,0,0.0,0.7119933275297425,0.16666666666666666
6,seed333019,DNSAmplification,206369,rf,60,50,10,50,10,0.8333333333333334,0.16666666666666666,1.0,1.0,1.0,1.0,1.0,1.0,50,0,0,10,1.0,1.0,1.0
6,seed333019,DNSAmplification,206369,xgboost,60,50,10,50,10,0.8333333333333334,0.16666666666666666,1.0,1.0,1.0,1.0,1.0,1.0,50,0,0,10,1.0,1.0,1.0
6,seed333019,DNSAmplification,231701,hybrid,60,50,10,50,10,0.8333333333333334,0.16666666666666666,1.0,1.0,1.0,1.0,1.0,1.0,50,0,0,10,1.0,1.0,1.0
6,seed333019,DNSAmplification,231701,mlp,60,50,10,60,0,1.0,0.0,0.8333333333333334,not estimable,0.0,0.0,0.5,not estimable,50,0,10,0,0.0,0.8333333333333334,0.16666666666666666
6,seed333019,DNSAmplification,231701,rf,60,50,10,50,10,0.8333333333333334,0.16666666666666666,1.0,1.0,1.0,1.0,1.0,1.0,50,0,0,10,1.0,1.0,1.0
6,seed333019,DNSAmplification,231701,xgboost,60,50,10,50,10,0.8333333333333334,0.16666666666666666,1.0,1.0,1.0,1.0,1.0,1.0,50,0,0,10,1.0,1.0,1.0
6,seed333019,DNSAmplification,257053,hybrid,60,50,10,50,10,0.8333333333333334,0.16666666666666666,1.0,1.0,1.0,1.0,1.0,1.0,50,0,0,10,1.0,1.0,1.0
6,seed333019,DNSAmplification,257053,mlp,60,50,10,60,0,1.0,0.0,0.8333333333333334,not estimable,0.0,0.0,0.5,not estimable,50,0,10,0,0.0,0.6498195682033032,0.16666666666666666
6,seed333019,DNSAmplification,257053,rf,60,50,10,50,10,0.8333333333333334,0.16666666666666666,1.0,1.0,1.0,1.0,1.0,1.0,50,0,0,10,1.0,1.0,1.0
6,seed333019,DNSAmplification,257053,xgboost,60,50,10,50,10,0.8333333333333334,0.16666666666666666,1.0,1.0,1.0,1.0,1.0,1.0,50,0,0,10,1.0,1.0,1.0
6,seed333019,DNSAmplification,282427,hybrid,60,50,10,50,10,0.8333333333333334,0.16666666666666666,1.0,1.0,1.0,1.0,1.0,1.0,50,0,0,10,1.0,1.0,1.0
6,seed333019,DNSAmplification,282427,mlp,60,50,10,60,0,1.0,0.0,0.8333333333333334,not estimable,0.0,0.0,0.5,not estimable,50,0,10,0,0.0,0.6498195682033032,0.16666666666666666
6,seed333019,DNSAmplification,282427,rf,60,50,10,50,10,0.8333333333333334,0.16666666666666666,1.0,1.0,1.0,1.0,1.0,1.0,50,0,0,10,1.0,1.0,1.0
6,seed333019,DNSAmplification,282427,xgboost,60,50,10,50,10,0.8333333333333334,0.16666666666666666,1.0,1.0,1.0,1.0,1.0,1.0,50,0,0,10,1.0,1.0,1.0
6,seed333019,DNSAmplification,307759,hybrid,60,50,10,50,10,0.8333333333333334,0.16666666666666666,1.0,1.0,1.0,1.0,1.0,1.0,50,0,0,10,1.0,1.0,1.0
6,seed333019,DNSAmplification,307759,mlp,60,50,10,60,0,1.0,0.0,0.8333333333333334,not estimable,0.0,0.0,0.5,not estimable,50,0,10,0,0.0,0.6498195682033032,0.16666666666666666
6,seed333019,DNSAmplification,307759,rf,60,50,10,50,10,0.8333333333333334,0.16666666666666666,1.0,1.0,1.0,1.0,1.0,1.0,50,0,0,10,1.0,1.0,1.0
6,seed333019,DNSAmplification,307759,xgboost,60,50,10,50,10,0.8333333333333334,0.16666666666666666,1.0,1.0,1.0,1.0,1.0,1.0,50,0,0,10,1.0,1.0,1.0
6,seed333019,DNSAmplification,333019,hybrid,60,50,10,50,10,0.8333333333333334,0.16666666666666666,1.0,1.0,1.0,1.0,1.0,1.0,50,0,0,10,1.0,1.0,1.0
6,seed333019,DNSAmplification,333019,mlp,60,50,10,60,0,1.0,0.0,0.8333333333333334,not estimable,0.0,0.0,0.5,not estimable,50,0,10,0,0.0,0.6498195682033032,0.16666666666666666
6,seed333019,DNSAmplification,333019,rf,60,50,10,50,10,0.8333333333333334,0.16666666666666666,1.0,1.0,1.0,1.0,1.0,1.0,50,0,0,10,1.0,1.0,1.0
6,seed333019,DNSAmplification,333019,xgboost,60,50,10,50,10,0.8333333333333334,0.16666666666666666,1.0,1.0,1.0,1.0,1.0,1.0,50,0,0,10,1.0,1.0,1.0
6,seed333019,Normal,104729,hybrid,50,50,0,50,0,1.0,0.0,1.0,not estimable,not estimable,not estimable,not estimable,not estimable,50,0,0,0,not estimable,not estimable,not estimable
6,seed333019,Normal,104729,mlp,50,50,0,50,0,1.0,0.0,1.0,not estimable,not estimable,not estimable,not estimable,not estimable,50,0,0,0,not estimable,not estimable,not estimable
6,seed333019,Normal,104729,rf,50,50,0,50,0,1.0,0.0,1.0,not estimable,not estimable,not estimable,not estimable,not estimable,50,0,0,0,not estimable,not estimable,not estimable
6,seed333019,Normal,104729,xgboost,50,50,0,50,0,1.0,0.0,1.0,not estimable,not estimable,not estimable,not estimable,not estimable,50,0,0,0,not estimable,not estimable,not estimable
6,seed333019,Normal,130363,hybrid,50,50,0,50,0,1.0,0.0,1.0,not estimable,not estimable,not estimable,not estimable,not estimable,50,0,0,0,not estimable,not estimable,not estimable
6,seed333019,Normal,130363,mlp,50,50,0,50,0,1.0,0.0,1.0,not estimable,not estimable,not estimable,not estimable,not estimable,50,0,0,0,not estimable,not estimable,not estimable
6,seed333019,Normal,130363,rf,50,50,0,50,0,1.0,0.0,1.0,not estimable,not estimable,not estimable,not estimable,not estimable,50,0,0,0,not estimable,not estimable,not estimable
6,seed333019,Normal,130363,xgboost,50,50,0,50,0,1.0,0.0,1.0,not estimable,not estimable,not estimable,not estimable,not estimable,50,0,0,0,not estimable,not estimable,not estimable
6,seed333019,Normal,155921,hybrid,50,50,0,50,0,1.0,0.0,1.0,not estimable,not estimable,not estimable,not estimable,not estimable,50,0,0,0,not estimable,not estimable,not estimable
6,seed333019,Normal,155921,mlp,50,50,0,50,0,1.0,0.0,1.0,not estimable,not estimable,not estimable,not estimable,not estimable,50,0,0,0,not estimable,not estimable,not estimable
6,seed333019,Normal,155921,rf,50,50,0,50,0,1.0,0.0,1.0,not estimable,not estimable,not estimable,not estimable,not estimable,50,0,0,0,not estimable,not estimable,not estimable
6,seed333019,Normal,155921,xgboost,50,50,0,50,0,1.0,0.0,1.0,not estimable,not estimable,not estimable,not estimable,not estimable,50,0,0,0,not estimable,not estimable,not estimable
6,seed333019,Normal,181081,hybrid,50,50,0,50,0,1.0,0.0,1.0,not estimable,not estimable,not estimable,not estimable,not estimable,50,0,0,0,not estimable,not estimable,not estimable
6,seed333019,Normal,181081,mlp,50,50,0,50,0,1.0,0.0,1.0,not estimable,not estimable,not estimable,not estimable,not estimable,50,0,0,0,not estimable,not estimable,not estimable
6,seed333019,Normal,181081,rf,50,50,0,50,0,1.0,0.0,1.0,not estimable,not estimable,not estimable,not estimable,not estimable,50,0,0,0,not estimable,not estimable,not estimable
6,seed333019,Normal,181081,xgboost,50,50,0,50,0,1.0,0.0,1.0,not estimable,not estimable,not estimable,not estimable,not estimable,50,0,0,0,not estimable,not estimable,not estimable
6,seed333019,Normal,206369,hybrid,50,50,0,50,0,1.0,0.0,1.0,not estimable,not estimable,not estimable,not estimable,not estimable,50,0,0,0,not estimable,not estimable,not estimable
6,seed333019,Normal,206369,mlp,50,50,0,50,0,1.0,0.0,1.0,not estimable,not estimable,not estimable,not estimable,not estimable,50,0,0,0,not estimable,not estimable,not estimable
6,seed333019,Normal,206369,rf,50,50,0,50,0,1.0,0.0,1.0,not estimable,not estimable,not estimable,not estimable,not estimable,50,0,0,0,not estimable,not estimable,not estimable
6,seed333019,Normal,206369,xgboost,50,50,0,50,0,1.0,0.0,1.0,not estimable,not estimable,not estimable,not estimable,not estimable,50,0,0,0,not estimable,not estimable,not estimable
6,seed333019,Normal,231701,hybrid,50,50,0,50,0,1.0,0.0,1.0,not estimable,not estimable,not estimable,not estimable,not estimable,50,0,0,0,not estimable,not estimable,not estimable
6,seed333019,Normal,231701,mlp,50,50,0,50,0,1.0,0.0,1.0,not estimable,not estimable,not estimable,not estimable,not estimable,50,0,0,0,not estimable,not estimable,not estimable
6,seed333019,Normal,231701,rf,50,50,0,50,0,1.0,0.0,1.0,not estimable,not estimable,not estimable,not estimable,not estimable,50,0,0,0,not estimable,not estimable,not estimable
6,seed333019,Normal,231701,xgboost,50,50,0,50,0,1.0,0.0,1.0,not estimable,not estimable,not estimable,not estimable,not estimable,50,0,0,0,not estimable,not estimable,not estimable
6,seed333019,Normal,257053,hybrid,50,50,0,50,0,1.0,0.0,1.0,not estimable,not estimable,not estimable,not estimable,not estimable,50,0,0,0,not estimable,not estimable,not estimable
6,seed333019,Normal,257053,mlp,50,50,0,49,1,0.98,0.02,0.98,0.0,not estimable,0.0,not estimable,not estimable,49,1,0,0,not estimable,not estimable,not estimable
6,seed333019,Normal,257053,rf,50,50,0,50,0,1.0,0.0,1.0,not estimable,not estimable,not estimable,not estimable,not estimable,50,0,0,0,not estimable,not estimable,not estimable
6,seed333019,Normal,257053,xgboost,50,50,0,50,0,1.0,0.0,1.0,not estimable,not estimable,not estimable,not estimable,not estimable,50,0,0,0,not estimable,not estimable,not estimable
6,seed333019,Normal,282427,hybrid,50,50,0,50,0,1.0,0.0,1.0,not estimable,not estimable,not estimable,not estimable,not estimable,50,0,0,0,not estimable,not estimable,not estimable
6,seed333019,Normal,282427,mlp,50,50,0,50,0,1.0,0.0,1.0,not estimable,not estimable,not estimable,not estimable,not estimable,50,0,0,0,not estimable,not estimable,not estimable
6,seed333019,Normal,282427,rf,50,50,0,50,0,1.0,0.0,1.0,not estimable,not estimable,not estimable,not estimable,not estimable,50,0,0,0,not estimable,not estimable,not estimable
6,seed333019,Normal,282427,xgboost,50,50,0,50,0,1.0,0.0,1.0,not estimable,not estimable,not estimable,not estimable,not estimable,50,0,0,0,not estimable,not estimable,not estimable
6,seed333019,Normal,307759,hybrid,50,50,0,50,0,1.0,0.0,1.0,not estimable,not estimable,not estimable,not estimable,not estimable,50,0,0,0,not estimable,not estimable,not estimable
6,seed333019,Normal,307759,mlp,50,50,0,50,0,1.0,0.0,1.0,not estimable,not estimable,not estimable,not estimable,not estimable,50,0,0,0,not estimable,not estimable,not estimable
6,seed333019,Normal,307759,rf,50,50,0,50,0,1.0,0.0,1.0,not estimable,not estimable,not estimable,not estimable,not estimable,50,0,0,0,not estimable,not estimable,not estimable
6,seed333019,Normal,307759,xgboost,50,50,0,50,0,1.0,0.0,1.0,not estimable,not estimable,not estimable,not estimable,not estimable,50,0,0,0,not estimable,not estimable,not estimable
6,seed333019,Normal,333019,hybrid,50,50,0,50,0,1.0,0.0,1.0,not estimable,not estimable,not estimable,not estimable,not estimable,50,0,0,0,not estimable,not estimable,not estimable
6,seed333019,Normal,333019,mlp,50,50,0,50,0,1.0,0.0,1.0,not estimable,not estimable,not estimable,not estimable,not estimable,50,0,0,0,not estimable,not estimable,not estimable
6,seed333019,Normal,333019,rf,50,50,0,50,0,1.0,0.0,1.0,not estimable,not estimable,not estimable,not estimable,not estimable,50,0,0,0,not estimable,not estimable,not estimable
6,seed333019,Normal,333019,xgboost,50,50,0,50,0,1.0,0.0,1.0,not estimable,not estimable,not estimable,not estimable,not estimable,50,0,0,0,not estimable,not estimable,not estimable
6,seed333019,SYNFlood,104729,hybrid,850,50,800,850,0,1.0,0.0,0.058823529411764705,not estimable,0.0,0.0,0.5,not estimable,50,0,800,0,0.5,0.05884595137542516,0.9703809800427242
6,seed333019,SYNFlood,104729,mlp,850,50,800,850,0,1.0,0.0,0.058823529411764705,not estimable,0.0,0.0,0.5,not estimable,50,0,800,0,1.0,1.0,0.9999999999999999
6,seed333019,SYNFlood,104729,rf,850,50,800,850,0,1.0,0.0,0.058823529411764705,not estimable,0.0,0.0,0.5,not estimable,50,0,800,0,0.0,0.058823529411764705,0.9099611309170133
6,seed333019,SYNFlood,104729,xgboost,850,50,800,850,0,1.0,0.0,0.058823529411764705,not estimable,0.0,0.0,0.5,not estimable,50,0,800,0,0.0,0.046849654437228785,0.8875328057021838
6,seed333019,SYNFlood,130363,hybrid,850,50,800,850,0,1.0,0.0,0.058823529411764705,not estimable,0.0,0.0,0.5,not estimable,50,0,800,0,0.5,0.05884595137542516,0.9703809800427242
6,seed333019,SYNFlood,130363,mlp,850,50,800,450,400,0.5294117647058824,0.47058823529411764,0.5294117647058824,1.0,0.5,0.6666666666666666,0.75,0.23570226039551587,50,0,400,400,1.0,1.0,0.9999999999999999
6,seed333019,SYNFlood,130363,rf,850,50,800,850,0,1.0,0.0,0.058823529411764705,not estimable,0.0,0.0,0.5,not estimable,50,0,800,0,0.0,0.04698837618879887,0.9107683377731196
6,seed333019,SYNFlood,130363,xgboost,850,50,800,850,0,1.0,0.0,0.058823529411764705,not estimable,0.0,0.0,0.5,not estimable,50,0,800,0,0.0,0.04066216600264014,0.9148608210542599
6,seed333019,SYNFlood,155921,hybrid,850,50,800,850,0,1.0,0.0,0.058823529411764705,not estimable,0.0,0.0,0.5,not estimable,50,0,800,0,0.5,0.08826531982826838,0.9703809800427242
6,seed333019,SYNFlood,155921,mlp,850,50,800,850,0,1.0,0.0,0.058823529411764705,not estimable,0.0,0.0,0.5,not estimable,50,0,800,0,1.0,1.0,0.9999999999999999
6,seed333019,SYNFlood,155921,rf,850,50,800,850,0,1.0,0.0,0.058823529411764705,not estimable,0.0,0.0,0.5,not estimable,50,0,800,0,0.0,0.05767202761254314,0.899383756223145
6,seed333019,SYNFlood,155921,xgboost,850,50,800,850,0,1.0,0.0,0.058823529411764705,not estimable,0.0,0.0,0.5,not estimable,50,0,800,0,0.0,0.046849654437228785,0.8875328057021838
6,seed333019,SYNFlood,181081,hybrid,850,50,800,850,0,1.0,0.0,0.058823529411764705,not estimable,0.0,0.0,0.5,not estimable,50,0,800,0,0.0,0.04655554940496915,0.883714613565037
6,seed333019,SYNFlood,181081,mlp,850,50,800,850,0,1.0,0.0,0.058823529411764705,not estimable,0.0,0.0,0.5,not estimable,50,0,800,0,1.0,1.0,0.9999999999999999
6,seed333019,SYNFlood,181081,rf,850,50,800,850,0,1.0,0.0,0.058823529411764705,not estimable,0.0,0.0,0.5,not estimable,50,0,800,0,0.0,0.05767202761254314,0.8961621943463375
6,seed333019,SYNFlood,181081,xgboost,850,50,800,850,0,1.0,0.0,0.058823529411764705,not estimable,0.0,0.0,0.5,not estimable,50,0,800,0,0.0,0.046849654437228785,0.8875328057021838
6,seed333019,SYNFlood,206369,hybrid,850,50,800,850,0,1.0,0.0,0.058823529411764705,not estimable,0.0,0.0,0.5,not estimable,50,0,800,0,0.5,0.0688480924956398,0.9703809800427242
6,seed333019,SYNFlood,206369,mlp,850,50,800,450,400,0.5294117647058824,0.47058823529411764,0.5294117647058824,1.0,0.5,0.6666666666666666,0.75,0.23570226039551587,50,0,400,400,1.0,1.0,0.9999999999999999
6,seed333019,SYNFlood,206369,rf,850,50,800,850,0,1.0,0.0,0.058823529411764705,not estimable,0.0,0.0,0.5,not estimable,50,0,800,0,0.0,0.058823529411764705,0.9150326797385621
6,seed333019,SYNFlood,206369,xgboost,850,50,800,850,0,1.0,0.0,0.058823529411764705,not estimable,0.0,0.0,0.5,not estimable,50,0,800,0,0.0,0.046849654437228785,0.8875328057021838
6,seed333019,SYNFlood,231701,hybrid,850,50,800,850,0,1.0,0.0,0.058823529411764705,not estimable,0.0,0.0,0.5,not estimable,50,0,800,0,0.0,0.04655554940496915,0.8991743231912988
6,seed333019,SYNFlood,231701,mlp,850,50,800,850,0,1.0,0.0,0.058823529411764705,not estimable,0.0,0.0,0.5,not estimable,50,0,800,0,1.0,1.0,0.9999999999999998
6,seed333019,SYNFlood,231701,rf,850,50,800,850,0,1.0,0.0,0.058823529411764705,not estimable,0.0,0.0,0.5,not estimable,50,0,800,0,0.0,0.05767202761254314,0.9100453060011884
6,seed333019,SYNFlood,231701,xgboost,850,50,800,850,0,1.0,0.0,0.058823529411764705,not estimable,0.0,0.0,0.5,not estimable,50,0,800,0,0.0,0.046849654437228785,0.8875328057021838
6,seed333019,SYNFlood,257053,hybrid,850,50,800,850,0,1.0,0.0,0.058823529411764705,not estimable,0.0,0.0,0.5,not estimable,50,0,800,0,0.0,0.030594048341956906,0.883714613565037
6,seed333019,SYNFlood,257053,mlp,850,50,800,850,0,1.0,0.0,0.058823529411764705,not estimable,0.0,0.0,0.5,not estimable,50,0,800,0,0.011150000000000009,0.030627717055508354,0.885109912891062
6,seed333019,SYNFlood,257053,rf,850,50,800,850,0,1.0,0.0,0.058823529411764705,not estimable,0.0,0.0,0.5,not estimable,50,0,800,0,0.0,0.058823529411764705,0.9144162627597856
6,seed333019,SYNFlood,257053,xgboost,850,50,800,850,0,1.0,0.0,0.058823529411764705,not estimable,0.0,0.0,0.5,not estimable,50,0,800,0,0.0,0.046849654437228785,0.8875328057021838
6,seed333019,SYNFlood,282427,hybrid,850,50,800,850,0,1.0,0.0,0.058823529411764705,not estimable,0.0,0.0,0.5,not estimable,50,0,800,0,0.0,0.03061735795775616,0.883714613565037
6,seed333019,SYNFlood,282427,mlp,850,50,800,850,0,1.0,0.0,0.058823529411764705,not estimable,0.0,0.0,0.5,not estimable,50,0,800,0,1.0,1.0,0.9999999999999999
6,seed333019,SYNFlood,282427,rf,850,50,800,850,0,1.0,0.0,0.058823529411764705,not estimable,0.0,0.0,0.5,not estimable,50,0,800,0,0.0,0.05767202761254314,0.9100453060011884
6,seed333019,SYNFlood,282427,xgboost,850,50,800,850,0,1.0,0.0,0.058823529411764705,not estimable,0.0,0.0,0.5,not estimable,50,0,800,0,0.0,0.046849654437228785,0.8875328057021838
6,seed333019,SYNFlood,307759,hybrid,850,50,800,850,0,1.0,0.0,0.058823529411764705,not estimable,0.0,0.0,0.5,not estimable,50,0,800,0,0.5,0.05884595137542516,0.9703809800427242
6,seed333019,SYNFlood,307759,mlp,850,50,800,850,0,1.0,0.0,0.058823529411764705,not estimable,0.0,0.0,0.5,not estimable,50,0,800,0,0.5,0.05884595137542516,0.9703809800427242
6,seed333019,SYNFlood,307759,rf,850,50,800,850,0,1.0,0.0,0.058823529411764705,not estimable,0.0,0.0,0.5,not estimable,50,0,800,0,0.0,0.04698837618879887,0.9144150171195264
6,seed333019,SYNFlood,307759,xgboost,850,50,800,850,0,1.0,0.0,0.058823529411764705,not estimable,0.0,0.0,0.5,not estimable,50,0,800,0,0.0,0.04066216600264014,0.9148608210542599
6,seed333019,SYNFlood,333019,hybrid,850,50,800,850,0,1.0,0.0,0.058823529411764705,not estimable,0.0,0.0,0.5,not estimable,50,0,800,0,0.2521,0.038114354686662105,0.9420171356491315
6,seed333019,SYNFlood,333019,mlp,850,50,800,845,5,0.9941176470588236,0.0058823529411764705,0.06470588235294118,1.0,0.00625,0.012422360248447204,0.503125,0.019230769230769232,50,0,795,5,1.0,1.0,0.9999999999999999
6,seed333019,SYNFlood,333019,rf,850,50,800,850,0,1.0,0.0,0.058823529411764705,not estimable,0.0,0.0,0.5,not estimable,50,0,800,0,0.0,0.058823529411764705,0.9144162627597856
6,seed333019,SYNFlood,333019,xgboost,850,50,800,850,0,1.0,0.0,0.058823529411764705,not estimable,0.0,0.0,0.5,not estimable,50,0,800,0,0.0,0.04768685333912162,0.9150326797385621
6,seed333019,UDPFlood,104729,hybrid,72,52,20,52,20,0.7222222222222222,0.2777777777777778,1.0,1.0,1.0,1.0,1.0,1.0,52,0,0,20,0.9807692307692307,0.9946581196581197,0.8913575109530991
6,seed333019,UDPFlood,104729,mlp,72,52,20,71,1,0.9861111111111112,0.013888888888888888,0.7083333333333334,0.0,0.0,0.0,0.49038461538461536,-0.07360107399470765,51,1,20,0,0.0,0.5337930852885262,0.2777777777777778
6,seed333019,UDPFlood,104729,rf,72,52,20,52,20,0.7222222222222222,0.2777777777777778,1.0,1.0,1.0,1.0,1.0,1.0,52,0,0,20,1.0,1.0,1.0
6,seed333019,UDPFlood,104729,xgboost,72,52,20,52,20,0.7222222222222222,0.2777777777777778,1.0,1.0,1.0,1.0,1.0,1.0,52,0,0,20,1.0,1.0,1.0
6,seed333019,UDPFlood,130363,hybrid,72,52,20,51,21,0.7083333333333334,0.2916666666666667,0.9861111111111112,0.9523809523809523,1.0,0.975609756097561,0.9903846153846154,0.9664708656063741,51,1,0,20,0.9807692307692307,0.9946581196581197,0.8933008658008658
6,seed333019,UDPFlood,130363,mlp,72,52,20,71,1,0.9861111111111112,0.013888888888888888,0.7083333333333334,0.0,0.0,0.0,0.49038461538461536,-0.07360107399470765,51,1,20,0,0.046153846153846156,0.5245061628611678,0.2403727753727754
6,seed333019,UDPFlood,130363,rf,72,52,20,52,20,0.7222222222222222,0.2777777777777778,1.0,1.0,1.0,1.0,1.0,1.0,52,0,0,20,0.9999999999999999,1.0,1.0
6,seed333019,UDPFlood,130363,xgboost,72,52,20,51,21,0.7083333333333334,0.2916666666666667,0.9861111111111112,0.9523809523809523,1.0,0.975609756097561,0.9903846153846154,0.9664708656063741,51,1,0,20,0.9999999999999999,1.0,1.0
6,seed333019,UDPFlood,155921,hybrid,72,52,20,52,20,0.7222222222222222,0.2777777777777778,1.0,1.0,1.0,1.0,1.0,1.0,52,0,0,20,1.0,1.0,1.0
6,seed333019,UDPFlood,155921,mlp,72,52,20,72,0,1.0,0.0,0.7222222222222222,not estimable,0.0,0.0,0.5,not estimable,52,0,20,0,0.0,0.7106138316334275,0.2777777777777778
6,seed333019,UDPFlood,155921,rf,72,52,20,52,20,0.7222222222222222,0.2777777777777778,1.0,1.0,1.0,1.0,1.0,1.0,52,0,0,20,1.0,1.0,1.0
6,seed333019,UDPFlood,155921,xgboost,72,52,20,52,20,0.7222222222222222,0.2777777777777778,1.0,1.0,1.0,1.0,1.0,1.0,52,0,0,20,1.0,1.0,1.0
6,seed333019,UDPFlood,181081,hybrid,72,52,20,52,20,0.7222222222222222,0.2777777777777778,1.0,1.0,1.0,1.0,1.0,1.0,52,0,0,20,1.0,1.0,1.0
6,seed333019,UDPFlood,181081,mlp,72,52,20,72,0,1.0,0.0,0.7222222222222222,not estimable,0.0,0.0,0.5,not estimable,52,0,20,0,0.0,0.7106138316334275,0.2777777777777778
6,seed333019,UDPFlood,181081,rf,72,52,20,52,20,0.7222222222222222,0.2777777777777778,1.0,1.0,1.0,1.0,1.0,1.0,52,0,0,20,1.0,1.0,1.0
6,seed333019,UDPFlood,181081,xgboost,72,52,20,52,20,0.7222222222222222,0.2777777777777778,1.0,1.0,1.0,1.0,1.0,1.0,52,0,0,20,1.0,1.0,1.0
6,seed333019,UDPFlood,206369,hybrid,72,52,20,52,20,0.7222222222222222,0.2777777777777778,1.0,1.0,1.0,1.0,1.0,1.0,52,0,0,20,1.0,1.0,1.0
6,seed333019,UDPFlood,206369,mlp,72,52,20,52,20,0.7222222222222222,0.2777777777777778,1.0,1.0,1.0,1.0,1.0,1.0,52,0,0,20,1.0,1.0,1.0
6,seed333019,UDPFlood,206369,rf,72,52,20,52,20,0.7222222222222222,0.2777777777777778,1.0,1.0,1.0,1.0,1.0,1.0,52,0,0,20,1.0,1.0,1.0
6,seed333019,UDPFlood,206369,xgboost,72,52,20,52,20,0.7222222222222222,0.2777777777777778,1.0,1.0,1.0,1.0,1.0,1.0,52,0,0,20,1.0,1.0,1.0
6,seed333019,UDPFlood,231701,hybrid,72,52,20,52,20,0.7222222222222222,0.2777777777777778,1.0,1.0,1.0,1.0,1.0,1.0,52,0,0,20,1.0,1.0,1.0
6,seed333019,UDPFlood,231701,mlp,72,52,20,72,0,1.0,0.0,0.7222222222222222,not estimable,0.0,0.0,0.5,not estimable,52,0,20,0,0.0,0.7106138316334275,0.2777777777777778
6,seed333019,UDPFlood,231701,rf,72,52,20,52,20,0.7222222222222222,0.2777777777777778,1.0,1.0,1.0,1.0,1.0,1.0,52,0,0,20,1.0,1.0,1.0
6,seed333019,UDPFlood,231701,xgboost,72,52,20,52,20,0.7222222222222222,0.2777777777777778,1.0,1.0,1.0,1.0,1.0,1.0,52,0,0,20,1.0,1.0,1.0
6,seed333019,UDPFlood,257053,hybrid,72,52,20,52,20,0.7222222222222222,0.2777777777777778,1.0,1.0,1.0,1.0,1.0,1.0,52,0,0,20,1.0,1.0000000000000002,0.9999999999999999
6,seed333019,UDPFlood,257053,mlp,72,52,20,72,0,1.0,0.0,0.7222222222222222,not estimable,0.0,0.0,0.5,not estimable,52,0,20,0,0.0,0.5142036552209491,0.2777777777777778
6,seed333019,UDPFlood,257053,rf,72,52,20,52,20,0.7222222222222222,0.2777777777777778,1.0,1.0,1.0,1.0,1.0,1.0,52,0,0,20,1.0,1.0,1.0
6,seed333019,UDPFlood,257053,xgboost,72,52,20,52,20,0.7222222222222222,0.2777777777777778,1.0,1.0,1.0,1.0,1.0,1.0,52,0,0,20,1.0,1.0,1.0
6,seed333019,UDPFlood,282427,hybrid,72,52,20,52,20,0.7222222222222222,0.2777777777777778,1.0,1.0,1.0,1.0,1.0,1.0,52,0,0,20,1.0,1.0,1.0
6,seed333019,UDPFlood,282427,mlp,72,52,20,72,0,1.0,0.0,0.7222222222222222,not estimable,0.0,0.0,0.5,not estimable,52,0,20,0,0.0,0.5163411678479359,0.2777777777777778
6,seed333019,UDPFlood,282427,rf,72,52,20,52,20,0.7222222222222222,0.2777777777777778,1.0,1.0,1.0,1.0,1.0,1.0,52,0,0,20,1.0,1.0,1.0
6,seed333019,UDPFlood,282427,xgboost,72,52,20,52,20,0.7222222222222222,0.2777777777777778,1.0,1.0,1.0,1.0,1.0,1.0,52,0,0,20,1.0,1.0,1.0
6,seed333019,UDPFlood,307759,hybrid,72,52,20,51,21,0.7083333333333334,0.2916666666666667,0.9861111111111112,0.9523809523809523,1.0,0.975609756097561,0.9903846153846154,0.9664708656063741,51,1,0,20,0.9807692307692307,0.9946581196581199,0.8833208020050125
6,seed333019,UDPFlood,307759,mlp,72,52,20,71,1,0.9861111111111112,0.013888888888888888,0.7083333333333334,0.0,0.0,0.0,0.49038461538461536,-0.07360107399470765,51,1,20,0,0.0,0.5142036552209491,0.2777777777777778
6,seed333019,UDPFlood,307759,rf,72,52,20,52,20,0.7222222222222222,0.2777777777777778,1.0,1.0,1.0,1.0,1.0,1.0,52,0,0,20,1.0,1.0,1.0
6,seed333019,UDPFlood,307759,xgboost,72,52,20,51,21,0.7083333333333334,0.2916666666666667,0.9861111111111112,0.9523809523809523,1.0,0.975609756097561,0.9903846153846154,0.9664708656063741,51,1,0,20,0.9999999999999999,1.0,1.0
6,seed333019,UDPFlood,333019,hybrid,72,52,20,51,21,0.7083333333333334,0.2916666666666667,0.9861111111111112,0.9523809523809523,1.0,0.975609756097561,0.9903846153846154,0.9664708656063741,51,1,0,20,0.9807692307692307,0.9946581196581198,0.8997504578754578
6,seed333019,UDPFlood,333019,mlp,72,52,20,70,2,0.9722222222222222,0.027777777777777776,0.6944444444444444,0.0,0.0,0.0,0.4807692307692308,-0.10482848367219183,50,2,20,0,0.0,0.5142036552209491,0.2777777777777778
6,seed333019,UDPFlood,333019,rf,72,52,20,52,20,0.7222222222222222,0.2777777777777778,1.0,1.0,1.0,1.0,1.0,1.0,52,0,0,20,1.0,1.0,1.0
6,seed333019,UDPFlood,333019,xgboost,72,52,20,51,21,0.7083333333333334,0.2916666666666667,0.9861111111111112,0.9523809523809523,1.0,0.975609756097561,0.9903846153846154,0.9664708656063741,51,1,0,20,1.0,1.0,1.0
8,seed104729,DNSAmplification,104729,hybrid,60,50,10,50,10,0.8333333333333334,0.16666666666666666,1.0,1.0,1.0,1.0,1.0,1.0,50,0,0,10,1.0,1.0,1.0
8,seed104729,DNSAmplification,104729,mlp,60,50,10,50,10,0.8333333333333334,0.16666666666666666,1.0,1.0,1.0,1.0,1.0,1.0,50,0,0,10,1.0,1.0,1.0
8,seed104729,DNSAmplification,104729,rf,60,50,10,60,0,1.0,0.0,0.8333333333333334,not estimable,0.0,0.0,0.5,not estimable,50,0,10,0,1.0,1.0,1.0
8,seed104729,DNSAmplification,104729,xgboost,60,50,10,50,10,0.8333333333333334,0.16666666666666666,1.0,1.0,1.0,1.0,1.0,1.0,50,0,0,10,1.0,1.0,1.0
8,seed104729,DNSAmplification,130363,hybrid,60,50,10,50,10,0.8333333333333334,0.16666666666666666,1.0,1.0,1.0,1.0,1.0,1.0,50,0,0,10,1.0,1.0,1.0
8,seed104729,DNSAmplification,130363,mlp,60,50,10,50,10,0.8333333333333334,0.16666666666666666,1.0,1.0,1.0,1.0,1.0,1.0,50,0,0,10,1.0,1.0,1.0
8,seed104729,DNSAmplification,130363,rf,60,50,10,50,10,0.8333333333333334,0.16666666666666666,1.0,1.0,1.0,1.0,1.0,1.0,50,0,0,10,1.0,1.0,1.0
8,seed104729,DNSAmplification,130363,xgboost,60,50,10,50,10,0.8333333333333334,0.16666666666666666,1.0,1.0,1.0,1.0,1.0,1.0,50,0,0,10,1.0,1.0,1.0
8,seed104729,DNSAmplification,155921,hybrid,60,50,10,50,10,0.8333333333333334,0.16666666666666666,1.0,1.0,1.0,1.0,1.0,1.0,50,0,0,10,1.0,1.0,1.0
8,seed104729,DNSAmplification,155921,mlp,60,50,10,9,51,0.15,0.85,0.31666666666666665,0.19607843137254902,1.0,0.32786885245901637,0.59,0.18786728732554486,9,41,0,10,1.0,1.0,1.0
8,seed104729,DNSAmplification,155921,rf,60,50,10,50,10,0.8333333333333334,0.16666666666666666,1.0,1.0,1.0,1.0,1.0,1.0,50,0,0,10,1.0,1.0,1.0
8,seed104729,DNSAmplification,155921,xgboost,60,50,10,50,10,0.8333333333333334,0.16666666666666666,1.0,1.0,1.0,1.0,1.0,1.0,50,0,0,10,1.0,1.0,1.0
8,seed104729,DNSAmplification,181081,hybrid,60,50,10,50,10,0.8333333333333334,0.16666666666666666,1.0,1.0,1.0,1.0,1.0,1.0,50,0,0,10,1.0,1.0,1.0
8,seed104729,DNSAmplification,181081,mlp,60,50,10,60,0,1.0,0.0,0.8333333333333334,not estimable,0.0,0.0,0.5,not estimable,50,0,10,0,0.0,0.8333333333333334,0.16666666666666666
8,seed104729,DNSAmplification,181081,rf,60,50,10,50,10,0.8333333333333334,0.16666666666666666,1.0,1.0,1.0,1.0,1.0,1.0,50,0,0,10,1.0,1.0,1.0
8,seed104729,DNSAmplification,181081,xgboost,60,50,10,50,10,0.8333333333333334,0.16666666666666666,1.0,1.0,1.0,1.0,1.0,1.0,50,0,0,10,1.0,1.0,1.0
8,seed104729,DNSAmplification,206369,hybrid,60,50,10,50,10,0.8333333333333334,0.16666666666666666,1.0,1.0,1.0,1.0,1.0,1.0,50,0,0,10,1.0,1.0,1.0
8,seed104729,DNSAmplification,206369,mlp,60,50,10,0,60,0.0,1.0,0.16666666666666666,0.16666666666666666,1.0,0.2857142857142857,0.5,not estimable,0,50,0,10,1.0,1.0,1.0
8,seed104729,DNSAmplification,206369,rf,60,50,10,50,10,0.8333333333333334,0.16666666666666666,1.0,1.0,1.0,1.0,1.0,1.0,50,0,0,10,1.0,1.0,1.0
8,seed104729,DNSAmplification,206369,xgboost,60,50,10,50,10,0.8333333333333334,0.16666666666666666,1.0,1.0,1.0,1.0,1.0,1.0,50,0,0,10,1.0,1.0,1.0
8,seed104729,DNSAmplification,231701,hybrid,60,50,10,50,10,0.8333333333333334,0.16666666666666666,1.0,1.0,1.0,1.0,1.0,1.0,50,0,0,10,1.0,1.0,1.0
8,seed104729,DNSAmplification,231701,mlp,60,50,10,50,10,0.8333333333333334,0.16666666666666666,1.0,1.0,1.0,1.0,1.0,1.0,50,0,0,10,1.0,1.0,1.0
8,seed104729,DNSAmplification,231701,rf,60,50,10,55,5,0.9166666666666666,0.08333333333333333,0.9166666666666666,1.0,0.5,0.6666666666666666,0.75,0.674199862463242,50,0,5,5,1.0,1.0,1.0
8,seed104729,DNSAmplification,231701,xgboost,60,50,10,50,10,0.8333333333333334,0.16666666666666666,1.0,1.0,1.0,1.0,1.0,1.0,50,0,0,10,1.0,1.0,1.0
8,seed104729,DNSAmplification,257053,hybrid,60,50,10,50,10,0.8333333333333334,0.16666666666666666,1.0,1.0,1.0,1.0,1.0,1.0,50,0,0,10,1.0,1.0,1.0
8,seed104729,DNSAmplification,257053,mlp,60,50,10,50,10,0.8333333333333334,0.16666666666666666,1.0,1.0,1.0,1.0,1.0,1.0,50,0,0,10,1.0,1.0,1.0
8,seed104729,DNSAmplification,257053,rf,60,50,10,50,10,0.8333333333333334,0.16666666666666666,1.0,1.0,1.0,1.0,1.0,1.0,50,0,0,10,1.0,1.0,1.0
8,seed104729,DNSAmplification,257053,xgboost,60,50,10,50,10,0.8333333333333334,0.16666666666666666,1.0,1.0,1.0,1.0,1.0,1.0,50,0,0,10,1.0,1.0,1.0
8,seed104729,DNSAmplification,282427,hybrid,60,50,10,50,10,0.8333333333333334,0.16666666666666666,1.0,1.0,1.0,1.0,1.0,1.0,50,0,0,10,1.0,1.0,0.9999999999999999
8,seed104729,DNSAmplification,282427,mlp,60,50,10,60,0,1.0,0.0,0.8333333333333334,not estimable,0.0,0.0,0.5,not estimable,50,0,10,0,0.0,0.8333333333333334,0.16666666666666666
8,seed104729,DNSAmplification,282427,rf,60,50,10,50,10,0.8333333333333334,0.16666666666666666,1.0,1.0,1.0,1.0,1.0,1.0,50,0,0,10,1.0,1.0,0.9999999999999999
8,seed104729,DNSAmplification,282427,xgboost,60,50,10,50,10,0.8333333333333334,0.16666666666666666,1.0,1.0,1.0,1.0,1.0,1.0,50,0,0,10,1.0,1.0,1.0
8,seed104729,DNSAmplification,307759,hybrid,60,50,10,50,10,0.8333333333333334,0.16666666666666666,1.0,1.0,1.0,1.0,1.0,1.0,50,0,0,10,1.0,1.0,0.9999999999999999
8,seed104729,DNSAmplification,307759,mlp,60,50,10,50,10,0.8333333333333334,0.16666666666666666,1.0,1.0,1.0,1.0,1.0,1.0,50,0,0,10,1.0,1.0,1.0
8,seed104729,DNSAmplification,307759,rf,60,50,10,50,10,0.8333333333333334,0.16666666666666666,1.0,1.0,1.0,1.0,1.0,1.0,50,0,0,10,1.0,1.0,1.0
8,seed104729,DNSAmplification,307759,xgboost,60,50,10,50,10,0.8333333333333334,0.16666666666666666,1.0,1.0,1.0,1.0,1.0,1.0,50,0,0,10,1.0,1.0,1.0
8,seed104729,DNSAmplification,333019,hybrid,60,50,10,50,10,0.8333333333333334,0.16666666666666666,1.0,1.0,1.0,1.0,1.0,1.0,50,0,0,10,1.0,1.0,1.0
8,seed104729,DNSAmplification,333019,mlp,60,50,10,60,0,1.0,0.0,0.8333333333333334,not estimable,0.0,0.0,0.5,not estimable,50,0,10,0,0.0,0.6521350510326587,0.16666666666666666
8,seed104729,DNSAmplification,333019,rf,60,50,10,50,10,0.8333333333333334,0.16666666666666666,1.0,1.0,1.0,1.0,1.0,1.0,50,0,0,10,1.0,1.0,1.0
8,seed104729,DNSAmplification,333019,xgboost,60,50,10,50,10,0.8333333333333334,0.16666666666666666,1.0,1.0,1.0,1.0,1.0,1.0,50,0,0,10,1.0,1.0,1.0
8,seed104729,Normal,104729,hybrid,50,50,0,50,0,1.0,0.0,1.0,not estimable,not estimable,not estimable,not estimable,not estimable,50,0,0,0,not estimable,not estimable,not estimable
8,seed104729,Normal,104729,mlp,50,50,0,50,0,1.0,0.0,1.0,not estimable,not estimable,not estimable,not estimable,not estimable,50,0,0,0,not estimable,not estimable,not estimable
8,seed104729,Normal,104729,rf,50,50,0,50,0,1.0,0.0,1.0,not estimable,not estimable,not estimable,not estimable,not estimable,50,0,0,0,not estimable,not estimable,not estimable
8,seed104729,Normal,104729,xgboost,50,50,0,50,0,1.0,0.0,1.0,not estimable,not estimable,not estimable,not estimable,not estimable,50,0,0,0,not estimable,not estimable,not estimable
8,seed104729,Normal,130363,hybrid,50,50,0,50,0,1.0,0.0,1.0,not estimable,not estimable,not estimable,not estimable,not estimable,50,0,0,0,not estimable,not estimable,not estimable
8,seed104729,Normal,130363,mlp,50,50,0,50,0,1.0,0.0,1.0,not estimable,not estimable,not estimable,not estimable,not estimable,50,0,0,0,not estimable,not estimable,not estimable
8,seed104729,Normal,130363,rf,50,50,0,50,0,1.0,0.0,1.0,not estimable,not estimable,not estimable,not estimable,not estimable,50,0,0,0,not estimable,not estimable,not estimable
8,seed104729,Normal,130363,xgboost,50,50,0,50,0,1.0,0.0,1.0,not estimable,not estimable,not estimable,not estimable,not estimable,50,0,0,0,not estimable,not estimable,not estimable
8,seed104729,Normal,155921,hybrid,50,50,0,50,0,1.0,0.0,1.0,not estimable,not estimable,not estimable,not estimable,not estimable,50,0,0,0,not estimable,not estimable,not estimable
8,seed104729,Normal,155921,mlp,50,50,0,10,40,0.2,0.8,0.2,0.0,not estimable,0.0,not estimable,not estimable,10,40,0,0,not estimable,not estimable,not estimable
8,seed104729,Normal,155921,rf,50,50,0,50,0,1.0,0.0,1.0,not estimable,not estimable,not estimable,not estimable,not estimable,50,0,0,0,not estimable,not estimable,not estimable
8,seed104729,Normal,155921,xgboost,50,50,0,50,0,1.0,0.0,1.0,not estimable,not estimable,not estimable,not estimable,not estimable,50,0,0,0,not estimable,not estimable,not estimable
8,seed104729,Normal,181081,hybrid,50,50,0,50,0,1.0,0.0,1.0,not estimable,not estimable,not estimable,not estimable,not estimable,50,0,0,0,not estimable,not estimable,not estimable
8,seed104729,Normal,181081,mlp,50,50,0,50,0,1.0,0.0,1.0,not estimable,not estimable,not estimable,not estimable,not estimable,50,0,0,0,not estimable,not estimable,not estimable
8,seed104729,Normal,181081,rf,50,50,0,50,0,1.0,0.0,1.0,not estimable,not estimable,not estimable,not estimable,not estimable,50,0,0,0,not estimable,not estimable,not estimable
8,seed104729,Normal,181081,xgboost,50,50,0,50,0,1.0,0.0,1.0,not estimable,not estimable,not estimable,not estimable,not estimable,50,0,0,0,not estimable,not estimable,not estimable
8,seed104729,Normal,206369,hybrid,50,50,0,50,0,1.0,0.0,1.0,not estimable,not estimable,not estimable,not estimable,not estimable,50,0,0,0,not estimable,not estimable,not estimable
8,seed104729,Normal,206369,mlp,50,50,0,0,50,0.0,1.0,0.0,0.0,not estimable,0.0,not estimable,not estimable,0,50,0,0,not estimable,not estimable,not estimable
8,seed104729,Normal,206369,rf,50,50,0,50,0,1.0,0.0,1.0,not estimable,not estimable,not estimable,not estimable,not estimable,50,0,0,0,not estimable,not estimable,not estimable
8,seed104729,Normal,206369,xgboost,50,50,0,50,0,1.0,0.0,1.0,not estimable,not estimable,not estimable,not estimable,not estimable,50,0,0,0,not estimable,not estimable,not estimable
8,seed104729,Normal,231701,hybrid,50,50,0,50,0,1.0,0.0,1.0,not estimable,not estimable,not estimable,not estimable,not estimable,50,0,0,0,not estimable,not estimable,not estimable
8,seed104729,Normal,231701,mlp,50,50,0,50,0,1.0,0.0,1.0,not estimable,not estimable,not estimable,not estimable,not estimable,50,0,0,0,not estimable,not estimable,not estimable
8,seed104729,Normal,231701,rf,50,50,0,50,0,1.0,0.0,1.0,not estimable,not estimable,not estimable,not estimable,not estimable,50,0,0,0,not estimable,not estimable,not estimable
8,seed104729,Normal,231701,xgboost,50,50,0,50,0,1.0,0.0,1.0,not estimable,not estimable,not estimable,not estimable,not estimable,50,0,0,0,not estimable,not estimable,not estimable
8,seed104729,Normal,257053,hybrid,50,50,0,50,0,1.0,0.0,1.0,not estimable,not estimable,not estimable,not estimable,not estimable,50,0,0,0,not estimable,not estimable,not estimable
8,seed104729,Normal,257053,mlp,50,50,0,50,0,1.0,0.0,1.0,not estimable,not estimable,not estimable,not estimable,not estimable,50,0,0,0,not estimable,not estimable,not estimable
8,seed104729,Normal,257053,rf,50,50,0,50,0,1.0,0.0,1.0,not estimable,not estimable,not estimable,not estimable,not estimable,50,0,0,0,not estimable,not estimable,not estimable
8,seed104729,Normal,257053,xgboost,50,50,0,50,0,1.0,0.0,1.0,not estimable,not estimable,not estimable,not estimable,not estimable,50,0,0,0,not estimable,not estimable,not estimable
8,seed104729,Normal,282427,hybrid,50,50,0,50,0,1.0,0.0,1.0,not estimable,not estimable,not estimable,not estimable,not estimable,50,0,0,0,not estimable,not estimable,not estimable
8,seed104729,Normal,282427,mlp,50,50,0,50,0,1.0,0.0,1.0,not estimable,not estimable,not estimable,not estimable,not estimable,50,0,0,0,not estimable,not estimable,not estimable
8,seed104729,Normal,282427,rf,50,50,0,50,0,1.0,0.0,1.0,not estimable,not estimable,not estimable,not estimable,not estimable,50,0,0,0,not estimable,not estimable,not estimable
8,seed104729,Normal,282427,xgboost,50,50,0,50,0,1.0,0.0,1.0,not estimable,not estimable,not estimable,not estimable,not estimable,50,0,0,0,not estimable,not estimable,not estimable
8,seed104729,Normal,307759,hybrid,50,50,0,50,0,1.0,0.0,1.0,not estimable,not estimable,not estimable,not estimable,not estimable,50,0,0,0,not estimable,not estimable,not estimable
8,seed104729,Normal,307759,mlp,50,50,0,50,0,1.0,0.0,1.0,not estimable,not estimable,not estimable,not estimable,not estimable,50,0,0,0,not estimable,not estimable,not estimable
8,seed104729,Normal,307759,rf,50,50,0,50,0,1.0,0.0,1.0,not estimable,not estimable,not estimable,not estimable,not estimable,50,0,0,0,not estimable,not estimable,not estimable
8,seed104729,Normal,307759,xgboost,50,50,0,50,0,1.0,0.0,1.0,not estimable,not estimable,not estimable,not estimable,not estimable,50,0,0,0,not estimable,not estimable,not estimable
8,seed104729,Normal,333019,hybrid,50,50,0,50,0,1.0,0.0,1.0,not estimable,not estimable,not estimable,not estimable,not estimable,50,0,0,0,not estimable,not estimable,not estimable
8,seed104729,Normal,333019,mlp,50,50,0,50,0,1.0,0.0,1.0,not estimable,not estimable,not estimable,not estimable,not estimable,50,0,0,0,not estimable,not estimable,not estimable
8,seed104729,Normal,333019,rf,50,50,0,50,0,1.0,0.0,1.0,not estimable,not estimable,not estimable,not estimable,not estimable,50,0,0,0,not estimable,not estimable,not estimable
8,seed104729,Normal,333019,xgboost,50,50,0,50,0,1.0,0.0,1.0,not estimable,not estimable,not estimable,not estimable,not estimable,50,0,0,0,not estimable,not estimable,not estimable
8,seed104729,SYNFlood,104729,hybrid,850,50,800,850,0,1.0,0.0,0.058823529411764705,not estimable,0.0,0.0,0.5,not estimable,50,0,800,0,0.0,0.058823529411764705,0.8988750977662138
8,seed104729,SYNFlood,104729,mlp,850,50,800,850,0,1.0,0.0,0.058823529411764705,not estimable,0.0,0.0,0.5,not estimable,50,0,800,0,1.0,1.0,1.0
8,seed104729,SYNFlood,104729,rf,850,50,800,850,0,1.0,0.0,0.058823529411764705,not estimable,0.0,0.0,0.5,not estimable,50,0,800,0,0.0,0.058823529411764705,0.9150326797385621
8,seed104729,SYNFlood,104729,xgboost,850,50,800,850,0,1.0,0.0,0.058823529411764705,not estimable,0.0,0.0,0.5,not estimable,50,0,800,0,0.0,0.058823529411764705,0.8989840977474711
8,seed104729,SYNFlood,130363,hybrid,850,50,800,850,0,1.0,0.0,0.058823529411764705,not estimable,0.0,0.0,0.5,not estimable,50,0,800,0,0.0,0.030594048341956906,0.8838234238546561
8,seed104729,SYNFlood,130363,mlp,850,50,800,850,0,1.0,0.0,0.058823529411764705,not estimable,0.0,0.0,0.5,not estimable,50,0,800,0,1.0,1.0,0.9999999999999999
8,seed104729,SYNFlood,130363,rf,850,50,800,850,0,1.0,0.0,0.058823529411764705,not estimable,0.0,0.0,0.5,not estimable,50,0,800,0,0.0,0.04698837618879887,0.914290393828491
8,seed104729,SYNFlood,130363,xgboost,850,50,800,850,0,1.0,0.0,0.058823529411764705,not estimable,0.0,0.0,0.5,not estimable,50,0,800,0,0.0,0.04471733218834979,0.8991261244490953
8,seed104729,SYNFlood,155921,hybrid,850,50,800,850,0,1.0,0.0,0.058823529411764705,not estimable,0.0,0.0,0.5,not estimable,50,0,800,0,0.0,0.030594048341956906,0.884745412788298
8,seed104729,SYNFlood,155921,mlp,850,50,800,814,36,0.9576470588235294,0.042352941176470586,0.01647058823529412,0.0,0.0,0.0,0.14,-0.841199564679338,14,36,800,0,0.0,0.030594048341956906,0.8822701516911087
8,seed104729,SYNFlood,155921,rf,850,50,800,850,0,1.0,0.0,0.058823529411764705,not estimable,0.0,0.0,0.5,not estimable,50,0,800,0,0.0,0.05767202761254314,0.9142931902490725
8,seed104729,SYNFlood,155921,xgboost,850,50,800,850,0,1.0,0.0,0.058823529411764705,not estimable,0.0,0.0,0.5,not estimable,50,0,800,0,0.0,0.058823529411764705,0.8989840977474711
8,seed104729,SYNFlood,181081,hybrid,850,50,800,850,0,1.0,0.0,0.058823529411764705,not estimable,0.0,0.0,0.5,not estimable,50,0,800,0,0.0,0.058823529411764705,0.8988750977662138
8,seed104729,SYNFlood,181081,mlp,850,50,800,850,0,1.0,0.0,0.058823529411764705,not estimable,0.0,0.0,0.5,not estimable,50,0,800,0,1.0,1.0,1.0
8,seed104729,SYNFlood,181081,rf,850,50,800,850,0,1.0,0.0,0.058823529411764705,not estimable,0.0,0.0,0.5,not estimable,50,0,800,0,0.0,0.058823529411764705,0.8993663646893356
8,seed104729,SYNFlood,181081,xgboost,850,50,800,850,0,1.0,0.0,0.058823529411764705,not estimable,0.0,0.0,0.5,not estimable,50,0,800,0,0.0,0.058823529411764705,0.8989840977474711
8,seed104729,SYNFlood,206369,hybrid,850,50,800,850,0,1.0,0.0,0.058823529411764705,not estimable,0.0,0.0,0.5,not estimable,50,0,800,0,0.0,0.030594048341956906,0.8822701516911087
8,seed104729,SYNFlood,206369,mlp,850,50,800,800,50,0.9411764705882353,0.058823529411764705,0.0,0.0,0.0,0.0,0.0,-1.0,0,50,800,0,0.0,0.030594048341956906,0.8822701516911087
8,seed104729,SYNFlood,206369,rf,850,50,800,850,0,1.0,0.0,0.058823529411764705,not estimable,0.0,0.0,0.5,not estimable,50,0,800,0,0.0,0.058823529411764705,0.9150326797385621
8,seed104729,SYNFlood,206369,xgboost,850,50,800,850,0,1.0,0.0,0.058823529411764705,not estimable,0.0,0.0,0.5,not estimable,50,0,800,0,0.0,0.058823529411764705,0.8989840977474711
8,seed104729,SYNFlood,231701,hybrid,850,50,800,850,0,1.0,0.0,0.058823529411764705,not estimable,0.0,0.0,0.5,not estimable,50,0,800,0,0.0,0.030594048341956906,0.8822734592927902
8,seed104729,SYNFlood,231701,mlp,850,50,800,850,0,1.0,0.0,0.058823529411764705,not estimable,0.0,0.0,0.5,not estimable,50,0,800,0,0.5,0.05884595137542516,0.9703809800427242
8,seed104729,SYNFlood,231701,rf,850,50,800,850,0,1.0,0.0,0.058823529411764705,not estimable,0.0,0.0,0.5,not estimable,50,0,800,0,0.0,0.05767202761254314,0.9150326797385621
8,seed104729,SYNFlood,231701,xgboost,850,50,800,850,0,1.0,0.0,0.058823529411764705,not estimable,0.0,0.0,0.5,not estimable,50,0,800,0,0.0,0.058823529411764705,0.8989840977474711
8,seed104729,SYNFlood,257053,hybrid,850,50,800,850,0,1.0,0.0,0.058823529411764705,not estimable,0.0,0.0,0.5,not estimable,50,0,800,0,0.0,0.030594048341956906,0.8822701516911087
8,seed104729,SYNFlood,257053,mlp,850,50,800,850,0,1.0,0.0,0.058823529411764705,not estimable,0.0,0.0,0.5,not estimable,50,0,800,0,0.6699999999999999,0.391412007843972,0.9800496275745535
8,seed104729,SYNFlood,257053,rf,850,50,800,850,0,1.0,0.0,0.058823529411764705,not estimable,0.0,0.0,0.5,not estimable,50,0,800,0,0.0,0.05366702135472086,0.9150326797385621
8,seed104729,SYNFlood,257053,xgboost,850,50,800,850,0,1.0,0.0,0.058823529411764705,not estimable,0.0,0.0,0.5,not estimable,50,0,800,0,0.0,0.058823529411764705,0.8989840977474711
8,seed104729,SYNFlood,282427,hybrid,850,50,800,850,0,1.0,0.0,0.058823529411764705,not estimable,0.0,0.0,0.5,not estimable,50,0,800,0,0.0,0.058823529411764705,0.8822701516911087
8,seed104729,SYNFlood,282427,mlp,850,50,800,850,0,1.0,0.0,0.058823529411764705,not estimable,0.0,0.0,0.5,not estimable,50,0,800,0,1.0,1.0,0.9999999999999999
8,seed104729,SYNFlood,282427,rf,850,50,800,850,0,1.0,0.0,0.058823529411764705,not estimable,0.0,0.0,0.5,not estimable,50,0,800,0,0.0,0.058823529411764705,0.9150326797385621
8,seed104729,SYNFlood,282427,xgboost,850,50,800,850,0,1.0,0.0,0.058823529411764705,not estimable,0.0,0.0,0.5,not estimable,50,0,800,0,0.0,0.058823529411764705,0.8989840977474711
8,seed104729,SYNFlood,307759,hybrid,850,50,800,850,0,1.0,0.0,0.058823529411764705,not estimable,0.0,0.0,0.5,not estimable,50,0,800,0,0.0,0.030594048341956906,0.8835496830094816
8,seed104729,SYNFlood,307759,mlp,850,50,800,850,0,1.0,0.0,0.058823529411764705,not estimable,0.0,0.0,0.5,not estimable,50,0,800,0,1.0,1.0,0.9999999999999999
8,seed104729,SYNFlood,307759,rf,850,50,800,850,0,1.0,0.0,0.058823529411764705,not estimable,0.0,0.0,0.5,not estimable,50,0,800,0,0.0,0.058823529411764705,0.914290393828491
8,seed104729,SYNFlood,307759,xgboost,850,50,800,850,0,1.0,0.0,0.058823529411764705,not estimable,0.0,0.0,0.5,not estimable,50,0,800,0,0.0,0.04471733218834979,0.8991261244490953
8,seed104729,SYNFlood,333019,hybrid,850,50,800,850,0,1.0,0.0,0.058823529411764705,not estimable,0.0,0.0,0.5,not estimable,50,0,800,0,0.0,0.030898198384977274,0.8988750977662138
8,seed104729,SYNFlood,333019,mlp,850,50,800,850,0,1.0,0.0,0.058823529411764705,not estimable,0.0,0.0,0.5,not estimable,50,0,800,0,1.0,1.0,1.0
8,seed104729,SYNFlood,333019,rf,850,50,800,850,0,1.0,0.0,0.058823529411764705,not estimable,0.0,0.0,0.5,not estimable,50,0,800,0,0.0,0.050995923121723935,0.9150326797385621
8,seed104729,SYNFlood,333019,xgboost,850,50,800,850,0,1.0,0.0,0.058823529411764705,not estimable,0.0,0.0,0.5,not estimable,50,0,800,0,0.0,0.050995923121723935,0.8990669329109988
8,seed104729,UDPFlood,104729,hybrid,70,50,20,50,20,0.7142857142857143,0.2857142857142857,1.0,1.0,1.0,1.0,1.0,1.0,50,0,0,20,1.0,1.0,1.0
8,seed104729,UDPFlood,104729,mlp,70,50,20,50,20,0.7142857142857143,0.2857142857142857,1.0,1.0,1.0,1.0,1.0,1.0,50,0,0,20,1.0,1.0,1.0
8,seed104729,UDPFlood,104729,rf,70,50,20,66,4,0.9428571428571428,0.05714285714285714,0.7714285714285715,1.0,0.2,0.3333333333333333,0.6,0.38924947208076144,50,0,16,4,1.0,1.0,1.0
8,seed104729,UDPFlood,104729,xgboost,70,50,20,50,20,0.7142857142857143,0.2857142857142857,1.0,1.0,1.0,1.0,1.0,1.0,50,0,0,20,1.0,1.0,1.0
8,seed104729,UDPFlood,130363,hybrid,70,50,20,50,20,0.7142857142857143,0.2857142857142857,1.0,1.0,1.0,1.0,1.0,1.0,50,0,0,20,1.0,1.0,1.0
8,seed104729,UDPFlood,130363,mlp,70,50,20,51,19,0.7285714285714285,0.2714285714285714,0.9857142857142858,1.0,0.95,0.9743589743589743,0.975,0.9650764472411539,50,0,1,19,1.0,1.0,1.0
8,seed104729,UDPFlood,130363,rf,70,50,20,50,20,0.7142857142857143,0.2857142857142857,1.0,1.0,1.0,1.0,1.0,1.0,50,0,0,20,1.0,1.0,1.0
8,seed104729,UDPFlood,130363,xgboost,70,50,20,50,20,0.7142857142857143,0.2857142857142857,1.0,1.0,1.0,1.0,1.0,1.0,50,0,0,20,1.0,1.0,1.0
8,seed104729,UDPFlood,155921,hybrid,70,50,20,50,20,0.7142857142857143,0.2857142857142857,1.0,1.0,1.0,1.0,1.0,1.0,50,0,0,20,1.0,1.0,1.0
8,seed104729,UDPFlood,155921,mlp,70,50,20,50,20,0.7142857142857143,0.2857142857142857,1.0,1.0,1.0,1.0,1.0,1.0,50,0,0,20,1.0,1.0,1.0
8,seed104729,UDPFlood,155921,rf,70,50,20,50,20,0.7142857142857143,0.2857142857142857,1.0,1.0,1.0,1.0,1.0,1.0,50,0,0,20,1.0,1.0,1.0
8,seed104729,UDPFlood,155921,xgboost,70,50,20,50,20,0.7142857142857143,0.2857142857142857,1.0,1.0,1.0,1.0,1.0,1.0,50,0,0,20,1.0,1.0,1.0
8,seed104729,UDPFlood,181081,hybrid,70,50,20,50,20,0.7142857142857143,0.2857142857142857,1.0,1.0,1.0,1.0,1.0,1.0,50,0,0,20,1.0,1.0,1.0
8,seed104729,UDPFlood,181081,mlp,70,50,20,70,0,1.0,0.0,0.7142857142857143,not estimable,0.0,0.0,0.5,not estimable,50,0,20,0,0.05,0.7246376811594203,0.3214285714285714
8,seed104729,UDPFlood,181081,rf,70,50,20,50,20,0.7142857142857143,0.2857142857142857,1.0,1.0,1.0,1.0,1.0,1.0,50,0,0,20,1.0,1.0,1.0
8,seed104729,UDPFlood,181081,xgboost,70,50,20,50,20,0.7142857142857143,0.2857142857142857,1.0,1.0,1.0,1.0,1.0,1.0,50,0,0,20,1.0,1.0,1.0
8,seed104729,UDPFlood,206369,hybrid,70,50,20,50,20,0.7142857142857143,0.2857142857142857,1.0,1.0,1.0,1.0,1.0,1.0,50,0,0,20,1.0,1.0,1.0
8,seed104729,UDPFlood,206369,mlp,70,50,20,0,70,0.0,1.0,0.2857142857142857,0.2857142857142857,1.0,0.4444444444444444,0.5,not estimable,0,50,0,20,1.0,1.0,1.0
8,seed104729,UDPFlood,206369,rf,70,50,20,50,20,0.7142857142857143,0.2857142857142857,1.0,1.0,1.0,1.0,1.0,1.0,50,0,0,20,1.0,1.0,1.0
8,seed104729,UDPFlood,206369,xgboost,70,50,20,50,20,0.7142857142857143,0.2857142857142857,1.0,1.0,1.0,1.0,1.0,1.0,50,0,0,20,1.0,1.0,1.0
8,seed104729,UDPFlood,231701,hybrid,70,50,20,50,20,0.7142857142857143,0.2857142857142857,1.0,1.0,1.0,1.0,1.0,1.0,50,0,0,20,1.0,1.0,1.0
8,seed104729,UDPFlood,231701,mlp,70,50,20,50,20,0.7142857142857143,0.2857142857142857,1.0,1.0,1.0,1.0,1.0,1.0,50,0,0,20,1.0,1.0,1.0
8,seed104729,UDPFlood,231701,rf,70,50,20,50,20,0.7142857142857143,0.2857142857142857,1.0,1.0,1.0,1.0,1.0,1.0,50,0,0,20,1.0,1.0,1.0
8,seed104729,UDPFlood,231701,xgboost,70,50,20,50,20,0.7142857142857143,0.2857142857142857,1.0,1.0,1.0,1.0,1.0,1.0,50,0,0,20,1.0,1.0,1.0
8,seed104729,UDPFlood,257053,hybrid,70,50,20,50,20,0.7142857142857143,0.2857142857142857,1.0,1.0,1.0,1.0,1.0,1.0,50,0,0,20,1.0,1.0,1.0
8,seed104729,UDPFlood,257053,mlp,70,50,20,50,20,0.7142857142857143,0.2857142857142857,1.0,1.0,1.0,1.0,1.0,1.0,50,0,0,20,1.0,1.0,1.0
8,seed104729,UDPFlood,257053,rf,70,50,20,50,20,0.7142857142857143,0.2857142857142857,1.0,1.0,1.0,1.0,1.0,1.0,50,0,0,20,1.0,1.0,1.0
8,seed104729,UDPFlood,257053,xgboost,70,50,20,50,20,0.7142857142857143,0.2857142857142857,1.0,1.0,1.0,1.0,1.0,1.0,50,0,0,20,1.0,1.0,1.0
8,seed104729,UDPFlood,282427,hybrid,70,50,20,50,20,0.7142857142857143,0.2857142857142857,1.0,1.0,1.0,1.0,1.0,1.0,50,0,0,20,1.0,1.0,1.0
8,seed104729,UDPFlood,282427,mlp,70,50,20,70,0,1.0,0.0,0.7142857142857143,not estimable,0.0,0.0,0.5,not estimable,50,0,20,0,0.0,0.7142857142857143,0.2857142857142857
8,seed104729,UDPFlood,282427,rf,70,50,20,50,20,0.7142857142857143,0.2857142857142857,1.0,1.0,1.0,1.0,1.0,1.0,50,0,0,20,1.0,1.0,1.0
8,seed104729,UDPFlood,282427,xgboost,70,50,20,50,20,0.7142857142857143,0.2857142857142857,1.0,1.0,1.0,1.0,1.0,1.0,50,0,0,20,1.0,1.0,1.0
8,seed104729,UDPFlood,307759,hybrid,70,50,20,50,20,0.7142857142857143,0.2857142857142857,1.0,1.0,1.0,1.0,1.0,1.0,50,0,0,20,1.0,1.0,1.0
8,seed104729,UDPFlood,307759,mlp,70,50,20,50,20,0.7142857142857143,0.2857142857142857,1.0,1.0,1.0,1.0,1.0,1.0,50,0,0,20,1.0,1.0,1.0
8,seed104729,UDPFlood,307759,rf,70,50,20,50,20,0.7142857142857143,0.2857142857142857,1.0,1.0,1.0,1.0,1.0,1.0,50,0,0,20,1.0,1.0,1.0
8,seed104729,UDPFlood,307759,xgboost,70,50,20,50,20,0.7142857142857143,0.2857142857142857,1.0,1.0,1.0,1.0,1.0,1.0,50,0,0,20,1.0,1.0,1.0
8,seed104729,UDPFlood,333019,hybrid,70,50,20,50,20,0.7142857142857143,0.2857142857142857,1.0,1.0,1.0,1.0,1.0,1.0,50,0,0,20,1.0,1.0,1.0
8,seed104729,UDPFlood,333019,mlp,70,50,20,70,0,1.0,0.0,0.7142857142857143,not estimable,0.0,0.0,0.5,not estimable,50,0,20,0,0.0,0.5059611598022441,0.27240896358543415
8,seed104729,UDPFlood,333019,rf,70,50,20,50,20,0.7142857142857143,0.2857142857142857,1.0,1.0,1.0,1.0,1.0,1.0,50,0,0,20,0.9999999999999999,1.0,1.0
8,seed104729,UDPFlood,333019,xgboost,70,50,20,50,20,0.7142857142857143,0.2857142857142857,1.0,1.0,1.0,1.0,1.0,1.0,50,0,0,20,1.0,1.0,1.0
8,seed130363,DNSAmplification,104729,hybrid,60,50,10,50,10,0.8333333333333334,0.16666666666666666,1.0,1.0,1.0,1.0,1.0,1.0,50,0,0,10,1.0,1.0,1.0
8,seed130363,DNSAmplification,104729,mlp,60,50,10,50,10,0.8333333333333334,0.16666666666666666,1.0,1.0,1.0,1.0,1.0,1.0,50,0,0,10,1.0,1.0,1.0
8,seed130363,DNSAmplification,104729,rf,60,50,10,60,0,1.0,0.0,0.8333333333333334,not estimable,0.0,0.0,0.5,not estimable,50,0,10,0,1.0,1.0,1.0
8,seed130363,DNSAmplification,104729,xgboost,60,50,10,50,10,0.8333333333333334,0.16666666666666666,1.0,1.0,1.0,1.0,1.0,1.0,50,0,0,10,1.0,1.0,1.0
8,seed130363,DNSAmplification,130363,hybrid,60,50,10,50,10,0.8333333333333334,0.16666666666666666,1.0,1.0,1.0,1.0,1.0,1.0,50,0,0,10,1.0,1.0,1.0
8,seed130363,DNSAmplification,130363,mlp,60,50,10,50,10,0.8333333333333334,0.16666666666666666,1.0,1.0,1.0,1.0,1.0,1.0,50,0,0,10,1.0,1.0,1.0
8,seed130363,DNSAmplification,130363,rf,60,50,10,50,10,0.8333333333333334,0.16666666666666666,1.0,1.0,1.0,1.0,1.0,1.0,50,0,0,10,1.0,1.0,1.0
8,seed130363,DNSAmplification,130363,xgboost,60,50,10,50,10,0.8333333333333334,0.16666666666666666,1.0,1.0,1.0,1.0,1.0,1.0,50,0,0,10,1.0,1.0,1.0
8,seed130363,DNSAmplification,155921,hybrid,60,50,10,50,10,0.8333333333333334,0.16666666666666666,1.0,1.0,1.0,1.0,1.0,1.0,50,0,0,10,1.0,1.0,1.0
8,seed130363,DNSAmplification,155921,mlp,60,50,10,10,50,0.16666666666666666,0.8333333333333334,0.3333333333333333,0.2,1.0,0.3333333333333333,0.6,0.2,10,40,0,10,1.0,1.0,1.0
8,seed130363,DNSAmplification,155921,rf,60,50,10,50,10,0.8333333333333334,0.16666666666666666,1.0,1.0,1.0,1.0,1.0,1.0,50,0,0,10,1.0,1.0,1.0
8,seed130363,DNSAmplification,155921,xgboost,60,50,10,50,10,0.8333333333333334,0.16666666666666666,1.0,1.0,1.0,1.0,1.0,1.0,50,0,0,10,1.0,1.0,1.0
8,seed130363,DNSAmplification,181081,hybrid,60,50,10,50,10,0.8333333333333334,0.16666666666666666,1.0,1.0,1.0,1.0,1.0,1.0,50,0,0,10,1.0,1.0,1.0
8,seed130363,DNSAmplification,181081,mlp,60,50,10,60,0,1.0,0.0,0.8333333333333334,not estimable,0.0,0.0,0.5,not estimable,50,0,10,0,0.0,0.8333333333333334,0.16666666666666666
8,seed130363,DNSAmplification,181081,rf,60,50,10,50,10,0.8333333333333334,0.16666666666666666,1.0,1.0,1.0,1.0,1.0,1.0,50,0,0,10,1.0,1.0,1.0
8,seed130363,DNSAmplification,181081,xgboost,60,50,10,50,10,0.8333333333333334,0.16666666666666666,1.0,1.0,1.0,1.0,1.0,1.0,50,0,0,10,1.0,1.0,1.0
8,seed130363,DNSAmplification,206369,hybrid,60,50,10,50,10,0.8333333333333334,0.16666666666666666,1.0,1.0,1.0,1.0,1.0,1.0,50,0,0,10,1.0,1.0,1.0
8,seed130363,DNSAmplification,206369,mlp,60,50,10,0,60,0.0,1.0,0.16666666666666666,0.16666666666666666,1.0,0.2857142857142857,0.5,not estimable,0,50,0,10,1.0,1.0,1.0
8,seed130363,DNSAmplification,206369,rf,60,50,10,50,10,0.8333333333333334,0.16666666666666666,1.0,1.0,1.0,1.0,1.0,1.0,50,0,0,10,1.0,1.0,1.0
8,seed130363,DNSAmplification,206369,xgboost,60,50,10,50,10,0.8333333333333334,0.16666666666666666,1.0,1.0,1.0,1.0,1.0,1.0,50,0,0,10,1.0,1.0,1.0
8,seed130363,DNSAmplification,231701,hybrid,60,50,10,50,10,0.8333333333333334,0.16666666666666666,1.0,1.0,1.0,1.0,1.0,1.0,50,0,0,10,1.0,1.0,1.0
8,seed130363,DNSAmplification,231701,mlp,60,50,10,50,10,0.8333333333333334,0.16666666666666666,1.0,1.0,1.0,1.0,1.0,1.0,50,0,0,10,1.0,1.0,1.0
8,seed130363,DNSAmplification,231701,rf,60,50,10,57,3,0.95,0.05,0.8833333333333333,1.0,0.3,0.46153846153846156,0.65,0.5129891760425771,50,0,7,3,1.0,1.0,1.0
8,seed130363,DNSAmplification,231701,xgboost,60,50,10,50,10,0.8333333333333334,0.16666666666666666,1.0,1.0,1.0,1.0,1.0,1.0,50,0,0,10,1.0,1.0,1.0
8,seed130363,DNSAmplification,257053,hybrid,60,50,10,50,10,0.8333333333333334,0.16666666666666666,1.0,1.0,1.0,1.0,1.0,1.0,50,0,0,10,1.0,1.0,1.0
8,seed130363,DNSAmplification,257053,mlp,60,50,10,50,10,0.8333333333333334,0.16666666666666666,1.0,1.0,1.0,1.0,1.0,1.0,50,0,0,10,1.0,1.0,1.0
8,seed130363,DNSAmplification,257053,rf,60,50,10,50,10,0.8333333333333334,0.16666666666666666,1.0,1.0,1.0,1.0,1.0,1.0,50,0,0,10,1.0,1.0,1.0
8,seed130363,DNSAmplification,257053,xgboost,60,50,10,50,10,0.8333333333333334,0.16666666666666666,1.0,1.0,1.0,1.0,1.0,1.0,50,0,0,10,1.0,1.0,1.0
8,seed130363,DNSAmplification,282427,hybrid,60,50,10,50,10,0.8333333333333334,0.16666666666666666,1.0,1.0,1.0,1.0,1.0,1.0,50,0,0,10,1.0,1.0,0.9999999999999999
8,seed130363,DNSAmplification,282427,mlp,60,50,10,60,0,1.0,0.0,0.8333333333333334,not estimable,0.0,0.0,0.5,not estimable,50,0,10,0,0.0,0.8333333333333334,0.16666666666666666
8,seed130363,DNSAmplification,282427,rf,60,50,10,50,10,0.8333333333333334,0.16666666666666666,1.0,1.0,1.0,1.0,1.0,1.0,50,0,0,10,1.0,1.0,0.9999999999999999
8,seed130363,DNSAmplification,282427,xgboost,60,50,10,50,10,0.8333333333333334,0.16666666666666666,1.0,1.0,1.0,1.0,1.0,1.0,50,0,0,10,1.0,1.0,1.0
8,seed130363,DNSAmplification,307759,hybrid,60,50,10,50,10,0.8333333333333334,0.16666666666666666,1.0,1.0,1.0,1.0,1.0,1.0,50,0,0,10,1.0,1.0,1.0
8,seed130363,DNSAmplification,307759,mlp,60,50,10,50,10,0.8333333333333334,0.16666666666666666,1.0,1.0,1.0,1.0,1.0,1.0,50,0,0,10,1.0,1.0,1.0
8,seed130363,DNSAmplification,307759,rf,60,50,10,50,10,0.8333333333333334,0.16666666666666666,1.0,1.0,1.0,1.0,1.0,1.0,50,0,0,10,1.0,1.0,1.0
8,seed130363,DNSAmplification,307759,xgboost,60,50,10,50,10,0.8333333333333334,0.16666666666666666,1.0,1.0,1.0,1.0,1.0,1.0,50,0,0,10,1.0,1.0,1.0
8,seed130363,DNSAmplification,333019,hybrid,60,50,10,50,10,0.8333333333333334,0.16666666666666666,1.0,1.0,1.0,1.0,1.0,1.0,50,0,0,10,1.0,1.0,1.0
8,seed130363,DNSAmplification,333019,mlp,60,50,10,60,0,1.0,0.0,0.8333333333333334,not estimable,0.0,0.0,0.5,not estimable,50,0,10,0,0.0,0.6515900516942207,0.16666666666666666
8,seed130363,DNSAmplification,333019,rf,60,50,10,50,10,0.8333333333333334,0.16666666666666666,1.0,1.0,1.0,1.0,1.0,1.0,50,0,0,10,1.0,1.0,1.0
8,seed130363,DNSAmplification,333019,xgboost,60,50,10,50,10,0.8333333333333334,0.16666666666666666,1.0,1.0,1.0,1.0,1.0,1.0,50,0,0,10,1.0,1.0,1.0
8,seed130363,Normal,104729,hybrid,50,50,0,50,0,1.0,0.0,1.0,not estimable,not estimable,not estimable,not estimable,not estimable,50,0,0,0,not estimable,not estimable,not estimable
8,seed130363,Normal,104729,mlp,50,50,0,50,0,1.0,0.0,1.0,not estimable,not estimable,not estimable,not estimable,not estimable,50,0,0,0,not estimable,not estimable,not estimable
8,seed130363,Normal,104729,rf,50,50,0,50,0,1.0,0.0,1.0,not estimable,not estimable,not estimable,not estimable,not estimable,50,0,0,0,not estimable,not estimable,not estimable
8,seed130363,Normal,104729,xgboost,50,50,0,50,0,1.0,0.0,1.0,not estimable,not estimable,not estimable,not estimable,not estimable,50,0,0,0,not estimable,not estimable,not estimable
8,seed130363,Normal,130363,hybrid,50,50,0,50,0,1.0,0.0,1.0,not estimable,not estimable,not estimable,not estimable,not estimable,50,0,0,0,not estimable,not estimable,not estimable
8,seed130363,Normal,130363,mlp,50,50,0,50,0,1.0,0.0,1.0,not estimable,not estimable,not estimable,not estimable,not estimable,50,0,0,0,not estimable,not estimable,not estimable
8,seed130363,Normal,130363,rf,50,50,0,50,0,1.0,0.0,1.0,not estimable,not estimable,not estimable,not estimable,not estimable,50,0,0,0,not estimable,not estimable,not estimable
8,seed130363,Normal,130363,xgboost,50,50,0,50,0,1.0,0.0,1.0,not estimable,not estimable,not estimable,not estimable,not estimable,50,0,0,0,not estimable,not estimable,not estimable
8,seed130363,Normal,155921,hybrid,50,50,0,50,0,1.0,0.0,1.0,not estimable,not estimable,not estimable,not estimable,not estimable,50,0,0,0,not estimable,not estimable,not estimable
8,seed130363,Normal,155921,mlp,50,50,0,8,42,0.16,0.84,0.16,0.0,not estimable,0.0,not estimable,not estimable,8,42,0,0,not estimable,not estimable,not estimable
8,seed130363,Normal,155921,rf,50,50,0,50,0,1.0,0.0,1.0,not estimable,not estimable,not estimable,not estimable,not estimable,50,0,0,0,not estimable,not estimable,not estimable
8,seed130363,Normal,155921,xgboost,50,50,0,50,0,1.0,0.0,1.0,not estimable,not estimable,not estimable,not estimable,not estimable,50,0,0,0,not estimable,not estimable,not estimable
8,seed130363,Normal,181081,hybrid,50,50,0,50,0,1.0,0.0,1.0,not estimable,not estimable,not estimable,not estimable,not estimable,50,0,0,0,not estimable,not estimable,not estimable
8,seed130363,Normal,181081,mlp,50,50,0,50,0,1.0,0.0,1.0,not estimable,not estimable,not estimable,not estimable,not estimable,50,0,0,0,not estimable,not estimable,not estimable
8,seed130363,Normal,181081,rf,50,50,0,50,0,1.0,0.0,1.0,not estimable,not estimable,not estimable,not estimable,not estimable,50,0,0,0,not estimable,not estimable,not estimable
8,seed130363,Normal,181081,xgboost,50,50,0,50,0,1.0,0.0,1.0,not estimable,not estimable,not estimable,not estimable,not estimable,50,0,0,0,not estimable,not estimable,not estimable
8,seed130363,Normal,206369,hybrid,50,50,0,50,0,1.0,0.0,1.0,not estimable,not estimable,not estimable,not estimable,not estimable,50,0,0,0,not estimable,not estimable,not estimable
8,seed130363,Normal,206369,mlp,50,50,0,0,50,0.0,1.0,0.0,0.0,not estimable,0.0,not estimable,not estimable,0,50,0,0,not estimable,not estimable,not estimable
8,seed130363,Normal,206369,rf,50,50,0,50,0,1.0,0.0,1.0,not estimable,not estimable,not estimable,not estimable,not estimable,50,0,0,0,not estimable,not estimable,not estimable
8,seed130363,Normal,206369,xgboost,50,50,0,50,0,1.0,0.0,1.0,not estimable,not estimable,not estimable,not estimable,not estimable,50,0,0,0,not estimable,not estimable,not estimable
8,seed130363,Normal,231701,hybrid,50,50,0,50,0,1.0,0.0,1.0,not estimable,not estimable,not estimable,not estimable,not estimable,50,0,0,0,not estimable,not estimable,not estimable
8,seed130363,Normal,231701,mlp,50,50,0,50,0,1.0,0.0,1.0,not estimable,not estimable,not estimable,not estimable,not estimable,50,0,0,0,not estimable,not estimable,not estimable
8,seed130363,Normal,231701,rf,50,50,0,50,0,1.0,0.0,1.0,not estimable,not estimable,not estimable,not estimable,not estimable,50,0,0,0,not estimable,not estimable,not estimable
8,seed130363,Normal,231701,xgboost,50,50,0,50,0,1.0,0.0,1.0,not estimable,not estimable,not estimable,not estimable,not estimable,50,0,0,0,not estimable,not estimable,not estimable
8,seed130363,Normal,257053,hybrid,50,50,0,50,0,1.0,0.0,1.0,not estimable,not estimable,not estimable,not estimable,not estimable,50,0,0,0,not estimable,not estimable,not estimable
8,seed130363,Normal,257053,mlp,50,50,0,50,0,1.0,0.0,1.0,not estimable,not estimable,not estimable,not estimable,not estimable,50,0,0,0,not estimable,not estimable,not estimable
8,seed130363,Normal,257053,rf,50,50,0,50,0,1.0,0.0,1.0,not estimable,not estimable,not estimable,not estimable,not estimable,50,0,0,0,not estimable,not estimable,not estimable
8,seed130363,Normal,257053,xgboost,50,50,0,50,0,1.0,0.0,1.0,not estimable,not estimable,not estimable,not estimable,not estimable,50,0,0,0,not estimable,not estimable,not estimable
8,seed130363,Normal,282427,hybrid,50,50,0,50,0,1.0,0.0,1.0,not estimable,not estimable,not estimable,not estimable,not estimable,50,0,0,0,not estimable,not estimable,not estimable
8,seed130363,Normal,282427,mlp,50,50,0,50,0,1.0,0.0,1.0,not estimable,not estimable,not estimable,not estimable,not estimable,50,0,0,0,not estimable,not estimable,not estimable
8,seed130363,Normal,282427,rf,50,50,0,50,0,1.0,0.0,1.0,not estimable,not estimable,not estimable,not estimable,not estimable,50,0,0,0,not estimable,not estimable,not estimable
8,seed130363,Normal,282427,xgboost,50,50,0,50,0,1.0,0.0,1.0,not estimable,not estimable,not estimable,not estimable,not estimable,50,0,0,0,not estimable,not estimable,not estimable
8,seed130363,Normal,307759,hybrid,50,50,0,50,0,1.0,0.0,1.0,not estimable,not estimable,not estimable,not estimable,not estimable,50,0,0,0,not estimable,not estimable,not estimable
8,seed130363,Normal,307759,mlp,50,50,0,50,0,1.0,0.0,1.0,not estimable,not estimable,not estimable,not estimable,not estimable,50,0,0,0,not estimable,not estimable,not estimable
8,seed130363,Normal,307759,rf,50,50,0,50,0,1.0,0.0,1.0,not estimable,not estimable,not estimable,not estimable,not estimable,50,0,0,0,not estimable,not estimable,not estimable
8,seed130363,Normal,307759,xgboost,50,50,0,50,0,1.0,0.0,1.0,not estimable,not estimable,not estimable,not estimable,not estimable,50,0,0,0,not estimable,not estimable,not estimable
8,seed130363,Normal,333019,hybrid,50,50,0,50,0,1.0,0.0,1.0,not estimable,not estimable,not estimable,not estimable,not estimable,50,0,0,0,not estimable,not estimable,not estimable
8,seed130363,Normal,333019,mlp,50,50,0,50,0,1.0,0.0,1.0,not estimable,not estimable,not estimable,not estimable,not estimable,50,0,0,0,not estimable,not estimable,not estimable
8,seed130363,Normal,333019,rf,50,50,0,50,0,1.0,0.0,1.0,not estimable,not estimable,not estimable,not estimable,not estimable,50,0,0,0,not estimable,not estimable,not estimable
8,seed130363,Normal,333019,xgboost,50,50,0,50,0,1.0,0.0,1.0,not estimable,not estimable,not estimable,not estimable,not estimable,50,0,0,0,not estimable,not estimable,not estimable
8,seed130363,SYNFlood,104729,hybrid,850,50,800,850,0,1.0,0.0,0.058823529411764705,not estimable,0.0,0.0,0.5,not estimable,50,0,800,0,0.0,0.05767202761254314,0.898561872423423
8,seed130363,SYNFlood,104729,mlp,850,50,800,850,0,1.0,0.0,0.058823529411764705,not estimable,0.0,0.0,0.5,not estimable,50,0,800,0,1.0,1.0,0.9999999999999999
8,seed130363,SYNFlood,104729,rf,850,50,800,850,0,1.0,0.0,0.058823529411764705,not estimable,0.0,0.0,0.5,not estimable,50,0,800,0,0.0,0.058823529411764705,0.9150326797385621
8,seed130363,SYNFlood,104729,xgboost,850,50,800,850,0,1.0,0.0,0.058823529411764705,not estimable,0.0,0.0,0.5,not estimable,50,0,800,0,0.0,0.05767202761254314,0.8987001269186675
8,seed130363,SYNFlood,130363,hybrid,850,50,800,850,0,1.0,0.0,0.058823529411764705,not estimable,0.0,0.0,0.5,not estimable,50,0,800,0,0.0,0.030594048341956906,0.8854029702754307
8,seed130363,SYNFlood,130363,mlp,850,50,800,850,0,1.0,0.0,0.058823529411764705,not estimable,0.0,0.0,0.5,not estimable,50,0,800,0,1.0,1.0,0.9999999999999999
8,seed130363,SYNFlood,130363,rf,850,50,800,850,0,1.0,0.0,0.058823529411764705,not estimable,0.0,0.0,0.5,not estimable,50,0,800,0,0.0,0.04579185520361991,0.9146620014228418
8,seed130363,SYNFlood,130363,xgboost,850,50,800,850,0,1.0,0.0,0.058823529411764705,not estimable,0.0,0.0,0.5,not estimable,50,0,800,0,0.0,0.044086150977563514,0.8988111366835543
8,seed130363,SYNFlood,155921,hybrid,850,50,800,850,0,1.0,0.0,0.058823529411764705,not estimable,0.0,0.0,0.5,not estimable,50,0,800,0,0.0,0.030594048341956906,0.8854020809501795
8,seed130363,SYNFlood,155921,mlp,850,50,800,808,42,0.9505882352941176,0.04941176470588235,0.009411764705882352,0.0,0.0,0.0,0.08,-0.9119666486866894,8,42,800,0,0.00997500000000001,0.030618830796724266,0.8867155891681155
8,seed130363,SYNFlood,155921,rf,850,50,800,850,0,1.0,0.0,0.058823529411764705,not estimable,0.0,0.0,0.5,not estimable,50,0,800,0,0.0,0.05767202761254314,0.9146620014228418
8,seed130363,SYNFlood,155921,xgboost,850,50,800,850,0,1.0,0.0,0.058823529411764705,not estimable,0.0,0.0,0.5,not estimable,50,0,800,0,0.0,0.05767202761254314,0.8987001269186675
8,seed130363,SYNFlood,181081,hybrid,850,50,800,850,0,1.0,0.0,0.058823529411764705,not estimable,0.0,0.0,0.5,not estimable,50,0,800,0,0.0,0.05767202761254314,0.898561872423423
8,seed130363,SYNFlood,181081,mlp,850,50,800,850,0,1.0,0.0,0.058823529411764705,not estimable,0.0,0.0,0.5,not estimable,50,0,800,0,1.0,1.0,0.9999999999999999
8,seed130363,SYNFlood,181081,rf,850,50,800,850,0,1.0,0.0,0.058823529411764705,not estimable,0.0,0.0,0.5,not estimable,50,0,800,0,0.0,0.058823529411764705,0.8988952161442499
8,seed130363,SYNFlood,181081,xgboost,850,50,800,850,0,1.0,0.0,0.058823529411764705,not estimable,0.0,0.0,0.5,not estimable,50,0,800,0,0.0,0.05767202761254314,0.8987001269186675
8,seed130363,SYNFlood,206369,hybrid,850,50,800,850,0,1.0,0.0,0.058823529411764705,not estimable,0.0,0.0,0.5,not estimable,50,0,800,0,0.0,0.030594048341956906,0.8854029702754307
8,seed130363,SYNFlood,206369,mlp,850,50,800,800,50,0.9411764705882353,0.058823529411764705,0.0,0.0,0.0,0.0,0.0,-1.0,0,50,800,0,0.0,0.030594048341956906,0.8854029702754307
8,seed130363,SYNFlood,206369,rf,850,50,800,850,0,1.0,0.0,0.058823529411764705,not estimable,0.0,0.0,0.5,not estimable,50,0,800,0,0.0,0.058823529411764705,0.914909257318369
8,seed130363,SYNFlood,206369,xgboost,850,50,800,850,0,1.0,0.0,0.058823529411764705,not estimable,0.0,0.0,0.5,not estimable,50,0,800,0,0.0,0.05767202761254314,0.8987001269186675
8,seed130363,SYNFlood,231701,hybrid,850,50,800,850,0,1.0,0.0,0.058823529411764705,not estimable,0.0,0.0,0.5,not estimable,50,0,800,0,0.0,0.030594048341956906,0.8854020809501795
8,seed130363,SYNFlood,231701,mlp,850,50,800,850,0,1.0,0.0,0.058823529411764705,not estimable,0.0,0.0,0.5,not estimable,50,0,800,0,0.5,0.05884595137542516,0.9703809800427241
8,seed130363,SYNFlood,231701,rf,850,50,800,850,0,1.0,0.0,0.058823529411764705,not estimable,0.0,0.0,0.5,not estimable,50,0,800,0,0.0,0.05767202761254314,0.9149399739630952
8,seed130363,SYNFlood,231701,xgboost,850,50,800,850,0,1.0,0.0,0.058823529411764705,not estimable,0.0,0.0,0.5,not estimable,50,0,800,0,0.0,0.05767202761254314,0.8987001269186675
8,seed130363,SYNFlood,257053,hybrid,850,50,800,850,0,1.0,0.0,0.058823529411764705,not estimable,0.0,0.0,0.5,not estimable,50,0,800,0,0.0,0.030594048341956906,0.8854029702754307
8,seed130363,SYNFlood,257053,mlp,850,50,800,850,0,1.0,0.0,0.058823529411764705,not estimable,0.0,0.0,0.5,not estimable,50,0,800,0,0.61,0.2756078706271243,0.9765921040038998
8,seed130363,SYNFlood,257053,rf,850,50,800,850,0,1.0,0.0,0.058823529411764705,not estimable,0.0,0.0,0.5,not estimable,50,0,800,0,0.0,0.05660779980127729,0.9139460784313725
8,seed130363,SYNFlood,257053,xgboost,850,50,800,850,0,1.0,0.0,0.058823529411764705,not estimable,0.0,0.0,0.5,not estimable,50,0,800,0,0.0,0.05767202761254314,0.8987001269186675
8,seed130363,SYNFlood,282427,hybrid,850,50,800,850,0,1.0,0.0,0.058823529411764705,not estimable,0.0,0.0,0.5,not estimable,50,0,800,0,0.0,0.05767202761254314,0.8854029702754305
8,seed130363,SYNFlood,282427,mlp,850,50,800,850,0,1.0,0.0,0.058823529411764705,not estimable,0.0,0.0,0.5,not estimable,50,0,800,0,1.0,1.0,0.9999999999999999
8,seed130363,SYNFlood,282427,rf,850,50,800,850,0,1.0,0.0,0.058823529411764705,not estimable,0.0,0.0,0.5,not estimable,50,0,800,0,0.0,0.058823529411764705,0.914909257318369
8,seed130363,SYNFlood,282427,xgboost,850,50,800,850,0,1.0,0.0,0.058823529411764705,not estimable,0.0,0.0,0.5,not estimable,50,0,800,0,0.0,0.05767202761254314,0.8987001269186675
8,seed130363,SYNFlood,307759,hybrid,850,50,800,850,0,1.0,0.0,0.058823529411764705,not estimable,0.0,0.0,0.5,not estimable,50,0,800,0,0.0,0.030594048341956906,0.8868348246312743
8,seed130363,SYNFlood,307759,mlp,850,50,800,850,0,1.0,0.0,0.058823529411764705,not estimable,0.0,0.0,0.5,not estimable,50,0,800,0,1.0,1.0,0.9999999999999999
8,seed130363,SYNFlood,307759,rf,850,50,800,850,0,1.0,0.0,0.058823529411764705,not estimable,0.0,0.0,0.5,not estimable,50,0,800,0,0.0,0.058823529411764705,0.9146620014228418
8,seed130363,SYNFlood,307759,xgboost,850,50,800,850,0,1.0,0.0,0.058823529411764705,not estimable,0.0,0.0,0.5,not estimable,50,0,800,0,0.0,0.044086150977563514,0.8988111366835543
8,seed130363,SYNFlood,333019,hybrid,850,50,800,850,0,1.0,0.0,0.058823529411764705,not estimable,0.0,0.0,0.5,not estimable,50,0,800,0,0.0,0.03103830800703896,0.898561872423423
8,seed130363,SYNFlood,333019,mlp,850,50,800,850,0,1.0,0.0,0.058823529411764705,not estimable,0.0,0.0,0.5,not estimable,50,0,800,0,1.0,1.0,0.9999999999999999
8,seed130363,SYNFlood,333019,rf,850,50,800,850,0,1.0,0.0,0.058823529411764705,not estimable,0.0,0.0,0.5,not estimable,50,0,800,0,0.0,0.054515657009072294,0.914909257318369
8,seed130363,SYNFlood,333019,xgboost,850,50,800,850,0,1.0,0.0,0.058823529411764705,not estimable,0.0,0.0,0.5,not estimable,50,0,800,0,0.0,0.054515657009072294,0.898751277201455
8,seed130363,UDPFlood,104729,hybrid,70,50,20,50,20,0.7142857142857143,0.2857142857142857,1.0,1.0,1.0,1.0,1.0,1.0,50,0,0,20,1.0,1.0,1.0000000000000002
8,seed130363,UDPFlood,104729,mlp,70,50,20,50,20,0.7142857142857143,0.2857142857142857,1.0,1.0,1.0,1.0,1.0,1.0,50,0,0,20,1.0,1.0,1.0
8,seed130363,UDPFlood,104729,rf,70,50,20,63,7,0.9,0.1,0.8142857142857143,1.0,0.35,0.5185185185185185,0.675,0.5270462766947298,50,0,13,7,1.0,1.0,1.0000000000000002
8,seed130363,UDPFlood,104729,xgboost,70,50,20,50,20,0.7142857142857143,0.2857142857142857,1.0,1.0,1.0,1.0,1.0,1.0,50,0,0,20,1.0,1.0,1.0
8,seed130363,UDPFlood,130363,hybrid,70,50,20,50,20,0.7142857142857143,0.2857142857142857,1.0,1.0,1.0,1.0,1.0,1.0,50,0,0,20,1.0,1.0,1.0
8,seed130363,UDPFlood,130363,mlp,70,50,20,51,19,0.7285714285714285,0.2714285714285714,0.9857142857142858,1.0,0.95,0.9743589743589743,0.975,0.9650764472411539,50,0,1,19,1.0,1.0,1.0
8,seed130363,UDPFlood,130363,rf,70,50,20,50,20,0.7142857142857143,0.2857142857142857,1.0,1.0,1.0,1.0,1.0,1.0,50,0,0,20,1.0,1.0,1.0
8,seed130363,UDPFlood,130363,xgboost,70,50,20,50,20,0.7142857142857143,0.2857142857142857,1.0,1.0,1.0,1.0,1.0,1.0,50,0,0,20,1.0,1.0,1.0
8,seed130363,UDPFlood,155921,hybrid,70,50,20,50,20,0.7142857142857143,0.2857142857142857,1.0,1.0,1.0,1.0,1.0,1.0,50,0,0,20,1.0,1.0,1.0
8,seed130363,UDPFlood,155921,mlp,70,50,20,50,20,0.7142857142857143,0.2857142857142857,1.0,1.0,1.0,1.0,1.0,1.0,50,0,0,20,1.0,1.0,1.0
8,seed130363,UDPFlood,155921,rf,70,50,20,50,20,0.7142857142857143,0.2857142857142857,1.0,1.0,1.0,1.0,1.0,1.0,50,0,0,20,1.0,1.0,1.0
8,seed130363,UDPFlood,155921,xgboost,70,50,20,50,20,0.7142857142857143,0.2857142857142857,1.0,1.0,1.0,1.0,1.0,1.0,50,0,0,20,1.0,1.0,1.0
8,seed130363,UDPFlood,181081,hybrid,70,50,20,50,20,0.7142857142857143,0.2857142857142857,1.0,1.0,1.0,1.0,1.0,1.0,50,0,0,20,1.0,1.0,1.0
8,seed130363,UDPFlood,181081,mlp,70,50,20,70,0,1.0,0.0,0.7142857142857143,not estimable,0.0,0.0,0.5,not estimable,50,0,20,0,0.1,0.7246376811594203,0.3456873315363881
8,seed130363,UDPFlood,181081,rf,70,50,20,50,20,0.7142857142857143,0.2857142857142857,1.0,1.0,1.0,1.0,1.0,1.0,50,0,0,20,1.0,1.0,1.0
8,seed130363,UDPFlood,181081,xgboost,70,50,20,50,20,0.7142857142857143,0.2857142857142857,1.0,1.0,1.0,1.0,1.0,1.0,50,0,0,20,1.0,1.0,1.0
8,seed130363,UDPFlood,206369,hybrid,70,50,20,50,20,0.7142857142857143,0.2857142857142857,1.0,1.0,1.0,1.0,1.0,1.0,50,0,0,20,1.0,1.0,1.0
8,seed130363,UDPFlood,206369,mlp,70,50,20,0,70,0.0,1.0,0.2857142857142857,0.2857142857142857,1.0,0.4444444444444444,0.5,not estimable,0,50,0,20,1.0,1.0,1.0
8,seed130363,UDPFlood,206369,rf,70,50,20,50,20,0.7142857142857143,0.2857142857142857,1.0,1.0,1.0,1.0,1.0,1.0,50,0,0,20,1.0,1.0,1.0
8,seed130363,UDPFlood,206369,xgboost,70,50,20,50,20,0.7142857142857143,0.2857142857142857,1.0,1.0,1.0,1.0,1.0,1.0,50,0,0,20,1.0,1.0,1.0
8,seed130363,UDPFlood,231701,hybrid,70,50,20,50,20,0.7142857142857143,0.2857142857142857,1.0,1.0,1.0,1.0,1.0,1.0,50,0,0,20,1.0,1.0,1.0
8,seed130363,UDPFlood,231701,mlp,70,50,20,50,20,0.7142857142857143,0.2857142857142857,1.0,1.0,1.0,1.0,1.0,1.0,50,0,0,20,1.0,1.0,1.0
8,seed130363,UDPFlood,231701,rf,70,50,20,50,20,0.7142857142857143,0.2857142857142857,1.0,1.0,1.0,1.0,1.0,1.0,50,0,0,20,1.0,1.0,1.0
8,seed130363,UDPFlood,231701,xgboost,70,50,20,50,20,0.7142857142857143,0.2857142857142857,1.0,1.0,1.0,1.0,1.0,1.0,50,0,0,20,1.0,1.0,1.0
8,seed130363,UDPFlood,257053,hybrid,70,50,20,50,20,0.7142857142857143,0.2857142857142857,1.0,1.0,1.0,1.0,1.0,1.0,50,0,0,20,1.0,1.0,1.0
8,seed130363,UDPFlood,257053,mlp,70,50,20,50,20,0.7142857142857143,0.2857142857142857,1.0,1.0,1.0,1.0,1.0,1.0,50,0,0,20,1.0,1.0,1.0
8,seed130363,UDPFlood,257053,rf,70,50,20,50,20,0.7142857142857143,0.2857142857142857,1.0,1.0,1.0,1.0,1.0,1.0,50,0,0,20,1.0,1.0,1.0
8,seed130363,UDPFlood,257053,xgboost,70,50,20,50,20,0.7142857142857143,0.2857142857142857,1.0,1.0,1.0,1.0,1.0,1.0,50,0,0,20,1.0,1.0,1.0
8,seed130363,UDPFlood,282427,hybrid,70,50,20,50,20,0.7142857142857143,0.2857142857142857,1.0,1.0,1.0,1.0,1.0,1.0,50,0,0,20,1.0,0.9999999999999999,1.0
8,seed130363,UDPFlood,282427,mlp,70,50,20,70,0,1.0,0.0,0.7142857142857143,not estimable,0.0,0.0,0.5,not estimable,50,0,20,0,0.0,0.7142857142857143,0.2857142857142857
8,seed130363,UDPFlood,282427,rf,70,50,20,50,20,0.7142857142857143,0.2857142857142857,1.0,1.0,1.0,1.0,1.0,1.0,50,0,0,20,1.0,0.9999999999999999,0.9999999999999999
8,seed130363,UDPFlood,282427,xgboost,70,50,20,50,20,0.7142857142857143,0.2857142857142857,1.0,1.0,1.0,1.0,1.0,1.0,50,0,0,20,1.0,1.0,1.0
8,seed130363,UDPFlood,307759,hybrid,70,50,20,50,20,0.7142857142857143,0.2857142857142857,1.0,1.0,1.0,1.0,1.0,1.0,50,0,0,20,1.0,1.0,1.0
8,seed130363,UDPFlood,307759,mlp,70,50,20,50,20,0.7142857142857143,0.2857142857142857,1.0,1.0,1.0,1.0,1.0,1.0,50,0,0,20,1.0,1.0,1.0
8,seed130363,UDPFlood,307759,rf,70,50,20,50,20,0.7142857142857143,0.2857142857142857,1.0,1.0,1.0,1.0,1.0,1.0,50,0,0,20,1.0,1.0,1.0
8,seed130363,UDPFlood,307759,xgboost,70,50,20,50,20,0.7142857142857143,0.2857142857142857,1.0,1.0,1.0,1.0,1.0,1.0,50,0,0,20,1.0,1.0,1.0
8,seed130363,UDPFlood,333019,hybrid,70,50,20,50,20,0.7142857142857143,0.2857142857142857,1.0,1.0,1.0,1.0,1.0,1.0,50,0,0,20,1.0,1.0,1.0
8,seed130363,UDPFlood,333019,mlp,70,50,20,70,0,1.0,0.0,0.7142857142857143,not estimable,0.0,0.0,0.5,not estimable,50,0,20,0,0.0,0.5063399476810319,0.27240896358543415
8,seed130363,UDPFlood,333019,rf,70,50,20,50,20,0.7142857142857143,0.2857142857142857,1.0,1.0,1.0,1.0,1.0,1.0,50,0,0,20,1.0,0.9999999999999999,1.0
8,seed130363,UDPFlood,333019,xgboost,70,50,20,50,20,0.7142857142857143,0.2857142857142857,1.0,1.0,1.0,1.0,1.0,1.0,50,0,0,20,1.0,1.0,1.0
8,seed155921,DNSAmplification,104729,hybrid,60,50,10,50,10,0.8333333333333334,0.16666666666666666,1.0,1.0,1.0,1.0,1.0,1.0,50,0,0,10,1.0,1.0,1.0
8,seed155921,DNSAmplification,104729,mlp,60,50,10,50,10,0.8333333333333334,0.16666666666666666,1.0,1.0,1.0,1.0,1.0,1.0,50,0,0,10,1.0,1.0,1.0
8,seed155921,DNSAmplification,104729,rf,60,50,10,60,0,1.0,0.0,0.8333333333333334,not estimable,0.0,0.0,0.5,not estimable,50,0,10,0,1.0,1.0,1.0
8,seed155921,DNSAmplification,104729,xgboost,60,50,10,50,10,0.8333333333333334,0.16666666666666666,1.0,1.0,1.0,1.0,1.0,1.0,50,0,0,10,1.0,1.0,0.9999999999999999
8,seed155921,DNSAmplification,130363,hybrid,60,50,10,50,10,0.8333333333333334,0.16666666666666666,1.0,1.0,1.0,1.0,1.0,1.0,50,0,0,10,1.0,1.0,1.0
8,seed155921,DNSAmplification,130363,mlp,60,50,10,50,10,0.8333333333333334,0.16666666666666666,1.0,1.0,1.0,1.0,1.0,1.0,50,0,0,10,1.0,1.0,1.0
8,seed155921,DNSAmplification,130363,rf,60,50,10,50,10,0.8333333333333334,0.16666666666666666,1.0,1.0,1.0,1.0,1.0,1.0,50,0,0,10,1.0,1.0,1.0
8,seed155921,DNSAmplification,130363,xgboost,60,50,10,50,10,0.8333333333333334,0.16666666666666666,1.0,1.0,1.0,1.0,1.0,1.0,50,0,0,10,1.0,1.0,1.0
8,seed155921,DNSAmplification,155921,hybrid,60,50,10,50,10,0.8333333333333334,0.16666666666666666,1.0,1.0,1.0,1.0,1.0,1.0,50,0,0,10,1.0,1.0,1.0
8,seed155921,DNSAmplification,155921,mlp,60,50,10,9,51,0.15,0.85,0.31666666666666665,0.19607843137254902,1.0,0.32786885245901637,0.59,0.18786728732554486,9,41,0,10,1.0,1.0,1.0
8,seed155921,DNSAmplification,155921,rf,60,50,10,50,10,0.8333333333333334,0.16666666666666666,1.0,1.0,1.0,1.0,1.0,1.0,50,0,0,10,1.0,1.0,1.0
8,seed155921,DNSAmplification,155921,xgboost,60,50,10,50,10,0.8333333333333334,0.16666666666666666,1.0,1.0,1.0,1.0,1.0,1.0,50,0,0,10,1.0,1.0,0.9999999999999999
8,seed155921,DNSAmplification,181081,hybrid,60,50,10,50,10,0.8333333333333334,0.16666666666666666,1.0,1.0,1.0,1.0,1.0,1.0,50,0,0,10,1.0,1.0,1.0
8,seed155921,DNSAmplification,181081,mlp,60,50,10,60,0,1.0,0.0,0.8333333333333334,not estimable,0.0,0.0,0.5,not estimable,50,0,10,0,0.0,0.8333333333333334,0.16666666666666666
8,seed155921,DNSAmplification,181081,rf,60,50,10,50,10,0.8333333333333334,0.16666666666666666,1.0,1.0,1.0,1.0,1.0,1.0,50,0,0,10,1.0,1.0,1.0
8,seed155921,DNSAmplification,181081,xgboost,60,50,10,50,10,0.8333333333333334,0.16666666666666666,1.0,1.0,1.0,1.0,1.0,1.0,50,0,0,10,1.0,1.0,0.9999999999999999
8,seed155921,DNSAmplification,206369,hybrid,60,50,10,50,10,0.8333333333333334,0.16666666666666666,1.0,1.0,1.0,1.0,1.0,1.0,50,0,0,10,1.0,1.0,1.0
8,seed155921,DNSAmplification,206369,mlp,60,50,10,0,60,0.0,1.0,0.16666666666666666,0.16666666666666666,1.0,0.2857142857142857,0.5,not estimable,0,50,0,10,1.0,1.0,1.0
8,seed155921,DNSAmplification,206369,rf,60,50,10,50,10,0.8333333333333334,0.16666666666666666,1.0,1.0,1.0,1.0,1.0,1.0,50,0,0,10,1.0,1.0,1.0
8,seed155921,DNSAmplification,206369,xgboost,60,50,10,50,10,0.8333333333333334,0.16666666666666666,1.0,1.0,1.0,1.0,1.0,1.0,50,0,0,10,1.0,1.0,0.9999999999999999
8,seed155921,DNSAmplification,231701,hybrid,60,50,10,50,10,0.8333333333333334,0.16666666666666666,1.0,1.0,1.0,1.0,1.0,1.0,50,0,0,10,1.0,1.0,1.0
8,seed155921,DNSAmplification,231701,mlp,60,50,10,50,10,0.8333333333333334,0.16666666666666666,1.0,1.0,1.0,1.0,1.0,1.0,50,0,0,10,1.0,1.0,1.0
8,seed155921,DNSAmplification,231701,rf,60,50,10,53,7,0.8833333333333333,0.11666666666666667,0.95,1.0,0.7,0.8235294117647058,0.85,0.8126360553720011,50,0,3,7,1.0,1.0,1.0
8,seed155921,DNSAmplification,231701,xgboost,60,50,10,50,10,0.8333333333333334,0.16666666666666666,1.0,1.0,1.0,1.0,1.0,1.0,50,0,0,10,1.0,1.0,0.9999999999999999
8,seed155921,DNSAmplification,257053,hybrid,60,50,10,50,10,0.8333333333333334,0.16666666666666666,1.0,1.0,1.0,1.0,1.0,1.0,50,0,0,10,1.0,1.0,0.9999999999999999
8,seed155921,DNSAmplification,257053,mlp,60,50,10,50,10,0.8333333333333334,0.16666666666666666,1.0,1.0,1.0,1.0,1.0,1.0,50,0,0,10,1.0,1.0,1.0
8,seed155921,DNSAmplification,257053,rf,60,50,10,50,10,0.8333333333333334,0.16666666666666666,1.0,1.0,1.0,1.0,1.0,1.0,50,0,0,10,1.0,1.0,1.0
8,seed155921,DNSAmplification,257053,xgboost,60,50,10,50,10,0.8333333333333334,0.16666666666666666,1.0,1.0,1.0,1.0,1.0,1.0,50,0,0,10,1.0,1.0,0.9999999999999999
8,seed155921,DNSAmplification,282427,hybrid,60,50,10,50,10,0.8333333333333334,0.16666666666666666,1.0,1.0,1.0,1.0,1.0,1.0,50,0,0,10,1.0,1.0,0.9999999999999999
8,seed155921,DNSAmplification,282427,mlp,60,50,10,60,0,1.0,0.0,0.8333333333333334,not estimable,0.0,0.0,0.5,not estimable,50,0,10,0,0.0,0.8333333333333334,0.16666666666666666
8,seed155921,DNSAmplification,282427,rf,60,50,10,50,10,0.8333333333333334,0.16666666666666666,1.0,1.0,1.0,1.0,1.0,1.0,50,0,0,10,1.0,1.0,0.9999999999999999
8,seed155921,DNSAmplification,282427,xgboost,60,50,10,50,10,0.8333333333333334,0.16666666666666666,1.0,1.0,1.0,1.0,1.0,1.0,50,0,0,10,1.0,1.0,0.9999999999999999
8,seed155921,DNSAmplification,307759,hybrid,60,50,10,50,10,0.8333333333333334,0.16666666666666666,1.0,1.0,1.0,1.0,1.0,1.0,50,0,0,10,1.0,1.0,1.0
8,seed155921,DNSAmplification,307759,mlp,60,50,10,50,10,0.8333333333333334,0.16666666666666666,1.0,1.0,1.0,1.0,1.0,1.0,50,0,0,10,1.0,1.0,1.0
8,seed155921,DNSAmplification,307759,rf,60,50,10,50,10,0.8333333333333334,0.16666666666666666,1.0,1.0,1.0,1.0,1.0,1.0,50,0,0,10,1.0,1.0,1.0
8,seed155921,DNSAmplification,307759,xgboost,60,50,10,50,10,0.8333333333333334,0.16666666666666666,1.0,1.0,1.0,1.0,1.0,1.0,50,0,0,10,1.0,1.0,1.0
8,seed155921,DNSAmplification,333019,hybrid,60,50,10,50,10,0.8333333333333334,0.16666666666666666,1.0,1.0,1.0,1.0,1.0,1.0,50,0,0,10,1.0,1.0,1.0
8,seed155921,DNSAmplification,333019,mlp,60,50,10,60,0,1.0,0.0,0.8333333333333334,not estimable,0.0,0.0,0.5,not estimable,50,0,10,0,0.0,0.651426548136821,0.16666666666666666
8,seed155921,DNSAmplification,333019,rf,60,50,10,50,10,0.8333333333333334,0.16666666666666666,1.0,1.0,1.0,1.0,1.0,1.0,50,0,0,10,1.0,1.0,1.0
8,seed155921,DNSAmplification,333019,xgboost,60,50,10,50,10,0.8333333333333334,0.16666666666666666,1.0,1.0,1.0,1.0,1.0,1.0,50,0,0,10,1.0,1.0,1.0
8,seed155921,Normal,104729,hybrid,50,50,0,50,0,1.0,0.0,1.0,not estimable,not estimable,not estimable,not estimable,not estimable,50,0,0,0,not estimable,not estimable,not estimable
8,seed155921,Normal,104729,mlp,50,50,0,50,0,1.0,0.0,1.0,not estimable,not estimable,not estimable,not estimable,not estimable,50,0,0,0,not estimable,not estimable,not estimable
8,seed155921,Normal,104729,rf,50,50,0,50,0,1.0,0.0,1.0,not estimable,not estimable,not estimable,not estimable,not estimable,50,0,0,0,not estimable,not estimable,not estimable
8,seed155921,Normal,104729,xgboost,50,50,0,50,0,1.0,0.0,1.0,not estimable,not estimable,not estimable,not estimable,not estimable,50,0,0,0,not estimable,not estimable,not estimable
8,seed155921,Normal,130363,hybrid,50,50,0,50,0,1.0,0.0,1.0,not estimable,not estimable,not estimable,not estimable,not estimable,50,0,0,0,not estimable,not estimable,not estimable
8,seed155921,Normal,130363,mlp,50,50,0,50,0,1.0,0.0,1.0,not estimable,not estimable,not estimable,not estimable,not estimable,50,0,0,0,not estimable,not estimable,not estimable
8,seed155921,Normal,130363,rf,50,50,0,50,0,1.0,0.0,1.0,not estimable,not estimable,not estimable,not estimable,not estimable,50,0,0,0,not estimable,not estimable,not estimable
8,seed155921,Normal,130363,xgboost,50,50,0,50,0,1.0,0.0,1.0,not estimable,not estimable,not estimable,not estimable,not estimable,50,0,0,0,not estimable,not estimable,not estimable
8,seed155921,Normal,155921,hybrid,50,50,0,50,0,1.0,0.0,1.0,not estimable,not estimable,not estimable,not estimable,not estimable,50,0,0,0,not estimable,not estimable,not estimable
8,seed155921,Normal,155921,mlp,50,50,0,8,42,0.16,0.84,0.16,0.0,not estimable,0.0,not estimable,not estimable,8,42,0,0,not estimable,not estimable,not estimable
8,seed155921,Normal,155921,rf,50,50,0,50,0,1.0,0.0,1.0,not estimable,not estimable,not estimable,not estimable,not estimable,50,0,0,0,not estimable,not estimable,not estimable
8,seed155921,Normal,155921,xgboost,50,50,0,50,0,1.0,0.0,1.0,not estimable,not estimable,not estimable,not estimable,not estimable,50,0,0,0,not estimable,not estimable,not estimable
8,seed155921,Normal,181081,hybrid,50,50,0,50,0,1.0,0.0,1.0,not estimable,not estimable,not estimable,not estimable,not estimable,50,0,0,0,not estimable,not estimable,not estimable
8,seed155921,Normal,181081,mlp,50,50,0,50,0,1.0,0.0,1.0,not estimable,not estimable,not estimable,not estimable,not estimable,50,0,0,0,not estimable,not estimable,not estimable
8,seed155921,Normal,181081,rf,50,50,0,50,0,1.0,0.0,1.0,not estimable,not estimable,not estimable,not estimable,not estimable,50,0,0,0,not estimable,not estimable,not estimable
8,seed155921,Normal,181081,xgboost,50,50,0,50,0,1.0,0.0,1.0,not estimable,not estimable,not estimable,not estimable,not estimable,50,0,0,0,not estimable,not estimable,not estimable
8,seed155921,Normal,206369,hybrid,50,50,0,50,0,1.0,0.0,1.0,not estimable,not estimable,not estimable,not estimable,not estimable,50,0,0,0,not estimable,not estimable,not estimable
8,seed155921,Normal,206369,mlp,50,50,0,0,50,0.0,1.0,0.0,0.0,not estimable,0.0,not estimable,not estimable,0,50,0,0,not estimable,not estimable,not estimable
8,seed155921,Normal,206369,rf,50,50,0,50,0,1.0,0.0,1.0,not estimable,not estimable,not estimable,not estimable,not estimable,50,0,0,0,not estimable,not estimable,not estimable
8,seed155921,Normal,206369,xgboost,50,50,0,50,0,1.0,0.0,1.0,not estimable,not estimable,not estimable,not estimable,not estimable,50,0,0,0,not estimable,not estimable,not estimable
8,seed155921,Normal,231701,hybrid,50,50,0,50,0,1.0,0.0,1.0,not estimable,not estimable,not estimable,not estimable,not estimable,50,0,0,0,not estimable,not estimable,not estimable
8,seed155921,Normal,231701,mlp,50,50,0,50,0,1.0,0.0,1.0,not estimable,not estimable,not estimable,not estimable,not estimable,50,0,0,0,not estimable,not estimable,not estimable
8,seed155921,Normal,231701,rf,50,50,0,50,0,1.0,0.0,1.0,not estimable,not estimable,not estimable,not estimable,not estimable,50,0,0,0,not estimable,not estimable,not estimable
8,seed155921,Normal,231701,xgboost,50,50,0,50,0,1.0,0.0,1.0,not estimable,not estimable,not estimable,not estimable,not estimable,50,0,0,0,not estimable,not estimable,not estimable
8,seed155921,Normal,257053,hybrid,50,50,0,50,0,1.0,0.0,1.0,not estimable,not estimable,not estimable,not estimable,not estimable,50,0,0,0,not estimable,not estimable,not estimable
8,seed155921,Normal,257053,mlp,50,50,0,50,0,1.0,0.0,1.0,not estimable,not estimable,not estimable,not estimable,not estimable,50,0,0,0,not estimable,not estimable,not estimable
8,seed155921,Normal,257053,rf,50,50,0,50,0,1.0,0.0,1.0,not estimable,not estimable,not estimable,not estimable,not estimable,50,0,0,0,not estimable,not estimable,not estimable
8,seed155921,Normal,257053,xgboost,50,50,0,50,0,1.0,0.0,1.0,not estimable,not estimable,not estimable,not estimable,not estimable,50,0,0,0,not estimable,not estimable,not estimable
8,seed155921,Normal,282427,hybrid,50,50,0,50,0,1.0,0.0,1.0,not estimable,not estimable,not estimable,not estimable,not estimable,50,0,0,0,not estimable,not estimable,not estimable
8,seed155921,Normal,282427,mlp,50,50,0,50,0,1.0,0.0,1.0,not estimable,not estimable,not estimable,not estimable,not estimable,50,0,0,0,not estimable,not estimable,not estimable
8,seed155921,Normal,282427,rf,50,50,0,50,0,1.0,0.0,1.0,not estimable,not estimable,not estimable,not estimable,not estimable,50,0,0,0,not estimable,not estimable,not estimable
8,seed155921,Normal,282427,xgboost,50,50,0,50,0,1.0,0.0,1.0,not estimable,not estimable,not estimable,not estimable,not estimable,50,0,0,0,not estimable,not estimable,not estimable
8,seed155921,Normal,307759,hybrid,50,50,0,50,0,1.0,0.0,1.0,not estimable,not estimable,not estimable,not estimable,not estimable,50,0,0,0,not estimable,not estimable,not estimable
8,seed155921,Normal,307759,mlp,50,50,0,50,0,1.0,0.0,1.0,not estimable,not estimable,not estimable,not estimable,not estimable,50,0,0,0,not estimable,not estimable,not estimable
8,seed155921,Normal,307759,rf,50,50,0,50,0,1.0,0.0,1.0,not estimable,not estimable,not estimable,not estimable,not estimable,50,0,0,0,not estimable,not estimable,not estimable
8,seed155921,Normal,307759,xgboost,50,50,0,50,0,1.0,0.0,1.0,not estimable,not estimable,not estimable,not estimable,not estimable,50,0,0,0,not estimable,not estimable,not estimable
8,seed155921,Normal,333019,hybrid,50,50,0,50,0,1.0,0.0,1.0,not estimable,not estimable,not estimable,not estimable,not estimable,50,0,0,0,not estimable,not estimable,not estimable
8,seed155921,Normal,333019,mlp,50,50,0,50,0,1.0,0.0,1.0,not estimable,not estimable,not estimable,not estimable,not estimable,50,0,0,0,not estimable,not estimable,not estimable
8,seed155921,Normal,333019,rf,50,50,0,50,0,1.0,0.0,1.0,not estimable,not estimable,not estimable,not estimable,not estimable,50,0,0,0,not estimable,not estimable,not estimable
8,seed155921,Normal,333019,xgboost,50,50,0,50,0,1.0,0.0,1.0,not estimable,not estimable,not estimable,not estimable,not estimable,50,0,0,0,not estimable,not estimable,not estimable
8,seed155921,SYNFlood,104729,hybrid,850,50,800,850,0,1.0,0.0,0.058823529411764705,not estimable,0.0,0.0,0.5,not estimable,50,0,800,0,0.0,0.05767202761254314,0.8956813821733738
8,seed155921,SYNFlood,104729,mlp,850,50,800,850,0,1.0,0.0,0.058823529411764705,not estimable,0.0,0.0,0.5,not estimable,50,0,800,0,1.0,1.0,1.0
8,seed155921,SYNFlood,104729,rf,850,50,800,850,0,1.0,0.0,0.058823529411764705,not estimable,0.0,0.0,0.5,not estimable,50,0,800,0,0.0,0.058823529411764705,0.9150326797385621
8,seed155921,SYNFlood,104729,xgboost,850,50,800,850,0,1.0,0.0,0.058823529411764705,not estimable,0.0,0.0,0.5,not estimable,50,0,800,0,0.0,0.05767202761254314,0.8996332741954524
8,seed155921,SYNFlood,130363,hybrid,850,50,800,850,0,1.0,0.0,0.058823529411764705,not estimable,0.0,0.0,0.5,not estimable,50,0,800,0,0.0,0.030594048341956906,0.8820972273907667
8,seed155921,SYNFlood,130363,mlp,850,50,800,850,0,1.0,0.0,0.058823529411764705,not estimable,0.0,0.0,0.5,not estimable,50,0,800,0,1.0,1.0,1.0
8,seed155921,SYNFlood,130363,rf,850,50,800,850,0,1.0,0.0,0.058823529411764705,not estimable,0.0,0.0,0.5,not estimable,50,0,800,0,0.0,0.04698837618879887,0.9146620014228418
8,seed155921,SYNFlood,130363,xgboost,850,50,800,850,0,1.0,0.0,0.058823529411764705,not estimable,0.0,0.0,0.5,not estimable,50,0,800,0,0.0,0.045507004932724575,0.8996793042751908
8,seed155921,SYNFlood,155921,hybrid,850,50,800,850,0,1.0,0.0,0.058823529411764705,not estimable,0.0,0.0,0.5,not estimable,50,0,800,0,0.0,0.030594048341956906,0.8827008672462975
8,seed155921,SYNFlood,155921,mlp,850,50,800,810,40,0.9529411764705882,0.047058823529411764,0.011764705882352941,0.0,0.0,0.0,0.1,-0.8888888888888888,10,40,800,0,0.0,0.030594048341956906,0.8820972273907667
8,seed155921,SYNFlood,155921,rf,850,50,800,850,0,1.0,0.0,0.058823529411764705,not estimable,0.0,0.0,0.5,not estimable,50,0,800,0,0.0,0.05657033885873551,0.9146620014228418
8,seed155921,SYNFlood,155921,xgboost,850,50,800,850,0,1.0,0.0,0.058823529411764705,not estimable,0.0,0.0,0.5,not estimable,50,0,800,0,0.0,0.05767202761254314,0.8996332741954524
8,seed155921,SYNFlood,181081,hybrid,850,50,800,850,0,1.0,0.0,0.058823529411764705,not estimable,0.0,0.0,0.5,not estimable,50,0,800,0,0.0,0.05767202761254314,0.8956813821733738
8,seed155921,SYNFlood,181081,mlp,850,50,800,850,0,1.0,0.0,0.058823529411764705,not estimable,0.0,0.0,0.5,not estimable,50,0,800,0,1.0,1.0,0.9999999999999999
8,seed155921,SYNFlood,181081,rf,850,50,800,850,0,1.0,0.0,0.058823529411764705,not estimable,0.0,0.0,0.5,not estimable,50,0,800,0,0.0,0.058823529411764705,0.8997584012493267
8,seed155921,SYNFlood,181081,xgboost,850,50,800,850,0,1.0,0.0,0.058823529411764705,not estimable,0.0,0.0,0.5,not estimable,50,0,800,0,0.0,0.05767202761254314,0.8996332741954524
8,seed155921,SYNFlood,206369,hybrid,850,50,800,850,0,1.0,0.0,0.058823529411764705,not estimable,0.0,0.0,0.5,not estimable,50,0,800,0,0.0,0.030594048341956906,0.8820972273907667
8,seed155921,SYNFlood,206369,mlp,850,50,800,800,50,0.9411764705882353,0.058823529411764705,0.0,0.0,0.0,0.0,0.0,-1.0,0,50,800,0,0.0,0.030594048341956906,0.8820972273907667
8,seed155921,SYNFlood,206369,rf,850,50,800,850,0,1.0,0.0,0.058823529411764705,not estimable,0.0,0.0,0.5,not estimable,50,0,800,0,0.0,0.058823529411764705,0.914909257318369
8,seed155921,SYNFlood,206369,xgboost,850,50,800,850,0,1.0,0.0,0.058823529411764705,not estimable,0.0,0.0,0.5,not estimable,50,0,800,0,0.0,0.05767202761254314,0.8996332741954524
8,seed155921,SYNFlood,231701,hybrid,850,50,800,850,0,1.0,0.0,0.058823529411764705,not estimable,0.0,0.0,0.5,not estimable,50,0,800,0,0.0,0.030594048341956906,0.8820972273907667
8,seed155921,SYNFlood,231701,mlp,850,50,800,850,0,1.0,0.0,0.058823529411764705,not estimable,0.0,0.0,0.5,not estimable,50,0,800,0,0.5,0.05884595137542516,0.9665906239026092
8,seed155921,SYNFlood,231701,rf,850,50,800,850,0,1.0,0.0,0.058823529411764705,not estimable,0.0,0.0,0.5,not estimable,50,0,800,0,0.0,0.05657033885873551,0.9139460784313725
8,seed155921,SYNFlood,231701,xgboost,850,50,800,850,0,1.0,0.0,0.058823529411764705,not estimable,0.0,0.0,0.5,not estimable,50,0,800,0,0.0,0.05767202761254314,0.8996332741954524
8,seed155921,SYNFlood,257053,hybrid,850,50,800,850,0,1.0,0.0,0.058823529411764705,not estimable,0.0,0.0,0.5,not estimable,50,0,800,0,0.0,0.030594048341956906,0.8820972273907667
8,seed155921,SYNFlood,257053,mlp,850,50,800,850,0,1.0,0.0,0.058823529411764705,not estimable,0.0,0.0,0.5,not estimable,50,0,800,0,0.64,0.3337194779012903,0.9754829734096956
8,seed155921,SYNFlood,257053,rf,850,50,800,850,0,1.0,0.0,0.058823529411764705,not estimable,0.0,0.0,0.5,not estimable,50,0,800,0,0.0,0.055528282460204366,0.9139460784313725
8,seed155921,SYNFlood,257053,xgboost,850,50,800,850,0,1.0,0.0,0.058823529411764705,not estimable,0.0,0.0,0.5,not estimable,50,0,800,0,0.0,0.05767202761254314,0.8996332741954524
8,seed155921,SYNFlood,282427,hybrid,850,50,800,850,0,1.0,0.0,0.058823529411764705,not estimable,0.0,0.0,0.5,not estimable,50,0,800,0,0.0,0.05767202761254314,0.8820972273907667
8,seed155921,SYNFlood,282427,mlp,850,50,800,850,0,1.0,0.0,0.058823529411764705,not estimable,0.0,0.0,0.5,not estimable,50,0,800,0,1.0,1.0,1.0
8,seed155921,SYNFlood,282427,rf,850,50,800,850,0,1.0,0.0,0.058823529411764705,not estimable,0.0,0.0,0.5,not estimable,50,0,800,0,0.0,0.058823529411764705,0.914909257318369
8,seed155921,SYNFlood,282427,xgboost,850,50,800,850,0,1.0,0.0,0.058823529411764705,not estimable,0.0,0.0,0.5,not estimable,50,0,800,0,0.0,0.05767202761254314,0.8996332741954524
8,seed155921,SYNFlood,307759,hybrid,850,50,800,850,0,1.0,0.0,0.058823529411764705,not estimable,0.0,0.0,0.5,not estimable,50,0,800,0,0.0,0.030594048341956906,0.8828269392558799
8,seed155921,SYNFlood,307759,mlp,850,50,800,850,0,1.0,0.0,0.058823529411764705,not estimable,0.0,0.0,0.5,not estimable,50,0,800,0,1.0,1.0,1.0
8,seed155921,SYNFlood,307759,rf,850,50,800,850,0,1.0,0.0,0.058823529411764705,not estimable,0.0,0.0,0.5,not estimable,50,0,800,0,0.0,0.058823529411764705,0.9146620014228418
8,seed155921,SYNFlood,307759,xgboost,850,50,800,850,0,1.0,0.0,0.058823529411764705,not estimable,0.0,0.0,0.5,not estimable,50,0,800,0,0.0,0.045507004932724575,0.8996793042751908
8,seed155921,SYNFlood,333019,hybrid,850,50,800,850,0,1.0,0.0,0.058823529411764705,not estimable,0.0,0.0,0.5,not estimable,50,0,800,0,0.0,0.031200495136531996,0.8956813821733738
8,seed155921,SYNFlood,333019,mlp,850,50,800,850,0,1.0,0.0,0.058823529411764705,not estimable,0.0,0.0,0.5,not estimable,50,0,800,0,1.0,1.0,0.9999999999999999
8,seed155921,SYNFlood,333019,rf,850,50,800,850,0,1.0,0.0,0.058823529411764705,not estimable,0.0,0.0,0.5,not estimable,50,0,800,0,0.0,0.0526580061304919,0.914909257318369
8,seed155921,SYNFlood,333019,xgboost,850,50,800,850,0,1.0,0.0,0.058823529411764705,not estimable,0.0,0.0,0.5,not estimable,50,0,800,0,0.0,0.0526580061304919,0.8996793042751908
8,seed155921,UDPFlood,104729,hybrid,73,53,20,53,20,0.726027397260274,0.273972602739726,1.0,1.0,1.0,1.0,1.0,1.0,53,0,0,20,1.0,1.0,1.0
8,seed155921,UDPFlood,104729,mlp,73,53,20,53,20,0.726027397260274,0.273972602739726,1.0,1.0,1.0,1.0,1.0,1.0,53,0,0,20,1.0,1.0,1.0
8,seed155921,UDPFlood,104729,rf,73,53,20,68,5,0.9315068493150684,0.0684931506849315,0.7671232876712328,0.8,0.2,0.32,0.590566037735849,0.3198223702333294,52,1,16,4,0.9811320754716981,0.9948307056086845,0.8864003759398497
8,seed155921,UDPFlood,104729,xgboost,73,53,20,53,20,0.726027397260274,0.273972602739726,1.0,1.0,1.0,1.0,1.0,1.0,53,0,0,20,1.0,1.0,1.0
8,seed155921,UDPFlood,130363,hybrid,73,53,20,53,20,0.726027397260274,0.273972602739726,1.0,1.0,1.0,1.0,1.0,1.0,53,0,0,20,1.0,1.0,0.9999999999999999
8,seed155921,UDPFlood,130363,mlp,73,53,20,53,20,0.726027397260274,0.273972602739726,1.0,1.0,1.0,1.0,1.0,1.0,53,0,0,20,1.0,1.0,1.0
8,seed155921,UDPFlood,130363,rf,73,53,20,52,21,0.7123287671232876,0.2876712328767123,0.9863013698630136,0.9523809523809523,1.0,0.975609756097561,0.9905660377358491,0.9666496265189555,52,1,0,20,1.0,1.0,1.0
8,seed155921,UDPFlood,130363,xgboost,73,53,20,53,20,0.726027397260274,0.273972602739726,1.0,1.0,1.0,1.0,1.0,1.0,53,0,0,20,1.0,1.0,1.0
8,seed155921,UDPFlood,155921,hybrid,73,53,20,51,22,0.6986301369863014,0.3013698630136986,0.9726027397260274,0.9090909090909091,1.0,0.9523809523809523,0.9811320754716981,0.9352997336505148,51,2,0,20,1.0,1.0,1.0
8,seed155921,UDPFlood,155921,mlp,73,53,20,51,22,0.6986301369863014,0.3013698630136986,0.9726027397260274,0.9090909090909091,1.0,0.9523809523809523,0.9811320754716981,0.9352997336505148,51,2,0,20,1.0,1.0,1.0
8,seed155921,UDPFlood,155921,rf,73,53,20,51,22,0.6986301369863014,0.3013698630136986,0.9726027397260274,0.9090909090909091,1.0,0.9523809523809523,0.9811320754716981,0.9352997336505148,51,2,0,20,0.9811320754716981,0.9948307056086845,0.915018315018315
8,seed155921,UDPFlood,155921,xgboost,73,53,20,53,20,0.726027397260274,0.273972602739726,1.0,1.0,1.0,1.0,1.0,1.0,53,0,0,20,1.0,1.0,1.0
8,seed155921,UDPFlood,181081,hybrid,73,53,20,53,20,0.726027397260274,0.273972602739726,1.0,1.0,1.0,1.0,1.0,1.0,53,0,0,20,1.0,1.0,1.0
8,seed155921,UDPFlood,181081,mlp,73,53,20,73,0,1.0,0.0,0.726027397260274,not estimable,0.0,0.0,0.5,not estimable,53,0,20,0,0.04716981132075472,0.7131679297214282,0.26089352428393525
8,seed155921,UDPFlood,181081,rf,73,53,20,51,22,0.6986301369863014,0.3013698630136986,0.9726027397260274,0.9090909090909091,1.0,0.9523809523809523,0.9811320754716981,0.9352997336505148,51,2,0,20,0.9622641509433962,0.9895896154619339,0.8231060606060607
8,seed155921,UDPFlood,181081,xgboost,73,53,20,53,20,0.726027397260274,0.273972602739726,1.0,1.0,1.0,1.0,1.0,1.0,53,0,0,20,1.0,1.0,1.0
8,seed155921,UDPFlood,206369,hybrid,73,53,20,51,22,0.6986301369863014,0.3013698630136986,0.9726027397260274,0.9090909090909091,1.0,0.9523809523809523,0.9811320754716981,0.9352997336505148,51,2,0,20,1.0,0.9999999999999999,1.0
8,seed155921,UDPFlood,206369,mlp,73,53,20,0,73,0.0,1.0,0.273972602739726,0.273972602739726,1.0,0.43010752688172044,0.5,not estimable,0,53,0,20,1.0,1.0,1.0
8,seed155921,UDPFlood,206369,rf,73,53,20,51,22,0.6986301369863014,0.3013698630136986,0.9726027397260274,0.9090909090909091,1.0,0.9523809523809523,0.9811320754716981,0.9352997336505148,51,2,0,20,0.9811320754716981,0.9948307056086845,0.9188041125541124
8,seed155921,UDPFlood,206369,xgboost,73,53,20,53,20,0.726027397260274,0.273972602739726,1.0,1.0,1.0,1.0,1.0,1.0,53,0,0,20,1.0,1.0,1.0
8,seed155921,UDPFlood,231701,hybrid,73,53,20,52,21,0.7123287671232876,0.2876712328767123,0.9863013698630136,0.9523809523809523,1.0,0.975609756097561,0.9905660377358491,0.9666496265189555,52,1,0,20,1.0,0.9999999999999999,1.0
8,seed155921,UDPFlood,231701,mlp,73,53,20,50,23,0.684931506849315,0.3150684931506849,0.958904109589041,0.8695652173913043,1.0,0.9302325581395349,0.9716981132075472,0.9057287368239885,50,3,0,20,1.0,1.0,1.0
8,seed155921,UDPFlood,231701,rf,73,53,20,52,21,0.7123287671232876,0.2876712328767123,0.9863013698630136,0.9523809523809523,1.0,0.975609756097561,0.9905660377358491,0.9666496265189555,52,1,0,20,1.0,1.0,1.0
8,seed155921,UDPFlood,231701,xgboost,73,53,20,53,20,0.726027397260274,0.273972602739726,1.0,1.0,1.0,1.0,1.0,1.0,53,0,0,20,1.0,1.0,1.0
8,seed155921,UDPFlood,257053,hybrid,73,53,20,51,22,0.6986301369863014,0.3013698630136986,0.9726027397260274,0.9090909090909091,1.0,0.9523809523809523,0.9811320754716981,0.9352997336505148,51,2,0,20,1.0,1.0,1.0
8,seed155921,UDPFlood,257053,mlp,73,53,20,51,22,0.6986301369863014,0.3013698630136986,0.9726027397260274,0.9090909090909091,1.0,0.9523809523809523,0.9811320754716981,0.9352997336505148,51,2,0,20,1.0,1.0,1.0
8,seed155921,UDPFlood,257053,rf,73,53,20,51,22,0.6986301369863014,0.3013698630136986,0.9726027397260274,0.9090909090909091,1.0,0.9523809523809523,0.9811320754716981,0.9352997336505148,51,2,0,20,0.9811320754716981,0.9948307056086845,0.9057706766917294
8,seed155921,UDPFlood,257053,xgboost,73,53,20,53,20,0.726027397260274,0.273972602739726,1.0,1.0,1.0,1.0,1.0,1.0,53,0,0,20,1.0,1.0,1.0
8,seed155921,UDPFlood,282427,hybrid,73,53,20,53,20,0.726027397260274,0.273972602739726,1.0,1.0,1.0,1.0,1.0,1.0,53,0,0,20,1.0,1.0,1.0
8,seed155921,UDPFlood,282427,mlp,73,53,20,73,0,1.0,0.0,0.726027397260274,not estimable,0.0,0.0,0.5,not estimable,53,0,20,0,0.0,0.7070442087101103,0.273972602739726
8,seed155921,UDPFlood,282427,rf,73,53,20,51,22,0.6986301369863014,0.3013698630136986,0.9726027397260274,0.9090909090909091,1.0,0.9523809523809523,0.9811320754716981,0.9352997336505148,51,2,0,20,0.9811320754716981,0.9948307056086844,0.8962229437229436
8,seed155921,UDPFlood,282427,xgboost,73,53,20,53,20,0.726027397260274,0.273972602739726,1.0,1.0,1.0,1.0,1.0,1.0,53,0,0,20,1.0,1.0,1.0
8,seed155921,UDPFlood,307759,hybrid,73,53,20,53,20,0.726027397260274,0.273972602739726,1.0,1.0,1.0,1.0,1.0,1.0,53,0,0,20,1.0,0.9999999999999999,1.0
8,seed155921,UDPFlood,307759,mlp,73,53,20,53,20,0.726027397260274,0.273972602739726,1.0,1.0,1.0,1.0,1.0,1.0,53,0,0,20,1.0,1.0,1.0
8,seed155921,UDPFlood,307759,rf,73,53,20,51,22,0.6986301369863014,0.3013698630136986,0.9726027397260274,0.9090909090909091,1.0,0.9523809523809523,0.9811320754716981,0.9352997336505148,51,2,0,20,0.9811320754716981,0.9948307056086844,0.9123809523809524
8,seed155921,UDPFlood,307759,xgboost,73,53,20,53,20,0.726027397260274,0.273972602739726,1.0,1.0,1.0,1.0,1.0,1.0,53,0,0,20,1.0,1.0,1.0
8,seed155921,UDPFlood,333019,hybrid,73,53,20,52,21,0.7123287671232876,0.2876712328767123,0.9863013698630136,0.9523809523809523,1.0,0.975609756097561,0.9905660377358491,0.9666496265189555,52,1,0,20,1.0,1.0,1.0
8,seed155921,UDPFlood,333019,mlp,73,53,20,73,0,1.0,0.0,0.726027397260274,not estimable,0.0,0.0,0.5,not estimable,53,0,20,0,0.0,0.5182003295990496,0.26119989852866565
8,seed155921,UDPFlood,333019,rf,73,53,20,51,22,0.6986301369863014,0.3013698630136986,0.9726027397260274,0.9090909090909091,1.0,0.9523809523809523,0.9811320754716981,0.9352997336505148,51,2,0,20,1.0,1.0,1.0
8,seed155921,UDPFlood,333019,xgboost,73,53,20,52,21,0.7123287671232876,0.2876712328767123,0.9863013698630136,0.9523809523809523,1.0,0.975609756097561,0.9905660377358491,0.9666496265189555,52,1,0,20,1.0,1.0,1.0
8,seed181081,DNSAmplification,104729,hybrid,60,50,10,50,10,0.8333333333333334,0.16666666666666666,1.0,1.0,1.0,1.0,1.0,1.0,50,0,0,10,1.0,1.0,1.0
8,seed181081,DNSAmplification,104729,mlp,60,50,10,50,10,0.8333333333333334,0.16666666666666666,1.0,1.0,1.0,1.0,1.0,1.0,50,0,0,10,1.0,1.0,1.0
8,seed181081,DNSAmplification,104729,rf,60,50,10,60,0,1.0,0.0,0.8333333333333334,not estimable,0.0,0.0,0.5,not estimable,50,0,10,0,1.0,1.0,1.0
8,seed181081,DNSAmplification,104729,xgboost,60,50,10,50,10,0.8333333333333334,0.16666666666666666,1.0,1.0,1.0,1.0,1.0,1.0,50,0,0,10,1.0,1.0,1.0
8,seed181081,DNSAmplification,130363,hybrid,60,50,10,50,10,0.8333333333333334,0.16666666666666666,1.0,1.0,1.0,1.0,1.0,1.0,50,0,0,10,1.0,1.0,1.0
8,seed181081,DNSAmplification,130363,mlp,60,50,10,50,10,0.8333333333333334,0.16666666666666666,1.0,1.0,1.0,1.0,1.0,1.0,50,0,0,10,1.0,1.0,1.0
8,seed181081,DNSAmplification,130363,rf,60,50,10,50,10,0.8333333333333334,0.16666666666666666,1.0,1.0,1.0,1.0,1.0,1.0,50,0,0,10,1.0,1.0,1.0
8,seed181081,DNSAmplification,130363,xgboost,60,50,10,50,10,0.8333333333333334,0.16666666666666666,1.0,1.0,1.0,1.0,1.0,1.0,50,0,0,10,1.0,1.0,1.0
8,seed181081,DNSAmplification,155921,hybrid,60,50,10,50,10,0.8333333333333334,0.16666666666666666,1.0,1.0,1.0,1.0,1.0,1.0,50,0,0,10,1.0,1.0,1.0
8,seed181081,DNSAmplification,155921,mlp,60,50,10,6,54,0.1,0.9,0.26666666666666666,0.18518518518518517,1.0,0.3125,0.56,0.14907119849998599,6,44,0,10,1.0,1.0,1.0
8,seed181081,DNSAmplification,155921,rf,60,50,10,50,10,0.8333333333333334,0.16666666666666666,1.0,1.0,1.0,1.0,1.0,1.0,50,0,0,10,1.0,1.0,1.0
8,seed181081,DNSAmplification,155921,xgboost,60,50,10,50,10,0.8333333333333334,0.16666666666666666,1.0,1.0,1.0,1.0,1.0,1.0,50,0,0,10,1.0,1.0,1.0
8,seed181081,DNSAmplification,181081,hybrid,60,50,10,51,9,0.85,0.15,0.9833333333333333,1.0,0.9,0.9473684210526315,0.95,0.9393364366277243,50,0,1,9,1.0,1.0,1.0
8,seed181081,DNSAmplification,181081,mlp,60,50,10,60,0,1.0,0.0,0.8333333333333334,not estimable,0.0,0.0,0.5,not estimable,50,0,10,0,0.0,0.8333333333333334,0.16666666666666666
8,seed181081,DNSAmplification,181081,rf,60,50,10,51,9,0.85,0.15,0.9833333333333333,1.0,0.9,0.9473684210526315,0.95,0.9393364366277243,50,0,1,9,1.0,1.0,1.0
8,seed181081,DNSAmplification,181081,xgboost,60,50,10,50,10,0.8333333333333334,0.16666666666666666,1.0,1.0,1.0,1.0,1.0,1.0,50,0,0,10,1.0,1.0,1.0
8,seed181081,DNSAmplification,206369,hybrid,60,50,10,50,10,0.8333333333333334,0.16666666666666666,1.0,1.0,1.0,1.0,1.0,1.0,50,0,0,10,1.0,1.0,1.0
8,seed181081,DNSAmplification,206369,mlp,60,50,10,0,60,0.0,1.0,0.16666666666666666,0.16666666666666666,1.0,0.2857142857142857,0.5,not estimable,0,50,0,10,1.0,1.0,1.0
8,seed181081,DNSAmplification,206369,rf,60,50,10,50,10,0.8333333333333334,0.16666666666666666,1.0,1.0,1.0,1.0,1.0,1.0,50,0,0,10,1.0,1.0,1.0
8,seed181081,DNSAmplification,206369,xgboost,60,50,10,50,10,0.8333333333333334,0.16666666666666666,1.0,1.0,1.0,1.0,1.0,1.0,50,0,0,10,1.0,1.0,1.0
8,seed181081,DNSAmplification,231701,hybrid,60,50,10,50,10,0.8333333333333334,0.16666666666666666,1.0,1.0,1.0,1.0,1.0,1.0,50,0,0,10,1.0,1.0,1.0
8,seed181081,DNSAmplification,231701,mlp,60,50,10,50,10,0.8333333333333334,0.16666666666666666,1.0,1.0,1.0,1.0,1.0,1.0,50,0,0,10,1.0,1.0,1.0
8,seed181081,DNSAmplification,231701,rf,60,50,10,52,8,0.8666666666666667,0.13333333333333333,0.9666666666666667,1.0,0.8,0.8888888888888888,0.9,0.8770580193070292,50,0,2,8,1.0,1.0,1.0
8,seed181081,DNSAmplification,231701,xgboost,60,50,10,50,10,0.8333333333333334,0.16666666666666666,1.0,1.0,1.0,1.0,1.0,1.0,50,0,0,10,1.0,1.0,1.0
8,seed181081,DNSAmplification,257053,hybrid,60,50,10,50,10,0.8333333333333334,0.16666666666666666,1.0,1.0,1.0,1.0,1.0,1.0,50,0,0,10,1.0,1.0,1.0
8,seed181081,DNSAmplification,257053,mlp,60,50,10,50,10,0.8333333333333334,0.16666666666666666,1.0,1.0,1.0,1.0,1.0,1.0,50,0,0,10,1.0,1.0,1.0
8,seed181081,DNSAmplification,257053,rf,60,50,10,50,10,0.8333333333333334,0.16666666666666666,1.0,1.0,1.0,1.0,1.0,1.0,50,0,0,10,1.0,1.0,1.0
8,seed181081,DNSAmplification,257053,xgboost,60,50,10,50,10,0.8333333333333334,0.16666666666666666,1.0,1.0,1.0,1.0,1.0,1.0,50,0,0,10,1.0,1.0,1.0
8,seed181081,DNSAmplification,282427,hybrid,60,50,10,50,10,0.8333333333333334,0.16666666666666666,1.0,1.0,1.0,1.0,1.0,1.0,50,0,0,10,1.0,1.0,1.0
8,seed181081,DNSAmplification,282427,mlp,60,50,10,60,0,1.0,0.0,0.8333333333333334,not estimable,0.0,0.0,0.5,not estimable,50,0,10,0,0.0,0.8333333333333334,0.16666666666666666
8,seed181081,DNSAmplification,282427,rf,60,50,10,50,10,0.8333333333333334,0.16666666666666666,1.0,1.0,1.0,1.0,1.0,1.0,50,0,0,10,1.0,1.0,1.0
8,seed181081,DNSAmplification,282427,xgboost,60,50,10,50,10,0.8333333333333334,0.16666666666666666,1.0,1.0,1.0,1.0,1.0,1.0,50,0,0,10,1.0,1.0,1.0
8,seed181081,DNSAmplification,307759,hybrid,60,50,10,50,10,0.8333333333333334,0.16666666666666666,1.0,1.0,1.0,1.0,1.0,1.0,50,0,0,10,1.0,1.0,1.0
8,seed181081,DNSAmplification,307759,mlp,60,50,10,50,10,0.8333333333333334,0.16666666666666666,1.0,1.0,1.0,1.0,1.0,1.0,50,0,0,10,1.0,1.0,1.0
8,seed181081,DNSAmplification,307759,rf,60,50,10,50,10,0.8333333333333334,0.16666666666666666,1.0,1.0,1.0,1.0,1.0,1.0,50,0,0,10,1.0,1.0,1.0
8,seed181081,DNSAmplification,307759,xgboost,60,50,10,50,10,0.8333333333333334,0.16666666666666666,1.0,1.0,1.0,1.0,1.0,1.0,50,0,0,10,1.0,1.0,1.0
8,seed181081,DNSAmplification,333019,hybrid,60,50,10,50,10,0.8333333333333334,0.16666666666666666,1.0,1.0,1.0,1.0,1.0,1.0,50,0,0,10,1.0,1.0,1.0
8,seed181081,DNSAmplification,333019,mlp,60,50,10,60,0,1.0,0.0,0.8333333333333334,not estimable,0.0,0.0,0.5,not estimable,50,0,10,0,0.0,0.651799655813124,0.16666666666666666
8,seed181081,DNSAmplification,333019,rf,60,50,10,50,10,0.8333333333333334,0.16666666666666666,1.0,1.0,1.0,1.0,1.0,1.0,50,0,0,10,1.0,1.0,1.0
8,seed181081,DNSAmplification,333019,xgboost,60,50,10,50,10,0.8333333333333334,0.16666666666666666,1.0,1.0,1.0,1.0,1.0,1.0,50,0,0,10,1.0,1.0,1.0
8,seed181081,Normal,104729,hybrid,50,50,0,50,0,1.0,0.0,1.0,not estimable,not estimable,not estimable,not estimable,not estimable,50,0,0,0,not estimable,not estimable,not estimable
8,seed181081,Normal,104729,mlp,50,50,0,50,0,1.0,0.0,1.0,not estimable,not estimable,not estimable,not estimable,not estimable,50,0,0,0,not estimable,not estimable,not estimable
8,seed181081,Normal,104729,rf,50,50,0,50,0,1.0,0.0,1.0,not estimable,not estimable,not estimable,not estimable,not estimable,50,0,0,0,not estimable,not estimable,not estimable
8,seed181081,Normal,104729,xgboost,50,50,0,50,0,1.0,0.0,1.0,not estimable,not estimable,not estimable,not estimable,not estimable,50,0,0,0,not estimable,not estimable,not estimable
8,seed181081,Normal,130363,hybrid,50,50,0,50,0,1.0,0.0,1.0,not estimable,not estimable,not estimable,not estimable,not estimable,50,0,0,0,not estimable,not estimable,not estimable
8,seed181081,Normal,130363,mlp,50,50,0,50,0,1.0,0.0,1.0,not estimable,not estimable,not estimable,not estimable,not estimable,50,0,0,0,not estimable,not estimable,not estimable
8,seed181081,Normal,130363,rf,50,50,0,50,0,1.0,0.0,1.0,not estimable,not estimable,not estimable,not estimable,not estimable,50,0,0,0,not estimable,not estimable,not estimable
8,seed181081,Normal,130363,xgboost,50,50,0,50,0,1.0,0.0,1.0,not estimable,not estimable,not estimable,not estimable,not estimable,50,0,0,0,not estimable,not estimable,not estimable
8,seed181081,Normal,155921,hybrid,50,50,0,50,0,1.0,0.0,1.0,not estimable,not estimable,not estimable,not estimable,not estimable,50,0,0,0,not estimable,not estimable,not estimable
8,seed181081,Normal,155921,mlp,50,50,0,8,42,0.16,0.84,0.16,0.0,not estimable,0.0,not estimable,not estimable,8,42,0,0,not estimable,not estimable,not estimable
8,seed181081,Normal,155921,rf,50,50,0,50,0,1.0,0.0,1.0,not estimable,not estimable,not estimable,not estimable,not estimable,50,0,0,0,not estimable,not estimable,not estimable
8,seed181081,Normal,155921,xgboost,50,50,0,50,0,1.0,0.0,1.0,not estimable,not estimable,not estimable,not estimable,not estimable,50,0,0,0,not estimable,not estimable,not estimable
8,seed181081,Normal,181081,hybrid,50,50,0,50,0,1.0,0.0,1.0,not estimable,not estimable,not estimable,not estimable,not estimable,50,0,0,0,not estimable,not estimable,not estimable
8,seed181081,Normal,181081,mlp,50,50,0,50,0,1.0,0.0,1.0,not estimable,not estimable,not estimable,not estimable,not estimable,50,0,0,0,not estimable,not estimable,not estimable
8,seed181081,Normal,181081,rf,50,50,0,50,0,1.0,0.0,1.0,not estimable,not estimable,not estimable,not estimable,not estimable,50,0,0,0,not estimable,not estimable,not estimable
8,seed181081,Normal,181081,xgboost,50,50,0,50,0,1.0,0.0,1.0,not estimable,not estimable,not estimable,not estimable,not estimable,50,0,0,0,not estimable,not estimable,not estimable
8,seed181081,Normal,206369,hybrid,50,50,0,50,0,1.0,0.0,1.0,not estimable,not estimable,not estimable,not estimable,not estimable,50,0,0,0,not estimable,not estimable,not estimable
8,seed181081,Normal,206369,mlp,50,50,0,0,50,0.0,1.0,0.0,0.0,not estimable,0.0,not estimable,not estimable,0,50,0,0,not estimable,not estimable,not estimable
8,seed181081,Normal,206369,rf,50,50,0,50,0,1.0,0.0,1.0,not estimable,not estimable,not estimable,not estimable,not estimable,50,0,0,0,not estimable,not estimable,not estimable
8,seed181081,Normal,206369,xgboost,50,50,0,50,0,1.0,0.0,1.0,not estimable,not estimable,not estimable,not estimable,not estimable,50,0,0,0,not estimable,not estimable,not estimable
8,seed181081,Normal,231701,hybrid,50,50,0,50,0,1.0,0.0,1.0,not estimable,not estimable,not estimable,not estimable,not estimable,50,0,0,0,not estimable,not estimable,not estimable
8,seed181081,Normal,231701,mlp,50,50,0,50,0,1.0,0.0,1.0,not estimable,not estimable,not estimable,not estimable,not estimable,50,0,0,0,not estimable,not estimable,not estimable
8,seed181081,Normal,231701,rf,50,50,0,50,0,1.0,0.0,1.0,not estimable,not estimable,not estimable,not estimable,not estimable,50,0,0,0,not estimable,not estimable,not estimable
8,seed181081,Normal,231701,xgboost,50,50,0,50,0,1.0,0.0,1.0,not estimable,not estimable,not estimable,not estimable,not estimable,50,0,0,0,not estimable,not estimable,not estimable
8,seed181081,Normal,257053,hybrid,50,50,0,50,0,1.0,0.0,1.0,not estimable,not estimable,not estimable,not estimable,not estimable,50,0,0,0,not estimable,not estimable,not estimable
8,seed181081,Normal,257053,mlp,50,50,0,50,0,1.0,0.0,1.0,not estimable,not estimable,not estimable,not estimable,not estimable,50,0,0,0,not estimable,not estimable,not estimable
8,seed181081,Normal,257053,rf,50,50,0,50,0,1.0,0.0,1.0,not estimable,not estimable,not estimable,not estimable,not estimable,50,0,0,0,not estimable,not estimable,not estimable
8,seed181081,Normal,257053,xgboost,50,50,0,50,0,1.0,0.0,1.0,not estimable,not estimable,not estimable,not estimable,not estimable,50,0,0,0,not estimable,not estimable,not estimable
8,seed181081,Normal,282427,hybrid,50,50,0,50,0,1.0,0.0,1.0,not estimable,not estimable,not estimable,not estimable,not estimable,50,0,0,0,not estimable,not estimable,not estimable
8,seed181081,Normal,282427,mlp,50,50,0,50,0,1.0,0.0,1.0,not estimable,not estimable,not estimable,not estimable,not estimable,50,0,0,0,not estimable,not estimable,not estimable
8,seed181081,Normal,282427,rf,50,50,0,50,0,1.0,0.0,1.0,not estimable,not estimable,not estimable,not estimable,not estimable,50,0,0,0,not estimable,not estimable,not estimable
8,seed181081,Normal,282427,xgboost,50,50,0,50,0,1.0,0.0,1.0,not estimable,not estimable,not estimable,not estimable,not estimable,50,0,0,0,not estimable,not estimable,not estimable
8,seed181081,Normal,307759,hybrid,50,50,0,50,0,1.0,0.0,1.0,not estimable,not estimable,not estimable,not estimable,not estimable,50,0,0,0,not estimable,not estimable,not estimable
8,seed181081,Normal,307759,mlp,50,50,0,50,0,1.0,0.0,1.0,not estimable,not estimable,not estimable,not estimable,not estimable,50,0,0,0,not estimable,not estimable,not estimable
8,seed181081,Normal,307759,rf,50,50,0,50,0,1.0,0.0,1.0,not estimable,not estimable,not estimable,not estimable,not estimable,50,0,0,0,not estimable,not estimable,not estimable
8,seed181081,Normal,307759,xgboost,50,50,0,50,0,1.0,0.0,1.0,not estimable,not estimable,not estimable,not estimable,not estimable,50,0,0,0,not estimable,not estimable,not estimable
8,seed181081,Normal,333019,hybrid,50,50,0,50,0,1.0,0.0,1.0,not estimable,not estimable,not estimable,not estimable,not estimable,50,0,0,0,not estimable,not estimable,not estimable
8,seed181081,Normal,333019,mlp,50,50,0,50,0,1.0,0.0,1.0,not estimable,not estimable,not estimable,not estimable,not estimable,50,0,0,0,not estimable,not estimable,not estimable
8,seed181081,Normal,333019,rf,50,50,0,50,0,1.0,0.0,1.0,not estimable,not estimable,not estimable,not estimable,not estimable,50,0,0,0,not estimable,not estimable,not estimable
8,seed181081,Normal,333019,xgboost,50,50,0,50,0,1.0,0.0,1.0,not estimable,not estimable,not estimable,not estimable,not estimable,50,0,0,0,not estimable,not estimable,not estimable
8,seed181081,SYNFlood,104729,hybrid,850,50,800,850,0,1.0,0.0,0.058823529411764705,not estimable,0.0,0.0,0.5,not estimable,50,0,800,0,0.0,0.05657033885873551,0.8944395926516444
8,seed181081,SYNFlood,104729,mlp,850,50,800,850,0,1.0,0.0,0.058823529411764705,not estimable,0.0,0.0,0.5,not estimable,50,0,800,0,1.0,1.0,1.0
8,seed181081,SYNFlood,104729,rf,850,50,800,850,0,1.0,0.0,0.058823529411764705,not estimable,0.0,0.0,0.5,not estimable,50,0,800,0,0.0,0.058823529411764705,0.9139460784313725
8,seed181081,SYNFlood,104729,xgboost,850,50,800,850,0,1.0,0.0,0.058823529411764705,not estimable,0.0,0.0,0.5,not estimable,50,0,800,0,0.0,0.05657033885873551,0.899141702299123
8,seed181081,SYNFlood,130363,hybrid,850,50,800,850,0,1.0,0.0,0.058823529411764705,not estimable,0.0,0.0,0.5,not estimable,50,0,800,0,0.0,0.030594048341956906,0.8830621444288256
8,seed181081,SYNFlood,130363,mlp,850,50,800,850,0,1.0,0.0,0.058823529411764705,not estimable,0.0,0.0,0.5,not estimable,50,0,800,0,1.0,1.0,1.0
8,seed181081,SYNFlood,130363,rf,850,50,800,850,0,1.0,0.0,0.058823529411764705,not estimable,0.0,0.0,0.5,not estimable,50,0,800,0,0.0,0.04985994397759104,0.9147855946155373
8,seed181081,SYNFlood,130363,xgboost,850,50,800,850,0,1.0,0.0,0.058823529411764705,not estimable,0.0,0.0,0.5,not estimable,50,0,800,0,0.0,0.043746523201085595,0.8991760956076009
8,seed181081,SYNFlood,155921,hybrid,850,50,800,850,0,1.0,0.0,0.058823529411764705,not estimable,0.0,0.0,0.5,not estimable,50,0,800,0,0.0,0.030594048341956906,0.8831802818918213
8,seed181081,SYNFlood,155921,mlp,850,50,800,814,36,0.9576470588235294,0.042352941176470586,0.01647058823529412,0.0,0.0,0.0,0.14,-0.841199564679338,14,36,800,0,0.0,0.030594048341956906,0.8824231949787675
8,seed181081,SYNFlood,155921,rf,850,50,800,850,0,1.0,0.0,0.058823529411764705,not estimable,0.0,0.0,0.5,not estimable,50,0,800,0,0.0,0.05657033885873551,0.9147855946155373
8,seed181081,SYNFlood,155921,xgboost,850,50,800,850,0,1.0,0.0,0.058823529411764705,not estimable,0.0,0.0,0.5,not estimable,50,0,800,0,0.0,0.05657033885873551,0.899141702299123
8,seed181081,SYNFlood,181081,hybrid,850,50,800,850,0,1.0,0.0,0.058823529411764705,not estimable,0.0,0.0,0.5,not estimable,50,0,800,0,0.0,0.05657033885873551,0.8944395926516444
8,seed181081,SYNFlood,181081,mlp,850,50,800,850,0,1.0,0.0,0.058823529411764705,not estimable,0.0,0.0,0.5,not estimable,50,0,800,0,1.0,1.0,1.0
8,seed181081,SYNFlood,181081,rf,850,50,800,850,0,1.0,0.0,0.058823529411764705,not estimable,0.0,0.0,0.5,not estimable,50,0,800,0,0.0,0.058823529411764705,0.8992174200786476
8,seed181081,SYNFlood,181081,xgboost,850,50,800,850,0,1.0,0.0,0.058823529411764705,not estimable,0.0,0.0,0.5,not estimable,50,0,800,0,0.0,0.05657033885873551,0.899141702299123
8,seed181081,SYNFlood,206369,hybrid,850,50,800,850,0,1.0,0.0,0.058823529411764705,not estimable,0.0,0.0,0.5,not estimable,50,0,800,0,0.0,0.030594048341956906,0.8824231949787675
8,seed181081,SYNFlood,206369,mlp,850,50,800,800,50,0.9411764705882353,0.058823529411764705,0.0,0.0,0.0,0.0,0.0,-1.0,0,50,800,0,0.0,0.030594048341956906,0.8824231949787675
8,seed181081,SYNFlood,206369,rf,850,50,800,850,0,1.0,0.0,0.058823529411764705,not estimable,0.0,0.0,0.5,not estimable,50,0,800,0,0.0,0.058823529411764705,0.914909257318369
8,seed181081,SYNFlood,206369,xgboost,850,50,800,850,0,1.0,0.0,0.058823529411764705,not estimable,0.0,0.0,0.5,not estimable,50,0,800,0,0.0,0.05657033885873551,0.899141702299123
8,seed181081,SYNFlood,231701,hybrid,850,50,800,850,0,1.0,0.0,0.058823529411764705,not estimable,0.0,0.0,0.5,not estimable,50,0,800,0,0.0,0.030594048341956906,0.8824231949787675
8,seed181081,SYNFlood,231701,mlp,850,50,800,850,0,1.0,0.0,0.058823529411764705,not estimable,0.0,0.0,0.5,not estimable,50,0,800,0,0.5,0.05884595137542516,0.9658517323381611
8,seed181081,SYNFlood,231701,rf,850,50,800,850,0,1.0,0.0,0.058823529411764705,not estimable,0.0,0.0,0.5,not estimable,50,0,800,0,0.0,0.05657033885873551,0.9149399739630952
8,seed181081,SYNFlood,231701,xgboost,850,50,800,850,0,1.0,0.0,0.058823529411764705,not estimable,0.0,0.0,0.5,not estimable,50,0,800,0,0.0,0.05657033885873551,0.899141702299123
8,seed181081,SYNFlood,257053,hybrid,850,50,800,850,0,1.0,0.0,0.058823529411764705,not estimable,0.0,0.0,0.5,not estimable,50,0,800,0,0.0,0.030594048341956906,0.8824231949787675
8,seed181081,SYNFlood,257053,mlp,850,50,800,850,0,1.0,0.0,0.058823529411764705,not estimable,0.0,0.0,0.5,not estimable,50,0,800,0,0.7,0.4486914616314021,0.9789243560944337
8,seed181081,SYNFlood,257053,rf,850,50,800,850,0,1.0,0.0,0.058823529411764705,not estimable,0.0,0.0,0.5,not estimable,50,0,800,0,0.0,0.05657033885873551,0.9139460784313725
8,seed181081,SYNFlood,257053,xgboost,850,50,800,850,0,1.0,0.0,0.058823529411764705,not estimable,0.0,0.0,0.5,not estimable,50,0,800,0,0.0,0.05657033885873551,0.899141702299123
8,seed181081,SYNFlood,282427,hybrid,850,50,800,850,0,1.0,0.0,0.058823529411764705,not estimable,0.0,0.0,0.5,not estimable,50,0,800,0,0.0,0.05657033885873551,0.8824231949787675
8,seed181081,SYNFlood,282427,mlp,850,50,800,850,0,1.0,0.0,0.058823529411764705,not estimable,0.0,0.0,0.5,not estimable,50,0,800,0,1.0,1.0,1.0
8,seed181081,SYNFlood,282427,rf,850,50,800,850,0,1.0,0.0,0.058823529411764705,not estimable,0.0,0.0,0.5,not estimable,50,0,800,0,0.0,0.058823529411764705,0.914909257318369
8,seed181081,SYNFlood,282427,xgboost,850,50,800,850,0,1.0,0.0,0.058823529411764705,not estimable,0.0,0.0,0.5,not estimable,50,0,800,0,0.0,0.05657033885873551,0.899141702299123
8,seed181081,SYNFlood,307759,hybrid,850,50,800,850,0,1.0,0.0,0.058823529411764705,not estimable,0.0,0.0,0.5,not estimable,50,0,800,0,0.0,0.030594048341956906,0.8824231949787675
8,seed181081,SYNFlood,307759,mlp,850,50,800,850,0,1.0,0.0,0.058823529411764705,not estimable,0.0,0.0,0.5,not estimable,50,0,800,0,1.0,1.0,1.0
8,seed181081,SYNFlood,307759,rf,850,50,800,850,0,1.0,0.0,0.058823529411764705,not estimable,0.0,0.0,0.5,not estimable,50,0,800,0,0.0,0.058823529411764705,0.9147855946155373
8,seed181081,SYNFlood,307759,xgboost,850,50,800,850,0,1.0,0.0,0.058823529411764705,not estimable,0.0,0.0,0.5,not estimable,50,0,800,0,0.0,0.043746523201085595,0.8991760956076009
8,seed181081,SYNFlood,333019,hybrid,850,50,800,850,0,1.0,0.0,0.058823529411764705,not estimable,0.0,0.0,0.5,not estimable,50,0,800,0,0.0,0.030970648632208414,0.8944395926516444
8,seed181081,SYNFlood,333019,mlp,850,50,800,850,0,1.0,0.0,0.058823529411764705,not estimable,0.0,0.0,0.5,not estimable,50,0,800,0,1.0,1.0,1.0
8,seed181081,SYNFlood,333019,rf,850,50,800,850,0,1.0,0.0,0.058823529411764705,not estimable,0.0,0.0,0.5,not estimable,50,0,800,0,0.0,0.050237766305533345,0.914909257318369
8,seed181081,SYNFlood,333019,xgboost,850,50,800,850,0,1.0,0.0,0.058823529411764705,not estimable,0.0,0.0,0.5,not estimable,50,0,800,0,0.0,0.050237766305533345,0.8991760956076009
8,seed181081,UDPFlood,104729,hybrid,70,50,20,50,20,0.7142857142857143,0.2857142857142857,1.0,1.0,1.0,1.0,1.0,1.0,50,0,0,20,1.0,1.0,1.0000000000000002
8,seed181081,UDPFlood,104729,mlp,70,50,20,50,20,0.7142857142857143,0.2857142857142857,1.0,1.0,1.0,1.0,1.0,1.0,50,0,0,20,1.0,1.0,1.0
8,seed181081,UDPFlood,104729,rf,70,50,20,66,4,0.9428571428571428,0.05714285714285714,0.7714285714285715,1.0,0.2,0.3333333333333333,0.6,0.38924947208076144,50,0,16,4,1.0,1.0,1.0
8,seed181081,UDPFlood,104729,xgboost,70,50,20,50,20,0.7142857142857143,0.2857142857142857,1.0,1.0,1.0,1.0,1.0,1.0,50,0,0,20,1.0,1.0,1.0
8,seed181081,UDPFlood,130363,hybrid,70,50,20,50,20,0.7142857142857143,0.2857142857142857,1.0,1.0,1.0,1.0,1.0,1.0,50,0,0,20,1.0,1.0,1.0
8,seed181081,UDPFlood,130363,mlp,70,50,20,51,19,0.7285714285714285,0.2714285714285714,0.9857142857142858,1.0,0.95,0.9743589743589743,0.975,0.9650764472411539,50,0,1,19,1.0,1.0,1.0
8,seed181081,UDPFlood,130363,rf,70,50,20,50,20,0.7142857142857143,0.2857142857142857,1.0,1.0,1.0,1.0,1.0,1.0,50,0,0,20,1.0,1.0,1.0
8,seed181081,UDPFlood,130363,xgboost,70,50,20,50,20,0.7142857142857143,0.2857142857142857,1.0,1.0,1.0,1.0,1.0,1.0,50,0,0,20,1.0,1.0,1.0
8,seed181081,UDPFlood,155921,hybrid,70,50,20,50,20,0.7142857142857143,0.2857142857142857,1.0,1.0,1.0,1.0,1.0,1.0,50,0,0,20,1.0,1.0,1.0
8,seed181081,UDPFlood,155921,mlp,70,50,20,50,20,0.7142857142857143,0.2857142857142857,1.0,1.0,1.0,1.0,1.0,1.0,50,0,0,20,1.0,1.0,1.0
8,seed181081,UDPFlood,155921,rf,70,50,20,50,20,0.7142857142857143,0.2857142857142857,1.0,1.0,1.0,1.0,1.0,1.0,50,0,0,20,1.0,1.0,1.0
8,seed181081,UDPFlood,155921,xgboost,70,50,20,50,20,0.7142857142857143,0.2857142857142857,1.0,1.0,1.0,1.0,1.0,1.0,50,0,0,20,1.0,1.0,1.0
8,seed181081,UDPFlood,181081,hybrid,70,50,20,50,20,0.7142857142857143,0.2857142857142857,1.0,1.0,1.0,1.0,1.0,1.0,50,0,0,20,1.0,1.0,1.0
8,seed181081,UDPFlood,181081,mlp,70,50,20,70,0,1.0,0.0,0.7142857142857143,not estimable,0.0,0.0,0.5,not estimable,50,0,20,0,0.05,0.7246376811594203,0.309065934065934
8,seed181081,UDPFlood,181081,rf,70,50,20,50,20,0.7142857142857143,0.2857142857142857,1.0,1.0,1.0,1.0,1.0,1.0,50,0,0,20,1.0,1.0,1.0
8,seed181081,UDPFlood,181081,xgboost,70,50,20,50,20,0.7142857142857143,0.2857142857142857,1.0,1.0,1.0,1.0,1.0,1.0,50,0,0,20,1.0,1.0,1.0
8,seed181081,UDPFlood,206369,hybrid,70,50,20,50,20,0.7142857142857143,0.2857142857142857,1.0,1.0,1.0,1.0,1.0,1.0,50,0,0,20,1.0,1.0,1.0000000000000002
8,seed181081,UDPFlood,206369,mlp,70,50,20,0,70,0.0,1.0,0.2857142857142857,0.2857142857142857,1.0,0.4444444444444444,0.5,not estimable,0,50,0,20,1.0,1.0,1.0
8,seed181081,UDPFlood,206369,rf,70,50,20,50,20,0.7142857142857143,0.2857142857142857,1.0,1.0,1.0,1.0,1.0,1.0,50,0,0,20,1.0,1.0,1.0
8,seed181081,UDPFlood,206369,xgboost,70,50,20,50,20,0.7142857142857143,0.2857142857142857,1.0,1.0,1.0,1.0,1.0,1.0,50,0,0,20,1.0,1.0,1.0
8,seed181081,UDPFlood,231701,hybrid,70,50,20,50,20,0.7142857142857143,0.2857142857142857,1.0,1.0,1.0,1.0,1.0,1.0,50,0,0,20,1.0,1.0,1.0
8,seed181081,UDPFlood,231701,mlp,70,50,20,50,20,0.7142857142857143,0.2857142857142857,1.0,1.0,1.0,1.0,1.0,1.0,50,0,0,20,1.0,1.0,1.0
8,seed181081,UDPFlood,231701,rf,70,50,20,50,20,0.7142857142857143,0.2857142857142857,1.0,1.0,1.0,1.0,1.0,1.0,50,0,0,20,1.0,1.0,1.0
8,seed181081,UDPFlood,231701,xgboost,70,50,20,50,20,0.7142857142857143,0.2857142857142857,1.0,1.0,1.0,1.0,1.0,1.0,50,0,0,20,1.0,1.0,1.0
8,seed181081,UDPFlood,257053,hybrid,70,50,20,50,20,0.7142857142857143,0.2857142857142857,1.0,1.0,1.0,1.0,1.0,1.0,50,0,0,20,1.0,1.0,1.0
8,seed181081,UDPFlood,257053,mlp,70,50,20,50,20,0.7142857142857143,0.2857142857142857,1.0,1.0,1.0,1.0,1.0,1.0,50,0,0,20,1.0,1.0,1.0
8,seed181081,UDPFlood,257053,rf,70,50,20,50,20,0.7142857142857143,0.2857142857142857,1.0,1.0,1.0,1.0,1.0,1.0,50,0,0,20,1.0,1.0,1.0
8,seed181081,UDPFlood,257053,xgboost,70,50,20,50,20,0.7142857142857143,0.2857142857142857,1.0,1.0,1.0,1.0,1.0,1.0,50,0,0,20,1.0,1.0,1.0
8,seed181081,UDPFlood,282427,hybrid,70,50,20,50,20,0.7142857142857143,0.2857142857142857,1.0,1.0,1.0,1.0,1.0,1.0,50,0,0,20,1.0,1.0,1.0000000000000002
8,seed181081,UDPFlood,282427,mlp,70,50,20,70,0,1.0,0.0,0.7142857142857143,not estimable,0.0,0.0,0.5,not estimable,50,0,20,0,0.0,0.7142857142857143,0.2857142857142857
8,seed181081,UDPFlood,282427,rf,70,50,20,50,20,0.7142857142857143,0.2857142857142857,1.0,1.0,1.0,1.0,1.0,1.0,50,0,0,20,1.0,1.0,1.0
8,seed181081,UDPFlood,282427,xgboost,70,50,20,50,20,0.7142857142857143,0.2857142857142857,1.0,1.0,1.0,1.0,1.0,1.0,50,0,0,20,1.0,1.0,1.0
8,seed181081,UDPFlood,307759,hybrid,70,50,20,50,20,0.7142857142857143,0.2857142857142857,1.0,1.0,1.0,1.0,1.0,1.0,50,0,0,20,1.0,1.0,1.0
8,seed181081,UDPFlood,307759,mlp,70,50,20,50,20,0.7142857142857143,0.2857142857142857,1.0,1.0,1.0,1.0,1.0,1.0,50,0,0,20,1.0,1.0,1.0
8,seed181081,UDPFlood,307759,rf,70,50,20,50,20,0.7142857142857143,0.2857142857142857,1.0,1.0,1.0,1.0,1.0,1.0,50,0,0,20,1.0,1.0,1.0
8,seed181081,UDPFlood,307759,xgboost,70,50,20,50,20,0.7142857142857143,0.2857142857142857,1.0,1.0,1.0,1.0,1.0,1.0,50,0,0,20,1.0,1.0,1.0
8,seed181081,UDPFlood,333019,hybrid,70,50,20,50,20,0.7142857142857143,0.2857142857142857,1.0,1.0,1.0,1.0,1.0,1.0,50,0,0,20,1.0,1.0,1.0
8,seed181081,UDPFlood,333019,mlp,70,50,20,70,0,1.0,0.0,0.7142857142857143,not estimable,0.0,0.0,0.5,not estimable,50,0,20,0,0.0,0.5059611598022441,0.27240896358543415
8,seed181081,UDPFlood,333019,rf,70,50,20,50,20,0.7142857142857143,0.2857142857142857,1.0,1.0,1.0,1.0,1.0,1.0,50,0,0,20,1.0,1.0,0.9999999999999999
8,seed181081,UDPFlood,333019,xgboost,70,50,20,50,20,0.7142857142857143,0.2857142857142857,1.0,1.0,1.0,1.0,1.0,1.0,50,0,0,20,1.0,1.0,1.0
8,seed206369,DNSAmplification,104729,hybrid,60,50,10,50,10,0.8333333333333334,0.16666666666666666,1.0,1.0,1.0,1.0,1.0,1.0,50,0,0,10,1.0,1.0,1.0
8,seed206369,DNSAmplification,104729,mlp,60,50,10,50,10,0.8333333333333334,0.16666666666666666,1.0,1.0,1.0,1.0,1.0,1.0,50,0,0,10,1.0,1.0,1.0
8,seed206369,DNSAmplification,104729,rf,60,50,10,60,0,1.0,0.0,0.8333333333333334,not estimable,0.0,0.0,0.5,not estimable,50,0,10,0,1.0,1.0,1.0
8,seed206369,DNSAmplification,104729,xgboost,60,50,10,50,10,0.8333333333333334,0.16666666666666666,1.0,1.0,1.0,1.0,1.0,1.0,50,0,0,10,1.0,1.0,1.0
8,seed206369,DNSAmplification,130363,hybrid,60,50,10,50,10,0.8333333333333334,0.16666666666666666,1.0,1.0,1.0,1.0,1.0,1.0,50,0,0,10,1.0,1.0,1.0
8,seed206369,DNSAmplification,130363,mlp,60,50,10,50,10,0.8333333333333334,0.16666666666666666,1.0,1.0,1.0,1.0,1.0,1.0,50,0,0,10,1.0,1.0,1.0
8,seed206369,DNSAmplification,130363,rf,60,50,10,50,10,0.8333333333333334,0.16666666666666666,1.0,1.0,1.0,1.0,1.0,1.0,50,0,0,10,1.0,1.0,1.0
8,seed206369,DNSAmplification,130363,xgboost,60,50,10,50,10,0.8333333333333334,0.16666666666666666,1.0,1.0,1.0,1.0,1.0,1.0,50,0,0,10,1.0,1.0,1.0
8,seed206369,DNSAmplification,155921,hybrid,60,50,10,50,10,0.8333333333333334,0.16666666666666666,1.0,1.0,1.0,1.0,1.0,1.0,50,0,0,10,1.0,1.0,1.0
8,seed206369,DNSAmplification,155921,mlp,60,50,10,7,53,0.11666666666666667,0.8833333333333333,0.2833333333333333,0.18867924528301888,1.0,0.31746031746031744,0.5700000000000001,0.16252721107440024,7,43,0,10,1.0,1.0,1.0
8,seed206369,DNSAmplification,155921,rf,60,50,10,50,10,0.8333333333333334,0.16666666666666666,1.0,1.0,1.0,1.0,1.0,1.0,50,0,0,10,1.0,1.0,1.0
8,seed206369,DNSAmplification,155921,xgboost,60,50,10,50,10,0.8333333333333334,0.16666666666666666,1.0,1.0,1.0,1.0,1.0,1.0,50,0,0,10,1.0,1.0,1.0
8,seed206369,DNSAmplification,181081,hybrid,60,50,10,51,9,0.85,0.15,0.9833333333333333,1.0,0.9,0.9473684210526315,0.95,0.9393364366277243,50,0,1,9,1.0,1.0,1.0
8,seed206369,DNSAmplification,181081,mlp,60,50,10,60,0,1.0,0.0,0.8333333333333334,not estimable,0.0,0.0,0.5,not estimable,50,0,10,0,0.0,0.8333333333333334,0.16666666666666666
8,seed206369,DNSAmplification,181081,rf,60,50,10,51,9,0.85,0.15,0.9833333333333333,1.0,0.9,0.9473684210526315,0.95,0.9393364366277243,50,0,1,9,1.0,1.0,1.0
8,seed206369,DNSAmplification,181081,xgboost,60,50,10,50,10,0.8333333333333334,0.16666666666666666,1.0,1.0,1.0,1.0,1.0,1.0,50,0,0,10,1.0,1.0,1.0
8,seed206369,DNSAmplification,206369,hybrid,60,50,10,50,10,0.8333333333333334,0.16666666666666666,1.0,1.0,1.0,1.0,1.0,1.0,50,0,0,10,1.0,1.0,1.0
8,seed206369,DNSAmplification,206369,mlp,60,50,10,0,60,0.0,1.0,0.16666666666666666,0.16666666666666666,1.0,0.2857142857142857,0.5,not estimable,0,50,0,10,1.0,1.0,1.0
8,seed206369,DNSAmplification,206369,rf,60,50,10,50,10,0.8333333333333334,0.16666666666666666,1.0,1.0,1.0,1.0,1.0,1.0,50,0,0,10,1.0,1.0,1.0
8,seed206369,DNSAmplification,206369,xgboost,60,50,10,50,10,0.8333333333333334,0.16666666666666666,1.0,1.0,1.0,1.0,1.0,1.0,50,0,0,10,1.0,1.0,1.0
8,seed206369,DNSAmplification,231701,hybrid,60,50,10,50,10,0.8333333333333334,0.16666666666666666,1.0,1.0,1.0,1.0,1.0,1.0,50,0,0,10,1.0,1.0,1.0
8,seed206369,DNSAmplification,231701,mlp,60,50,10,50,10,0.8333333333333334,0.16666666666666666,1.0,1.0,1.0,1.0,1.0,1.0,50,0,0,10,1.0,1.0,1.0
8,seed206369,DNSAmplification,231701,rf,60,50,10,54,6,0.9,0.1,0.9333333333333333,1.0,0.6,0.75,0.8,0.7453559924999299,50,0,4,6,1.0,1.0,1.0
8,seed206369,DNSAmplification,231701,xgboost,60,50,10,50,10,0.8333333333333334,0.16666666666666666,1.0,1.0,1.0,1.0,1.0,1.0,50,0,0,10,1.0,1.0,1.0
8,seed206369,DNSAmplification,257053,hybrid,60,50,10,50,10,0.8333333333333334,0.16666666666666666,1.0,1.0,1.0,1.0,1.0,1.0,50,0,0,10,1.0,1.0,1.0
8,seed206369,DNSAmplification,257053,mlp,60,50,10,50,10,0.8333333333333334,0.16666666666666666,1.0,1.0,1.0,1.0,1.0,1.0,50,0,0,10,1.0,1.0,1.0
8,seed206369,DNSAmplification,257053,rf,60,50,10,50,10,0.8333333333333334,0.16666666666666666,1.0,1.0,1.0,1.0,1.0,1.0,50,0,0,10,1.0,1.0,1.0
8,seed206369,DNSAmplification,257053,xgboost,60,50,10,50,10,0.8333333333333334,0.16666666666666666,1.0,1.0,1.0,1.0,1.0,1.0,50,0,0,10,1.0,1.0,1.0
8,seed206369,DNSAmplification,282427,hybrid,60,50,10,50,10,0.8333333333333334,0.16666666666666666,1.0,1.0,1.0,1.0,1.0,1.0,50,0,0,10,1.0,1.0,0.9999999999999999
8,seed206369,DNSAmplification,282427,mlp,60,50,10,60,0,1.0,0.0,0.8333333333333334,not estimable,0.0,0.0,0.5,not estimable,50,0,10,0,0.0,0.8333333333333334,0.16666666666666666
8,seed206369,DNSAmplification,282427,rf,60,50,10,50,10,0.8333333333333334,0.16666666666666666,1.0,1.0,1.0,1.0,1.0,1.0,50,0,0,10,1.0,1.0,1.0
8,seed206369,DNSAmplification,282427,xgboost,60,50,10,50,10,0.8333333333333334,0.16666666666666666,1.0,1.0,1.0,1.0,1.0,1.0,50,0,0,10,1.0,1.0,1.0
8,seed206369,DNSAmplification,307759,hybrid,60,50,10,50,10,0.8333333333333334,0.16666666666666666,1.0,1.0,1.0,1.0,1.0,1.0,50,0,0,10,1.0,1.0,0.9999999999999999
8,seed206369,DNSAmplification,307759,mlp,60,50,10,50,10,0.8333333333333334,0.16666666666666666,1.0,1.0,1.0,1.0,1.0,1.0,50,0,0,10,1.0,1.0,1.0
8,seed206369,DNSAmplification,307759,rf,60,50,10,50,10,0.8333333333333334,0.16666666666666666,1.0,1.0,1.0,1.0,1.0,1.0,50,0,0,10,1.0,1.0,1.0
8,seed206369,DNSAmplification,307759,xgboost,60,50,10,50,10,0.8333333333333334,0.16666666666666666,1.0,1.0,1.0,1.0,1.0,1.0,50,0,0,10,1.0,1.0,1.0
8,seed206369,DNSAmplification,333019,hybrid,60,50,10,50,10,0.8333333333333334,0.16666666666666666,1.0,1.0,1.0,1.0,1.0,1.0,50,0,0,10,1.0,1.0,1.0
8,seed206369,DNSAmplification,333019,mlp,60,50,10,60,0,1.0,0.0,0.8333333333333334,not estimable,0.0,0.0,0.5,not estimable,50,0,10,0,0.0,0.6516370956375368,0.16666666666666666
8,seed206369,DNSAmplification,333019,rf,60,50,10,50,10,0.8333333333333334,0.16666666666666666,1.0,1.0,1.0,1.0,1.0,1.0,50,0,0,10,1.0,1.0,1.0
8,seed206369,DNSAmplification,333019,xgboost,60,50,10,50,10,0.8333333333333334,0.16666666666666666,1.0,1.0,1.0,1.0,1.0,1.0,50,0,0,10,1.0,1.0,1.0
8,seed206369,Normal,104729,hybrid,50,50,0,50,0,1.0,0.0,1.0,not estimable,not estimable,not estimable,not estimable,not estimable,50,0,0,0,not estimable,not estimable,not estimable
8,seed206369,Normal,104729,mlp,50,50,0,50,0,1.0,0.0,1.0,not estimable,not estimable,not estimable,not estimable,not estimable,50,0,0,0,not estimable,not estimable,not estimable
8,seed206369,Normal,104729,rf,50,50,0,50,0,1.0,0.0,1.0,not estimable,not estimable,not estimable,not estimable,not estimable,50,0,0,0,not estimable,not estimable,not estimable
8,seed206369,Normal,104729,xgboost,50,50,0,50,0,1.0,0.0,1.0,not estimable,not estimable,not estimable,not estimable,not estimable,50,0,0,0,not estimable,not estimable,not estimable
8,seed206369,Normal,130363,hybrid,50,50,0,50,0,1.0,0.0,1.0,not estimable,not estimable,not estimable,not estimable,not estimable,50,0,0,0,not estimable,not estimable,not estimable
8,seed206369,Normal,130363,mlp,50,50,0,50,0,1.0,0.0,1.0,not estimable,not estimable,not estimable,not estimable,not estimable,50,0,0,0,not estimable,not estimable,not estimable
8,seed206369,Normal,130363,rf,50,50,0,50,0,1.0,0.0,1.0,not estimable,not estimable,not estimable,not estimable,not estimable,50,0,0,0,not estimable,not estimable,not estimable
8,seed206369,Normal,130363,xgboost,50,50,0,50,0,1.0,0.0,1.0,not estimable,not estimable,not estimable,not estimable,not estimable,50,0,0,0,not estimable,not estimable,not estimable
8,seed206369,Normal,155921,hybrid,50,50,0,50,0,1.0,0.0,1.0,not estimable,not estimable,not estimable,not estimable,not estimable,50,0,0,0,not estimable,not estimable,not estimable
8,seed206369,Normal,155921,mlp,50,50,0,13,37,0.26,0.74,0.26,0.0,not estimable,0.0,not estimable,not estimable,13,37,0,0,not estimable,not estimable,not estimable
8,seed206369,Normal,155921,rf,50,50,0,50,0,1.0,0.0,1.0,not estimable,not estimable,not estimable,not estimable,not estimable,50,0,0,0,not estimable,not estimable,not estimable
8,seed206369,Normal,155921,xgboost,50,50,0,50,0,1.0,0.0,1.0,not estimable,not estimable,not estimable,not estimable,not estimable,50,0,0,0,not estimable,not estimable,not estimable
8,seed206369,Normal,181081,hybrid,50,50,0,50,0,1.0,0.0,1.0,not estimable,not estimable,not estimable,not estimable,not estimable,50,0,0,0,not estimable,not estimable,not estimable
8,seed206369,Normal,181081,mlp,50,50,0,50,0,1.0,0.0,1.0,not estimable,not estimable,not estimable,not estimable,not estimable,50,0,0,0,not estimable,not estimable,not estimable
8,seed206369,Normal,181081,rf,50,50,0,50,0,1.0,0.0,1.0,not estimable,not estimable,not estimable,not estimable,not estimable,50,0,0,0,not estimable,not estimable,not estimable
8,seed206369,Normal,181081,xgboost,50,50,0,50,0,1.0,0.0,1.0,not estimable,not estimable,not estimable,not estimable,not estimable,50,0,0,0,not estimable,not estimable,not estimable
8,seed206369,Normal,206369,hybrid,50,50,0,50,0,1.0,0.0,1.0,not estimable,not estimable,not estimable,not estimable,not estimable,50,0,0,0,not estimable,not estimable,not estimable
8,seed206369,Normal,206369,mlp,50,50,0,0,50,0.0,1.0,0.0,0.0,not estimable,0.0,not estimable,not estimable,0,50,0,0,not estimable,not estimable,not estimable
8,seed206369,Normal,206369,rf,50,50,0,50,0,1.0,0.0,1.0,not estimable,not estimable,not estimable,not estimable,not estimable,50,0,0,0,not estimable,not estimable,not estimable
8,seed206369,Normal,206369,xgboost,50,50,0,50,0,1.0,0.0,1.0,not estimable,not estimable,not estimable,not estimable,not estimable,50,0,0,0,not estimable,not estimable,not estimable
8,seed206369,Normal,231701,hybrid,50,50,0,50,0,1.0,0.0,1.0,not estimable,not estimable,not estimable,not estimable,not estimable,50,0,0,0,not estimable,not estimable,not estimable
8,seed206369,Normal,231701,mlp,50,50,0,50,0,1.0,0.0,1.0,not estimable,not estimable,not estimable,not estimable,not estimable,50,0,0,0,not estimable,not estimable,not estimable
8,seed206369,Normal,231701,rf,50,50,0,50,0,1.0,0.0,1.0,not estimable,not estimable,not estimable,not estimable,not estimable,50,0,0,0,not estimable,not estimable,not estimable
8,seed206369,Normal,231701,xgboost,50,50,0,50,0,1.0,0.0,1.0,not estimable,not estimable,not estimable,not estimable,not estimable,50,0,0,0,not estimable,not estimable,not estimable
8,seed206369,Normal,257053,hybrid,50,50,0,50,0,1.0,0.0,1.0,not estimable,not estimable,not estimable,not estimable,not estimable,50,0,0,0,not estimable,not estimable,not estimable
8,seed206369,Normal,257053,mlp,50,50,0,50,0,1.0,0.0,1.0,not estimable,not estimable,not estimable,not estimable,not estimable,50,0,0,0,not estimable,not estimable,not estimable
8,seed206369,Normal,257053,rf,50,50,0,50,0,1.0,0.0,1.0,not estimable,not estimable,not estimable,not estimable,not estimable,50,0,0,0,not estimable,not estimable,not estimable
8,seed206369,Normal,257053,xgboost,50,50,0,50,0,1.0,0.0,1.0,not estimable,not estimable,not estimable,not estimable,not estimable,50,0,0,0,not estimable,not estimable,not estimable
8,seed206369,Normal,282427,hybrid,50,50,0,50,0,1.0,0.0,1.0,not estimable,not estimable,not estimable,not estimable,not estimable,50,0,0,0,not estimable,not estimable,not estimable
8,seed206369,Normal,282427,mlp,50,50,0,50,0,1.0,0.0,1.0,not estimable,not estimable,not estimable,not estimable,not estimable,50,0,0,0,not estimable,not estimable,not estimable
8,seed206369,Normal,282427,rf,50,50,0,50,0,1.0,0.0,1.0,not estimable,not estimable,not estimable,not estimable,not estimable,50,0,0,0,not estimable,not estimable,not estimable
8,seed206369,Normal,282427,xgboost,50,50,0,50,0,1.0,0.0,1.0,not estimable,not estimable,not estimable,not estimable,not estimable,50,0,0,0,not estimable,not estimable,not estimable
8,seed206369,Normal,307759,hybrid,50,50,0,50,0,1.0,0.0,1.0,not estimable,not estimable,not estimable,not estimable,not estimable,50,0,0,0,not estimable,not estimable,not estimable
8,seed206369,Normal,307759,mlp,50,50,0,50,0,1.0,0.0,1.0,not estimable,not estimable,not estimable,not estimable,not estimable,50,0,0,0,not estimable,not estimable,not estimable
8,seed206369,Normal,307759,rf,50,50,0,50,0,1.0,0.0,1.0,not estimable,not estimable,not estimable,not estimable,not estimable,50,0,0,0,not estimable,not estimable,not estimable
8,seed206369,Normal,307759,xgboost,50,50,0,50,0,1.0,0.0,1.0,not estimable,not estimable,not estimable,not estimable,not estimable,50,0,0,0,not estimable,not estimable,not estimable
8,seed206369,Normal,333019,hybrid,50,50,0,50,0,1.0,0.0,1.0,not estimable,not estimable,not estimable,not estimable,not estimable,50,0,0,0,not estimable,not estimable,not estimable
8,seed206369,Normal,333019,mlp,50,50,0,50,0,1.0,0.0,1.0,not estimable,not estimable,not estimable,not estimable,not estimable,50,0,0,0,not estimable,not estimable,not estimable
8,seed206369,Normal,333019,rf,50,50,0,50,0,1.0,0.0,1.0,not estimable,not estimable,not estimable,not estimable,not estimable,50,0,0,0,not estimable,not estimable,not estimable
8,seed206369,Normal,333019,xgboost,50,50,0,50,0,1.0,0.0,1.0,not estimable,not estimable,not estimable,not estimable,not estimable,50,0,0,0,not estimable,not estimable,not estimable
8,seed206369,SYNFlood,104729,hybrid,850,50,800,850,0,1.0,0.0,0.058823529411764705,not estimable,0.0,0.0,0.5,not estimable,50,0,800,0,0.0,0.058823529411764705,0.8974659214276941
8,seed206369,SYNFlood,104729,mlp,850,50,800,850,0,1.0,0.0,0.058823529411764705,not estimable,0.0,0.0,0.5,not estimable,50,0,800,0,1.0,1.0,1.0
8,seed206369,SYNFlood,104729,rf,850,50,800,850,0,1.0,0.0,0.058823529411764705,not estimable,0.0,0.0,0.5,not estimable,50,0,800,0,0.0,0.058823529411764705,0.9150326797385621
8,seed206369,SYNFlood,104729,xgboost,850,50,800,850,0,1.0,0.0,0.058823529411764705,not estimable,0.0,0.0,0.5,not estimable,50,0,800,0,0.0,0.058823529411764705,0.8975460318802279
8,seed206369,SYNFlood,130363,hybrid,850,50,800,850,0,1.0,0.0,0.058823529411764705,not estimable,0.0,0.0,0.5,not estimable,50,0,800,0,0.0,0.030594048341956906,0.8835000200959235
8,seed206369,SYNFlood,130363,mlp,850,50,800,850,0,1.0,0.0,0.058823529411764705,not estimable,0.0,0.0,0.5,not estimable,50,0,800,0,1.0,1.0,0.9999999999999999
8,seed206369,SYNFlood,130363,rf,850,50,800,850,0,1.0,0.0,0.058823529411764705,not estimable,0.0,0.0,0.5,not estimable,50,0,800,0,0.0,0.04858065421872806,0.9142916296997592
8,seed206369,SYNFlood,130363,xgboost,850,50,800,850,0,1.0,0.0,0.058823529411764705,not estimable,0.0,0.0,0.5,not estimable,50,0,800,0,0.0,0.045050215208034435,0.8977189136940771
8,seed206369,SYNFlood,155921,hybrid,850,50,800,850,0,1.0,0.0,0.058823529411764705,not estimable,0.0,0.0,0.5,not estimable,50,0,800,0,0.0,0.030594048341956906,0.8840633247689971
8,seed206369,SYNFlood,155921,mlp,850,50,800,815,35,0.9588235294117647,0.041176470588235294,0.01764705882352941,0.0,0.0,0.0,0.15,-0.8289249449842718,15,35,800,0,0.020000000000000018,0.03066858204050536,0.8854653165096417
8,seed206369,SYNFlood,155921,rf,850,50,800,850,0,1.0,0.0,0.058823529411764705,not estimable,0.0,0.0,0.5,not estimable,50,0,800,0,0.0,0.054515657009072294,0.914291643602203
8,seed206369,SYNFlood,155921,xgboost,850,50,800,850,0,1.0,0.0,0.058823529411764705,not estimable,0.0,0.0,0.5,not estimable,50,0,800,0,0.0,0.058823529411764705,0.8975460318802279
8,seed206369,SYNFlood,181081,hybrid,850,50,800,850,0,1.0,0.0,0.058823529411764705,not estimable,0.0,0.0,0.5,not estimable,50,0,800,0,0.0,0.058823529411764705,0.8974659214276941
8,seed206369,SYNFlood,181081,mlp,850,50,800,850,0,1.0,0.0,0.058823529411764705,not estimable,0.0,0.0,0.5,not estimable,50,0,800,0,1.0,1.0,1.0
8,seed206369,SYNFlood,181081,rf,850,50,800,850,0,1.0,0.0,0.058823529411764705,not estimable,0.0,0.0,0.5,not estimable,50,0,800,0,0.0,0.058823529411764705,0.8979399378919943
8,seed206369,SYNFlood,181081,xgboost,850,50,800,850,0,1.0,0.0,0.058823529411764705,not estimable,0.0,0.0,0.5,not estimable,50,0,800,0,0.0,0.058823529411764705,0.8975460318802279
8,seed206369,SYNFlood,206369,hybrid,850,50,800,850,0,1.0,0.0,0.058823529411764705,not estimable,0.0,0.0,0.5,not estimable,50,0,800,0,0.0,0.030594048341956906,0.8835000200959235
8,seed206369,SYNFlood,206369,mlp,850,50,800,800,50,0.9411764705882353,0.058823529411764705,0.0,0.0,0.0,0.0,0.0,-1.0,0,50,800,0,0.0,0.030594048341956906,0.8835000200959235
8,seed206369,SYNFlood,206369,rf,850,50,800,850,0,1.0,0.0,0.058823529411764705,not estimable,0.0,0.0,0.5,not estimable,50,0,800,0,0.0,0.058823529411764705,0.9150326797385621
8,seed206369,SYNFlood,206369,xgboost,850,50,800,850,0,1.0,0.0,0.058823529411764705,not estimable,0.0,0.0,0.5,not estimable,50,0,800,0,0.0,0.058823529411764705,0.8975460318802279
8,seed206369,SYNFlood,231701,hybrid,850,50,800,850,0,1.0,0.0,0.058823529411764705,not estimable,0.0,0.0,0.5,not estimable,50,0,800,0,0.0,0.030594048341956906,0.883490385803201
8,seed206369,SYNFlood,231701,mlp,850,50,800,850,0,1.0,0.0,0.058823529411764705,not estimable,0.0,0.0,0.5,not estimable,50,0,800,0,0.5,0.05884595137542516,0.9703809800427242
8,seed206369,SYNFlood,231701,rf,850,50,800,850,0,1.0,0.0,0.058823529411764705,not estimable,0.0,0.0,0.5,not estimable,50,0,800,0,0.0,0.054515657009072294,0.9139460784313725
8,seed206369,SYNFlood,231701,xgboost,850,50,800,850,0,1.0,0.0,0.058823529411764705,not estimable,0.0,0.0,0.5,not estimable,50,0,800,0,0.0,0.058823529411764705,0.8975460318802279
8,seed206369,SYNFlood,257053,hybrid,850,50,800,850,0,1.0,0.0,0.058823529411764705,not estimable,0.0,0.0,0.5,not estimable,50,0,800,0,0.0,0.030594048341956906,0.8828423401008385
8,seed206369,SYNFlood,257053,mlp,850,50,800,850,0,1.0,0.0,0.058823529411764705,not estimable,0.0,0.0,0.5,not estimable,50,0,800,0,0.71,0.46769383692831434,0.9823826490010811
8,seed206369,SYNFlood,257053,rf,850,50,800,850,0,1.0,0.0,0.058823529411764705,not estimable,0.0,0.0,0.5,not estimable,50,0,800,0,0.0,0.054515657009072294,0.9139460784313725
8,seed206369,SYNFlood,257053,xgboost,850,50,800,850,0,1.0,0.0,0.058823529411764705,not estimable,0.0,0.0,0.5,not estimable,50,0,800,0,0.0,0.058823529411764705,0.8975460318802279
8,seed206369,SYNFlood,282427,hybrid,850,50,800,850,0,1.0,0.0,0.058823529411764705,not estimable,0.0,0.0,0.5,not estimable,50,0,800,0,0.0,0.058823529411764705,0.8828423401008386
8,seed206369,SYNFlood,282427,mlp,850,50,800,850,0,1.0,0.0,0.058823529411764705,not estimable,0.0,0.0,0.5,not estimable,50,0,800,0,1.0,1.0,0.9999999999999999
8,seed206369,SYNFlood,282427,rf,850,50,800,850,0,1.0,0.0,0.058823529411764705,not estimable,0.0,0.0,0.5,not estimable,50,0,800,0,0.0,0.058823529411764705,0.914909257318369
8,seed206369,SYNFlood,282427,xgboost,850,50,800,850,0,1.0,0.0,0.058823529411764705,not estimable,0.0,0.0,0.5,not estimable,50,0,800,0,0.0,0.058823529411764705,0.8975460318802279
8,seed206369,SYNFlood,307759,hybrid,850,50,800,850,0,1.0,0.0,0.058823529411764705,not estimable,0.0,0.0,0.5,not estimable,50,0,800,0,0.0,0.030594048341956906,0.8861512604759474
8,seed206369,SYNFlood,307759,mlp,850,50,800,850,0,1.0,0.0,0.058823529411764705,not estimable,0.0,0.0,0.5,not estimable,50,0,800,0,1.0,1.0,1.0
8,seed206369,SYNFlood,307759,rf,850,50,800,850,0,1.0,0.0,0.058823529411764705,not estimable,0.0,0.0,0.5,not estimable,50,0,800,0,0.0,0.058823529411764705,0.914291643602203
8,seed206369,SYNFlood,307759,xgboost,850,50,800,850,0,1.0,0.0,0.058823529411764705,not estimable,0.0,0.0,0.5,not estimable,50,0,800,0,0.0,0.045050215208034435,0.8977189136940771
8,seed206369,SYNFlood,333019,hybrid,850,50,800,850,0,1.0,0.0,0.058823529411764705,not estimable,0.0,0.0,0.5,not estimable,50,0,800,0,0.0,0.03096893395104102,0.8974659214276941
8,seed206369,SYNFlood,333019,mlp,850,50,800,850,0,1.0,0.0,0.058823529411764705,not estimable,0.0,0.0,0.5,not estimable,50,0,800,0,1.0,1.0,1.0
8,seed206369,SYNFlood,333019,rf,850,50,800,850,0,1.0,0.0,0.058823529411764705,not estimable,0.0,0.0,0.5,not estimable,50,0,800,0,0.0,0.048866323348081525,0.914909257318369
8,seed206369,SYNFlood,333019,xgboost,850,50,800,850,0,1.0,0.0,0.058823529411764705,not estimable,0.0,0.0,0.5,not estimable,50,0,800,0,0.0,0.048866323348081525,0.8976556340014493
8,seed206369,UDPFlood,104729,hybrid,70,50,20,50,20,0.7142857142857143,0.2857142857142857,1.0,1.0,1.0,1.0,1.0,1.0,50,0,0,20,1.0,1.0,1.0
8,seed206369,UDPFlood,104729,mlp,70,50,20,50,20,0.7142857142857143,0.2857142857142857,1.0,1.0,1.0,1.0,1.0,1.0,50,0,0,20,1.0,1.0,1.0
8,seed206369,UDPFlood,104729,rf,70,50,20,63,7,0.9,0.1,0.8142857142857143,1.0,0.35,0.5185185185185185,0.675,0.5270462766947298,50,0,13,7,1.0,1.0,1.0
8,seed206369,UDPFlood,104729,xgboost,70,50,20,50,20,0.7142857142857143,0.2857142857142857,1.0,1.0,1.0,1.0,1.0,1.0,50,0,0,20,1.0,1.0,1.0
8,seed206369,UDPFlood,130363,hybrid,70,50,20,50,20,0.7142857142857143,0.2857142857142857,1.0,1.0,1.0,1.0,1.0,1.0,50,0,0,20,1.0,1.0,1.0
8,seed206369,UDPFlood,130363,mlp,70,50,20,50,20,0.7142857142857143,0.2857142857142857,1.0,1.0,1.0,1.0,1.0,1.0,50,0,0,20,1.0,1.0,1.0
8,seed206369,UDPFlood,130363,rf,70,50,20,50,20,0.7142857142857143,0.2857142857142857,1.0,1.0,1.0,1.0,1.0,1.0,50,0,0,20,1.0,1.0,1.0
8,seed206369,UDPFlood,130363,xgboost,70,50,20,50,20,0.7142857142857143,0.2857142857142857,1.0,1.0,1.0,1.0,1.0,1.0,50,0,0,20,1.0,1.0,1.0
8,seed206369,UDPFlood,155921,hybrid,70,50,20,50,20,0.7142857142857143,0.2857142857142857,1.0,1.0,1.0,1.0,1.0,1.0,50,0,0,20,1.0,1.0,1.0
8,seed206369,UDPFlood,155921,mlp,70,50,20,50,20,0.7142857142857143,0.2857142857142857,1.0,1.0,1.0,1.0,1.0,1.0,50,0,0,20,1.0,1.0,1.0
8,seed206369,UDPFlood,155921,rf,70,50,20,50,20,0.7142857142857143,0.2857142857142857,1.0,1.0,1.0,1.0,1.0,1.0,50,0,0,20,1.0,1.0,1.0
8,seed206369,UDPFlood,155921,xgboost,70,50,20,50,20,0.7142857142857143,0.2857142857142857,1.0,1.0,1.0,1.0,1.0,1.0,50,0,0,20,1.0,1.0,1.0
8,seed206369,UDPFlood,181081,hybrid,70,50,20,50,20,0.7142857142857143,0.2857142857142857,1.0,1.0,1.0,1.0,1.0,1.0,50,0,0,20,1.0,1.0,1.0
8,seed206369,UDPFlood,181081,mlp,70,50,20,70,0,1.0,0.0,0.7142857142857143,not estimable,0.0,0.0,0.5,not estimable,50,0,20,0,0.148,0.7246376811594203,0.36227513227513225
8,seed206369,UDPFlood,181081,rf,70,50,20,50,20,0.7142857142857143,0.2857142857142857,1.0,1.0,1.0,1.0,1.0,1.0,50,0,0,20,1.0,1.0,1.0
8,seed206369,UDPFlood,181081,xgboost,70,50,20,50,20,0.7142857142857143,0.2857142857142857,1.0,1.0,1.0,1.0,1.0,1.0,50,0,0,20,1.0,1.0,1.0
8,seed206369,UDPFlood,206369,hybrid,70,50,20,50,20,0.7142857142857143,0.2857142857142857,1.0,1.0,1.0,1.0,1.0,1.0,50,0,0,20,1.0,1.0,1.0
8,seed206369,UDPFlood,206369,mlp,70,50,20,0,70,0.0,1.0,0.2857142857142857,0.2857142857142857,1.0,0.4444444444444444,0.5,not estimable,0,50,0,20,1.0,1.0,1.0
8,seed206369,UDPFlood,206369,rf,70,50,20,50,20,0.7142857142857143,0.2857142857142857,1.0,1.0,1.0,1.0,1.0,1.0,50,0,0,20,1.0,1.0,1.0
8,seed206369,UDPFlood,206369,xgboost,70,50,20,50,20,0.7142857142857143,0.2857142857142857,1.0,1.0,1.0,1.0,1.0,1.0,50,0,0,20,1.0,1.0,1.0
8,seed206369,UDPFlood,231701,hybrid,70,50,20,50,20,0.7142857142857143,0.2857142857142857,1.0,1.0,1.0,1.0,1.0,1.0,50,0,0,20,1.0,1.0,1.0
8,seed206369,UDPFlood,231701,mlp,70,50,20,50,20,0.7142857142857143,0.2857142857142857,1.0,1.0,1.0,1.0,1.0,1.0,50,0,0,20,1.0,1.0,1.0
8,seed206369,UDPFlood,231701,rf,70,50,20,50,20,0.7142857142857143,0.2857142857142857,1.0,1.0,1.0,1.0,1.0,1.0,50,0,0,20,1.0,1.0,1.0
8,seed206369,UDPFlood,231701,xgboost,70,50,20,50,20,0.7142857142857143,0.2857142857142857,1.0,1.0,1.0,1.0,1.0,1.0,50,0,0,20,1.0,1.0,1.0
8,seed206369,UDPFlood,257053,hybrid,70,50,20,50,20,0.7142857142857143,0.2857142857142857,1.0,1.0,1.0,1.0,1.0,1.0,50,0,0,20,1.0,1.0,1.0
8,seed206369,UDPFlood,257053,mlp,70,50,20,50,20,0.7142857142857143,0.2857142857142857,1.0,1.0,1.0,1.0,1.0,1.0,50,0,0,20,1.0,1.0,1.0
8,seed206369,UDPFlood,257053,rf,70,50,20,50,20,0.7142857142857143,0.2857142857142857,1.0,1.0,1.0,1.0,1.0,1.0,50,0,0,20,1.0,1.0,1.0
8,seed206369,UDPFlood,257053,xgboost,70,50,20,50,20,0.7142857142857143,0.2857142857142857,1.0,1.0,1.0,1.0,1.0,1.0,50,0,0,20,1.0,1.0,1.0
8,seed206369,UDPFlood,282427,hybrid,70,50,20,50,20,0.7142857142857143,0.2857142857142857,1.0,1.0,1.0,1.0,1.0,1.0,50,0,0,20,1.0,1.0,1.0
8,seed206369,UDPFlood,282427,mlp,70,50,20,70,0,1.0,0.0,0.7142857142857143,not estimable,0.0,0.0,0.5,not estimable,50,0,20,0,0.0,0.7142857142857143,0.2857142857142857
8,seed206369,UDPFlood,282427,rf,70,50,20,50,20,0.7142857142857143,0.2857142857142857,1.0,1.0,1.0,1.0,1.0,1.0,50,0,0,20,1.0,1.0,1.0
8,seed206369,UDPFlood,282427,xgboost,70,50,20,50,20,0.7142857142857143,0.2857142857142857,1.0,1.0,1.0,1.0,1.0,1.0,50,0,0,20,1.0,1.0,1.0
8,seed206369,UDPFlood,307759,hybrid,70,50,20,50,20,0.7142857142857143,0.2857142857142857,1.0,1.0,1.0,1.0,1.0,1.0,50,0,0,20,1.0,1.0,1.0
8,seed206369,UDPFlood,307759,mlp,70,50,20,50,20,0.7142857142857143,0.2857142857142857,1.0,1.0,1.0,1.0,1.0,1.0,50,0,0,20,1.0,1.0,1.0
8,seed206369,UDPFlood,307759,rf,70,50,20,50,20,0.7142857142857143,0.2857142857142857,1.0,1.0,1.0,1.0,1.0,1.0,50,0,0,20,1.0,1.0,1.0
8,seed206369,UDPFlood,307759,xgboost,70,50,20,50,20,0.7142857142857143,0.2857142857142857,1.0,1.0,1.0,1.0,1.0,1.0,50,0,0,20,1.0,1.0,1.0
8,seed206369,UDPFlood,333019,hybrid,70,50,20,50,20,0.7142857142857143,0.2857142857142857,1.0,1.0,1.0,1.0,1.0,1.0,50,0,0,20,1.0,1.0,1.0
8,seed206369,UDPFlood,333019,mlp,70,50,20,70,0,1.0,0.0,0.7142857142857143,not estimable,0.0,0.0,0.5,not estimable,50,0,20,0,0.0,0.5059611598022441,0.27240896358543415
8,seed206369,UDPFlood,333019,rf,70,50,20,50,20,0.7142857142857143,0.2857142857142857,1.0,1.0,1.0,1.0,1.0,1.0,50,0,0,20,1.0,1.0,1.0
8,seed206369,UDPFlood,333019,xgboost,70,50,20,50,20,0.7142857142857143,0.2857142857142857,1.0,1.0,1.0,1.0,1.0,1.0,50,0,0,20,1.0,1.0,1.0
8,seed231701,DNSAmplification,104729,hybrid,60,50,10,50,10,0.8333333333333334,0.16666666666666666,1.0,1.0,1.0,1.0,1.0,1.0,50,0,0,10,1.0,1.0,1.0
8,seed231701,DNSAmplification,104729,mlp,60,50,10,50,10,0.8333333333333334,0.16666666666666666,1.0,1.0,1.0,1.0,1.0,1.0,50,0,0,10,1.0,1.0,1.0
8,seed231701,DNSAmplification,104729,rf,60,50,10,60,0,1.0,0.0,0.8333333333333334,not estimable,0.0,0.0,0.5,not estimable,50,0,10,0,1.0,1.0,1.0
8,seed231701,DNSAmplification,104729,xgboost,60,50,10,50,10,0.8333333333333334,0.16666666666666666,1.0,1.0,1.0,1.0,1.0,1.0,50,0,0,10,1.0,1.0,1.0
8,seed231701,DNSAmplification,130363,hybrid,60,50,10,50,10,0.8333333333333334,0.16666666666666666,1.0,1.0,1.0,1.0,1.0,1.0,50,0,0,10,1.0,1.0,1.0
8,seed231701,DNSAmplification,130363,mlp,60,50,10,50,10,0.8333333333333334,0.16666666666666666,1.0,1.0,1.0,1.0,1.0,1.0,50,0,0,10,1.0,1.0,1.0
8,seed231701,DNSAmplification,130363,rf,60,50,10,50,10,0.8333333333333334,0.16666666666666666,1.0,1.0,1.0,1.0,1.0,1.0,50,0,0,10,1.0,1.0,1.0
8,seed231701,DNSAmplification,130363,xgboost,60,50,10,50,10,0.8333333333333334,0.16666666666666666,1.0,1.0,1.0,1.0,1.0,1.0,50,0,0,10,1.0,1.0,1.0
8,seed231701,DNSAmplification,155921,hybrid,60,50,10,50,10,0.8333333333333334,0.16666666666666666,1.0,1.0,1.0,1.0,1.0,1.0,50,0,0,10,1.0,1.0,1.0
8,seed231701,DNSAmplification,155921,mlp,60,50,10,7,53,0.11666666666666667,0.8833333333333333,0.2833333333333333,0.18867924528301888,1.0,0.31746031746031744,0.5700000000000001,0.16252721107440024,7,43,0,10,1.0,1.0,1.0
8,seed231701,DNSAmplification,155921,rf,60,50,10,50,10,0.8333333333333334,0.16666666666666666,1.0,1.0,1.0,1.0,1.0,1.0,50,0,0,10,1.0,1.0,1.0
8,seed231701,DNSAmplification,155921,xgboost,60,50,10,50,10,0.8333333333333334,0.16666666666666666,1.0,1.0,1.0,1.0,1.0,1.0,50,0,0,10,1.0,1.0,1.0
8,seed231701,DNSAmplification,181081,hybrid,60,50,10,50,10,0.8333333333333334,0.16666666666666666,1.0,1.0,1.0,1.0,1.0,1.0,50,0,0,10,1.0,1.0,1.0
8,seed231701,DNSAmplification,181081,mlp,60,50,10,60,0,1.0,0.0,0.8333333333333334,not estimable,0.0,0.0,0.5,not estimable,50,0,10,0,0.0,0.8333333333333334,0.16666666666666666
8,seed231701,DNSAmplification,181081,rf,60,50,10,50,10,0.8333333333333334,0.16666666666666666,1.0,1.0,1.0,1.0,1.0,1.0,50,0,0,10,1.0,1.0,1.0
8,seed231701,DNSAmplification,181081,xgboost,60,50,10,50,10,0.8333333333333334,0.16666666666666666,1.0,1.0,1.0,1.0,1.0,1.0,50,0,0,10,1.0,1.0,1.0
8,seed231701,DNSAmplification,206369,hybrid,60,50,10,50,10,0.8333333333333334,0.16666666666666666,1.0,1.0,1.0,1.0,1.0,1.0,50,0,0,10,1.0,1.0,0.9999999999999999
8,seed231701,DNSAmplification,206369,mlp,60,50,10,0,60,0.0,1.0,0.16666666666666666,0.16666666666666666,1.0,0.2857142857142857,0.5,not estimable,0,50,0,10,1.0,1.0,1.0
8,seed231701,DNSAmplification,206369,rf,60,50,10,50,10,0.8333333333333334,0.16666666666666666,1.0,1.0,1.0,1.0,1.0,1.0,50,0,0,10,1.0,1.0,1.0
8,seed231701,DNSAmplification,206369,xgboost,60,50,10,50,10,0.8333333333333334,0.16666666666666666,1.0,1.0,1.0,1.0,1.0,1.0,50,0,0,10,1.0,1.0,1.0
8,seed231701,DNSAmplification,231701,hybrid,60,50,10,50,10,0.8333333333333334,0.16666666666666666,1.0,1.0,1.0,1.0,1.0,1.0,50,0,0,10,1.0,1.0,1.0
8,seed231701,DNSAmplification,231701,mlp,60,50,10,50,10,0.8333333333333334,0.16666666666666666,1.0,1.0,1.0,1.0,1.0,1.0,50,0,0,10,1.0,1.0,1.0
8,seed231701,DNSAmplification,231701,rf,60,50,10,56,4,0.9333333333333333,0.06666666666666667,0.9,1.0,0.4,0.5714285714285714,0.7,0.5976143046671968,50,0,6,4,1.0,1.0,1.0
8,seed231701,DNSAmplification,231701,xgboost,60,50,10,50,10,0.8333333333333334,0.16666666666666666,1.0,1.0,1.0,1.0,1.0,1.0,50,0,0,10,1.0,1.0,1.0
8,seed231701,DNSAmplification,257053,hybrid,60,50,10,50,10,0.8333333333333334,0.16666666666666666,1.0,1.0,1.0,1.0,1.0,1.0,50,0,0,10,1.0,1.0,1.0
8,seed231701,DNSAmplification,257053,mlp,60,50,10,50,10,0.8333333333333334,0.16666666666666666,1.0,1.0,1.0,1.0,1.0,1.0,50,0,0,10,1.0,1.0,1.0
8,seed231701,DNSAmplification,257053,rf,60,50,10,50,10,0.8333333333333334,0.16666666666666666,1.0,1.0,1.0,1.0,1.0,1.0,50,0,0,10,1.0,1.0,1.0
8,seed231701,DNSAmplification,257053,xgboost,60,50,10,50,10,0.8333333333333334,0.16666666666666666,1.0,1.0,1.0,1.0,1.0,1.0,50,0,0,10,1.0,1.0,1.0
8,seed231701,DNSAmplification,282427,hybrid,60,50,10,50,10,0.8333333333333334,0.16666666666666666,1.0,1.0,1.0,1.0,1.0,1.0,50,0,0,10,1.0,1.0,0.9999999999999999
8,seed231701,DNSAmplification,282427,mlp,60,50,10,60,0,1.0,0.0,0.8333333333333334,not estimable,0.0,0.0,0.5,not estimable,50,0,10,0,0.0,0.8333333333333334,0.16666666666666666
8,seed231701,DNSAmplification,282427,rf,60,50,10,50,10,0.8333333333333334,0.16666666666666666,1.0,1.0,1.0,1.0,1.0,1.0,50,0,0,10,1.0,1.0,0.9999999999999999
8,seed231701,DNSAmplification,282427,xgboost,60,50,10,50,10,0.8333333333333334,0.16666666666666666,1.0,1.0,1.0,1.0,1.0,1.0,50,0,0,10,1.0,1.0,1.0
8,seed231701,DNSAmplification,307759,hybrid,60,50,10,50,10,0.8333333333333334,0.16666666666666666,1.0,1.0,1.0,1.0,1.0,1.0,50,0,0,10,1.0,1.0,1.0
8,seed231701,DNSAmplification,307759,mlp,60,50,10,50,10,0.8333333333333334,0.16666666666666666,1.0,1.0,1.0,1.0,1.0,1.0,50,0,0,10,1.0,1.0,1.0
8,seed231701,DNSAmplification,307759,rf,60,50,10,50,10,0.8333333333333334,0.16666666666666666,1.0,1.0,1.0,1.0,1.0,1.0,50,0,0,10,1.0,1.0,1.0
8,seed231701,DNSAmplification,307759,xgboost,60,50,10,50,10,0.8333333333333334,0.16666666666666666,1.0,1.0,1.0,1.0,1.0,1.0,50,0,0,10,1.0,1.0,1.0
8,seed231701,DNSAmplification,333019,hybrid,60,50,10,50,10,0.8333333333333334,0.16666666666666666,1.0,1.0,1.0,1.0,1.0,1.0,50,0,0,10,1.0,1.0,1.0
8,seed231701,DNSAmplification,333019,mlp,60,50,10,60,0,1.0,0.0,0.8333333333333334,not estimable,0.0,0.0,0.5,not estimable,50,0,10,0,0.0,0.6519934721539838,0.16666666666666666
8,seed231701,DNSAmplification,333019,rf,60,50,10,50,10,0.8333333333333334,0.16666666666666666,1.0,1.0,1.0,1.0,1.0,1.0,50,0,0,10,1.0,1.0,1.0
8,seed231701,DNSAmplification,333019,xgboost,60,50,10,50,10,0.8333333333333334,0.16666666666666666,1.0,1.0,1.0,1.0,1.0,1.0,50,0,0,10,1.0,1.0,1.0
8,seed231701,Normal,104729,hybrid,50,50,0,50,0,1.0,0.0,1.0,not estimable,not estimable,not estimable,not estimable,not estimable,50,0,0,0,not estimable,not estimable,not estimable
8,seed231701,Normal,104729,mlp,50,50,0,50,0,1.0,0.0,1.0,not estimable,not estimable,not estimable,not estimable,not estimable,50,0,0,0,not estimable,not estimable,not estimable
8,seed231701,Normal,104729,rf,50,50,0,50,0,1.0,0.0,1.0,not estimable,not estimable,not estimable,not estimable,not estimable,50,0,0,0,not estimable,not estimable,not estimable
8,seed231701,Normal,104729,xgboost,50,50,0,50,0,1.0,0.0,1.0,not estimable,not estimable,not estimable,not estimable,not estimable,50,0,0,0,not estimable,not estimable,not estimable
8,seed231701,Normal,130363,hybrid,50,50,0,50,0,1.0,0.0,1.0,not estimable,not estimable,not estimable,not estimable,not estimable,50,0,0,0,not estimable,not estimable,not estimable
8,seed231701,Normal,130363,mlp,50,50,0,50,0,1.0,0.0,1.0,not estimable,not estimable,not estimable,not estimable,not estimable,50,0,0,0,not estimable,not estimable,not estimable
8,seed231701,Normal,130363,rf,50,50,0,50,0,1.0,0.0,1.0,not estimable,not estimable,not estimable,not estimable,not estimable,50,0,0,0,not estimable,not estimable,not estimable
8,seed231701,Normal,130363,xgboost,50,50,0,50,0,1.0,0.0,1.0,not estimable,not estimable,not estimable,not estimable,not estimable,50,0,0,0,not estimable,not estimable,not estimable
8,seed231701,Normal,155921,hybrid,50,50,0,50,0,1.0,0.0,1.0,not estimable,not estimable,not estimable,not estimable,not estimable,50,0,0,0,not estimable,not estimable,not estimable
8,seed231701,Normal,155921,mlp,50,50,0,13,37,0.26,0.74,0.26,0.0,not estimable,0.0,not estimable,not estimable,13,37,0,0,not estimable,not estimable,not estimable
8,seed231701,Normal,155921,rf,50,50,0,50,0,1.0,0.0,1.0,not estimable,not estimable,not estimable,not estimable,not estimable,50,0,0,0,not estimable,not estimable,not estimable
8,seed231701,Normal,155921,xgboost,50,50,0,50,0,1.0,0.0,1.0,not estimable,not estimable,not estimable,not estimable,not estimable,50,0,0,0,not estimable,not estimable,not estimable
8,seed231701,Normal,181081,hybrid,50,50,0,50,0,1.0,0.0,1.0,not estimable,not estimable,not estimable,not estimable,not estimable,50,0,0,0,not estimable,not estimable,not estimable
8,seed231701,Normal,181081,mlp,50,50,0,50,0,1.0,0.0,1.0,not estimable,not estimable,not estimable,not estimable,not estimable,50,0,0,0,not estimable,not estimable,not estimable
8,seed231701,Normal,181081,rf,50,50,0,50,0,1.0,0.0,1.0,not estimable,not estimable,not estimable,not estimable,not estimable,50,0,0,0,not estimable,not estimable,not estimable
8,seed231701,Normal,181081,xgboost,50,50,0,50,0,1.0,0.0,1.0,not estimable,not estimable,not estimable,not estimable,not estimable,50,0,0,0,not estimable,not estimable,not estimable
8,seed231701,Normal,206369,hybrid,50,50,0,50,0,1.0,0.0,1.0,not estimable,not estimable,not estimable,not estimable,not estimable,50,0,0,0,not estimable,not estimable,not estimable
8,seed231701,Normal,206369,mlp,50,50,0,0,50,0.0,1.0,0.0,0.0,not estimable,0.0,not estimable,not estimable,0,50,0,0,not estimable,not estimable,not estimable
8,seed231701,Normal,206369,rf,50,50,0,50,0,1.0,0.0,1.0,not estimable,not estimable,not estimable,not estimable,not estimable,50,0,0,0,not estimable,not estimable,not estimable
8,seed231701,Normal,206369,xgboost,50,50,0,50,0,1.0,0.0,1.0,not estimable,not estimable,not estimable,not estimable,not estimable,50,0,0,0,not estimable,not estimable,not estimable
8,seed231701,Normal,231701,hybrid,50,50,0,50,0,1.0,0.0,1.0,not estimable,not estimable,not estimable,not estimable,not estimable,50,0,0,0,not estimable,not estimable,not estimable
8,seed231701,Normal,231701,mlp,50,50,0,50,0,1.0,0.0,1.0,not estimable,not estimable,not estimable,not estimable,not estimable,50,0,0,0,not estimable,not estimable,not estimable
8,seed231701,Normal,231701,rf,50,50,0,50,0,1.0,0.0,1.0,not estimable,not estimable,not estimable,not estimable,not estimable,50,0,0,0,not estimable,not estimable,not estimable
8,seed231701,Normal,231701,xgboost,50,50,0,50,0,1.0,0.0,1.0,not estimable,not estimable,not estimable,not estimable,not estimable,50,0,0,0,not estimable,not estimable,not estimable
8,seed231701,Normal,257053,hybrid,50,50,0,50,0,1.0,0.0,1.0,not estimable,not estimable,not estimable,not estimable,not estimable,50,0,0,0,not estimable,not estimable,not estimable
8,seed231701,Normal,257053,mlp,50,50,0,50,0,1.0,0.0,1.0,not estimable,not estimable,not estimable,not estimable,not estimable,50,0,0,0,not estimable,not estimable,not estimable
8,seed231701,Normal,257053,rf,50,50,0,50,0,1.0,0.0,1.0,not estimable,not estimable,not estimable,not estimable,not estimable,50,0,0,0,not estimable,not estimable,not estimable
8,seed231701,Normal,257053,xgboost,50,50,0,50,0,1.0,0.0,1.0,not estimable,not estimable,not estimable,not estimable,not estimable,50,0,0,0,not estimable,not estimable,not estimable
8,seed231701,Normal,282427,hybrid,50,50,0,50,0,1.0,0.0,1.0,not estimable,not estimable,not estimable,not estimable,not estimable,50,0,0,0,not estimable,not estimable,not estimable
8,seed231701,Normal,282427,mlp,50,50,0,50,0,1.0,0.0,1.0,not estimable,not estimable,not estimable,not estimable,not estimable,50,0,0,0,not estimable,not estimable,not estimable
8,seed231701,Normal,282427,rf,50,50,0,50,0,1.0,0.0,1.0,not estimable,not estimable,not estimable,not estimable,not estimable,50,0,0,0,not estimable,not estimable,not estimable
8,seed231701,Normal,282427,xgboost,50,50,0,50,0,1.0,0.0,1.0,not estimable,not estimable,not estimable,not estimable,not estimable,50,0,0,0,not estimable,not estimable,not estimable
8,seed231701,Normal,307759,hybrid,50,50,0,50,0,1.0,0.0,1.0,not estimable,not estimable,not estimable,not estimable,not estimable,50,0,0,0,not estimable,not estimable,not estimable
8,seed231701,Normal,307759,mlp,50,50,0,50,0,1.0,0.0,1.0,not estimable,not estimable,not estimable,not estimable,not estimable,50,0,0,0,not estimable,not estimable,not estimable
8,seed231701,Normal,307759,rf,50,50,0,50,0,1.0,0.0,1.0,not estimable,not estimable,not estimable,not estimable,not estimable,50,0,0,0,not estimable,not estimable,not estimable
8,seed231701,Normal,307759,xgboost,50,50,0,50,0,1.0,0.0,1.0,not estimable,not estimable,not estimable,not estimable,not estimable,50,0,0,0,not estimable,not estimable,not estimable
8,seed231701,Normal,333019,hybrid,50,50,0,50,0,1.0,0.0,1.0,not estimable,not estimable,not estimable,not estimable,not estimable,50,0,0,0,not estimable,not estimable,not estimable
8,seed231701,Normal,333019,mlp,50,50,0,50,0,1.0,0.0,1.0,not estimable,not estimable,not estimable,not estimable,not estimable,50,0,0,0,not estimable,not estimable,not estimable
8,seed231701,Normal,333019,rf,50,50,0,50,0,1.0,0.0,1.0,not estimable,not estimable,not estimable,not estimable,not estimable,50,0,0,0,not estimable,not estimable,not estimable
8,seed231701,Normal,333019,xgboost,50,50,0,50,0,1.0,0.0,1.0,not estimable,not estimable,not estimable,not estimable,not estimable,50,0,0,0,not estimable,not estimable,not estimable
8,seed231701,SYNFlood,104729,hybrid,850,50,800,850,0,1.0,0.0,0.058823529411764705,not estimable,0.0,0.0,0.5,not estimable,50,0,800,0,0.0,0.058823529411764705,0.8992833495803126
8,seed231701,SYNFlood,104729,mlp,850,50,800,850,0,1.0,0.0,0.058823529411764705,not estimable,0.0,0.0,0.5,not estimable,50,0,800,0,1.0,1.0,0.9999999999999998
8,seed231701,SYNFlood,104729,rf,850,50,800,850,0,1.0,0.0,0.058823529411764705,not estimable,0.0,0.0,0.5,not estimable,50,0,800,0,0.0,0.058823529411764705,0.9150326797385621
8,seed231701,SYNFlood,104729,xgboost,850,50,800,850,0,1.0,0.0,0.058823529411764705,not estimable,0.0,0.0,0.5,not estimable,50,0,800,0,0.0,0.058823529411764705,0.8994163729328499
8,seed231701,SYNFlood,130363,hybrid,850,50,800,850,0,1.0,0.0,0.058823529411764705,not estimable,0.0,0.0,0.5,not estimable,50,0,800,0,0.0,0.030594048341956906,0.8855804099511311
8,seed231701,SYNFlood,130363,mlp,850,50,800,850,0,1.0,0.0,0.058823529411764705,not estimable,0.0,0.0,0.5,not estimable,50,0,800,0,1.0,1.0,0.9999999999999998
8,seed231701,SYNFlood,130363,rf,850,50,800,850,0,1.0,0.0,0.058823529411764705,not estimable,0.0,0.0,0.5,not estimable,50,0,800,0,0.0,0.04698837618879887,0.9144134663205847
8,seed231701,SYNFlood,130363,xgboost,850,50,800,850,0,1.0,0.0,0.058823529411764705,not estimable,0.0,0.0,0.5,not estimable,50,0,800,0,0.0,0.04589819281445748,0.8994915397616565
8,seed231701,SYNFlood,155921,hybrid,850,50,800,850,0,1.0,0.0,0.058823529411764705,not estimable,0.0,0.0,0.5,not estimable,50,0,800,0,0.0,0.030594048341956906,0.885706107996181
8,seed231701,SYNFlood,155921,mlp,850,50,800,810,40,0.9529411764705882,0.047058823529411764,0.011764705882352941,0.0,0.0,0.0,0.1,-0.8888888888888888,10,40,800,0,0.00995000000000001,0.030618707344506446,0.8863066862760396
8,seed231701,SYNFlood,155921,rf,850,50,800,850,0,1.0,0.0,0.058823529411764705,not estimable,0.0,0.0,0.5,not estimable,50,0,800,0,0.0,0.055518277049300416,0.9144144026407379
8,seed231701,SYNFlood,155921,xgboost,850,50,800,850,0,1.0,0.0,0.058823529411764705,not estimable,0.0,0.0,0.5,not estimable,50,0,800,0,0.0,0.058823529411764705,0.8994163729328499
8,seed231701,SYNFlood,181081,hybrid,850,50,800,850,0,1.0,0.0,0.058823529411764705,not estimable,0.0,0.0,0.5,not estimable,50,0,800,0,0.0,0.058823529411764705,0.8992833495803126
8,seed231701,SYNFlood,181081,mlp,850,50,800,850,0,1.0,0.0,0.058823529411764705,not estimable,0.0,0.0,0.5,not estimable,50,0,800,0,1.0,1.0,0.9999999999999998
8,seed231701,SYNFlood,181081,rf,850,50,800,850,0,1.0,0.0,0.058823529411764705,not estimable,0.0,0.0,0.5,not estimable,50,0,800,0,0.0,0.058823529411764705,0.8996100439751397
8,seed231701,SYNFlood,181081,xgboost,850,50,800,850,0,1.0,0.0,0.058823529411764705,not estimable,0.0,0.0,0.5,not estimable,50,0,800,0,0.0,0.058823529411764705,0.8994163729328499
8,seed231701,SYNFlood,206369,hybrid,850,50,800,850,0,1.0,0.0,0.058823529411764705,not estimable,0.0,0.0,0.5,not estimable,50,0,800,0,0.0,0.030594048341956906,0.884997486305172
8,seed231701,SYNFlood,206369,mlp,850,50,800,800,50,0.9411764705882353,0.058823529411764705,0.0,0.0,0.0,0.0,0.0,-1.0,0,50,800,0,0.0,0.030594048341956906,0.884997486305172
8,seed231701,SYNFlood,206369,rf,850,50,800,850,0,1.0,0.0,0.058823529411764705,not estimable,0.0,0.0,0.5,not estimable,50,0,800,0,0.0,0.058823529411764705,0.9147859039449113
8,seed231701,SYNFlood,206369,xgboost,850,50,800,850,0,1.0,0.0,0.058823529411764705,not estimable,0.0,0.0,0.5,not estimable,50,0,800,0,0.0,0.058823529411764705,0.8994163729328499
8,seed231701,SYNFlood,231701,hybrid,850,50,800,850,0,1.0,0.0,0.058823529411764705,not estimable,0.0,0.0,0.5,not estimable,50,0,800,0,0.0,0.030594048341956906,0.8849965969799208
8,seed231701,SYNFlood,231701,mlp,850,50,800,850,0,1.0,0.0,0.058823529411764705,not estimable,0.0,0.0,0.5,not estimable,50,0,800,0,0.5,0.05884595137542516,0.9703809800427241
8,seed231701,SYNFlood,231701,rf,850,50,800,850,0,1.0,0.0,0.058823529411764705,not estimable,0.0,0.0,0.5,not estimable,50,0,800,0,0.0,0.055518277049300416,0.9148472555295702
8,seed231701,SYNFlood,231701,xgboost,850,50,800,850,0,1.0,0.0,0.058823529411764705,not estimable,0.0,0.0,0.5,not estimable,50,0,800,0,0.0,0.058823529411764705,0.8994163729328499
8,seed231701,SYNFlood,257053,hybrid,850,50,800,850,0,1.0,0.0,0.058823529411764705,not estimable,0.0,0.0,0.5,not estimable,50,0,800,0,0.0,0.030594048341956906,0.884997486305172
8,seed231701,SYNFlood,257053,mlp,850,50,800,850,0,1.0,0.0,0.058823529411764705,not estimable,0.0,0.0,0.5,not estimable,50,0,800,0,0.63,0.31439580640370585,0.9777390646368278
8,seed231701,SYNFlood,257053,rf,850,50,800,850,0,1.0,0.0,0.058823529411764705,not estimable,0.0,0.0,0.5,not estimable,50,0,800,0,0.0,0.05449839206350397,0.9129066113624936
8,seed231701,SYNFlood,257053,xgboost,850,50,800,850,0,1.0,0.0,0.058823529411764705,not estimable,0.0,0.0,0.5,not estimable,50,0,800,0,0.0,0.058823529411764705,0.8994163729328499
8,seed231701,SYNFlood,282427,hybrid,850,50,800,850,0,1.0,0.0,0.058823529411764705,not estimable,0.0,0.0,0.5,not estimable,50,0,800,0,0.0,0.058823529411764705,0.884997486305172
8,seed231701,SYNFlood,282427,mlp,850,50,800,850,0,1.0,0.0,0.058823529411764705,not estimable,0.0,0.0,0.5,not estimable,50,0,800,0,1.0,1.0,0.9999999999999998
8,seed231701,SYNFlood,282427,rf,850,50,800,850,0,1.0,0.0,0.058823529411764705,not estimable,0.0,0.0,0.5,not estimable,50,0,800,0,0.0,0.058823529411764705,0.9147859039449113
8,seed231701,SYNFlood,282427,xgboost,850,50,800,850,0,1.0,0.0,0.058823529411764705,not estimable,0.0,0.0,0.5,not estimable,50,0,800,0,0.0,0.058823529411764705,0.8994163729328499
8,seed231701,SYNFlood,307759,hybrid,850,50,800,850,0,1.0,0.0,0.058823529411764705,not estimable,0.0,0.0,0.5,not estimable,50,0,800,0,0.0,0.030594048341956906,0.8864106711178152
8,seed231701,SYNFlood,307759,mlp,850,50,800,850,0,1.0,0.0,0.058823529411764705,not estimable,0.0,0.0,0.5,not estimable,50,0,800,0,1.0,1.0,0.9999999999999998
8,seed231701,SYNFlood,307759,rf,850,50,800,850,0,1.0,0.0,0.058823529411764705,not estimable,0.0,0.0,0.5,not estimable,50,0,800,0,0.0,0.058823529411764705,0.9144137770401615
8,seed231701,SYNFlood,307759,xgboost,850,50,800,850,0,1.0,0.0,0.058823529411764705,not estimable,0.0,0.0,0.5,not estimable,50,0,800,0,0.0,0.04589819281445748,0.8994915397616565
8,seed231701,SYNFlood,333019,hybrid,850,50,800,850,0,1.0,0.0,0.058823529411764705,not estimable,0.0,0.0,0.5,not estimable,50,0,800,0,0.0,0.031159362303373506,0.8992833495803125
8,seed231701,SYNFlood,333019,mlp,850,50,800,850,0,1.0,0.0,0.058823529411764705,not estimable,0.0,0.0,0.5,not estimable,50,0,800,0,1.0,1.0,0.9999999999999998
8,seed231701,SYNFlood,333019,rf,850,50,800,850,0,1.0,0.0,0.058823529411764705,not estimable,0.0,0.0,0.5,not estimable,50,0,800,0,0.0,0.0526580061304919,0.9147859039449113
8,seed231701,SYNFlood,333019,xgboost,850,50,800,850,0,1.0,0.0,0.058823529411764705,not estimable,0.0,0.0,0.5,not estimable,50,0,800,0,0.0,0.0526580061304919,0.89949091416108
8,seed231701,UDPFlood,104729,hybrid,72,52,20,52,20,0.7222222222222222,0.2777777777777778,1.0,1.0,1.0,1.0,1.0,1.0,52,0,0,20,1.0,1.0,0.9999999999999999
8,seed231701,UDPFlood,104729,mlp,72,52,20,52,20,0.7222222222222222,0.2777777777777778,1.0,1.0,1.0,1.0,1.0,1.0,52,0,0,20,1.0,1.0,1.0
8,seed231701,UDPFlood,104729,rf,72,52,20,65,7,0.9027777777777778,0.09722222222222222,0.8194444444444444,1.0,0.35,0.5185185185185185,0.675,0.5291502622129182,52,0,13,7,0.9999999999999999,1.0,1.0
8,seed231701,UDPFlood,104729,xgboost,72,52,20,52,20,0.7222222222222222,0.2777777777777778,1.0,1.0,1.0,1.0,1.0,1.0,52,0,0,20,0.9999999999999999,1.0,1.0000000000000002
8,seed231701,UDPFlood,130363,hybrid,72,52,20,52,20,0.7222222222222222,0.2777777777777778,1.0,1.0,1.0,1.0,1.0,1.0,52,0,0,20,1.0,1.0,1.0000000000000002
8,seed231701,UDPFlood,130363,mlp,72,52,20,52,20,0.7222222222222222,0.2777777777777778,1.0,1.0,1.0,1.0,1.0,1.0,52,0,0,20,1.0,1.0000000000000002,1.0
8,seed231701,UDPFlood,130363,rf,72,52,20,52,20,0.7222222222222222,0.2777777777777778,1.0,1.0,1.0,1.0,1.0,1.0,52,0,0,20,1.0,1.0,1.0
8,seed231701,UDPFlood,130363,xgboost,72,52,20,52,20,0.7222222222222222,0.2777777777777778,1.0,1.0,1.0,1.0,1.0,1.0,52,0,0,20,0.9999999999999999,1.0,1.0
8,seed231701,UDPFlood,155921,hybrid,72,52,20,52,20,0.7222222222222222,0.2777777777777778,1.0,1.0,1.0,1.0,1.0,1.0,52,0,0,20,1.0,1.0000000000000002,1.0000000000000002
8,seed231701,UDPFlood,155921,mlp,72,52,20,51,21,0.7083333333333334,0.2916666666666667,0.9861111111111112,0.9523809523809523,1.0,0.975609756097561,0.9903846153846154,0.9664708656063741,51,1,0,20,1.0,1.0,1.0
8,seed231701,UDPFlood,155921,rf,72,52,20,52,20,0.7222222222222222,0.2777777777777778,1.0,1.0,1.0,1.0,1.0,1.0,52,0,0,20,1.0,1.0,1.0
8,seed231701,UDPFlood,155921,xgboost,72,52,20,52,20,0.7222222222222222,0.2777777777777778,1.0,1.0,1.0,1.0,1.0,1.0,52,0,0,20,0.9999999999999999,1.0,1.0000000000000002
8,seed231701,UDPFlood,181081,hybrid,72,52,20,52,20,0.7222222222222222,0.2777777777777778,1.0,1.0,1.0,1.0,1.0,1.0,52,0,0,20,1.0,1.0,1.0
8,seed231701,UDPFlood,181081,mlp,72,52,20,72,0,1.0,0.0,0.7222222222222222,not estimable,0.0,0.0,0.5,not estimable,52,0,20,0,0.09230769230769231,0.7264241083132693,0.26550505050505047
8,seed231701,UDPFlood,181081,rf,72,52,20,52,20,0.7222222222222222,0.2777777777777778,1.0,1.0,1.0,1.0,1.0,1.0,52,0,0,20,1.0,1.0,1.0
8,seed231701,UDPFlood,181081,xgboost,72,52,20,52,20,0.7222222222222222,0.2777777777777778,1.0,1.0,1.0,1.0,1.0,1.0,52,0,0,20,0.9999999999999999,1.0,1.0000000000000002
8,seed231701,UDPFlood,206369,hybrid,72,52,20,52,20,0.7222222222222222,0.2777777777777778,1.0,1.0,1.0,1.0,1.0,1.0,52,0,0,20,1.0,1.0000000000000002,1.0000000000000002
8,seed231701,UDPFlood,206369,mlp,72,52,20,0,72,0.0,1.0,0.2777777777777778,0.2777777777777778,1.0,0.43478260869565216,0.5,not estimable,0,52,0,20,0.9999999999999999,0.9999999999999999,1.0
8,seed231701,UDPFlood,206369,rf,72,52,20,52,20,0.7222222222222222,0.2777777777777778,1.0,1.0,1.0,1.0,1.0,1.0,52,0,0,20,1.0,1.0,1.0
8,seed231701,UDPFlood,206369,xgboost,72,52,20,52,20,0.7222222222222222,0.2777777777777778,1.0,1.0,1.0,1.0,1.0,1.0,52,0,0,20,0.9999999999999999,1.0,1.0000000000000002
8,seed231701,UDPFlood,231701,hybrid,72,52,20,52,20,0.7222222222222222,0.2777777777777778,1.0,1.0,1.0,1.0,1.0,1.0,52,0,0,20,1.0,1.0,1.0000000000000002
8,seed231701,UDPFlood,231701,mlp,72,52,20,50,22,0.6944444444444444,0.3055555555555556,0.9722222222222222,0.9090909090909091,1.0,0.9523809523809523,0.9807692307692308,0.9349469900084573,50,2,0,20,1.0,1.0,1.0
8,seed231701,UDPFlood,231701,rf,72,52,20,52,20,0.7222222222222222,0.2777777777777778,1.0,1.0,1.0,1.0,1.0,1.0,52,0,0,20,1.0,1.0,1.0
8,seed231701,UDPFlood,231701,xgboost,72,52,20,52,20,0.7222222222222222,0.2777777777777778,1.0,1.0,1.0,1.0,1.0,1.0,52,0,0,20,0.9999999999999999,1.0,1.0000000000000002
8,seed231701,UDPFlood,257053,hybrid,72,52,20,52,20,0.7222222222222222,0.2777777777777778,1.0,1.0,1.0,1.0,1.0,1.0,52,0,0,20,1.0,1.0,1.0000000000000002
8,seed231701,UDPFlood,257053,mlp,72,52,20,51,21,0.7083333333333334,0.2916666666666667,0.9861111111111112,0.9523809523809523,1.0,0.975609756097561,0.9903846153846154,0.9664708656063741,51,1,0,20,1.0,1.0,1.0
8,seed231701,UDPFlood,257053,rf,72,52,20,52,20,0.7222222222222222,0.2777777777777778,1.0,1.0,1.0,1.0,1.0,1.0,52,0,0,20,1.0,1.0,1.0
8,seed231701,UDPFlood,257053,xgboost,72,52,20,52,20,0.7222222222222222,0.2777777777777778,1.0,1.0,1.0,1.0,1.0,1.0,52,0,0,20,0.9999999999999999,1.0,1.0000000000000002
8,seed231701,UDPFlood,282427,hybrid,72,52,20,52,20,0.7222222222222222,0.2777777777777778,1.0,1.0,1.0,1.0,1.0,1.0,52,0,0,20,1.0,0.9999999999999998,0.9999999999999999
8,seed231701,UDPFlood,282427,mlp,72,52,20,72,0,1.0,0.0,0.7222222222222222,not estimable,0.0,0.0,0.5,not estimable,52,0,20,0,0.0,0.7066791473918379,0.2777777777777778
8,seed231701,UDPFlood,282427,rf,72,52,20,52,20,0.7222222222222222,0.2777777777777778,1.0,1.0,1.0,1.0,1.0,1.0,52,0,0,20,1.0,1.0,1.0
8,seed231701,UDPFlood,282427,xgboost,72,52,20,52,20,0.7222222222222222,0.2777777777777778,1.0,1.0,1.0,1.0,1.0,1.0,52,0,0,20,0.9999999999999999,1.0,1.0000000000000002
8,seed231701,UDPFlood,307759,hybrid,72,52,20,52,20,0.7222222222222222,0.2777777777777778,1.0,1.0,1.0,1.0,1.0,1.0,52,0,0,20,1.0,1.0,1.0
8,seed231701,UDPFlood,307759,mlp,72,52,20,52,20,0.7222222222222222,0.2777777777777778,1.0,1.0,1.0,1.0,1.0,1.0,52,0,0,20,1.0,1.0,1.0
8,seed231701,UDPFlood,307759,rf,72,52,20,51,21,0.7083333333333334,0.2916666666666667,0.9861111111111112,0.9523809523809523,1.0,0.975609756097561,0.9903846153846154,0.9664708656063741,51,1,0,20,0.9999999999999999,1.0,1.0
8,seed231701,UDPFlood,307759,xgboost,72,52,20,52,20,0.7222222222222222,0.2777777777777778,1.0,1.0,1.0,1.0,1.0,1.0,52,0,0,20,0.9999999999999999,1.0,1.0
8,seed231701,UDPFlood,333019,hybrid,72,52,20,52,20,0.7222222222222222,0.2777777777777778,1.0,1.0,1.0,1.0,1.0,1.0,52,0,0,20,1.0,1.0,1.0
8,seed231701,UDPFlood,333019,mlp,72,52,20,72,0,1.0,0.0,0.7222222222222222,not estimable,0.0,0.0,0.5,not estimable,52,0,20,0,0.0,0.5142036552209491,0.2777777777777778
8,seed231701,UDPFlood,333019,rf,72,52,20,52,20,0.7222222222222222,0.2777777777777778,1.0,1.0,1.0,1.0,1.0,1.0,52,0,0,20,1.0,1.0,1.0
8,seed231701,UDPFlood,333019,xgboost,72,52,20,51,21,0.7083333333333334,0.2916666666666667,0.9861111111111112,0.9523809523809523,1.0,0.975609756097561,0.9903846153846154,0.9664708656063741,51,1,0,20,1.0,1.0,1.0
8,seed257053,DNSAmplification,104729,hybrid,60,50,10,50,10,0.8333333333333334,0.16666666666666666,1.0,1.0,1.0,1.0,1.0,1.0,50,0,0,10,1.0,1.0,0.9999999999999999
8,seed257053,DNSAmplification,104729,mlp,60,50,10,50,10,0.8333333333333334,0.16666666666666666,1.0,1.0,1.0,1.0,1.0,1.0,50,0,0,10,1.0,1.0,1.0
8,seed257053,DNSAmplification,104729,rf,60,50,10,60,0,1.0,0.0,0.8333333333333334,not estimable,0.0,0.0,0.5,not estimable,50,0,10,0,1.0,1.0,1.0
8,seed257053,DNSAmplification,104729,xgboost,60,50,10,50,10,0.8333333333333334,0.16666666666666666,1.0,1.0,1.0,1.0,1.0,1.0,50,0,0,10,1.0,1.0,1.0
8,seed257053,DNSAmplification,130363,hybrid,60,50,10,50,10,0.8333333333333334,0.16666666666666666,1.0,1.0,1.0,1.0,1.0,1.0,50,0,0,10,1.0,1.0,1.0
8,seed257053,DNSAmplification,130363,mlp,60,50,10,50,10,0.8333333333333334,0.16666666666666666,1.0,1.0,1.0,1.0,1.0,1.0,50,0,0,10,1.0,1.0,1.0
8,seed257053,DNSAmplification,130363,rf,60,50,10,50,10,0.8333333333333334,0.16666666666666666,1.0,1.0,1.0,1.0,1.0,1.0,50,0,0,10,1.0,1.0,1.0
8,seed257053,DNSAmplification,130363,xgboost,60,50,10,50,10,0.8333333333333334,0.16666666666666666,1.0,1.0,1.0,1.0,1.0,1.0,50,0,0,10,1.0,1.0,1.0
8,seed257053,DNSAmplification,155921,hybrid,60,50,10,50,10,0.8333333333333334,0.16666666666666666,1.0,1.0,1.0,1.0,1.0,1.0,50,0,0,10,1.0,1.0,1.0
8,seed257053,DNSAmplification,155921,mlp,60,50,10,14,46,0.23333333333333334,0.7666666666666667,0.4,0.21739130434782608,1.0,0.35714285714285715,0.64,0.2467175818975845,14,36,0,10,1.0,1.0,1.0
8,seed257053,DNSAmplification,155921,rf,60,50,10,50,10,0.8333333333333334,0.16666666666666666,1.0,1.0,1.0,1.0,1.0,1.0,50,0,0,10,1.0,1.0,1.0
8,seed257053,DNSAmplification,155921,xgboost,60,50,10,50,10,0.8333333333333334,0.16666666666666666,1.0,1.0,1.0,1.0,1.0,1.0,50,0,0,10,1.0,1.0,1.0
8,seed257053,DNSAmplification,181081,hybrid,60,50,10,50,10,0.8333333333333334,0.16666666666666666,1.0,1.0,1.0,1.0,1.0,1.0,50,0,0,10,1.0,1.0,1.0
8,seed257053,DNSAmplification,181081,mlp,60,50,10,60,0,1.0,0.0,0.8333333333333334,not estimable,0.0,0.0,0.5,not estimable,50,0,10,0,0.0,0.8333333333333334,0.16666666666666666
8,seed257053,DNSAmplification,181081,rf,60,50,10,50,10,0.8333333333333334,0.16666666666666666,1.0,1.0,1.0,1.0,1.0,1.0,50,0,0,10,1.0,1.0,1.0
8,seed257053,DNSAmplification,181081,xgboost,60,50,10,50,10,0.8333333333333334,0.16666666666666666,1.0,1.0,1.0,1.0,1.0,1.0,50,0,0,10,1.0,1.0,1.0
8,seed257053,DNSAmplification,206369,hybrid,60,50,10,50,10,0.8333333333333334,0.16666666666666666,1.0,1.0,1.0,1.0,1.0,1.0,50,0,0,10,1.0,1.0,1.0
8,seed257053,DNSAmplification,206369,mlp,60,50,10,0,60,0.0,1.0,0.16666666666666666,0.16666666666666666,1.0,0.2857142857142857,0.5,not estimable,0,50,0,10,1.0,1.0,1.0
8,seed257053,DNSAmplification,206369,rf,60,50,10,50,10,0.8333333333333334,0.16666666666666666,1.0,1.0,1.0,1.0,1.0,1.0,50,0,0,10,1.0,1.0,1.0
8,seed257053,DNSAmplification,206369,xgboost,60,50,10,50,10,0.8333333333333334,0.16666666666666666,1.0,1.0,1.0,1.0,1.0,1.0,50,0,0,10,1.0,1.0,1.0
8,seed257053,DNSAmplification,231701,hybrid,60,50,10,50,10,0.8333333333333334,0.16666666666666666,1.0,1.0,1.0,1.0,1.0,1.0,50,0,0,10,1.0,1.0,1.0
8,seed257053,DNSAmplification,231701,mlp,60,50,10,50,10,0.8333333333333334,0.16666666666666666,1.0,1.0,1.0,1.0,1.0,1.0,50,0,0,10,1.0,1.0,1.0
8,seed257053,DNSAmplification,231701,rf,60,50,10,53,7,0.8833333333333333,0.11666666666666667,0.95,1.0,0.7,0.8235294117647058,0.85,0.8126360553720011,50,0,3,7,1.0,1.0,1.0
8,seed257053,DNSAmplification,231701,xgboost,60,50,10,50,10,0.8333333333333334,0.16666666666666666,1.0,1.0,1.0,1.0,1.0,1.0,50,0,0,10,1.0,1.0,1.0
8,seed257053,DNSAmplification,257053,hybrid,60,50,10,50,10,0.8333333333333334,0.16666666666666666,1.0,1.0,1.0,1.0,1.0,1.0,50,0,0,10,1.0,1.0,0.9999999999999999
8,seed257053,DNSAmplification,257053,mlp,60,50,10,50,10,0.8333333333333334,0.16666666666666666,1.0,1.0,1.0,1.0,1.0,1.0,50,0,0,10,1.0,1.0,1.0
8,seed257053,DNSAmplification,257053,rf,60,50,10,50,10,0.8333333333333334,0.16666666666666666,1.0,1.0,1.0,1.0,1.0,1.0,50,0,0,10,1.0,1.0,1.0
8,seed257053,DNSAmplification,257053,xgboost,60,50,10,50,10,0.8333333333333334,0.16666666666666666,1.0,1.0,1.0,1.0,1.0,1.0,50,0,0,10,1.0,1.0,1.0
8,seed257053,DNSAmplification,282427,hybrid,60,50,10,50,10,0.8333333333333334,0.16666666666666666,1.0,1.0,1.0,1.0,1.0,1.0,50,0,0,10,1.0,1.0,1.0
8,seed257053,DNSAmplification,282427,mlp,60,50,10,60,0,1.0,0.0,0.8333333333333334,not estimable,0.0,0.0,0.5,not estimable,50,0,10,0,0.0,0.8333333333333334,0.16666666666666666
8,seed257053,DNSAmplification,282427,rf,60,50,10,50,10,0.8333333333333334,0.16666666666666666,1.0,1.0,1.0,1.0,1.0,1.0,50,0,0,10,1.0,1.0,1.0
8,seed257053,DNSAmplification,282427,xgboost,60,50,10,50,10,0.8333333333333334,0.16666666666666666,1.0,1.0,1.0,1.0,1.0,1.0,50,0,0,10,1.0,1.0,1.0
8,seed257053,DNSAmplification,307759,hybrid,60,50,10,50,10,0.8333333333333334,0.16666666666666666,1.0,1.0,1.0,1.0,1.0,1.0,50,0,0,10,1.0,1.0,1.0
8,seed257053,DNSAmplification,307759,mlp,60,50,10,50,10,0.8333333333333334,0.16666666666666666,1.0,1.0,1.0,1.0,1.0,1.0,50,0,0,10,1.0,1.0,1.0
8,seed257053,DNSAmplification,307759,rf,60,50,10,50,10,0.8333333333333334,0.16666666666666666,1.0,1.0,1.0,1.0,1.0,1.0,50,0,0,10,1.0,1.0,1.0
8,seed257053,DNSAmplification,307759,xgboost,60,50,10,50,10,0.8333333333333334,0.16666666666666666,1.0,1.0,1.0,1.0,1.0,1.0,50,0,0,10,1.0,1.0,1.0
8,seed257053,DNSAmplification,333019,hybrid,60,50,10,50,10,0.8333333333333334,0.16666666666666666,1.0,1.0,1.0,1.0,1.0,1.0,50,0,0,10,1.0,1.0,1.0
8,seed257053,DNSAmplification,333019,mlp,60,50,10,60,0,1.0,0.0,0.8333333333333334,not estimable,0.0,0.0,0.5,not estimable,50,0,10,0,0.0,0.6522444038007724,0.16666666666666666
8,seed257053,DNSAmplification,333019,rf,60,50,10,50,10,0.8333333333333334,0.16666666666666666,1.0,1.0,1.0,1.0,1.0,1.0,50,0,0,10,1.0,1.0,1.0
8,seed257053,DNSAmplification,333019,xgboost,60,50,10,50,10,0.8333333333333334,0.16666666666666666,1.0,1.0,1.0,1.0,1.0,1.0,50,0,0,10,1.0,1.0,1.0
8,seed257053,Normal,104729,hybrid,50,50,0,50,0,1.0,0.0,1.0,not estimable,not estimable,not estimable,not estimable,not estimable,50,0,0,0,not estimable,not estimable,not estimable
8,seed257053,Normal,104729,mlp,50,50,0,50,0,1.0,0.0,1.0,not estimable,not estimable,not estimable,not estimable,not estimable,50,0,0,0,not estimable,not estimable,not estimable
8,seed257053,Normal,104729,rf,50,50,0,50,0,1.0,0.0,1.0,not estimable,not estimable,not estimable,not estimable,not estimable,50,0,0,0,not estimable,not estimable,not estimable
8,seed257053,Normal,104729,xgboost,50,50,0,50,0,1.0,0.0,1.0,not estimable,not estimable,not estimable,not estimable,not estimable,50,0,0,0,not estimable,not estimable,not estimable
8,seed257053,Normal,130363,hybrid,50,50,0,50,0,1.0,0.0,1.0,not estimable,not estimable,not estimable,not estimable,not estimable,50,0,0,0,not estimable,not estimable,not estimable
8,seed257053,Normal,130363,mlp,50,50,0,50,0,1.0,0.0,1.0,not estimable,not estimable,not estimable,not estimable,not estimable,50,0,0,0,not estimable,not estimable,not estimable
8,seed257053,Normal,130363,rf,50,50,0,50,0,1.0,0.0,1.0,not estimable,not estimable,not estimable,not estimable,not estimable,50,0,0,0,not estimable,not estimable,not estimable
8,seed257053,Normal,130363,xgboost,50,50,0,50,0,1.0,0.0,1.0,not estimable,not estimable,not estimable,not estimable,not estimable,50,0,0,0,not estimable,not estimable,not estimable
8,seed257053,Normal,155921,hybrid,50,50,0,50,0,1.0,0.0,1.0,not estimable,not estimable,not estimable,not estimable,not estimable,50,0,0,0,not estimable,not estimable,not estimable
8,seed257053,Normal,155921,mlp,50,50,0,11,39,0.22,0.78,0.22,0.0,not estimable,0.0,not estimable,not estimable,11,39,0,0,not estimable,not estimable,not estimable
8,seed257053,Normal,155921,rf,50,50,0,50,0,1.0,0.0,1.0,not estimable,not estimable,not estimable,not estimable,not estimable,50,0,0,0,not estimable,not estimable,not estimable
8,seed257053,Normal,155921,xgboost,50,50,0,50,0,1.0,0.0,1.0,not estimable,not estimable,not estimable,not estimable,not estimable,50,0,0,0,not estimable,not estimable,not estimable
8,seed257053,Normal,181081,hybrid,50,50,0,50,0,1.0,0.0,1.0,not estimable,not estimable,not estimable,not estimable,not estimable,50,0,0,0,not estimable,not estimable,not estimable
8,seed257053,Normal,181081,mlp,50,50,0,50,0,1.0,0.0,1.0,not estimable,not estimable,not estimable,not estimable,not estimable,50,0,0,0,not estimable,not estimable,not estimable
8,seed257053,Normal,181081,rf,50,50,0,50,0,1.0,0.0,1.0,not estimable,not estimable,not estimable,not estimable,not estimable,50,0,0,0,not estimable,not estimable,not estimable
8,seed257053,Normal,181081,xgboost,50,50,0,50,0,1.0,0.0,1.0,not estimable,not estimable,not estimable,not estimable,not estimable,50,0,0,0,not estimable,not estimable,not estimable
8,seed257053,Normal,206369,hybrid,50,50,0,50,0,1.0,0.0,1.0,not estimable,not estimable,not estimable,not estimable,not estimable,50,0,0,0,not estimable,not estimable,not estimable
8,seed257053,Normal,206369,mlp,50,50,0,0,50,0.0,1.0,0.0,0.0,not estimable,0.0,not estimable,not estimable,0,50,0,0,not estimable,not estimable,not estimable
8,seed257053,Normal,206369,rf,50,50,0,50,0,1.0,0.0,1.0,not estimable,not estimable,not estimable,not estimable,not estimable,50,0,0,0,not estimable,not estimable,not estimable
8,seed257053,Normal,206369,xgboost,50,50,0,50,0,1.0,0.0,1.0,not estimable,not estimable,not estimable,not estimable,not estimable,50,0,0,0,not estimable,not estimable,not estimable
8,seed257053,Normal,231701,hybrid,50,50,0,50,0,1.0,0.0,1.0,not estimable,not estimable,not estimable,not estimable,not estimable,50,0,0,0,not estimable,not estimable,not estimable
8,seed257053,Normal,231701,mlp,50,50,0,50,0,1.0,0.0,1.0,not estimable,not estimable,not estimable,not estimable,not estimable,50,0,0,0,not estimable,not estimable,not estimable
8,seed257053,Normal,231701,rf,50,50,0,50,0,1.0,0.0,1.0,not estimable,not estimable,not estimable,not estimable,not estimable,50,0,0,0,not estimable,not estimable,not estimable
8,seed257053,Normal,231701,xgboost,50,50,0,50,0,1.0,0.0,1.0,not estimable,not estimable,not estimable,not estimable,not estimable,50,0,0,0,not estimable,not estimable,not estimable
8,seed257053,Normal,257053,hybrid,50,50,0,50,0,1.0,0.0,1.0,not estimable,not estimable,not estimable,not estimable,not estimable,50,0,0,0,not estimable,not estimable,not estimable
8,seed257053,Normal,257053,mlp,50,50,0,50,0,1.0,0.0,1.0,not estimable,not estimable,not estimable,not estimable,not estimable,50,0,0,0,not estimable,not estimable,not estimable
8,seed257053,Normal,257053,rf,50,50,0,50,0,1.0,0.0,1.0,not estimable,not estimable,not estimable,not estimable,not estimable,50,0,0,0,not estimable,not estimable,not estimable
8,seed257053,Normal,257053,xgboost,50,50,0,50,0,1.0,0.0,1.0,not estimable,not estimable,not estimable,not estimable,not estimable,50,0,0,0,not estimable,not estimable,not estimable
8,seed257053,Normal,282427,hybrid,50,50,0,50,0,1.0,0.0,1.0,not estimable,not estimable,not estimable,not estimable,not estimable,50,0,0,0,not estimable,not estimable,not estimable
8,seed257053,Normal,282427,mlp,50,50,0,50,0,1.0,0.0,1.0,not estimable,not estimable,not estimable,not estimable,not estimable,50,0,0,0,not estimable,not estimable,not estimable
8,seed257053,Normal,282427,rf,50,50,0,50,0,1.0,0.0,1.0,not estimable,not estimable,not estimable,not estimable,not estimable,50,0,0,0,not estimable,not estimable,not estimable
8,seed257053,Normal,282427,xgboost,50,50,0,50,0,1.0,0.0,1.0,not estimable,not estimable,not estimable,not estimable,not estimable,50,0,0,0,not estimable,not estimable,not estimable
8,seed257053,Normal,307759,hybrid,50,50,0,50,0,1.0,0.0,1.0,not estimable,not estimable,not estimable,not estimable,not estimable,50,0,0,0,not estimable,not estimable,not estimable
8,seed257053,Normal,307759,mlp,50,50,0,50,0,1.0,0.0,1.0,not estimable,not estimable,not estimable,not estimable,not estimable,50,0,0,0,not estimable,not estimable,not estimable
8,seed257053,Normal,307759,rf,50,50,0,50,0,1.0,0.0,1.0,not estimable,not estimable,not estimable,not estimable,not estimable,50,0,0,0,not estimable,not estimable,not estimable
8,seed257053,Normal,307759,xgboost,50,50,0,50,0,1.0,0.0,1.0,not estimable,not estimable,not estimable,not estimable,not estimable,50,0,0,0,not estimable,not estimable,not estimable
8,seed257053,Normal,333019,hybrid,50,50,0,50,0,1.0,0.0,1.0,not estimable,not estimable,not estimable,not estimable,not estimable,50,0,0,0,not estimable,not estimable,not estimable
8,seed257053,Normal,333019,mlp,50,50,0,50,0,1.0,0.0,1.0,not estimable,not estimable,not estimable,not estimable,not estimable,50,0,0,0,not estimable,not estimable,not estimable
8,seed257053,Normal,333019,rf,50,50,0,50,0,1.0,0.0,1.0,not estimable,not estimable,not estimable,not estimable,not estimable,50,0,0,0,not estimable,not estimable,not estimable
8,seed257053,Normal,333019,xgboost,50,50,0,50,0,1.0,0.0,1.0,not estimable,not estimable,not estimable,not estimable,not estimable,50,0,0,0,not estimable,not estimable,not estimable
8,seed257053,SYNFlood,104729,hybrid,850,50,800,850,0,1.0,0.0,0.058823529411764705,not estimable,0.0,0.0,0.5,not estimable,50,0,800,0,0.0,0.058823529411764705,0.8975565473274318
8,seed257053,SYNFlood,104729,mlp,850,50,800,850,0,1.0,0.0,0.058823529411764705,not estimable,0.0,0.0,0.5,not estimable,50,0,800,0,1.0,1.0,0.9999999999999999
8,seed257053,SYNFlood,104729,rf,850,50,800,850,0,1.0,0.0,0.058823529411764705,not estimable,0.0,0.0,0.5,not estimable,50,0,800,0,0.0,0.058823529411764705,0.9150326797385621
8,seed257053,SYNFlood,104729,xgboost,850,50,800,850,0,1.0,0.0,0.058823529411764705,not estimable,0.0,0.0,0.5,not estimable,50,0,800,0,0.0,0.058823529411764705,0.8975943229611638
8,seed257053,SYNFlood,130363,hybrid,850,50,800,850,0,1.0,0.0,0.058823529411764705,not estimable,0.0,0.0,0.5,not estimable,50,0,800,0,0.0,0.030594048341956906,0.881574265766512
8,seed257053,SYNFlood,130363,mlp,850,50,800,850,0,1.0,0.0,0.058823529411764705,not estimable,0.0,0.0,0.5,not estimable,50,0,800,0,1.0,1.0,1.0
8,seed257053,SYNFlood,130363,rf,850,50,800,850,0,1.0,0.0,0.058823529411764705,not estimable,0.0,0.0,0.5,not estimable,50,0,800,0,0.0,0.04579185520361991,0.913796270839338
8,seed257053,SYNFlood,130363,xgboost,850,50,800,850,0,1.0,0.0,0.058823529411764705,not estimable,0.0,0.0,0.5,not estimable,50,0,800,0,0.0,0.04462011292974055,0.8977663277165715
8,seed257053,SYNFlood,155921,hybrid,850,50,800,850,0,1.0,0.0,0.058823529411764705,not estimable,0.0,0.0,0.5,not estimable,50,0,800,0,0.0,0.030594048341956906,0.882189809914375
8,seed257053,SYNFlood,155921,mlp,850,50,800,810,40,0.9529411764705882,0.047058823529411764,0.011764705882352941,0.0,0.0,0.0,0.1,-0.8888888888888888,10,40,800,0,0.00997500000000001,0.030618830796724266,0.8828830199443019
8,seed257053,SYNFlood,155921,rf,850,50,800,850,0,1.0,0.0,0.058823529411764705,not estimable,0.0,0.0,0.5,not estimable,50,0,800,0,0.0,0.05657033885873551,0.9137988351681362
8,seed257053,SYNFlood,155921,xgboost,850,50,800,850,0,1.0,0.0,0.058823529411764705,not estimable,0.0,0.0,0.5,not estimable,50,0,800,0,0.0,0.058823529411764705,0.8975943229611638
8,seed257053,SYNFlood,181081,hybrid,850,50,800,850,0,1.0,0.0,0.058823529411764705,not estimable,0.0,0.0,0.5,not estimable,50,0,800,0,0.0,0.058823529411764705,0.8975565473274318
8,seed257053,SYNFlood,181081,mlp,850,50,800,850,0,1.0,0.0,0.058823529411764705,not estimable,0.0,0.0,0.5,not estimable,50,0,800,0,1.0,1.0,0.9999999999999999
8,seed257053,SYNFlood,181081,rf,850,50,800,850,0,1.0,0.0,0.058823529411764705,not estimable,0.0,0.0,0.5,not estimable,50,0,800,0,0.0,0.058823529411764705,0.898150704614729
8,seed257053,SYNFlood,181081,xgboost,850,50,800,850,0,1.0,0.0,0.058823529411764705,not estimable,0.0,0.0,0.5,not estimable,50,0,800,0,0.0,0.058823529411764705,0.8975943229611638
8,seed257053,SYNFlood,206369,hybrid,850,50,800,850,0,1.0,0.0,0.058823529411764705,not estimable,0.0,0.0,0.5,not estimable,50,0,800,0,0.0,0.03061691423918613,0.881574265766512
8,seed257053,SYNFlood,206369,mlp,850,50,800,800,50,0.9411764705882353,0.058823529411764705,0.0,0.0,0.0,0.0,0.0,-1.0,0,50,800,0,0.0,0.03061691423918613,0.881574265766512
8,seed257053,SYNFlood,206369,rf,850,50,800,850,0,1.0,0.0,0.058823529411764705,not estimable,0.0,0.0,0.5,not estimable,50,0,800,0,0.0,0.058823529411764705,0.914909257318369
8,seed257053,SYNFlood,206369,xgboost,850,50,800,850,0,1.0,0.0,0.058823529411764705,not estimable,0.0,0.0,0.5,not estimable,50,0,800,0,0.0,0.058823529411764705,0.8975943229611638
8,seed257053,SYNFlood,231701,hybrid,850,50,800,850,0,1.0,0.0,0.058823529411764705,not estimable,0.0,0.0,0.5,not estimable,50,0,800,0,0.0,0.030594048341956906,0.8815542109883178
8,seed257053,SYNFlood,231701,mlp,850,50,800,850,0,1.0,0.0,0.058823529411764705,not estimable,0.0,0.0,0.5,not estimable,50,0,800,0,0.5,0.05884595137542516,0.9703809800427242
8,seed257053,SYNFlood,231701,rf,850,50,800,850,0,1.0,0.0,0.058823529411764705,not estimable,0.0,0.0,0.5,not estimable,50,0,800,0,0.0,0.05657033885873551,0.9149399739630952
8,seed257053,SYNFlood,231701,xgboost,850,50,800,850,0,1.0,0.0,0.058823529411764705,not estimable,0.0,0.0,0.5,not estimable,50,0,800,0,0.0,0.058823529411764705,0.8975943229611638
8,seed257053,SYNFlood,257053,hybrid,850,50,800,850,0,1.0,0.0,0.058823529411764705,not estimable,0.0,0.0,0.5,not estimable,50,0,800,0,0.0,0.030594048341956906,0.881574265766512
8,seed257053,SYNFlood,257053,mlp,850,50,800,850,0,1.0,0.0,0.058823529411764705,not estimable,0.0,0.0,0.5,not estimable,50,0,800,0,0.6599999999999999,0.37222735556579456,0.9794698940702744
8,seed257053,SYNFlood,257053,rf,850,50,800,850,0,1.0,0.0,0.058823529411764705,not estimable,0.0,0.0,0.5,not estimable,50,0,800,0,0.0,0.05657033885873551,0.9139460784313725
8,seed257053,SYNFlood,257053,xgboost,850,50,800,850,0,1.0,0.0,0.058823529411764705,not estimable,0.0,0.0,0.5,not estimable,50,0,800,0,0.0,0.058823529411764705,0.8975943229611638
8,seed257053,SYNFlood,282427,hybrid,850,50,800,850,0,1.0,0.0,0.058823529411764705,not estimable,0.0,0.0,0.5,not estimable,50,0,800,0,0.0,0.058823529411764705,0.881574265766512
8,seed257053,SYNFlood,282427,mlp,850,50,800,850,0,1.0,0.0,0.058823529411764705,not estimable,0.0,0.0,0.5,not estimable,50,0,800,0,1.0,1.0,1.0
8,seed257053,SYNFlood,282427,rf,850,50,800,850,0,1.0,0.0,0.058823529411764705,not estimable,0.0,0.0,0.5,not estimable,50,0,800,0,0.0,0.058823529411764705,0.914909257318369
8,seed257053,SYNFlood,282427,xgboost,850,50,800,850,0,1.0,0.0,0.058823529411764705,not estimable,0.0,0.0,0.5,not estimable,50,0,800,0,0.0,0.058823529411764705,0.8975943229611638
8,seed257053,SYNFlood,307759,hybrid,850,50,800,850,0,1.0,0.0,0.058823529411764705,not estimable,0.0,0.0,0.5,not estimable,50,0,800,0,0.0,0.030594048341956906,0.8864006562035351
8,seed257053,SYNFlood,307759,mlp,850,50,800,850,0,1.0,0.0,0.058823529411764705,not estimable,0.0,0.0,0.5,not estimable,50,0,800,0,1.0,1.0,1.0
8,seed257053,SYNFlood,307759,rf,850,50,800,850,0,1.0,0.0,0.058823529411764705,not estimable,0.0,0.0,0.5,not estimable,50,0,800,0,0.0,0.058823529411764705,0.9137988351681362
8,seed257053,SYNFlood,307759,xgboost,850,50,800,850,0,1.0,0.0,0.058823529411764705,not estimable,0.0,0.0,0.5,not estimable,50,0,800,0,0.0,0.04462011292974055,0.8977663277165715
8,seed257053,SYNFlood,333019,hybrid,850,50,800,850,0,1.0,0.0,0.058823529411764705,not estimable,0.0,0.0,0.5,not estimable,50,0,800,0,0.0,0.03101457508571937,0.8975565473274318
8,seed257053,SYNFlood,333019,mlp,850,50,800,850,0,1.0,0.0,0.058823529411764705,not estimable,0.0,0.0,0.5,not estimable,50,0,800,0,1.0,1.0,0.9999999999999999
8,seed257053,SYNFlood,333019,rf,850,50,800,850,0,1.0,0.0,0.058823529411764705,not estimable,0.0,0.0,0.5,not estimable,50,0,800,0,0.0,0.050995923121723935,0.914909257318369
8,seed257053,SYNFlood,333019,xgboost,850,50,800,850,0,1.0,0.0,0.058823529411764705,not estimable,0.0,0.0,0.5,not estimable,50,0,800,0,0.0,0.050995923121723935,0.8977638025788252
8,seed257053,UDPFlood,104729,hybrid,75,55,20,55,20,0.7333333333333333,0.26666666666666666,1.0,1.0,1.0,1.0,1.0,1.0,55,0,0,20,1.0,1.0,1.0
8,seed257053,UDPFlood,104729,mlp,75,55,20,55,20,0.7333333333333333,0.26666666666666666,1.0,1.0,1.0,1.0,1.0,1.0,55,0,0,20,1.0,1.0,1.0
8,seed257053,UDPFlood,104729,rf,75,55,20,69,6,0.92,0.08,0.7866666666666666,0.8333333333333334,0.25,0.38461538461538464,0.615909090909091,0.377871090803229,54,1,15,5,0.9818181818181818,0.9951515151515151,0.9052503052503053
8,seed257053,UDPFlood,104729,xgboost,75,55,20,55,20,0.7333333333333333,0.26666666666666666,1.0,1.0,1.0,1.0,1.0,1.0,55,0,0,20,1.0,1.0,1.0
8,seed257053,UDPFlood,130363,hybrid,75,55,20,55,20,0.7333333333333333,0.26666666666666666,1.0,1.0,1.0,1.0,1.0,1.0,55,0,0,20,1.0,1.0,1.0
8,seed257053,UDPFlood,130363,mlp,75,55,20,56,19,0.7466666666666667,0.25333333333333335,0.9866666666666667,1.0,0.95,0.9743589743589743,0.975,0.9659377383070372,55,0,1,19,0.9972727272727272,0.9990080458262277,0.9934782608695653
8,seed257053,UDPFlood,130363,rf,75,55,20,54,21,0.72,0.28,0.9866666666666667,0.9523809523809523,1.0,0.975609756097561,0.990909090909091,0.9669875568304563,54,1,0,20,1.0,1.0,1.0
8,seed257053,UDPFlood,130363,xgboost,75,55,20,55,20,0.7333333333333333,0.26666666666666666,1.0,1.0,1.0,1.0,1.0,1.0,55,0,0,20,1.0,1.0,1.0
8,seed257053,UDPFlood,155921,hybrid,75,55,20,54,21,0.72,0.28,0.9866666666666667,0.9523809523809523,1.0,0.975609756097561,0.990909090909091,0.9669875568304563,54,1,0,20,1.0,1.0,1.0
8,seed257053,UDPFlood,155921,mlp,75,55,20,52,23,0.6933333333333334,0.30666666666666664,0.96,0.8695652173913043,1.0,0.9302325581395349,0.9727272727272727,0.9067162661780028,52,3,0,20,1.0,1.0,1.0
8,seed257053,UDPFlood,155921,rf,75,55,20,54,21,0.72,0.28,0.9866666666666667,0.9523809523809523,1.0,0.975609756097561,0.990909090909091,0.9669875568304563,54,1,0,20,0.9827272727272728,0.9953316953316953,0.934047619047619
8,seed257053,UDPFlood,155921,xgboost,75,55,20,55,20,0.7333333333333333,0.26666666666666666,1.0,1.0,1.0,1.0,1.0,1.0,55,0,0,20,1.0,1.0,1.0
8,seed257053,UDPFlood,181081,hybrid,75,55,20,55,20,0.7333333333333333,0.26666666666666666,1.0,1.0,1.0,1.0,1.0,1.0,55,0,0,20,0.9999999999999999,1.0,1.0
8,seed257053,UDPFlood,181081,mlp,75,55,20,75,0,1.0,0.0,0.7333333333333333,not estimable,0.0,0.0,0.5,not estimable,55,0,20,0,0.049090909090909095,0.7071312475150024,0.2783333333333333
8,seed257053,UDPFlood,181081,rf,75,55,20,54,21,0.72,0.28,0.9866666666666667,0.9523809523809523,1.0,0.975609756097561,0.990909090909091,0.9669875568304563,54,1,0,20,0.9818181818181818,0.9951515151515151,0.8867179311916153
8,seed257053,UDPFlood,181081,xgboost,75,55,20,55,20,0.7333333333333333,0.26666666666666666,1.0,1.0,1.0,1.0,1.0,1.0,55,0,0,20,1.0,1.0,1.0
8,seed257053,UDPFlood,206369,hybrid,75,55,20,54,21,0.72,0.28,0.9866666666666667,0.9523809523809523,1.0,0.975609756097561,0.990909090909091,0.9669875568304563,54,1,0,20,1.0,1.0,1.0
8,seed257053,UDPFlood,206369,mlp,75,55,20,0,75,0.0,1.0,0.26666666666666666,0.26666666666666666,1.0,0.42105263157894735,0.5,not estimable,0,55,0,20,1.0,1.0,1.0
8,seed257053,UDPFlood,206369,rf,75,55,20,54,21,0.72,0.28,0.9866666666666667,0.9523809523809523,1.0,0.975609756097561,0.990909090909091,0.9669875568304563,54,1,0,20,0.9818181818181818,0.9951515151515151,0.9048412698412698
8,seed257053,UDPFlood,206369,xgboost,75,55,20,55,20,0.7333333333333333,0.26666666666666666,1.0,1.0,1.0,1.0,1.0,1.0,55,0,0,20,1.0,1.0,1.0
8,seed257053,UDPFlood,231701,hybrid,75,55,20,54,21,0.72,0.28,0.9866666666666667,0.9523809523809523,1.0,0.975609756097561,0.990909090909091,0.9669875568304563,54,1,0,20,1.0,1.0,1.0
8,seed257053,UDPFlood,231701,mlp,75,55,20,51,24,0.68,0.32,0.9466666666666667,0.8333333333333334,1.0,0.9090909090909091,0.9636363636363636,0.8790490729915326,51,4,0,20,1.0,1.0,1.0
8,seed257053,UDPFlood,231701,rf,75,55,20,54,21,0.72,0.28,0.9866666666666667,0.9523809523809523,1.0,0.975609756097561,0.990909090909091,0.9669875568304563,54,1,0,20,1.0,1.0,1.0
8,seed257053,UDPFlood,231701,xgboost,75,55,20,55,20,0.7333333333333333,0.26666666666666666,1.0,1.0,1.0,1.0,1.0,1.0,55,0,0,20,1.0,1.0,1.0
8,seed257053,UDPFlood,257053,hybrid,75,55,20,54,21,0.72,0.28,0.9866666666666667,0.9523809523809523,1.0,0.975609756097561,0.990909090909091,0.9669875568304563,54,1,0,20,1.0,1.0,1.0
8,seed257053,UDPFlood,257053,mlp,75,55,20,53,22,0.7066666666666667,0.29333333333333333,0.9733333333333334,0.9090909090909091,1.0,0.9523809523809523,0.9818181818181818,0.9359663764533636,53,2,0,20,1.0,1.0,1.0
8,seed257053,UDPFlood,257053,rf,75,55,20,54,21,0.72,0.28,0.9866666666666667,0.9523809523809523,1.0,0.975609756097561,0.990909090909091,0.9669875568304563,54,1,0,20,0.9818181818181818,0.9951515151515151,0.9224326441102757
8,seed257053,UDPFlood,257053,xgboost,75,55,20,55,20,0.7333333333333333,0.26666666666666666,1.0,1.0,1.0,1.0,1.0,1.0,55,0,0,20,1.0,1.0,1.0
8,seed257053,UDPFlood,282427,hybrid,75,55,20,55,20,0.7333333333333333,0.26666666666666666,1.0,1.0,1.0,1.0,1.0,1.0,55,0,0,20,1.0,1.0,1.0
8,seed257053,UDPFlood,282427,mlp,75,55,20,75,0,1.0,0.0,0.7333333333333333,not estimable,0.0,0.0,0.5,not estimable,55,0,20,0,0.0,0.7041833598217265,0.26666666666666666
8,seed257053,UDPFlood,282427,rf,75,55,20,54,21,0.72,0.28,0.9866666666666667,0.9523809523809523,1.0,0.975609756097561,0.990909090909091,0.9669875568304563,54,1,0,20,0.9818181818181817,0.9951515151515151,0.9042857142857142
8,seed257053,UDPFlood,282427,xgboost,75,55,20,55,20,0.7333333333333333,0.26666666666666666,1.0,1.0,1.0,1.0,1.0,1.0,55,0,0,20,1.0,1.0,1.0
8,seed257053,UDPFlood,307759,hybrid,75,55,20,55,20,0.7333333333333333,0.26666666666666666,1.0,1.0,1.0,1.0,1.0,1.0,55,0,0,20,1.0,1.0,1.0
8,seed257053,UDPFlood,307759,mlp,75,55,20,55,20,0.7333333333333333,0.26666666666666666,1.0,1.0,1.0,1.0,1.0,1.0,55,0,0,20,1.0,1.0,1.0
8,seed257053,UDPFlood,307759,rf,75,55,20,52,23,0.6933333333333334,0.30666666666666664,0.96,0.8695652173913043,1.0,0.9302325581395349,0.9727272727272727,0.9067162661780028,52,3,0,20,0.9818181818181818,0.9951515151515152,0.9069047619047619
8,seed257053,UDPFlood,307759,xgboost,75,55,20,55,20,0.7333333333333333,0.26666666666666666,1.0,1.0,1.0,1.0,1.0,1.0,55,0,0,20,1.0,1.0,1.0
8,seed257053,UDPFlood,333019,hybrid,75,55,20,54,21,0.72,0.28,0.9866666666666667,0.9523809523809523,1.0,0.975609756097561,0.990909090909091,0.9669875568304563,54,1,0,20,1.0,1.0,1.0
8,seed257053,UDPFlood,333019,mlp,75,55,20,75,0,1.0,0.0,0.7333333333333333,not estimable,0.0,0.0,0.5,not estimable,55,0,20,0,0.0,0.5259578278511399,0.25422619047619044
8,seed257053,UDPFlood,333019,rf,75,55,20,54,21,0.72,0.28,0.9866666666666667,0.9523809523809523,1.0,0.975609756097561,0.990909090909091,0.9669875568304563,54,1,0,20,1.0,1.0,0.9999999999999999
8,seed257053,UDPFlood,333019,xgboost,75,55,20,51,24,0.68,0.32,0.9466666666666667,0.8333333333333334,1.0,0.9090909090909091,0.9636363636363636,0.8790490729915326,51,4,0,20,1.0,1.0,1.0
8,seed282427,DNSAmplification,104729,hybrid,60,50,10,50,10,0.8333333333333334,0.16666666666666666,1.0,1.0,1.0,1.0,1.0,1.0,50,0,0,10,1.0,1.0,1.0
8,seed282427,DNSAmplification,104729,mlp,60,50,10,50,10,0.8333333333333334,0.16666666666666666,1.0,1.0,1.0,1.0,1.0,1.0,50,0,0,10,1.0,1.0,1.0
8,seed282427,DNSAmplification,104729,rf,60,50,10,60,0,1.0,0.0,0.8333333333333334,not estimable,0.0,0.0,0.5,not estimable,50,0,10,0,1.0,1.0,1.0
8,seed282427,DNSAmplification,104729,xgboost,60,50,10,50,10,0.8333333333333334,0.16666666666666666,1.0,1.0,1.0,1.0,1.0,1.0,50,0,0,10,1.0,1.0,1.0
8,seed282427,DNSAmplification,130363,hybrid,60,50,10,50,10,0.8333333333333334,0.16666666666666666,1.0,1.0,1.0,1.0,1.0,1.0,50,0,0,10,1.0,1.0,1.0
8,seed282427,DNSAmplification,130363,mlp,60,50,10,50,10,0.8333333333333334,0.16666666666666666,1.0,1.0,1.0,1.0,1.0,1.0,50,0,0,10,1.0,1.0,1.0
8,seed282427,DNSAmplification,130363,rf,60,50,10,50,10,0.8333333333333334,0.16666666666666666,1.0,1.0,1.0,1.0,1.0,1.0,50,0,0,10,1.0,1.0,1.0
8,seed282427,DNSAmplification,130363,xgboost,60,50,10,50,10,0.8333333333333334,0.16666666666666666,1.0,1.0,1.0,1.0,1.0,1.0,50,0,0,10,1.0,1.0,1.0
8,seed282427,DNSAmplification,155921,hybrid,60,50,10,50,10,0.8333333333333334,0.16666666666666666,1.0,1.0,1.0,1.0,1.0,1.0,50,0,0,10,1.0,1.0,1.0
8,seed282427,DNSAmplification,155921,mlp,60,50,10,11,49,0.18333333333333332,0.8166666666666667,0.35,0.20408163265306123,1.0,0.3389830508474576,0.61,0.21189138534559038,11,39,0,10,1.0,1.0,1.0
8,seed282427,DNSAmplification,155921,rf,60,50,10,50,10,0.8333333333333334,0.16666666666666666,1.0,1.0,1.0,1.0,1.0,1.0,50,0,0,10,1.0,1.0,1.0
8,seed282427,DNSAmplification,155921,xgboost,60,50,10,50,10,0.8333333333333334,0.16666666666666666,1.0,1.0,1.0,1.0,1.0,1.0,50,0,0,10,1.0,1.0,1.0
8,seed282427,DNSAmplification,181081,hybrid,60,50,10,50,10,0.8333333333333334,0.16666666666666666,1.0,1.0,1.0,1.0,1.0,1.0,50,0,0,10,1.0,1.0,0.9999999999999999
8,seed282427,DNSAmplification,181081,mlp,60,50,10,60,0,1.0,0.0,0.8333333333333334,not estimable,0.0,0.0,0.5,not estimable,50,0,10,0,0.0,0.8333333333333334,0.16666666666666666
8,seed282427,DNSAmplification,181081,rf,60,50,10,50,10,0.8333333333333334,0.16666666666666666,1.0,1.0,1.0,1.0,1.0,1.0,50,0,0,10,1.0,1.0,1.0
8,seed282427,DNSAmplification,181081,xgboost,60,50,10,50,10,0.8333333333333334,0.16666666666666666,1.0,1.0,1.0,1.0,1.0,1.0,50,0,0,10,1.0,1.0,1.0
8,seed282427,DNSAmplification,206369,hybrid,60,50,10,50,10,0.8333333333333334,0.16666666666666666,1.0,1.0,1.0,1.0,1.0,1.0,50,0,0,10,1.0,1.0,1.0
8,seed282427,DNSAmplification,206369,mlp,60,50,10,0,60,0.0,1.0,0.16666666666666666,0.16666666666666666,1.0,0.2857142857142857,0.5,not estimable,0,50,0,10,1.0,1.0,1.0
8,seed282427,DNSAmplification,206369,rf,60,50,10,50,10,0.8333333333333334,0.16666666666666666,1.0,1.0,1.0,1.0,1.0,1.0,50,0,0,10,1.0,1.0,1.0
8,seed282427,DNSAmplification,206369,xgboost,60,50,10,50,10,0.8333333333333334,0.16666666666666666,1.0,1.0,1.0,1.0,1.0,1.0,50,0,0,10,1.0,1.0,1.0
8,seed282427,DNSAmplification,231701,hybrid,60,50,10,50,10,0.8333333333333334,0.16666666666666666,1.0,1.0,1.0,1.0,1.0,1.0,50,0,0,10,1.0,1.0,1.0
8,seed282427,DNSAmplification,231701,mlp,60,50,10,50,10,0.8333333333333334,0.16666666666666666,1.0,1.0,1.0,1.0,1.0,1.0,50,0,0,10,1.0,1.0,1.0
8,seed282427,DNSAmplification,231701,rf,60,50,10,56,4,0.9333333333333333,0.06666666666666667,0.9,1.0,0.4,0.5714285714285714,0.7,0.5976143046671968,50,0,6,4,1.0,1.0,1.0
8,seed282427,DNSAmplification,231701,xgboost,60,50,10,50,10,0.8333333333333334,0.16666666666666666,1.0,1.0,1.0,1.0,1.0,1.0,50,0,0,10,1.0,1.0,1.0
8,seed282427,DNSAmplification,257053,hybrid,60,50,10,50,10,0.8333333333333334,0.16666666666666666,1.0,1.0,1.0,1.0,1.0,1.0,50,0,0,10,1.0,1.0,1.0
8,seed282427,DNSAmplification,257053,mlp,60,50,10,50,10,0.8333333333333334,0.16666666666666666,1.0,1.0,1.0,1.0,1.0,1.0,50,0,0,10,1.0,1.0,1.0
8,seed282427,DNSAmplification,257053,rf,60,50,10,50,10,0.8333333333333334,0.16666666666666666,1.0,1.0,1.0,1.0,1.0,1.0,50,0,0,10,1.0,1.0,1.0
8,seed282427,DNSAmplification,257053,xgboost,60,50,10,50,10,0.8333333333333334,0.16666666666666666,1.0,1.0,1.0,1.0,1.0,1.0,50,0,0,10,1.0,1.0,1.0
8,seed282427,DNSAmplification,282427,hybrid,60,50,10,50,10,0.8333333333333334,0.16666666666666666,1.0,1.0,1.0,1.0,1.0,1.0,50,0,0,10,1.0,1.0,1.0
8,seed282427,DNSAmplification,282427,mlp,60,50,10,60,0,1.0,0.0,0.8333333333333334,not estimable,0.0,0.0,0.5,not estimable,50,0,10,0,0.0,0.8333333333333334,0.16666666666666666
8,seed282427,DNSAmplification,282427,rf,60,50,10,50,10,0.8333333333333334,0.16666666666666666,1.0,1.0,1.0,1.0,1.0,1.0,50,0,0,10,1.0,1.0,0.9999999999999999
8,seed282427,DNSAmplification,282427,xgboost,60,50,10,50,10,0.8333333333333334,0.16666666666666666,1.0,1.0,1.0,1.0,1.0,1.0,50,0,0,10,1.0,1.0,1.0
8,seed282427,DNSAmplification,307759,hybrid,60,50,10,50,10,0.8333333333333334,0.16666666666666666,1.0,1.0,1.0,1.0,1.0,1.0,50,0,0,10,1.0,1.0,1.0
8,seed282427,DNSAmplification,307759,mlp,60,50,10,50,10,0.8333333333333334,0.16666666666666666,1.0,1.0,1.0,1.0,1.0,1.0,50,0,0,10,1.0,1.0,1.0
8,seed282427,DNSAmplification,307759,rf,60,50,10,50,10,0.8333333333333334,0.16666666666666666,1.0,1.0,1.0,1.0,1.0,1.0,50,0,0,10,1.0,1.0,1.0
8,seed282427,DNSAmplification,307759,xgboost,60,50,10,50,10,0.8333333333333334,0.16666666666666666,1.0,1.0,1.0,1.0,1.0,1.0,50,0,0,10,1.0,1.0,1.0
8,seed282427,DNSAmplification,333019,hybrid,60,50,10,50,10,0.8333333333333334,0.16666666666666666,1.0,1.0,1.0,1.0,1.0,1.0,50,0,0,10,1.0,1.0,1.0
8,seed282427,DNSAmplification,333019,mlp,60,50,10,60,0,1.0,0.0,0.8333333333333334,not estimable,0.0,0.0,0.5,not estimable,50,0,10,0,0.0,0.6547581152310992,0.16666666666666666
8,seed282427,DNSAmplification,333019,rf,60,50,10,50,10,0.8333333333333334,0.16666666666666666,1.0,1.0,1.0,1.0,1.0,1.0,50,0,0,10,1.0,1.0,1.0
8,seed282427,DNSAmplification,333019,xgboost,60,50,10,50,10,0.8333333333333334,0.16666666666666666,1.0,1.0,1.0,1.0,1.0,1.0,50,0,0,10,1.0,1.0,1.0
8,seed282427,Normal,104729,hybrid,50,50,0,50,0,1.0,0.0,1.0,not estimable,not estimable,not estimable,not estimable,not estimable,50,0,0,0,not estimable,not estimable,not estimable
8,seed282427,Normal,104729,mlp,50,50,0,50,0,1.0,0.0,1.0,not estimable,not estimable,not estimable,not estimable,not estimable,50,0,0,0,not estimable,not estimable,not estimable
8,seed282427,Normal,104729,rf,50,50,0,50,0,1.0,0.0,1.0,not estimable,not estimable,not estimable,not estimable,not estimable,50,0,0,0,not estimable,not estimable,not estimable
8,seed282427,Normal,104729,xgboost,50,50,0,50,0,1.0,0.0,1.0,not estimable,not estimable,not estimable,not estimable,not estimable,50,0,0,0,not estimable,not estimable,not estimable
8,seed282427,Normal,130363,hybrid,50,50,0,50,0,1.0,0.0,1.0,not estimable,not estimable,not estimable,not estimable,not estimable,50,0,0,0,not estimable,not estimable,not estimable
8,seed282427,Normal,130363,mlp,50,50,0,50,0,1.0,0.0,1.0,not estimable,not estimable,not estimable,not estimable,not estimable,50,0,0,0,not estimable,not estimable,not estimable
8,seed282427,Normal,130363,rf,50,50,0,50,0,1.0,0.0,1.0,not estimable,not estimable,not estimable,not estimable,not estimable,50,0,0,0,not estimable,not estimable,not estimable
8,seed282427,Normal,130363,xgboost,50,50,0,50,0,1.0,0.0,1.0,not estimable,not estimable,not estimable,not estimable,not estimable,50,0,0,0,not estimable,not estimable,not estimable
8,seed282427,Normal,155921,hybrid,50,50,0,50,0,1.0,0.0,1.0,not estimable,not estimable,not estimable,not estimable,not estimable,50,0,0,0,not estimable,not estimable,not estimable
8,seed282427,Normal,155921,mlp,50,50,0,10,40,0.2,0.8,0.2,0.0,not estimable,0.0,not estimable,not estimable,10,40,0,0,not estimable,not estimable,not estimable
8,seed282427,Normal,155921,rf,50,50,0,50,0,1.0,0.0,1.0,not estimable,not estimable,not estimable,not estimable,not estimable,50,0,0,0,not estimable,not estimable,not estimable
8,seed282427,Normal,155921,xgboost,50,50,0,50,0,1.0,0.0,1.0,not estimable,not estimable,not estimable,not estimable,not estimable,50,0,0,0,not estimable,not estimable,not estimable
8,seed282427,Normal,181081,hybrid,50,50,0,50,0,1.0,0.0,1.0,not estimable,not estimable,not estimable,not estimable,not estimable,50,0,0,0,not estimable,not estimable,not estimable
8,seed282427,Normal,181081,mlp,50,50,0,50,0,1.0,0.0,1.0,not estimable,not estimable,not estimable,not estimable,not estimable,50,0,0,0,not estimable,not estimable,not estimable
8,seed282427,Normal,181081,rf,50,50,0,50,0,1.0,0.0,1.0,not estimable,not estimable,not estimable,not estimable,not estimable,50,0,0,0,not estimable,not estimable,not estimable
8,seed282427,Normal,181081,xgboost,50,50,0,50,0,1.0,0.0,1.0,not estimable,not estimable,not estimable,not estimable,not estimable,50,0,0,0,not estimable,not estimable,not estimable
8,seed282427,Normal,206369,hybrid,50,50,0,50,0,1.0,0.0,1.0,not estimable,not estimable,not estimable,not estimable,not estimable,50,0,0,0,not estimable,not estimable,not estimable
8,seed282427,Normal,206369,mlp,50,50,0,0,50,0.0,1.0,0.0,0.0,not estimable,0.0,not estimable,not estimable,0,50,0,0,not estimable,not estimable,not estimable
8,seed282427,Normal,206369,rf,50,50,0,50,0,1.0,0.0,1.0,not estimable,not estimable,not estimable,not estimable,not estimable,50,0,0,0,not estimable,not estimable,not estimable
8,seed282427,Normal,206369,xgboost,50,50,0,50,0,1.0,0.0,1.0,not estimable,not estimable,not estimable,not estimable,not estimable,50,0,0,0,not estimable,not estimable,not estimable
8,seed282427,Normal,231701,hybrid,50,50,0,50,0,1.0,0.0,1.0,not estimable,not estimable,not estimable,not estimable,not estimable,50,0,0,0,not estimable,not estimable,not estimable
8,seed282427,Normal,231701,mlp,50,50,0,50,0,1.0,0.0,1.0,not estimable,not estimable,not estimable,not estimable,not estimable,50,0,0,0,not estimable,not estimable,not estimable
8,seed282427,Normal,231701,rf,50,50,0,50,0,1.0,0.0,1.0,not estimable,not estimable,not estimable,not estimable,not estimable,50,0,0,0,not estimable,not estimable,not estimable
8,seed282427,Normal,231701,xgboost,50,50,0,50,0,1.0,0.0,1.0,not estimable,not estimable,not estimable,not estimable,not estimable,50,0,0,0,not estimable,not estimable,not estimable
8,seed282427,Normal,257053,hybrid,50,50,0,50,0,1.0,0.0,1.0,not estimable,not estimable,not estimable,not estimable,not estimable,50,0,0,0,not estimable,not estimable,not estimable
8,seed282427,Normal,257053,mlp,50,50,0,50,0,1.0,0.0,1.0,not estimable,not estimable,not estimable,not estimable,not estimable,50,0,0,0,not estimable,not estimable,not estimable
8,seed282427,Normal,257053,rf,50,50,0,50,0,1.0,0.0,1.0,not estimable,not estimable,not estimable,not estimable,not estimable,50,0,0,0,not estimable,not estimable,not estimable
8,seed282427,Normal,257053,xgboost,50,50,0,50,0,1.0,0.0,1.0,not estimable,not estimable,not estimable,not estimable,not estimable,50,0,0,0,not estimable,not estimable,not estimable
8,seed282427,Normal,282427,hybrid,50,50,0,50,0,1.0,0.0,1.0,not estimable,not estimable,not estimable,not estimable,not estimable,50,0,0,0,not estimable,not estimable,not estimable
8,seed282427,Normal,282427,mlp,50,50,0,50,0,1.0,0.0,1.0,not estimable,not estimable,not estimable,not estimable,not estimable,50,0,0,0,not estimable,not estimable,not estimable
8,seed282427,Normal,282427,rf,50,50,0,50,0,1.0,0.0,1.0,not estimable,not estimable,not estimable,not estimable,not estimable,50,0,0,0,not estimable,not estimable,not estimable
8,seed282427,Normal,282427,xgboost,50,50,0,50,0,1.0,0.0,1.0,not estimable,not estimable,not estimable,not estimable,not estimable,50,0,0,0,not estimable,not estimable,not estimable
8,seed282427,Normal,307759,hybrid,50,50,0,50,0,1.0,0.0,1.0,not estimable,not estimable,not estimable,not estimable,not estimable,50,0,0,0,not estimable,not estimable,not estimable
8,seed282427,Normal,307759,mlp,50,50,0,50,0,1.0,0.0,1.0,not estimable,not estimable,not estimable,not estimable,not estimable,50,0,0,0,not estimable,not estimable,not estimable
8,seed282427,Normal,307759,rf,50,50,0,50,0,1.0,0.0,1.0,not estimable,not estimable,not estimable,not estimable,not estimable,50,0,0,0,not estimable,not estimable,not estimable
8,seed282427,Normal,307759,xgboost,50,50,0,50,0,1.0,0.0,1.0,not estimable,not estimable,not estimable,not estimable,not estimable,50,0,0,0,not estimable,not estimable,not estimable
8,seed282427,Normal,333019,hybrid,50,50,0,50,0,1.0,0.0,1.0,not estimable,not estimable,not estimable,not estimable,not estimable,50,0,0,0,not estimable,not estimable,not estimable
8,seed282427,Normal,333019,mlp,50,50,0,50,0,1.0,0.0,1.0,not estimable,not estimable,not estimable,not estimable,not estimable,50,0,0,0,not estimable,not estimable,not estimable
8,seed282427,Normal,333019,rf,50,50,0,50,0,1.0,0.0,1.0,not estimable,not estimable,not estimable,not estimable,not estimable,50,0,0,0,not estimable,not estimable,not estimable
8,seed282427,Normal,333019,xgboost,50,50,0,50,0,1.0,0.0,1.0,not estimable,not estimable,not estimable,not estimable,not estimable,50,0,0,0,not estimable,not estimable,not estimable
8,seed282427,SYNFlood,104729,hybrid,850,50,800,850,0,1.0,0.0,0.058823529411764705,not estimable,0.0,0.0,0.5,not estimable,50,0,800,0,0.0,0.058823529411764705,0.8992848989890517
8,seed282427,SYNFlood,104729,mlp,850,50,800,850,0,1.0,0.0,0.058823529411764705,not estimable,0.0,0.0,0.5,not estimable,50,0,800,0,1.0,1.0,1.0
8,seed282427,SYNFlood,104729,rf,850,50,800,850,0,1.0,0.0,0.058823529411764705,not estimable,0.0,0.0,0.5,not estimable,50,0,800,0,0.0,0.058823529411764705,0.9150326797385621
8,seed282427,SYNFlood,104729,xgboost,850,50,800,850,0,1.0,0.0,0.058823529411764705,not estimable,0.0,0.0,0.5,not estimable,50,0,800,0,0.0,0.058823529411764705,0.8994199673657922
8,seed282427,SYNFlood,130363,hybrid,850,50,800,850,0,1.0,0.0,0.058823529411764705,not estimable,0.0,0.0,0.5,not estimable,50,0,800,0,0.0,0.030594048341956906,0.8842949354345802
8,seed282427,SYNFlood,130363,mlp,850,50,800,850,0,1.0,0.0,0.058823529411764705,not estimable,0.0,0.0,0.5,not estimable,50,0,800,0,1.0,1.0,0.9999999999999999
8,seed282427,SYNFlood,130363,rf,850,50,800,850,0,1.0,0.0,0.058823529411764705,not estimable,0.0,0.0,0.5,not estimable,50,0,800,0,0.0,0.04698837618879887,0.9144150171195264
8,seed282427,SYNFlood,130363,xgboost,850,50,800,850,0,1.0,0.0,0.058823529411764705,not estimable,0.0,0.0,0.5,not estimable,50,0,800,0,0.0,0.045050215208034435,0.8994933998807041
8,seed282427,SYNFlood,155921,hybrid,850,50,800,850,0,1.0,0.0,0.058823529411764705,not estimable,0.0,0.0,0.5,not estimable,50,0,800,0,0.0,0.030594048341956906,0.8844181408115109
8,seed282427,SYNFlood,155921,mlp,850,50,800,812,38,0.9552941176470588,0.04470588235294118,0.01411764705882353,0.0,0.0,0.0,0.12,-0.8653140891643936,12,38,800,0,0.0,0.030594048341956906,0.8837455883728021
8,seed282427,SYNFlood,155921,rf,850,50,800,850,0,1.0,0.0,0.058823529411764705,not estimable,0.0,0.0,0.5,not estimable,50,0,800,0,0.0,0.05767202761254314,0.9144162627597856
8,seed282427,SYNFlood,155921,xgboost,850,50,800,850,0,1.0,0.0,0.058823529411764705,not estimable,0.0,0.0,0.5,not estimable,50,0,800,0,0.0,0.058823529411764705,0.8994199673657922
8,seed282427,SYNFlood,181081,hybrid,850,50,800,850,0,1.0,0.0,0.058823529411764705,not estimable,0.0,0.0,0.5,not estimable,50,0,800,0,0.0,0.058823529411764705,0.8992848989890517
8,seed282427,SYNFlood,181081,mlp,850,50,800,850,0,1.0,0.0,0.058823529411764705,not estimable,0.0,0.0,0.5,not estimable,50,0,800,0,1.0,1.0,1.0
8,seed282427,SYNFlood,181081,rf,850,50,800,850,0,1.0,0.0,0.058823529411764705,not estimable,0.0,0.0,0.5,not estimable,50,0,800,0,0.0,0.058823529411764705,0.8996900290941873
8,seed282427,SYNFlood,181081,xgboost,850,50,800,850,0,1.0,0.0,0.058823529411764705,not estimable,0.0,0.0,0.5,not estimable,50,0,800,0,0.0,0.058823529411764705,0.8994199673657922
8,seed282427,SYNFlood,206369,hybrid,850,50,800,850,0,1.0,0.0,0.058823529411764705,not estimable,0.0,0.0,0.5,not estimable,50,0,800,0,0.0,0.030594048341956906,0.8837455883728021
8,seed282427,SYNFlood,206369,mlp,850,50,800,800,50,0.9411764705882353,0.058823529411764705,0.0,0.0,0.0,0.0,0.0,-1.0,0,50,800,0,0.0,0.030594048341956906,0.8837455883728021
8,seed282427,SYNFlood,206369,rf,850,50,800,850,0,1.0,0.0,0.058823529411764705,not estimable,0.0,0.0,0.5,not estimable,50,0,800,0,0.0,0.058823529411764705,0.9150326797385621
8,seed282427,SYNFlood,206369,xgboost,850,50,800,850,0,1.0,0.0,0.058823529411764705,not estimable,0.0,0.0,0.5,not estimable,50,0,800,0,0.0,0.058823529411764705,0.8994199673657922
8,seed282427,SYNFlood,231701,hybrid,850,50,800,850,0,1.0,0.0,0.058823529411764705,not estimable,0.0,0.0,0.5,not estimable,50,0,800,0,0.0,0.030594048341956906,0.8837406368972625
8,seed282427,SYNFlood,231701,mlp,850,50,800,850,0,1.0,0.0,0.058823529411764705,not estimable,0.0,0.0,0.5,not estimable,50,0,800,0,0.5,0.05884595137542516,0.9703809800427242
8,seed282427,SYNFlood,231701,rf,850,50,800,850,0,1.0,0.0,0.058823529411764705,not estimable,0.0,0.0,0.5,not estimable,50,0,800,0,0.0,0.05767202761254314,0.9150326797385621
8,seed282427,SYNFlood,231701,xgboost,850,50,800,850,0,1.0,0.0,0.058823529411764705,not estimable,0.0,0.0,0.5,not estimable,50,0,800,0,0.0,0.058823529411764705,0.8994199673657922
8,seed282427,SYNFlood,257053,hybrid,850,50,800,850,0,1.0,0.0,0.058823529411764705,not estimable,0.0,0.0,0.5,not estimable,50,0,800,0,0.0,0.030594048341956906,0.8837455883728021
8,seed282427,SYNFlood,257053,mlp,850,50,800,850,0,1.0,0.0,0.058823529411764705,not estimable,0.0,0.0,0.5,not estimable,50,0,800,0,0.6799999999999999,0.41055076382483324,0.9806307647036016
8,seed282427,SYNFlood,257053,rf,850,50,800,850,0,1.0,0.0,0.058823529411764705,not estimable,0.0,0.0,0.5,not estimable,50,0,800,0,0.0,0.05660779980127729,0.9150326797385621
8,seed282427,SYNFlood,257053,xgboost,850,50,800,850,0,1.0,0.0,0.058823529411764705,not estimable,0.0,0.0,0.5,not estimable,50,0,800,0,0.0,0.058823529411764705,0.8994199673657922
8,seed282427,SYNFlood,282427,hybrid,850,50,800,850,0,1.0,0.0,0.058823529411764705,not estimable,0.0,0.0,0.5,not estimable,50,0,800,0,0.0,0.058823529411764705,0.8837455883728021
8,seed282427,SYNFlood,282427,mlp,850,50,800,850,0,1.0,0.0,0.058823529411764705,not estimable,0.0,0.0,0.5,not estimable,50,0,800,0,1.0,1.0,0.9999999999999999
8,seed282427,SYNFlood,282427,rf,850,50,800,850,0,1.0,0.0,0.058823529411764705,not estimable,0.0,0.0,0.5,not estimable,50,0,800,0,0.0,0.058823529411764705,0.9150326797385621
8,seed282427,SYNFlood,282427,xgboost,850,50,800,850,0,1.0,0.0,0.058823529411764705,not estimable,0.0,0.0,0.5,not estimable,50,0,800,0,0.0,0.058823529411764705,0.8994199673657922
8,seed282427,SYNFlood,307759,hybrid,850,50,800,850,0,1.0,0.0,0.058823529411764705,not estimable,0.0,0.0,0.5,not estimable,50,0,800,0,0.0,0.030594048341956906,0.8864122205265543
8,seed282427,SYNFlood,307759,mlp,850,50,800,850,0,1.0,0.0,0.058823529411764705,not estimable,0.0,0.0,0.5,not estimable,50,0,800,0,1.0,1.0,1.0
8,seed282427,SYNFlood,307759,rf,850,50,800,850,0,1.0,0.0,0.058823529411764705,not estimable,0.0,0.0,0.5,not estimable,50,0,800,0,0.0,0.058823529411764705,0.9144150171195264
8,seed282427,SYNFlood,307759,xgboost,850,50,800,850,0,1.0,0.0,0.058823529411764705,not estimable,0.0,0.0,0.5,not estimable,50,0,800,0,0.0,0.045050215208034435,0.8994933998807041
8,seed282427,SYNFlood,333019,hybrid,850,50,800,850,0,1.0,0.0,0.058823529411764705,not estimable,0.0,0.0,0.5,not estimable,50,0,800,0,0.0,0.031065479972726514,0.8992848989890516
8,seed282427,SYNFlood,333019,mlp,850,50,800,850,0,1.0,0.0,0.058823529411764705,not estimable,0.0,0.0,0.5,not estimable,50,0,800,0,1.0,1.0,1.0
8,seed282427,SYNFlood,333019,rf,850,50,800,850,0,1.0,0.0,0.058823529411764705,not estimable,0.0,0.0,0.5,not estimable,50,0,800,0,0.0,0.050995923121723935,0.9150326797385621
8,seed282427,SYNFlood,333019,xgboost,850,50,800,850,0,1.0,0.0,0.058823529411764705,not estimable,0.0,0.0,0.5,not estimable,50,0,800,0,0.0,0.050995923121723935,0.899492154240445
8,seed282427,UDPFlood,104729,hybrid,70,50,20,50,20,0.7142857142857143,0.2857142857142857,1.0,1.0,1.0,1.0,1.0,1.0,50,0,0,20,1.0,1.0,1.0
8,seed282427,UDPFlood,104729,mlp,70,50,20,50,20,0.7142857142857143,0.2857142857142857,1.0,1.0,1.0,1.0,1.0,1.0,50,0,0,20,1.0,1.0,1.0
8,seed282427,UDPFlood,104729,rf,70,50,20,67,3,0.9571428571428572,0.04285714285714286,0.7571428571428571,1.0,0.15,0.2608695652173913,0.575,0.3345748025591029,50,0,17,3,1.0,1.0,1.0
8,seed282427,UDPFlood,104729,xgboost,70,50,20,50,20,0.7142857142857143,0.2857142857142857,1.0,1.0,1.0,1.0,1.0,1.0,50,0,0,20,1.0,1.0,1.0
8,seed282427,UDPFlood,130363,hybrid,70,50,20,50,20,0.7142857142857143,0.2857142857142857,1.0,1.0,1.0,1.0,1.0,1.0,50,0,0,20,1.0,1.0,1.0
8,seed282427,UDPFlood,130363,mlp,70,50,20,50,20,0.7142857142857143,0.2857142857142857,1.0,1.0,1.0,1.0,1.0,1.0,50,0,0,20,1.0,1.0,1.0
8,seed282427,UDPFlood,130363,rf,70,50,20,50,20,0.7142857142857143,0.2857142857142857,1.0,1.0,1.0,1.0,1.0,1.0,50,0,0,20,1.0,1.0,1.0
8,seed282427,UDPFlood,130363,xgboost,70,50,20,50,20,0.7142857142857143,0.2857142857142857,1.0,1.0,1.0,1.0,1.0,1.0,50,0,0,20,1.0,1.0,1.0
8,seed282427,UDPFlood,155921,hybrid,70,50,20,50,20,0.7142857142857143,0.2857142857142857,1.0,1.0,1.0,1.0,1.0,1.0,50,0,0,20,1.0,1.0,1.0
8,seed282427,UDPFlood,155921,mlp,70,50,20,50,20,0.7142857142857143,0.2857142857142857,1.0,1.0,1.0,1.0,1.0,1.0,50,0,0,20,1.0,1.0,1.0
8,seed282427,UDPFlood,155921,rf,70,50,20,50,20,0.7142857142857143,0.2857142857142857,1.0,1.0,1.0,1.0,1.0,1.0,50,0,0,20,1.0,1.0,1.0
8,seed282427,UDPFlood,155921,xgboost,70,50,20,50,20,0.7142857142857143,0.2857142857142857,1.0,1.0,1.0,1.0,1.0,1.0,50,0,0,20,1.0,1.0,1.0
8,seed282427,UDPFlood,181081,hybrid,70,50,20,50,20,0.7142857142857143,0.2857142857142857,1.0,1.0,1.0,1.0,1.0,1.0,50,0,0,20,1.0,1.0,1.0
8,seed282427,UDPFlood,181081,mlp,70,50,20,70,0,1.0,0.0,0.7142857142857143,not estimable,0.0,0.0,0.5,not estimable,50,0,20,0,0.0,0.7142857142857143,0.27240896358543415
8,seed282427,UDPFlood,181081,rf,70,50,20,50,20,0.7142857142857143,0.2857142857142857,1.0,1.0,1.0,1.0,1.0,1.0,50,0,0,20,1.0,1.0,1.0
8,seed282427,UDPFlood,181081,xgboost,70,50,20,50,20,0.7142857142857143,0.2857142857142857,1.0,1.0,1.0,1.0,1.0,1.0,50,0,0,20,1.0,1.0,1.0
8,seed282427,UDPFlood,206369,hybrid,70,50,20,50,20,0.7142857142857143,0.2857142857142857,1.0,1.0,1.0,1.0,1.0,1.0,50,0,0,20,1.0,1.0,1.0
8,seed282427,UDPFlood,206369,mlp,70,50,20,0,70,0.0,1.0,0.2857142857142857,0.2857142857142857,1.0,0.4444444444444444,0.5,not estimable,0,50,0,20,1.0,1.0,1.0
8,seed282427,UDPFlood,206369,rf,70,50,20,50,20,0.7142857142857143,0.2857142857142857,1.0,1.0,1.0,1.0,1.0,1.0,50,0,0,20,1.0,1.0,1.0
8,seed282427,UDPFlood,206369,xgboost,70,50,20,50,20,0.7142857142857143,0.2857142857142857,1.0,1.0,1.0,1.0,1.0,1.0,50,0,0,20,1.0,1.0,1.0
8,seed282427,UDPFlood,231701,hybrid,70,50,20,50,20,0.7142857142857143,0.2857142857142857,1.0,1.0,1.0,1.0,1.0,1.0,50,0,0,20,1.0,1.0,1.0
8,seed282427,UDPFlood,231701,mlp,70,50,20,50,20,0.7142857142857143,0.2857142857142857,1.0,1.0,1.0,1.0,1.0,1.0,50,0,0,20,1.0,1.0,1.0
8,seed282427,UDPFlood,231701,rf,70,50,20,50,20,0.7142857142857143,0.2857142857142857,1.0,1.0,1.0,1.0,1.0,1.0,50,0,0,20,1.0,1.0,1.0
8,seed282427,UDPFlood,231701,xgboost,70,50,20,50,20,0.7142857142857143,0.2857142857142857,1.0,1.0,1.0,1.0,1.0,1.0,50,0,0,20,1.0,1.0,1.0
8,seed282427,UDPFlood,257053,hybrid,70,50,20,50,20,0.7142857142857143,0.2857142857142857,1.0,1.0,1.0,1.0,1.0,1.0,50,0,0,20,1.0,1.0,1.0
8,seed282427,UDPFlood,257053,mlp,70,50,20,50,20,0.7142857142857143,0.2857142857142857,1.0,1.0,1.0,1.0,1.0,1.0,50,0,0,20,1.0,1.0,1.0
8,seed282427,UDPFlood,257053,rf,70,50,20,50,20,0.7142857142857143,0.2857142857142857,1.0,1.0,1.0,1.0,1.0,1.0,50,0,0,20,1.0,1.0,1.0
8,seed282427,UDPFlood,257053,xgboost,70,50,20,50,20,0.7142857142857143,0.2857142857142857,1.0,1.0,1.0,1.0,1.0,1.0,50,0,0,20,1.0,1.0,1.0
8,seed282427,UDPFlood,282427,hybrid,70,50,20,50,20,0.7142857142857143,0.2857142857142857,1.0,1.0,1.0,1.0,1.0,1.0,50,0,0,20,1.0,1.0,1.0
8,seed282427,UDPFlood,282427,mlp,70,50,20,70,0,1.0,0.0,0.7142857142857143,not estimable,0.0,0.0,0.5,not estimable,50,0,20,0,0.0,0.7142857142857143,0.2857142857142857
8,seed282427,UDPFlood,282427,rf,70,50,20,50,20,0.7142857142857143,0.2857142857142857,1.0,1.0,1.0,1.0,1.0,1.0,50,0,0,20,1.0,1.0,1.0
8,seed282427,UDPFlood,282427,xgboost,70,50,20,50,20,0.7142857142857143,0.2857142857142857,1.0,1.0,1.0,1.0,1.0,1.0,50,0,0,20,1.0,1.0,1.0
8,seed282427,UDPFlood,307759,hybrid,70,50,20,50,20,0.7142857142857143,0.2857142857142857,1.0,1.0,1.0,1.0,1.0,1.0,50,0,0,20,1.0,1.0,1.0
8,seed282427,UDPFlood,307759,mlp,70,50,20,50,20,0.7142857142857143,0.2857142857142857,1.0,1.0,1.0,1.0,1.0,1.0,50,0,0,20,1.0,1.0,1.0
8,seed282427,UDPFlood,307759,rf,70,50,20,50,20,0.7142857142857143,0.2857142857142857,1.0,1.0,1.0,1.0,1.0,1.0,50,0,0,20,1.0,1.0,1.0
8,seed282427,UDPFlood,307759,xgboost,70,50,20,50,20,0.7142857142857143,0.2857142857142857,1.0,1.0,1.0,1.0,1.0,1.0,50,0,0,20,1.0,1.0,1.0
8,seed282427,UDPFlood,333019,hybrid,70,50,20,50,20,0.7142857142857143,0.2857142857142857,1.0,1.0,1.0,1.0,1.0,1.0,50,0,0,20,1.0,1.0,1.0
8,seed282427,UDPFlood,333019,mlp,70,50,20,70,0,1.0,0.0,0.7142857142857143,not estimable,0.0,0.0,0.5,not estimable,50,0,20,0,0.0,0.5059611598022441,0.2857142857142857
8,seed282427,UDPFlood,333019,rf,70,50,20,50,20,0.7142857142857143,0.2857142857142857,1.0,1.0,1.0,1.0,1.0,1.0,50,0,0,20,1.0,1.0,1.0
8,seed282427,UDPFlood,333019,xgboost,70,50,20,50,20,0.7142857142857143,0.2857142857142857,1.0,1.0,1.0,1.0,1.0,1.0,50,0,0,20,1.0,1.0,1.0
8,seed307759,DNSAmplification,104729,hybrid,60,50,10,50,10,0.8333333333333334,0.16666666666666666,1.0,1.0,1.0,1.0,1.0,1.0,50,0,0,10,1.0,1.0,1.0
8,seed307759,DNSAmplification,104729,mlp,60,50,10,50,10,0.8333333333333334,0.16666666666666666,1.0,1.0,1.0,1.0,1.0,1.0,50,0,0,10,1.0,1.0,1.0
8,seed307759,DNSAmplification,104729,rf,60,50,10,60,0,1.0,0.0,0.8333333333333334,not estimable,0.0,0.0,0.5,not estimable,50,0,10,0,1.0,1.0,1.0
8,seed307759,DNSAmplification,104729,xgboost,60,50,10,50,10,0.8333333333333334,0.16666666666666666,1.0,1.0,1.0,1.0,1.0,1.0,50,0,0,10,1.0,1.0,1.0
8,seed307759,DNSAmplification,130363,hybrid,60,50,10,50,10,0.8333333333333334,0.16666666666666666,1.0,1.0,1.0,1.0,1.0,1.0,50,0,0,10,1.0,1.0,1.0
8,seed307759,DNSAmplification,130363,mlp,60,50,10,50,10,0.8333333333333334,0.16666666666666666,1.0,1.0,1.0,1.0,1.0,1.0,50,0,0,10,1.0,1.0,1.0
8,seed307759,DNSAmplification,130363,rf,60,50,10,50,10,0.8333333333333334,0.16666666666666666,1.0,1.0,1.0,1.0,1.0,1.0,50,0,0,10,1.0,1.0,1.0
8,seed307759,DNSAmplification,130363,xgboost,60,50,10,50,10,0.8333333333333334,0.16666666666666666,1.0,1.0,1.0,1.0,1.0,1.0,50,0,0,10,1.0,1.0,1.0
8,seed307759,DNSAmplification,155921,hybrid,60,50,10,50,10,0.8333333333333334,0.16666666666666666,1.0,1.0,1.0,1.0,1.0,1.0,50,0,0,10,1.0,1.0,1.0
8,seed307759,DNSAmplification,155921,mlp,60,50,10,11,49,0.18333333333333332,0.8166666666666667,0.35,0.20408163265306123,1.0,0.3389830508474576,0.61,0.21189138534559038,11,39,0,10,1.0,1.0,1.0
8,seed307759,DNSAmplification,155921,rf,60,50,10,50,10,0.8333333333333334,0.16666666666666666,1.0,1.0,1.0,1.0,1.0,1.0,50,0,0,10,1.0,1.0,1.0
8,seed307759,DNSAmplification,155921,xgboost,60,50,10,50,10,0.8333333333333334,0.16666666666666666,1.0,1.0,1.0,1.0,1.0,1.0,50,0,0,10,1.0,1.0,1.0
8,seed307759,DNSAmplification,181081,hybrid,60,50,10,51,9,0.85,0.15,0.9833333333333333,1.0,0.9,0.9473684210526315,0.95,0.9393364366277243,50,0,1,9,1.0,1.0,1.0
8,seed307759,DNSAmplification,181081,mlp,60,50,10,60,0,1.0,0.0,0.8333333333333334,not estimable,0.0,0.0,0.5,not estimable,50,0,10,0,0.0,0.8333333333333334,0.16666666666666666
8,seed307759,DNSAmplification,181081,rf,60,50,10,51,9,0.85,0.15,0.9833333333333333,1.0,0.9,0.9473684210526315,0.95,0.9393364366277243,50,0,1,9,1.0,1.0,1.0
8,seed307759,DNSAmplification,181081,xgboost,60,50,10,50,10,0.8333333333333334,0.16666666666666666,1.0,1.0,1.0,1.0,1.0,1.0,50,0,0,10,1.0,1.0,1.0
8,seed307759,DNSAmplification,206369,hybrid,60,50,10,50,10,0.8333333333333334,0.16666666666666666,1.0,1.0,1.0,1.0,1.0,1.0,50,0,0,10,1.0,1.0,1.0
8,seed307759,DNSAmplification,206369,mlp,60,50,10,0,60,0.0,1.0,0.16666666666666666,0.16666666666666666,1.0,0.2857142857142857,0.5,not estimable,0,50,0,10,1.0,1.0,1.0
8,seed307759,DNSAmplification,206369,rf,60,50,10,50,10,0.8333333333333334,0.16666666666666666,1.0,1.0,1.0,1.0,1.0,1.0,50,0,0,10,1.0,1.0,1.0
8,seed307759,DNSAmplification,206369,xgboost,60,50,10,50,10,0.8333333333333334,0.16666666666666666,1.0,1.0,1.0,1.0,1.0,1.0,50,0,0,10,1.0,1.0,1.0
8,seed307759,DNSAmplification,231701,hybrid,60,50,10,50,10,0.8333333333333334,0.16666666666666666,1.0,1.0,1.0,1.0,1.0,1.0,50,0,0,10,1.0,1.0,1.0
8,seed307759,DNSAmplification,231701,mlp,60,50,10,50,10,0.8333333333333334,0.16666666666666666,1.0,1.0,1.0,1.0,1.0,1.0,50,0,0,10,1.0,1.0,1.0
8,seed307759,DNSAmplification,231701,rf,60,50,10,53,7,0.8833333333333333,0.11666666666666667,0.95,1.0,0.7,0.8235294117647058,0.85,0.8126360553720011,50,0,3,7,1.0,1.0,1.0
8,seed307759,DNSAmplification,231701,xgboost,60,50,10,50,10,0.8333333333333334,0.16666666666666666,1.0,1.0,1.0,1.0,1.0,1.0,50,0,0,10,1.0,1.0,1.0
8,seed307759,DNSAmplification,257053,hybrid,60,50,10,50,10,0.8333333333333334,0.16666666666666666,1.0,1.0,1.0,1.0,1.0,1.0,50,0,0,10,1.0,1.0,1.0
8,seed307759,DNSAmplification,257053,mlp,60,50,10,50,10,0.8333333333333334,0.16666666666666666,1.0,1.0,1.0,1.0,1.0,1.0,50,0,0,10,1.0,1.0,1.0
8,seed307759,DNSAmplification,257053,rf,60,50,10,50,10,0.8333333333333334,0.16666666666666666,1.0,1.0,1.0,1.0,1.0,1.0,50,0,0,10,1.0,1.0,1.0
8,seed307759,DNSAmplification,257053,xgboost,60,50,10,50,10,0.8333333333333334,0.16666666666666666,1.0,1.0,1.0,1.0,1.0,1.0,50,0,0,10,1.0,1.0,1.0
8,seed307759,DNSAmplification,282427,hybrid,60,50,10,50,10,0.8333333333333334,0.16666666666666666,1.0,1.0,1.0,1.0,1.0,1.0,50,0,0,10,1.0,1.0,1.0
8,seed307759,DNSAmplification,282427,mlp,60,50,10,60,0,1.0,0.0,0.8333333333333334,not estimable,0.0,0.0,0.5,not estimable,50,0,10,0,0.0,0.8333333333333334,0.16666666666666666
8,seed307759,DNSAmplification,282427,rf,60,50,10,50,10,0.8333333333333334,0.16666666666666666,1.0,1.0,1.0,1.0,1.0,1.0,50,0,0,10,1.0,1.0,1.0
8,seed307759,DNSAmplification,282427,xgboost,60,50,10,50,10,0.8333333333333334,0.16666666666666666,1.0,1.0,1.0,1.0,1.0,1.0,50,0,0,10,1.0,1.0,1.0
8,seed307759,DNSAmplification,307759,hybrid,60,50,10,50,10,0.8333333333333334,0.16666666666666666,1.0,1.0,1.0,1.0,1.0,1.0,50,0,0,10,1.0,1.0,1.0
8,seed307759,DNSAmplification,307759,mlp,60,50,10,50,10,0.8333333333333334,0.16666666666666666,1.0,1.0,1.0,1.0,1.0,1.0,50,0,0,10,1.0,1.0,1.0
8,seed307759,DNSAmplification,307759,rf,60,50,10,50,10,0.8333333333333334,0.16666666666666666,1.0,1.0,1.0,1.0,1.0,1.0,50,0,0,10,1.0,1.0,1.0
8,seed307759,DNSAmplification,307759,xgboost,60,50,10,50,10,0.8333333333333334,0.16666666666666666,1.0,1.0,1.0,1.0,1.0,1.0,50,0,0,10,1.0,1.0,1.0
8,seed307759,DNSAmplification,333019,hybrid,60,50,10,50,10,0.8333333333333334,0.16666666666666666,1.0,1.0,1.0,1.0,1.0,1.0,50,0,0,10,1.0,1.0,1.0
8,seed307759,DNSAmplification,333019,mlp,60,50,10,60,0,1.0,0.0,0.8333333333333334,not estimable,0.0,0.0,0.5,not estimable,50,0,10,0,0.0,0.6509458979723223,0.16666666666666666
8,seed307759,DNSAmplification,333019,rf,60,50,10,50,10,0.8333333333333334,0.16666666666666666,1.0,1.0,1.0,1.0,1.0,1.0,50,0,0,10,1.0,1.0,1.0
8,seed307759,DNSAmplification,333019,xgboost,60,50,10,50,10,0.8333333333333334,0.16666666666666666,1.0,1.0,1.0,1.0,1.0,1.0,50,0,0,10,1.0,1.0,1.0
8,seed307759,Normal,104729,hybrid,50,50,0,50,0,1.0,0.0,1.0,not estimable,not estimable,not estimable,not estimable,not estimable,50,0,0,0,not estimable,not estimable,not estimable
8,seed307759,Normal,104729,mlp,50,50,0,50,0,1.0,0.0,1.0,not estimable,not estimable,not estimable,not estimable,not estimable,50,0,0,0,not estimable,not estimable,not estimable
8,seed307759,Normal,104729,rf,50,50,0,50,0,1.0,0.0,1.0,not estimable,not estimable,not estimable,not estimable,not estimable,50,0,0,0,not estimable,not estimable,not estimable
8,seed307759,Normal,104729,xgboost,50,50,0,50,0,1.0,0.0,1.0,not estimable,not estimable,not estimable,not estimable,not estimable,50,0,0,0,not estimable,not estimable,not estimable
8,seed307759,Normal,130363,hybrid,50,50,0,50,0,1.0,0.0,1.0,not estimable,not estimable,not estimable,not estimable,not estimable,50,0,0,0,not estimable,not estimable,not estimable
8,seed307759,Normal,130363,mlp,50,50,0,50,0,1.0,0.0,1.0,not estimable,not estimable,not estimable,not estimable,not estimable,50,0,0,0,not estimable,not estimable,not estimable
8,seed307759,Normal,130363,rf,50,50,0,50,0,1.0,0.0,1.0,not estimable,not estimable,not estimable,not estimable,not estimable,50,0,0,0,not estimable,not estimable,not estimable
8,seed307759,Normal,130363,xgboost,50,50,0,50,0,1.0,0.0,1.0,not estimable,not estimable,not estimable,not estimable,not estimable,50,0,0,0,not estimable,not estimable,not estimable
8,seed307759,Normal,155921,hybrid,50,50,0,50,0,1.0,0.0,1.0,not estimable,not estimable,not estimable,not estimable,not estimable,50,0,0,0,not estimable,not estimable,not estimable
8,seed307759,Normal,155921,mlp,50,50,0,8,42,0.16,0.84,0.16,0.0,not estimable,0.0,not estimable,not estimable,8,42,0,0,not estimable,not estimable,not estimable
8,seed307759,Normal,155921,rf,50,50,0,50,0,1.0,0.0,1.0,not estimable,not estimable,not estimable,not estimable,not estimable,50,0,0,0,not estimable,not estimable,not estimable
8,seed307759,Normal,155921,xgboost,50,50,0,50,0,1.0,0.0,1.0,not estimable,not estimable,not estimable,not estimable,not estimable,50,0,0,0,not estimable,not estimable,not estimable
8,seed307759,Normal,181081,hybrid,50,50,0,50,0,1.0,0.0,1.0,not estimable,not estimable,not estimable,not estimable,not estimable,50,0,0,0,not estimable,not estimable,not estimable
8,seed307759,Normal,181081,mlp,50,50,0,50,0,1.0,0.0,1.0,not estimable,not estimable,not estimable,not estimable,not estimable,50,0,0,0,not estimable,not estimable,not estimable
8,seed307759,Normal,181081,rf,50,50,0,50,0,1.0,0.0,1.0,not estimable,not estimable,not estimable,not estimable,not estimable,50,0,0,0,not estimable,not estimable,not estimable
8,seed307759,Normal,181081,xgboost,50,50,0,50,0,1.0,0.0,1.0,not estimable,not estimable,not estimable,not estimable,not estimable,50,0,0,0,not estimable,not estimable,not estimable
8,seed307759,Normal,206369,hybrid,50,50,0,50,0,1.0,0.0,1.0,not estimable,not estimable,not estimable,not estimable,not estimable,50,0,0,0,not estimable,not estimable,not estimable
8,seed307759,Normal,206369,mlp,50,50,0,0,50,0.0,1.0,0.0,0.0,not estimable,0.0,not estimable,not estimable,0,50,0,0,not estimable,not estimable,not estimable
8,seed307759,Normal,206369,rf,50,50,0,50,0,1.0,0.0,1.0,not estimable,not estimable,not estimable,not estimable,not estimable,50,0,0,0,not estimable,not estimable,not estimable
8,seed307759,Normal,206369,xgboost,50,50,0,50,0,1.0,0.0,1.0,not estimable,not estimable,not estimable,not estimable,not estimable,50,0,0,0,not estimable,not estimable,not estimable
8,seed307759,Normal,231701,hybrid,50,50,0,50,0,1.0,0.0,1.0,not estimable,not estimable,not estimable,not estimable,not estimable,50,0,0,0,not estimable,not estimable,not estimable
8,seed307759,Normal,231701,mlp,50,50,0,50,0,1.0,0.0,1.0,not estimable,not estimable,not estimable,not estimable,not estimable,50,0,0,0,not estimable,not estimable,not estimable
8,seed307759,Normal,231701,rf,50,50,0,50,0,1.0,0.0,1.0,not estimable,not estimable,not estimable,not estimable,not estimable,50,0,0,0,not estimable,not estimable,not estimable
8,seed307759,Normal,231701,xgboost,50,50,0,50,0,1.0,0.0,1.0,not estimable,not estimable,not estimable,not estimable,not estimable,50,0,0,0,not estimable,not estimable,not estimable
8,seed307759,Normal,257053,hybrid,50,50,0,50,0,1.0,0.0,1.0,not estimable,not estimable,not estimable,not estimable,not estimable,50,0,0,0,not estimable,not estimable,not estimable
8,seed307759,Normal,257053,mlp,50,50,0,50,0,1.0,0.0,1.0,not estimable,not estimable,not estimable,not estimable,not estimable,50,0,0,0,not estimable,not estimable,not estimable
8,seed307759,Normal,257053,rf,50,50,0,50,0,1.0,0.0,1.0,not estimable,not estimable,not estimable,not estimable,not estimable,50,0,0,0,not estimable,not estimable,not estimable
8,seed307759,Normal,257053,xgboost,50,50,0,50,0,1.0,0.0,1.0,not estimable,not estimable,not estimable,not estimable,not estimable,50,0,0,0,not estimable,not estimable,not estimable
8,seed307759,Normal,282427,hybrid,50,50,0,50,0,1.0,0.0,1.0,not estimable,not estimable,not estimable,not estimable,not estimable,50,0,0,0,not estimable,not estimable,not estimable
8,seed307759,Normal,282427,mlp,50,50,0,50,0,1.0,0.0,1.0,not estimable,not estimable,not estimable,not estimable,not estimable,50,0,0,0,not estimable,not estimable,not estimable
8,seed307759,Normal,282427,rf,50,50,0,50,0,1.0,0.0,1.0,not estimable,not estimable,not estimable,not estimable,not estimable,50,0,0,0,not estimable,not estimable,not estimable
8,seed307759,Normal,282427,xgboost,50,50,0,50,0,1.0,0.0,1.0,not estimable,not estimable,not estimable,not estimable,not estimable,50,0,0,0,not estimable,not estimable,not estimable
8,seed307759,Normal,307759,hybrid,50,50,0,50,0,1.0,0.0,1.0,not estimable,not estimable,not estimable,not estimable,not estimable,50,0,0,0,not estimable,not estimable,not estimable
8,seed307759,Normal,307759,mlp,50,50,0,50,0,1.0,0.0,1.0,not estimable,not estimable,not estimable,not estimable,not estimable,50,0,0,0,not estimable,not estimable,not estimable
8,seed307759,Normal,307759,rf,50,50,0,50,0,1.0,0.0,1.0,not estimable,not estimable,not estimable,not estimable,not estimable,50,0,0,0,not estimable,not estimable,not estimable
8,seed307759,Normal,307759,xgboost,50,50,0,50,0,1.0,0.0,1.0,not estimable,not estimable,not estimable,not estimable,not estimable,50,0,0,0,not estimable,not estimable,not estimable
8,seed307759,Normal,333019,hybrid,50,50,0,50,0,1.0,0.0,1.0,not estimable,not estimable,not estimable,not estimable,not estimable,50,0,0,0,not estimable,not estimable,not estimable
8,seed307759,Normal,333019,mlp,50,50,0,50,0,1.0,0.0,1.0,not estimable,not estimable,not estimable,not estimable,not estimable,50,0,0,0,not estimable,not estimable,not estimable
8,seed307759,Normal,333019,rf,50,50,0,50,0,1.0,0.0,1.0,not estimable,not estimable,not estimable,not estimable,not estimable,50,0,0,0,not estimable,not estimable,not estimable
8,seed307759,Normal,333019,xgboost,50,50,0,50,0,1.0,0.0,1.0,not estimable,not estimable,not estimable,not estimable,not estimable,50,0,0,0,not estimable,not estimable,not estimable
8,seed307759,SYNFlood,104729,hybrid,850,50,800,850,0,1.0,0.0,0.058823529411764705,not estimable,0.0,0.0,0.5,not estimable,50,0,800,0,0.0,0.058823529411764705,0.8992136979824426
8,seed307759,SYNFlood,104729,mlp,850,50,800,850,0,1.0,0.0,0.058823529411764705,not estimable,0.0,0.0,0.5,not estimable,50,0,800,0,1.0,1.0,0.9999999999999998
8,seed307759,SYNFlood,104729,rf,850,50,800,850,0,1.0,0.0,0.058823529411764705,not estimable,0.0,0.0,0.5,not estimable,50,0,800,0,0.0,0.058823529411764705,0.9150326797385621
8,seed307759,SYNFlood,104729,xgboost,850,50,800,850,0,1.0,0.0,0.058823529411764705,not estimable,0.0,0.0,0.5,not estimable,50,0,800,0,0.0,0.058823529411764705,0.899361104025969
8,seed307759,SYNFlood,130363,hybrid,850,50,800,850,0,1.0,0.0,0.058823529411764705,not estimable,0.0,0.0,0.5,not estimable,50,0,800,0,0.0,0.030594048341956906,0.8844613256949345
8,seed307759,SYNFlood,130363,mlp,850,50,800,850,0,1.0,0.0,0.058823529411764705,not estimable,0.0,0.0,0.5,not estimable,50,0,800,0,1.0,1.0,0.9999999999999999
8,seed307759,SYNFlood,130363,rf,850,50,800,850,0,1.0,0.0,0.058823529411764705,not estimable,0.0,0.0,0.5,not estimable,50,0,800,0,0.0,0.04919862581504592,0.9146626200815897
8,seed307759,SYNFlood,130363,xgboost,850,50,800,850,0,1.0,0.0,0.058823529411764705,not estimable,0.0,0.0,0.5,not estimable,50,0,800,0,0.0,0.04471733218834979,0.8994215718925838
8,seed307759,SYNFlood,155921,hybrid,850,50,800,850,0,1.0,0.0,0.058823529411764705,not estimable,0.0,0.0,0.5,not estimable,50,0,800,0,0.0,0.030594048341956906,0.8844604857766417
8,seed307759,SYNFlood,155921,mlp,850,50,800,809,41,0.951764705882353,0.04823529411764706,0.010588235294117647,0.0,0.0,0.0,0.09,-0.9004874383908024,9,41,800,0,0.0,0.030594048341956906,0.8844613256949345
8,seed307759,SYNFlood,155921,rf,850,50,800,850,0,1.0,0.0,0.058823529411764705,not estimable,0.0,0.0,0.5,not estimable,50,0,800,0,0.0,0.05657033885873551,0.9146626200815897
8,seed307759,SYNFlood,155921,xgboost,850,50,800,850,0,1.0,0.0,0.058823529411764705,not estimable,0.0,0.0,0.5,not estimable,50,0,800,0,0.0,0.058823529411764705,0.899361104025969
8,seed307759,SYNFlood,181081,hybrid,850,50,800,850,0,1.0,0.0,0.058823529411764705,not estimable,0.0,0.0,0.5,not estimable,50,0,800,0,0.0,0.058823529411764705,0.8992136979824426
8,seed307759,SYNFlood,181081,mlp,850,50,800,850,0,1.0,0.0,0.058823529411764705,not estimable,0.0,0.0,0.5,not estimable,50,0,800,0,1.0,1.0,0.9999999999999998
8,seed307759,SYNFlood,181081,rf,850,50,800,850,0,1.0,0.0,0.058823529411764705,not estimable,0.0,0.0,0.5,not estimable,50,0,800,0,0.0,0.058823529411764705,0.8995414238379584
8,seed307759,SYNFlood,181081,xgboost,850,50,800,850,0,1.0,0.0,0.058823529411764705,not estimable,0.0,0.0,0.5,not estimable,50,0,800,0,0.0,0.058823529411764705,0.899361104025969
8,seed307759,SYNFlood,206369,hybrid,850,50,800,850,0,1.0,0.0,0.058823529411764705,not estimable,0.0,0.0,0.5,not estimable,50,0,800,0,0.0,0.030594048341956906,0.8844622150201856
8,seed307759,SYNFlood,206369,mlp,850,50,800,800,50,0.9411764705882353,0.058823529411764705,0.0,0.0,0.0,0.0,0.0,-1.0,0,50,800,0,0.0,0.030594048341956906,0.8844622150201856
8,seed307759,SYNFlood,206369,rf,850,50,800,850,0,1.0,0.0,0.058823529411764705,not estimable,0.0,0.0,0.5,not estimable,50,0,800,0,0.0,0.058823529411764705,0.9150326797385621
8,seed307759,SYNFlood,206369,xgboost,850,50,800,850,0,1.0,0.0,0.058823529411764705,not estimable,0.0,0.0,0.5,not estimable,50,0,800,0,0.0,0.058823529411764705,0.899361104025969
8,seed307759,SYNFlood,231701,hybrid,850,50,800,850,0,1.0,0.0,0.058823529411764705,not estimable,0.0,0.0,0.5,not estimable,50,0,800,0,0.0,0.030594048341956906,0.8851540928696628
8,seed307759,SYNFlood,231701,mlp,850,50,800,850,0,1.0,0.0,0.058823529411764705,not estimable,0.0,0.0,0.5,not estimable,50,0,800,0,0.5,0.05884595137542516,0.9703809800427242
8,seed307759,SYNFlood,231701,rf,850,50,800,850,0,1.0,0.0,0.058823529411764705,not estimable,0.0,0.0,0.5,not estimable,50,0,800,0,0.0,0.05657033885873551,0.9150326797385621
8,seed307759,SYNFlood,231701,xgboost,850,50,800,850,0,1.0,0.0,0.058823529411764705,not estimable,0.0,0.0,0.5,not estimable,50,0,800,0,0.0,0.058823529411764705,0.899361104025969
8,seed307759,SYNFlood,257053,hybrid,850,50,800,850,0,1.0,0.0,0.058823529411764705,not estimable,0.0,0.0,0.5,not estimable,50,0,800,0,0.0,0.030594048341956906,0.8844613256949345
8,seed307759,SYNFlood,257053,mlp,850,50,800,850,0,1.0,0.0,0.058823529411764705,not estimable,0.0,0.0,0.5,not estimable,50,0,800,0,0.63,0.31439580640370585,0.9777390646368277
8,seed307759,SYNFlood,257053,rf,850,50,800,850,0,1.0,0.0,0.058823529411764705,not estimable,0.0,0.0,0.5,not estimable,50,0,800,0,0.0,0.05357013051093358,0.9150326797385621
8,seed307759,SYNFlood,257053,xgboost,850,50,800,850,0,1.0,0.0,0.058823529411764705,not estimable,0.0,0.0,0.5,not estimable,50,0,800,0,0.0,0.058823529411764705,0.899361104025969
8,seed307759,SYNFlood,282427,hybrid,850,50,800,850,0,1.0,0.0,0.058823529411764705,not estimable,0.0,0.0,0.5,not estimable,50,0,800,0,0.0,0.058823529411764705,0.8844613256949345
8,seed307759,SYNFlood,282427,mlp,850,50,800,850,0,1.0,0.0,0.058823529411764705,not estimable,0.0,0.0,0.5,not estimable,50,0,800,0,1.0,1.0,0.9999999999999999
8,seed307759,SYNFlood,282427,rf,850,50,800,850,0,1.0,0.0,0.058823529411764705,not estimable,0.0,0.0,0.5,not estimable,50,0,800,0,0.0,0.058823529411764705,0.9150326797385621
8,seed307759,SYNFlood,282427,xgboost,850,50,800,850,0,1.0,0.0,0.058823529411764705,not estimable,0.0,0.0,0.5,not estimable,50,0,800,0,0.0,0.058823529411764705,0.899361104025969
8,seed307759,SYNFlood,307759,hybrid,850,50,800,850,0,1.0,0.0,0.058823529411764705,not estimable,0.0,0.0,0.5,not estimable,50,0,800,0,0.0,0.030594048341956906,0.8865734312968803
8,seed307759,SYNFlood,307759,mlp,850,50,800,850,0,1.0,0.0,0.058823529411764705,not estimable,0.0,0.0,0.5,not estimable,50,0,800,0,1.0,1.0,0.9999999999999999
8,seed307759,SYNFlood,307759,rf,850,50,800,850,0,1.0,0.0,0.058823529411764705,not estimable,0.0,0.0,0.5,not estimable,50,0,800,0,0.0,0.058823529411764705,0.9146620000419071
8,seed307759,SYNFlood,307759,xgboost,850,50,800,850,0,1.0,0.0,0.058823529411764705,not estimable,0.0,0.0,0.5,not estimable,50,0,800,0,0.0,0.04471733218834979,0.8994215718925838
8,seed307759,SYNFlood,333019,hybrid,850,50,800,850,0,1.0,0.0,0.058823529411764705,not estimable,0.0,0.0,0.5,not estimable,50,0,800,0,0.0,0.031292461397241095,0.8992136979824426
8,seed307759,SYNFlood,333019,mlp,850,50,800,850,0,1.0,0.0,0.058823529411764705,not estimable,0.0,0.0,0.5,not estimable,50,0,800,0,1.0,1.0,0.9999999999999998
8,seed307759,SYNFlood,333019,rf,850,50,800,850,0,1.0,0.0,0.058823529411764705,not estimable,0.0,0.0,0.5,not estimable,50,0,800,0,0.0,0.05356229448301059,0.914909257318369
8,seed307759,SYNFlood,333019,xgboost,850,50,800,850,0,1.0,0.0,0.058823529411764705,not estimable,0.0,0.0,0.5,not estimable,50,0,800,0,0.0,0.05356229448301059,0.8994215718925838
8,seed307759,UDPFlood,104729,hybrid,70,50,20,50,20,0.7142857142857143,0.2857142857142857,1.0,1.0,1.0,1.0,1.0,1.0,50,0,0,20,1.0,1.0,1.0
8,seed307759,UDPFlood,104729,mlp,70,50,20,50,20,0.7142857142857143,0.2857142857142857,1.0,1.0,1.0,1.0,1.0,1.0,50,0,0,20,1.0,1.0,1.0
8,seed307759,UDPFlood,104729,rf,70,50,20,67,3,0.9571428571428572,0.04285714285714286,0.7571428571428571,1.0,0.15,0.2608695652173913,0.575,0.3345748025591029,50,0,17,3,1.0,1.0,1.0
8,seed307759,UDPFlood,104729,xgboost,70,50,20,50,20,0.7142857142857143,0.2857142857142857,1.0,1.0,1.0,1.0,1.0,1.0,50,0,0,20,1.0,1.0,1.0
8,seed307759,UDPFlood,130363,hybrid,70,50,20,50,20,0.7142857142857143,0.2857142857142857,1.0,1.0,1.0,1.0,1.0,1.0,50,0,0,20,1.0,1.0,1.0
8,seed307759,UDPFlood,130363,mlp,70,50,20,50,20,0.7142857142857143,0.2857142857142857,1.0,1.0,1.0,1.0,1.0,1.0,50,0,0,20,1.0,1.0,1.0
8,seed307759,UDPFlood,130363,rf,70,50,20,50,20,0.7142857142857143,0.2857142857142857,1.0,1.0,1.0,1.0,1.0,1.0,50,0,0,20,1.0,1.0,1.0
8,seed307759,UDPFlood,130363,xgboost,70,50,20,50,20,0.7142857142857143,0.2857142857142857,1.0,1.0,1.0,1.0,1.0,1.0,50,0,0,20,1.0,1.0,1.0
8,seed307759,UDPFlood,155921,hybrid,70,50,20,50,20,0.7142857142857143,0.2857142857142857,1.0,1.0,1.0,1.0,1.0,1.0,50,0,0,20,1.0,1.0,1.0
8,seed307759,UDPFlood,155921,mlp,70,50,20,50,20,0.7142857142857143,0.2857142857142857,1.0,1.0,1.0,1.0,1.0,1.0,50,0,0,20,1.0,1.0,1.0
8,seed307759,UDPFlood,155921,rf,70,50,20,50,20,0.7142857142857143,0.2857142857142857,1.0,1.0,1.0,1.0,1.0,1.0,50,0,0,20,1.0,1.0,1.0
8,seed307759,UDPFlood,155921,xgboost,70,50,20,50,20,0.7142857142857143,0.2857142857142857,1.0,1.0,1.0,1.0,1.0,1.0,50,0,0,20,1.0,1.0,1.0
8,seed307759,UDPFlood,181081,hybrid,70,50,20,50,20,0.7142857142857143,0.2857142857142857,1.0,1.0,1.0,1.0,1.0,1.0,50,0,0,20,1.0,1.0,1.0
8,seed307759,UDPFlood,181081,mlp,70,50,20,70,0,1.0,0.0,0.7142857142857143,not estimable,0.0,0.0,0.5,not estimable,50,0,20,0,0.05,0.7246376811594203,0.309065934065934
8,seed307759,UDPFlood,181081,rf,70,50,20,50,20,0.7142857142857143,0.2857142857142857,1.0,1.0,1.0,1.0,1.0,1.0,50,0,0,20,1.0,1.0,1.0
8,seed307759,UDPFlood,181081,xgboost,70,50,20,50,20,0.7142857142857143,0.2857142857142857,1.0,1.0,1.0,1.0,1.0,1.0,50,0,0,20,1.0,1.0,1.0
8,seed307759,UDPFlood,206369,hybrid,70,50,20,50,20,0.7142857142857143,0.2857142857142857,1.0,1.0,1.0,1.0,1.0,1.0,50,0,0,20,1.0,1.0,1.0
8,seed307759,UDPFlood,206369,mlp,70,50,20,0,70,0.0,1.0,0.2857142857142857,0.2857142857142857,1.0,0.4444444444444444,0.5,not estimable,0,50,0,20,1.0,1.0,1.0
8,seed307759,UDPFlood,206369,rf,70,50,20,50,20,0.7142857142857143,0.2857142857142857,1.0,1.0,1.0,1.0,1.0,1.0,50,0,0,20,1.0,1.0,1.0
8,seed307759,UDPFlood,206369,xgboost,70,50,20,50,20,0.7142857142857143,0.2857142857142857,1.0,1.0,1.0,1.0,1.0,1.0,50,0,0,20,1.0,1.0,1.0
8,seed307759,UDPFlood,231701,hybrid,70,50,20,50,20,0.7142857142857143,0.2857142857142857,1.0,1.0,1.0,1.0,1.0,1.0,50,0,0,20,1.0,1.0,1.0
8,seed307759,UDPFlood,231701,mlp,70,50,20,50,20,0.7142857142857143,0.2857142857142857,1.0,1.0,1.0,1.0,1.0,1.0,50,0,0,20,1.0,1.0,1.0
8,seed307759,UDPFlood,231701,rf,70,50,20,50,20,0.7142857142857143,0.2857142857142857,1.0,1.0,1.0,1.0,1.0,1.0,50,0,0,20,1.0,1.0,1.0
8,seed307759,UDPFlood,231701,xgboost,70,50,20,50,20,0.7142857142857143,0.2857142857142857,1.0,1.0,1.0,1.0,1.0,1.0,50,0,0,20,1.0,1.0,1.0
8,seed307759,UDPFlood,257053,hybrid,70,50,20,50,20,0.7142857142857143,0.2857142857142857,1.0,1.0,1.0,1.0,1.0,1.0,50,0,0,20,1.0,1.0,1.0
8,seed307759,UDPFlood,257053,mlp,70,50,20,50,20,0.7142857142857143,0.2857142857142857,1.0,1.0,1.0,1.0,1.0,1.0,50,0,0,20,1.0,1.0,1.0
8,seed307759,UDPFlood,257053,rf,70,50,20,50,20,0.7142857142857143,0.2857142857142857,1.0,1.0,1.0,1.0,1.0,1.0,50,0,0,20,1.0,1.0,1.0
8,seed307759,UDPFlood,257053,xgboost,70,50,20,50,20,0.7142857142857143,0.2857142857142857,1.0,1.0,1.0,1.0,1.0,1.0,50,0,0,20,1.0,1.0,1.0
8,seed307759,UDPFlood,282427,hybrid,70,50,20,50,20,0.7142857142857143,0.2857142857142857,1.0,1.0,1.0,1.0,1.0,1.0,50,0,0,20,1.0,1.0,1.0
8,seed307759,UDPFlood,282427,mlp,70,50,20,70,0,1.0,0.0,0.7142857142857143,not estimable,0.0,0.0,0.5,not estimable,50,0,20,0,0.0,0.7142857142857143,0.2857142857142857
8,seed307759,UDPFlood,282427,rf,70,50,20,50,20,0.7142857142857143,0.2857142857142857,1.0,1.0,1.0,1.0,1.0,1.0,50,0,0,20,1.0,1.0,0.9999999999999999
8,seed307759,UDPFlood,282427,xgboost,70,50,20,50,20,0.7142857142857143,0.2857142857142857,1.0,1.0,1.0,1.0,1.0,1.0,50,0,0,20,1.0,1.0,1.0
8,seed307759,UDPFlood,307759,hybrid,70,50,20,50,20,0.7142857142857143,0.2857142857142857,1.0,1.0,1.0,1.0,1.0,1.0,50,0,0,20,1.0,1.0,1.0
8,seed307759,UDPFlood,307759,mlp,70,50,20,50,20,0.7142857142857143,0.2857142857142857,1.0,1.0,1.0,1.0,1.0,1.0,50,0,0,20,1.0,1.0,1.0
8,seed307759,UDPFlood,307759,rf,70,50,20,50,20,0.7142857142857143,0.2857142857142857,1.0,1.0,1.0,1.0,1.0,1.0,50,0,0,20,1.0,1.0,1.0
8,seed307759,UDPFlood,307759,xgboost,70,50,20,50,20,0.7142857142857143,0.2857142857142857,1.0,1.0,1.0,1.0,1.0,1.0,50,0,0,20,1.0,1.0,1.0
8,seed307759,UDPFlood,333019,hybrid,70,50,20,50,20,0.7142857142857143,0.2857142857142857,1.0,1.0,1.0,1.0,1.0,1.0,50,0,0,20,1.0,1.0,1.0
8,seed307759,UDPFlood,333019,mlp,70,50,20,70,0,1.0,0.0,0.7142857142857143,not estimable,0.0,0.0,0.5,not estimable,50,0,20,0,0.0,0.5059611598022441,0.2857142857142857
8,seed307759,UDPFlood,333019,rf,70,50,20,50,20,0.7142857142857143,0.2857142857142857,1.0,1.0,1.0,1.0,1.0,1.0,50,0,0,20,1.0,1.0,1.0
8,seed307759,UDPFlood,333019,xgboost,70,50,20,50,20,0.7142857142857143,0.2857142857142857,1.0,1.0,1.0,1.0,1.0,1.0,50,0,0,20,1.0,1.0,1.0
8,seed333019,DNSAmplification,104729,hybrid,60,50,10,50,10,0.8333333333333334,0.16666666666666666,1.0,1.0,1.0,1.0,1.0,1.0,50,0,0,10,1.0,1.0,1.0
8,seed333019,DNSAmplification,104729,mlp,60,50,10,50,10,0.8333333333333334,0.16666666666666666,1.0,1.0,1.0,1.0,1.0,1.0,50,0,0,10,1.0,1.0,1.0
8,seed333019,DNSAmplification,104729,rf,60,50,10,60,0,1.0,0.0,0.8333333333333334,not estimable,0.0,0.0,0.5,not estimable,50,0,10,0,1.0,1.0,1.0
8,seed333019,DNSAmplification,104729,xgboost,60,50,10,50,10,0.8333333333333334,0.16666666666666666,1.0,1.0,1.0,1.0,1.0,1.0,50,0,0,10,1.0,1.0,1.0
8,seed333019,DNSAmplification,130363,hybrid,60,50,10,50,10,0.8333333333333334,0.16666666666666666,1.0,1.0,1.0,1.0,1.0,1.0,50,0,0,10,1.0,1.0,1.0
8,seed333019,DNSAmplification,130363,mlp,60,50,10,50,10,0.8333333333333334,0.16666666666666666,1.0,1.0,1.0,1.0,1.0,1.0,50,0,0,10,1.0,1.0,1.0
8,seed333019,DNSAmplification,130363,rf,60,50,10,50,10,0.8333333333333334,0.16666666666666666,1.0,1.0,1.0,1.0,1.0,1.0,50,0,0,10,1.0,1.0,1.0
8,seed333019,DNSAmplification,130363,xgboost,60,50,10,50,10,0.8333333333333334,0.16666666666666666,1.0,1.0,1.0,1.0,1.0,1.0,50,0,0,10,1.0,1.0,1.0
8,seed333019,DNSAmplification,155921,hybrid,60,50,10,50,10,0.8333333333333334,0.16666666666666666,1.0,1.0,1.0,1.0,1.0,1.0,50,0,0,10,1.0,1.0,1.0
8,seed333019,DNSAmplification,155921,mlp,60,50,10,14,46,0.23333333333333334,0.7666666666666667,0.4,0.21739130434782608,1.0,0.35714285714285715,0.64,0.2467175818975845,14,36,0,10,1.0,1.0,1.0
8,seed333019,DNSAmplification,155921,rf,60,50,10,50,10,0.8333333333333334,0.16666666666666666,1.0,1.0,1.0,1.0,1.0,1.0,50,0,0,10,1.0,1.0,0.9999999999999999
8,seed333019,DNSAmplification,155921,xgboost,60,50,10,50,10,0.8333333333333334,0.16666666666666666,1.0,1.0,1.0,1.0,1.0,1.0,50,0,0,10,1.0,1.0,1.0
8,seed333019,DNSAmplification,181081,hybrid,60,50,10,50,10,0.8333333333333334,0.16666666666666666,1.0,1.0,1.0,1.0,1.0,1.0,50,0,0,10,1.0,1.0,1.0
8,seed333019,DNSAmplification,181081,mlp,60,50,10,60,0,1.0,0.0,0.8333333333333334,not estimable,0.0,0.0,0.5,not estimable,50,0,10,0,0.0,0.8333333333333334,0.16666666666666666
8,seed333019,DNSAmplification,181081,rf,60,50,10,50,10,0.8333333333333334,0.16666666666666666,1.0,1.0,1.0,1.0,1.0,1.0,50,0,0,10,1.0,1.0,1.0
8,seed333019,DNSAmplification,181081,xgboost,60,50,10,50,10,0.8333333333333334,0.16666666666666666,1.0,1.0,1.0,1.0,1.0,1.0,50,0,0,10,1.0,1.0,1.0
8,seed333019,DNSAmplification,206369,hybrid,60,50,10,50,10,0.8333333333333334,0.16666666666666666,1.0,1.0,1.0,1.0,1.0,1.0,50,0,0,10,1.0,1.0,1.0
8,seed333019,DNSAmplification,206369,mlp,60,50,10,0,60,0.0,1.0,0.16666666666666666,0.16666666666666666,1.0,0.2857142857142857,0.5,not estimable,0,50,0,10,1.0,1.0,1.0
8,seed333019,DNSAmplification,206369,rf,60,50,10,50,10,0.8333333333333334,0.16666666666666666,1.0,1.0,1.0,1.0,1.0,1.0,50,0,0,10,1.0,1.0,1.0
8,seed333019,DNSAmplification,206369,xgboost,60,50,10,50,10,0.8333333333333334,0.16666666666666666,1.0,1.0,1.0,1.0,1.0,1.0,50,0,0,10,1.0,1.0,1.0
8,seed333019,DNSAmplification,231701,hybrid,60,50,10,50,10,0.8333333333333334,0.16666666666666666,1.0,1.0,1.0,1.0,1.0,1.0,50,0,0,10,1.0,1.0,1.0
8,seed333019,DNSAmplification,231701,mlp,60,50,10,50,10,0.8333333333333334,0.16666666666666666,1.0,1.0,1.0,1.0,1.0,1.0,50,0,0,10,1.0,1.0,1.0
8,seed333019,DNSAmplification,231701,rf,60,50,10,54,6,0.9,0.1,0.9333333333333333,1.0,0.6,0.75,0.8,0.7453559924999299,50,0,4,6,1.0,1.0,0.9999999999999999
8,seed333019,DNSAmplification,231701,xgboost,60,50,10,50,10,0.8333333333333334,0.16666666666666666,1.0,1.0,1.0,1.0,1.0,1.0,50,0,0,10,1.0,1.0,1.0
8,seed333019,DNSAmplification,257053,hybrid,60,50,10,50,10,0.8333333333333334,0.16666666666666666,1.0,1.0,1.0,1.0,1.0,1.0,50,0,0,10,1.0,1.0,1.0
8,seed333019,DNSAmplification,257053,mlp,60,50,10,50,10,0.8333333333333334,0.16666666666666666,1.0,1.0,1.0,1.0,1.0,1.0,50,0,0,10,1.0,1.0,1.0
8,seed333019,DNSAmplification,257053,rf,60,50,10,50,10,0.8333333333333334,0.16666666666666666,1.0,1.0,1.0,1.0,1.0,1.0,50,0,0,10,1.0,1.0,1.0
8,seed333019,DNSAmplification,257053,xgboost,60,50,10,50,10,0.8333333333333334,0.16666666666666666,1.0,1.0,1.0,1.0,1.0,1.0,50,0,0,10,1.0,1.0,1.0
8,seed333019,DNSAmplification,282427,hybrid,60,50,10,50,10,0.8333333333333334,0.16666666666666666,1.0,1.0,1.0,1.0,1.0,1.0,50,0,0,10,1.0,1.0,1.0
8,seed333019,DNSAmplification,282427,mlp,60,50,10,60,0,1.0,0.0,0.8333333333333334,not estimable,0.0,0.0,0.5,not estimable,50,0,10,0,0.0,0.8333333333333334,0.16666666666666666
8,seed333019,DNSAmplification,282427,rf,60,50,10,50,10,0.8333333333333334,0.16666666666666666,1.0,1.0,1.0,1.0,1.0,1.0,50,0,0,10,1.0,1.0,1.0
8,seed333019,DNSAmplification,282427,xgboost,60,50,10,50,10,0.8333333333333334,0.16666666666666666,1.0,1.0,1.0,1.0,1.0,1.0,50,0,0,10,1.0,1.0,1.0
8,seed333019,DNSAmplification,307759,hybrid,60,50,10,50,10,0.8333333333333334,0.16666666666666666,1.0,1.0,1.0,1.0,1.0,1.0,50,0,0,10,1.0,1.0,1.0
8,seed333019,DNSAmplification,307759,mlp,60,50,10,50,10,0.8333333333333334,0.16666666666666666,1.0,1.0,1.0,1.0,1.0,1.0,50,0,0,10,1.0,1.0,1.0
8,seed333019,DNSAmplification,307759,rf,60,50,10,50,10,0.8333333333333334,0.16666666666666666,1.0,1.0,1.0,1.0,1.0,1.0,50,0,0,10,1.0,1.0,1.0
8,seed333019,DNSAmplification,307759,xgboost,60,50,10,50,10,0.8333333333333334,0.16666666666666666,1.0,1.0,1.0,1.0,1.0,1.0,50,0,0,10,1.0,1.0,1.0
8,seed333019,DNSAmplification,333019,hybrid,60,50,10,50,10,0.8333333333333334,0.16666666666666666,1.0,1.0,1.0,1.0,1.0,1.0,50,0,0,10,1.0,1.0,1.0
8,seed333019,DNSAmplification,333019,mlp,60,50,10,60,0,1.0,0.0,0.8333333333333334,not estimable,0.0,0.0,0.5,not estimable,50,0,10,0,0.0,0.6521747964583157,0.16666666666666666
8,seed333019,DNSAmplification,333019,rf,60,50,10,50,10,0.8333333333333334,0.16666666666666666,1.0,1.0,1.0,1.0,1.0,1.0,50,0,0,10,1.0,1.0,1.0
8,seed333019,DNSAmplification,333019,xgboost,60,50,10,50,10,0.8333333333333334,0.16666666666666666,1.0,1.0,1.0,1.0,1.0,1.0,50,0,0,10,1.0,1.0,1.0
8,seed333019,Normal,104729,hybrid,50,50,0,50,0,1.0,0.0,1.0,not estimable,not estimable,not estimable,not estimable,not estimable,50,0,0,0,not estimable,not estimable,not estimable
8,seed333019,Normal,104729,mlp,50,50,0,50,0,1.0,0.0,1.0,not estimable,not estimable,not estimable,not estimable,not estimable,50,0,0,0,not estimable,not estimable,not estimable
8,seed333019,Normal,104729,rf,50,50,0,50,0,1.0,0.0,1.0,not estimable,not estimable,not estimable,not estimable,not estimable,50,0,0,0,not estimable,not estimable,not estimable
8,seed333019,Normal,104729,xgboost,50,50,0,50,0,1.0,0.0,1.0,not estimable,not estimable,not estimable,not estimable,not estimable,50,0,0,0,not estimable,not estimable,not estimable
8,seed333019,Normal,130363,hybrid,50,50,0,50,0,1.0,0.0,1.0,not estimable,not estimable,not estimable,not estimable,not estimable,50,0,0,0,not estimable,not estimable,not estimable
8,seed333019,Normal,130363,mlp,50,50,0,50,0,1.0,0.0,1.0,not estimable,not estimable,not estimable,not estimable,not estimable,50,0,0,0,not estimable,not estimable,not estimable
8,seed333019,Normal,130363,rf,50,50,0,50,0,1.0,0.0,1.0,not estimable,not estimable,not estimable,not estimable,not estimable,50,0,0,0,not estimable,not estimable,not estimable
8,seed333019,Normal,130363,xgboost,50,50,0,50,0,1.0,0.0,1.0,not estimable,not estimable,not estimable,not estimable,not estimable,50,0,0,0,not estimable,not estimable,not estimable
8,seed333019,Normal,155921,hybrid,50,50,0,50,0,1.0,0.0,1.0,not estimable,not estimable,not estimable,not estimable,not estimable,50,0,0,0,not estimable,not estimable,not estimable
8,seed333019,Normal,155921,mlp,50,50,0,11,39,0.22,0.78,0.22,0.0,not estimable,0.0,not estimable,not estimable,11,39,0,0,not estimable,not estimable,not estimable
8,seed333019,Normal,155921,rf,50,50,0,50,0,1.0,0.0,1.0,not estimable,not estimable,not estimable,not estimable,not estimable,50,0,0,0,not estimable,not estimable,not estimable
8,seed333019,Normal,155921,xgboost,50,50,0,50,0,1.0,0.0,1.0,not estimable,not estimable,not estimable,not estimable,not estimable,50,0,0,0,not estimable,not estimable,not estimable
8,seed333019,Normal,181081,hybrid,50,50,0,50,0,1.0,0.0,1.0,not estimable,not estimable,not estimable,not estimable,not estimable,50,0,0,0,not estimable,not estimable,not estimable
8,seed333019,Normal,181081,mlp,50,50,0,50,0,1.0,0.0,1.0,not estimable,not estimable,not estimable,not estimable,not estimable,50,0,0,0,not estimable,not estimable,not estimable
8,seed333019,Normal,181081,rf,50,50,0,50,0,1.0,0.0,1.0,not estimable,not estimable,not estimable,not estimable,not estimable,50,0,0,0,not estimable,not estimable,not estimable
8,seed333019,Normal,181081,xgboost,50,50,0,50,0,1.0,0.0,1.0,not estimable,not estimable,not estimable,not estimable,not estimable,50,0,0,0,not estimable,not estimable,not estimable
8,seed333019,Normal,206369,hybrid,50,50,0,50,0,1.0,0.0,1.0,not estimable,not estimable,not estimable,not estimable,not estimable,50,0,0,0,not estimable,not estimable,not estimable
8,seed333019,Normal,206369,mlp,50,50,0,0,50,0.0,1.0,0.0,0.0,not estimable,0.0,not estimable,not estimable,0,50,0,0,not estimable,not estimable,not estimable
8,seed333019,Normal,206369,rf,50,50,0,50,0,1.0,0.0,1.0,not estimable,not estimable,not estimable,not estimable,not estimable,50,0,0,0,not estimable,not estimable,not estimable
8,seed333019,Normal,206369,xgboost,50,50,0,50,0,1.0,0.0,1.0,not estimable,not estimable,not estimable,not estimable,not estimable,50,0,0,0,not estimable,not estimable,not estimable
8,seed333019,Normal,231701,hybrid,50,50,0,50,0,1.0,0.0,1.0,not estimable,not estimable,not estimable,not estimable,not estimable,50,0,0,0,not estimable,not estimable,not estimable
8,seed333019,Normal,231701,mlp,50,50,0,50,0,1.0,0.0,1.0,not estimable,not estimable,not estimable,not estimable,not estimable,50,0,0,0,not estimable,not estimable,not estimable
8,seed333019,Normal,231701,rf,50,50,0,50,0,1.0,0.0,1.0,not estimable,not estimable,not estimable,not estimable,not estimable,50,0,0,0,not estimable,not estimable,not estimable
8,seed333019,Normal,231701,xgboost,50,50,0,50,0,1.0,0.0,1.0,not estimable,not estimable,not estimable,not estimable,not estimable,50,0,0,0,not estimable,not estimable,not estimable
8,seed333019,Normal,257053,hybrid,50,50,0,50,0,1.0,0.0,1.0,not estimable,not estimable,not estimable,not estimable,not estimable,50,0,0,0,not estimable,not estimable,not estimable
8,seed333019,Normal,257053,mlp,50,50,0,50,0,1.0,0.0,1.0,not estimable,not estimable,not estimable,not estimable,not estimable,50,0,0,0,not estimable,not estimable,not estimable
8,seed333019,Normal,257053,rf,50,50,0,50,0,1.0,0.0,1.0,not estimable,not estimable,not estimable,not estimable,not estimable,50,0,0,0,not estimable,not estimable,not estimable
8,seed333019,Normal,257053,xgboost,50,50,0,50,0,1.0,0.0,1.0,not estimable,not estimable,not estimable,not estimable,not estimable,50,0,0,0,not estimable,not estimable,not estimable
8,seed333019,Normal,282427,hybrid,50,50,0,50,0,1.0,0.0,1.0,not estimable,not estimable,not estimable,not estimable,not estimable,50,0,0,0,not estimable,not estimable,not estimable
8,seed333019,Normal,282427,mlp,50,50,0,50,0,1.0,0.0,1.0,not estimable,not estimable,not estimable,not estimable,not estimable,50,0,0,0,not estimable,not estimable,not estimable
8,seed333019,Normal,282427,rf,50,50,0,50,0,1.0,0.0,1.0,not estimable,not estimable,not estimable,not estimable,not estimable,50,0,0,0,not estimable,not estimable,not estimable
8,seed333019,Normal,282427,xgboost,50,50,0,50,0,1.0,0.0,1.0,not estimable,not estimable,not estimable,not estimable,not estimable,50,0,0,0,not estimable,not estimable,not estimable
8,seed333019,Normal,307759,hybrid,50,50,0,50,0,1.0,0.0,1.0,not estimable,not estimable,not estimable,not estimable,not estimable,50,0,0,0,not estimable,not estimable,not estimable
8,seed333019,Normal,307759,mlp,50,50,0,50,0,1.0,0.0,1.0,not estimable,not estimable,not estimable,not estimable,not estimable,50,0,0,0,not estimable,not estimable,not estimable
8,seed333019,Normal,307759,rf,50,50,0,50,0,1.0,0.0,1.0,not estimable,not estimable,not estimable,not estimable,not estimable,50,0,0,0,not estimable,not estimable,not estimable
8,seed333019,Normal,307759,xgboost,50,50,0,50,0,1.0,0.0,1.0,not estimable,not estimable,not estimable,not estimable,not estimable,50,0,0,0,not estimable,not estimable,not estimable
8,seed333019,Normal,333019,hybrid,50,50,0,50,0,1.0,0.0,1.0,not estimable,not estimable,not estimable,not estimable,not estimable,50,0,0,0,not estimable,not estimable,not estimable
8,seed333019,Normal,333019,mlp,50,50,0,50,0,1.0,0.0,1.0,not estimable,not estimable,not estimable,not estimable,not estimable,50,0,0,0,not estimable,not estimable,not estimable
8,seed333019,Normal,333019,rf,50,50,0,50,0,1.0,0.0,1.0,not estimable,not estimable,not estimable,not estimable,not estimable,50,0,0,0,not estimable,not estimable,not estimable
8,seed333019,Normal,333019,xgboost,50,50,0,50,0,1.0,0.0,1.0,not estimable,not estimable,not estimable,not estimable,not estimable,50,0,0,0,not estimable,not estimable,not estimable
8,seed333019,SYNFlood,104729,hybrid,850,50,800,850,0,1.0,0.0,0.058823529411764705,not estimable,0.0,0.0,0.5,not estimable,50,0,800,0,0.0,0.058823529411764705,0.8991743231912988
8,seed333019,SYNFlood,104729,mlp,850,50,800,850,0,1.0,0.0,0.058823529411764705,not estimable,0.0,0.0,0.5,not estimable,50,0,800,0,1.0,1.0,0.9999999999999998
8,seed333019,SYNFlood,104729,rf,850,50,800,850,0,1.0,0.0,0.058823529411764705,not estimable,0.0,0.0,0.5,not estimable,50,0,800,0,0.0,0.058823529411764705,0.9150326797385621
8,seed333019,SYNFlood,104729,xgboost,850,50,800,850,0,1.0,0.0,0.058823529411764705,not estimable,0.0,0.0,0.5,not estimable,50,0,800,0,0.0,0.058823529411764705,0.8993088981703241
8,seed333019,SYNFlood,130363,hybrid,850,50,800,850,0,1.0,0.0,0.058823529411764705,not estimable,0.0,0.0,0.5,not estimable,50,0,800,0,0.0,0.030594048341956906,0.883714613565037
8,seed333019,SYNFlood,130363,mlp,850,50,800,850,0,1.0,0.0,0.058823529411764705,not estimable,0.0,0.0,0.5,not estimable,50,0,800,0,1.0,1.0,0.9999999999999999
8,seed333019,SYNFlood,130363,rf,850,50,800,850,0,1.0,0.0,0.058823529411764705,not estimable,0.0,0.0,0.5,not estimable,50,0,800,0,0.0,0.04698837618879887,0.9144150171195264
8,seed333019,SYNFlood,130363,xgboost,850,50,800,850,0,1.0,0.0,0.058823529411764705,not estimable,0.0,0.0,0.5,not estimable,50,0,800,0,0.0,0.04768685333912162,0.899383756223145
8,seed333019,SYNFlood,155921,hybrid,850,50,800,850,0,1.0,0.0,0.058823529411764705,not estimable,0.0,0.0,0.5,not estimable,50,0,800,0,0.0,0.030594048341956906,0.8849567067207211
8,seed333019,SYNFlood,155921,mlp,850,50,800,809,41,0.951764705882353,0.04823529411764706,0.010588235294117647,0.0,0.0,0.0,0.09,-0.9004874383908024,9,41,800,0,0.010000000000000009,0.030618954864663872,0.8850218671783927
8,seed333019,SYNFlood,155921,rf,850,50,800,850,0,1.0,0.0,0.058823529411764705,not estimable,0.0,0.0,0.5,not estimable,50,0,800,0,0.0,0.05767202761254314,0.9144162627597856
8,seed333019,SYNFlood,155921,xgboost,850,50,800,850,0,1.0,0.0,0.058823529411764705,not estimable,0.0,0.0,0.5,not estimable,50,0,800,0,0.0,0.058823529411764705,0.8993088981703241
8,seed333019,SYNFlood,181081,hybrid,850,50,800,850,0,1.0,0.0,0.058823529411764705,not estimable,0.0,0.0,0.5,not estimable,50,0,800,0,0.0,0.058823529411764705,0.8991743231912988
8,seed333019,SYNFlood,181081,mlp,850,50,800,850,0,1.0,0.0,0.058823529411764705,not estimable,0.0,0.0,0.5,not estimable,50,0,800,0,1.0,1.0,0.9999999999999998
8,seed333019,SYNFlood,181081,rf,850,50,800,850,0,1.0,0.0,0.058823529411764705,not estimable,0.0,0.0,0.5,not estimable,50,0,800,0,0.0,0.058823529411764705,0.8995819459859415
8,seed333019,SYNFlood,181081,xgboost,850,50,800,850,0,1.0,0.0,0.058823529411764705,not estimable,0.0,0.0,0.5,not estimable,50,0,800,0,0.0,0.058823529411764705,0.8993088981703241
8,seed333019,SYNFlood,206369,hybrid,850,50,800,850,0,1.0,0.0,0.058823529411764705,not estimable,0.0,0.0,0.5,not estimable,50,0,800,0,0.0,0.030594048341956906,0.883714613565037
8,seed333019,SYNFlood,206369,mlp,850,50,800,800,50,0.9411764705882353,0.058823529411764705,0.0,0.0,0.0,0.0,0.0,-1.0,0,50,800,0,0.0,0.030594048341956906,0.883714613565037
8,seed333019,SYNFlood,206369,rf,850,50,800,850,0,1.0,0.0,0.058823529411764705,not estimable,0.0,0.0,0.5,not estimable,50,0,800,0,0.0,0.058823529411764705,0.9150326797385621
8,seed333019,SYNFlood,206369,xgboost,850,50,800,850,0,1.0,0.0,0.058823529411764705,not estimable,0.0,0.0,0.5,not estimable,50,0,800,0,0.0,0.058823529411764705,0.8993088981703241
8,seed333019,SYNFlood,231701,hybrid,850,50,800,850,0,1.0,0.0,0.058823529411764705,not estimable,0.0,0.0,0.5,not estimable,50,0,800,0,0.0,0.030594048341956906,0.8837096162757723
8,seed333019,SYNFlood,231701,mlp,850,50,800,850,0,1.0,0.0,0.058823529411764705,not estimable,0.0,0.0,0.5,not estimable,50,0,800,0,0.5,0.05884595137542516,0.9703809800427242
8,seed333019,SYNFlood,231701,rf,850,50,800,850,0,1.0,0.0,0.058823529411764705,not estimable,0.0,0.0,0.5,not estimable,50,0,800,0,0.0,0.05767202761254314,0.9150326797385621
8,seed333019,SYNFlood,231701,xgboost,850,50,800,850,0,1.0,0.0,0.058823529411764705,not estimable,0.0,0.0,0.5,not estimable,50,0,800,0,0.0,0.058823529411764705,0.8993088981703241
8,seed333019,SYNFlood,257053,hybrid,850,50,800,850,0,1.0,0.0,0.058823529411764705,not estimable,0.0,0.0,0.5,not estimable,50,0,800,0,0.0,0.030594048341956906,0.883714613565037
8,seed333019,SYNFlood,257053,mlp,850,50,800,850,0,1.0,0.0,0.058823529411764705,not estimable,0.0,0.0,0.5,not estimable,50,0,800,0,0.63,0.31439580640370585,0.9777390646368277
8,seed333019,SYNFlood,257053,rf,850,50,800,850,0,1.0,0.0,0.058823529411764705,not estimable,0.0,0.0,0.5,not estimable,50,0,800,0,0.0,0.05660779980127729,0.9150326797385621
8,seed333019,SYNFlood,257053,xgboost,850,50,800,850,0,1.0,0.0,0.058823529411764705,not estimable,0.0,0.0,0.5,not estimable,50,0,800,0,0.0,0.058823529411764705,0.8993088981703241
8,seed333019,SYNFlood,282427,hybrid,850,50,800,850,0,1.0,0.0,0.058823529411764705,not estimable,0.0,0.0,0.5,not estimable,50,0,800,0,0.0,0.058823529411764705,0.8837146135650371
8,seed333019,SYNFlood,282427,mlp,850,50,800,850,0,1.0,0.0,0.058823529411764705,not estimable,0.0,0.0,0.5,not estimable,50,0,800,0,1.0,1.0,0.9999999999999999
8,seed333019,SYNFlood,282427,rf,850,50,800,850,0,1.0,0.0,0.058823529411764705,not estimable,0.0,0.0,0.5,not estimable,50,0,800,0,0.0,0.058823529411764705,0.9150326797385621
8,seed333019,SYNFlood,282427,xgboost,850,50,800,850,0,1.0,0.0,0.058823529411764705,not estimable,0.0,0.0,0.5,not estimable,50,0,800,0,0.0,0.058823529411764705,0.8993088981703241
8,seed333019,SYNFlood,307759,hybrid,850,50,800,850,0,1.0,0.0,0.058823529411764705,not estimable,0.0,0.0,0.5,not estimable,50,0,800,0,0.0,0.030594048341956906,0.8857212888898782
8,seed333019,SYNFlood,307759,mlp,850,50,800,850,0,1.0,0.0,0.058823529411764705,not estimable,0.0,0.0,0.5,not estimable,50,0,800,0,1.0,1.0,0.9999999999999998
8,seed333019,SYNFlood,307759,rf,850,50,800,850,0,1.0,0.0,0.058823529411764705,not estimable,0.0,0.0,0.5,not estimable,50,0,800,0,0.0,0.058823529411764705,0.9144162627597856
8,seed333019,SYNFlood,307759,xgboost,850,50,800,850,0,1.0,0.0,0.058823529411764705,not estimable,0.0,0.0,0.5,not estimable,50,0,800,0,0.0,0.04768685333912162,0.899383756223145
8,seed333019,SYNFlood,333019,hybrid,850,50,800,850,0,1.0,0.0,0.058823529411764705,not estimable,0.0,0.0,0.5,not estimable,50,0,800,0,0.0,0.031227861525334168,0.8991743231912988
8,seed333019,SYNFlood,333019,mlp,850,50,800,850,0,1.0,0.0,0.058823529411764705,not estimable,0.0,0.0,0.5,not estimable,50,0,800,0,1.0,1.0,0.9999999999999998
8,seed333019,SYNFlood,333019,rf,850,50,800,850,0,1.0,0.0,0.058823529411764705,not estimable,0.0,0.0,0.5,not estimable,50,0,800,0,0.0,0.0526580061304919,0.9150326797385621
8,seed333019,SYNFlood,333019,xgboost,850,50,800,850,0,1.0,0.0,0.058823529411764705,not estimable,0.0,0.0,0.5,not estimable,50,0,800,0,0.0,0.0526580061304919,0.8993825105828859
8,seed333019,UDPFlood,104729,hybrid,72,52,20,52,20,0.7222222222222222,0.2777777777777778,1.0,1.0,1.0,1.0,1.0,1.0,52,0,0,20,1.0,1.0,1.0
8,seed333019,UDPFlood,104729,mlp,72,52,20,52,20,0.7222222222222222,0.2777777777777778,1.0,1.0,1.0,1.0,1.0,1.0,52,0,0,20,1.0,1.0,1.0
8,seed333019,UDPFlood,104729,rf,72,52,20,66,6,0.9166666666666666,0.08333333333333333,0.8055555555555556,1.0,0.3,0.46153846153846156,0.65,0.48617243480439776,52,0,14,6,0.9999999999999999,1.0,1.0
8,seed333019,UDPFlood,104729,xgboost,72,52,20,52,20,0.7222222222222222,0.2777777777777778,1.0,1.0,1.0,1.0,1.0,1.0,52,0,0,20,1.0,1.0,1.0
8,seed333019,UDPFlood,130363,hybrid,72,52,20,52,20,0.7222222222222222,0.2777777777777778,1.0,1.0,1.0,1.0,1.0,1.0,52,0,0,20,1.0,1.0,1.0
8,seed333019,UDPFlood,130363,mlp,72,52,20,53,19,0.7361111111111112,0.2638888888888889,0.9861111111111112,1.0,0.95,0.9743589743589743,0.975,0.9654405583453148,52,0,1,19,0.9971153846153846,0.9988902589058402,0.9934782608695653
8,seed333019,UDPFlood,130363,rf,72,52,20,52,20,0.7222222222222222,0.2777777777777778,1.0,1.0,1.0,1.0,1.0,1.0,52,0,0,20,1.0,1.0,1.0
8,seed333019,UDPFlood,130363,xgboost,72,52,20,52,20,0.7222222222222222,0.2777777777777778,1.0,1.0,1.0,1.0,1.0,1.0,52,0,0,20,0.9999999999999999,1.0,1.0
8,seed333019,UDPFlood,155921,hybrid,72,52,20,51,21,0.7083333333333334,0.2916666666666667,0.9861111111111112,0.9523809523809523,1.0,0.975609756097561,0.9903846153846154,0.9664708656063741,51,1,0,20,1.0,1.0,1.0000000000000002
8,seed333019,UDPFlood,155921,mlp,72,52,20,51,21,0.7083333333333334,0.2916666666666667,0.9861111111111112,0.9523809523809523,1.0,0.975609756097561,0.9903846153846154,0.9664708656063741,51,1,0,20,1.0,1.0,1.0
8,seed333019,UDPFlood,155921,rf,72,52,20,51,21,0.7083333333333334,0.2916666666666667,0.9861111111111112,0.9523809523809523,1.0,0.975609756097561,0.9903846153846154,0.9664708656063741,51,1,0,20,1.0,1.0,1.0
8,seed333019,UDPFlood,155921,xgboost,72,52,20,52,20,0.7222222222222222,0.2777777777777778,1.0,1.0,1.0,1.0,1.0,1.0,52,0,0,20,1.0,1.0,1.0
8,seed333019,UDPFlood,181081,hybrid,72,52,20,52,20,0.7222222222222222,0.2777777777777778,1.0,1.0,1.0,1.0,1.0,1.0,52,0,0,20,1.0,1.0,1.0
8,seed333019,UDPFlood,181081,mlp,72,52,20,72,0,1.0,0.0,0.7222222222222222,not estimable,0.0,0.0,0.5,not estimable,52,0,20,0,0.05,0.7171971425522055,0.3018518518518518
8,seed333019,UDPFlood,181081,rf,72,52,20,51,21,0.7083333333333334,0.2916666666666667,0.9861111111111112,0.9523809523809523,1.0,0.975609756097561,0.9903846153846154,0.9664708656063741,51,1,0,20,0.9807692307692308,0.9946581196581198,0.8859523809523809
8,seed333019,UDPFlood,181081,xgboost,72,52,20,52,20,0.7222222222222222,0.2777777777777778,1.0,1.0,1.0,1.0,1.0,1.0,52,0,0,20,1.0,1.0,1.0
8,seed333019,UDPFlood,206369,hybrid,72,52,20,51,21,0.7083333333333334,0.2916666666666667,0.9861111111111112,0.9523809523809523,1.0,0.975609756097561,0.9903846153846154,0.9664708656063741,51,1,0,20,1.0,1.0000000000000002,1.0
8,seed333019,UDPFlood,206369,mlp,72,52,20,0,72,0.0,1.0,0.2777777777777778,0.2777777777777778,1.0,0.43478260869565216,0.5,not estimable,0,52,0,20,1.0,1.0,1.0
8,seed333019,UDPFlood,206369,rf,72,52,20,51,21,0.7083333333333334,0.2916666666666667,0.9861111111111112,0.9523809523809523,1.0,0.975609756097561,0.9903846153846154,0.9664708656063741,51,1,0,20,1.0,1.0,1.0
8,seed333019,UDPFlood,206369,xgboost,72,52,20,52,20,0.7222222222222222,0.2777777777777778,1.0,1.0,1.0,1.0,1.0,1.0,52,0,0,20,1.0,1.0,1.0
8,seed333019,UDPFlood,231701,hybrid,72,52,20,52,20,0.7222222222222222,0.2777777777777778,1.0,1.0,1.0,1.0,1.0,1.0,52,0,0,20,1.0,1.0,1.0
8,seed333019,UDPFlood,231701,mlp,72,52,20,50,22,0.6944444444444444,0.3055555555555556,0.9722222222222222,0.9090909090909091,1.0,0.9523809523809523,0.9807692307692308,0.9349469900084573,50,2,0,20,1.0,1.0,1.0
8,seed333019,UDPFlood,231701,rf,72,52,20,52,20,0.7222222222222222,0.2777777777777778,1.0,1.0,1.0,1.0,1.0,1.0,52,0,0,20,0.9999999999999999,1.0,1.0
8,seed333019,UDPFlood,231701,xgboost,72,52,20,52,20,0.7222222222222222,0.2777777777777778,1.0,1.0,1.0,1.0,1.0,1.0,52,0,0,20,1.0,1.0,1.0
8,seed333019,UDPFlood,257053,hybrid,72,52,20,51,21,0.7083333333333334,0.2916666666666667,0.9861111111111112,0.9523809523809523,1.0,0.975609756097561,0.9903846153846154,0.9664708656063741,51,1,0,20,1.0,1.0,1.0000000000000002
8,seed333019,UDPFlood,257053,mlp,72,52,20,51,21,0.7083333333333334,0.2916666666666667,0.9861111111111112,0.9523809523809523,1.0,0.975609756097561,0.9903846153846154,0.9664708656063741,51,1,0,20,1.0,1.0,1.0
8,seed333019,UDPFlood,257053,rf,72,52,20,51,21,0.7083333333333334,0.2916666666666667,0.9861111111111112,0.9523809523809523,1.0,0.975609756097561,0.9903846153846154,0.9664708656063741,51,1,0,20,1.0,1.0,1.0
8,seed333019,UDPFlood,257053,xgboost,72,52,20,52,20,0.7222222222222222,0.2777777777777778,1.0,1.0,1.0,1.0,1.0,1.0,52,0,0,20,1.0,1.0,1.0
8,seed333019,UDPFlood,282427,hybrid,72,52,20,52,20,0.7222222222222222,0.2777777777777778,1.0,1.0,1.0,1.0,1.0,1.0,52,0,0,20,1.0,1.0,1.0
8,seed333019,UDPFlood,282427,mlp,72,52,20,72,0,1.0,0.0,0.7222222222222222,not estimable,0.0,0.0,0.5,not estimable,52,0,20,0,0.0,0.7106138316334275,0.2777777777777778
8,seed333019,UDPFlood,282427,rf,72,52,20,51,21,0.7083333333333334,0.2916666666666667,0.9861111111111112,0.9523809523809523,1.0,0.975609756097561,0.9903846153846154,0.9664708656063741,51,1,0,20,1.0,1.0,1.0
8,seed333019,UDPFlood,282427,xgboost,72,52,20,52,20,0.7222222222222222,0.2777777777777778,1.0,1.0,1.0,1.0,1.0,1.0,52,0,0,20,1.0,1.0,1.0
8,seed333019,UDPFlood,307759,hybrid,72,52,20,52,20,0.7222222222222222,0.2777777777777778,1.0,1.0,1.0,1.0,1.0,1.0,52,0,0,20,1.0,1.0,1.0
8,seed333019,UDPFlood,307759,mlp,72,52,20,52,20,0.7222222222222222,0.2777777777777778,1.0,1.0,1.0,1.0,1.0,1.0,52,0,0,20,1.0,1.0,1.0
8,seed333019,UDPFlood,307759,rf,72,52,20,51,21,0.7083333333333334,0.2916666666666667,0.9861111111111112,0.9523809523809523,1.0,0.975609756097561,0.9903846153846154,0.9664708656063741,51,1,0,20,0.9999999999999999,1.0,1.0
8,seed333019,UDPFlood,307759,xgboost,72,52,20,52,20,0.7222222222222222,0.2777777777777778,1.0,1.0,1.0,1.0,1.0,1.0,52,0,0,20,0.9999999999999999,1.0,1.0
8,seed333019,UDPFlood,333019,hybrid,72,52,20,52,20,0.7222222222222222,0.2777777777777778,1.0,1.0,1.0,1.0,1.0,1.0,52,0,0,20,1.0,1.0,1.0
8,seed333019,UDPFlood,333019,mlp,72,52,20,72,0,1.0,0.0,0.7222222222222222,not estimable,0.0,0.0,0.5,not estimable,52,0,20,0,0.0,0.5142036552209491,0.264832285115304
8,seed333019,UDPFlood,333019,rf,72,52,20,52,20,0.7222222222222222,0.2777777777777778,1.0,1.0,1.0,1.0,1.0,1.0,52,0,0,20,1.0,1.0,1.0
8,seed333019,UDPFlood,333019,xgboost,72,52,20,51,21,0.7083333333333334,0.2916666666666667,0.9861111111111112,0.9523809523809523,1.0,0.975609756097561,0.9903846153846154,0.9664708656063741,51,1,0,20,1.0,1.0,1.0
