feature_set,model,n_seeds,fpr,mean_tpr,sd_tpr
8,xgboost,10,0.0,0.0,0.0
8,xgboost,10,0.001,0.9626176314948314,0.0008897239321169575
8,xgboost,10,0.002,0.9884352315262648,0.003466490412808551
8,xgboost,10,0.003,0.989831294681385,0.0042652669094410366
8,xgboost,10,0.004,0.989831294681385,0.0042652669094410366
8,xgboost,10,0.005,0.989831294681385,0.0042652669094410366
8,xgboost,10,0.006,0.989831294681385,0.0042652669094410366
8,xgboost,10,0.007,0.989831294681385,0.0042652669094410366
8,xgboost,10,0.008,0.9900661878280319,0.0046810771257398695
8,xgboost,10,0.009000000000000001,0.9900661878280319,0.0046810771257398695
8,xgboost,10,0.01,0.993006545537823,0.0030646766901701473
8,xgboost,10,0.011,0.993025028817142,0.0030900768372587577
8,xgboost,10,0.012,0.993025804425906,0.0030913812093314496
8,xgboost,10,0.013000000000000001,0.9930269606167366,0.0030932062272843756
8,xgboost,10,0.014,0.9930281168075673,0.00309503129062107
8,xgboost,10,0.015,0.993029272998398,0.0030968563992612628
8,xgboost,10,0.016,0.9930304291892288,0.0030986815531249047
8,xgboost,10,0.017,0.9930315853800595,0.0031005067521321316
8,xgboost,10,0.018000000000000002,0.9930327415708902,0.0031023319962032647
8,xgboost,10,0.019,0.9930338977617209,0.003104157285258811
8,xgboost,10,0.02,0.9930350539525516,0.003105982619219442
8,xgboost,10,0.021,0.9936152010449538,0.0027142580260560386
8,xgboost,10,0.022,0.9937770304888783,0.0026067437231483874
8,xgboost,10,0.023,0.9948899382002676,0.0020121688533674626
8,xgboost,10,0.024,0.995480479916484,0.002638096744545494
8,xgboost,10,0.025,0.9955494179868543,0.0026014437200089376
8,xgboost,10,0.026000000000000002,0.9957189202636793,0.002577660483735849
8,xgboost,10,0.027,0.9957189202636793,0.002577660483735849
8,xgboost,10,0.028,0.9957189202636793,0.002577660483735849
8,xgboost,10,0.029,0.9957189202636793,0.002577660483735849
8,xgboost,10,0.03,0.9957189202636793,0.002577660483735849
8,xgboost,10,0.031,0.9957189202636793,0.002577660483735849
8,xgboost,10,0.032,0.9957189202636793,0.002577660483735849
8,xgboost,10,0.033,0.9957189202636793,0.002577660483735849
8,xgboost,10,0.034,0.9957189202636793,0.002577660483735849
8,xgboost,10,0.035,0.9957189202636793,0.002577660483735849
8,xgboost,10,0.036000000000000004,0.9957189202636793,0.002577660483735849
8,xgboost,10,0.037,0.9958246302432213,0.0025263776264896473
8,xgboost,10,0.038,0.9958980205366329,0.0024963116958092195
8,xgboost,10,0.039,0.9958980205366329,0.0024963116958092195
8,xgboost,10,0.04,0.9959026262846062,0.0025039961598076065
8,xgboost,10,0.041,0.9959669586070031,0.002459615689500516
8,xgboost,10,0.042,0.9960403489004144,0.0024295419328269393
8,xgboost,10,0.043000000000000003,0.9960403489004144,0.0024295419328269393
8,xgboost,10,0.044,0.9967480044467795,0.0019413317206353163
8,xgboost,10,0.045,0.9970053337363669,0.0017638170019449579
8,xgboost,10,0.046,0.9970053337363669,0.0017638170019449579
8,xgboost,10,0.047,0.9972626630259545,0.0015863155710767003
8,xgboost,10,0.048,0.9972626630259545,0.0015863155710767003
8,xgboost,10,0.049,0.9972626630259545,0.0015863155710767003
8,xgboost,10,0.05,0.9974234938319466,0.0014753860555189909
8,xgboost,10,0.051000000000000004,0.9974234938319466,0.0014753860555189909
8,xgboost,10,0.052000000000000005,0.9974234938319466,0.0014753860555189909
8,xgboost,10,0.053,0.9974234938319466,0.0014753860555189909
8,xgboost,10,0.054,0.9974234938319466,0.0014753860555189909
8,xgboost,10,0.055,0.9974234938319466,0.0014753860555189909
8,xgboost,10,0.056,0.9974234938319466,0.0014753860555189909
8,xgboost,10,0.057,0.9974234938319466,0.0014753860555189909
8,xgboost,10,0.058,0.9975843246379383,0.0013644653686946608
8,xgboost,10,0.059000000000000004,0.9975843246379383,0.0013644653686946608
8,xgboost,10,0.06,0.9976164907991368,0.0013422824833873768
8,xgboost,10,0.061,0.9976164907991368,0.0013422824833873768
8,xgboost,10,0.062,0.9976486569603352,0.001320100064525723
8,xgboost,10,0.063,0.9976486569603352,0.001320100064525723
8,xgboost,10,0.064,0.9976486569603352,0.001320100064525723
8,xgboost,10,0.065,0.9976486569603352,0.001320100064525723
8,xgboost,10,0.066,0.9976486569603352,0.001320100064525723
8,xgboost,10,0.067,0.9976486569603352,0.001320100064525723
8,xgboost,10,0.068,0.9976486569603352,0.001320100064525723
8,xgboost,10,0.069,0.9977451554439305,0.001253555854233032
8,xgboost,10,0.07,0.9977451554439305,0.001253555854233032
8,xgboost,10,0.07100000000000001,0.9977451554439305,0.001253555854233032
8,xgboost,10,0.07200000000000001,0.9977451554439305,0.001253555854233032
8,xgboost,10,0.073,0.9977451554439305,0.001253555854233032
8,xgboost,10,0.074,0.997777321605129,0.0012313755576902486
8,xgboost,10,0.075,0.9977954375471579,0.0012598286737290545
8,xgboost,10,0.076,0.9977954375471579,0.0012598286737290545
8,xgboost,10,0.077,0.9977954375471579,0.0012598286737290545
8,xgboost,10,0.078,0.9986639238995153,0.0006607098005711347
8,xgboost,10,0.079,0.9986639238995153,0.0006607098005711347
8,xgboost,10,0.08,0.9986639238995153,0.0006607098005711347
8,xgboost,10,0.081,0.9986639238995153,0.0006607098005711347
8,xgboost,10,0.082,0.9986639238995153,0.0006607098005711347
8,xgboost,10,0.083,0.9986639238995153,0.0006607098005711347
8,xgboost,10,0.084,0.9986639238995153,0.0006607098005711347
8,xgboost,10,0.085,0.9986639238995153,0.0006607098005711347
8,xgboost,10,0.08600000000000001,0.99867298187053,0.0006749748518368989
8,xgboost,10,0.08700000000000001,0.99867298187053,0.0006749748518368989
8,xgboost,10,0.088,0.9987051480317284,0.0006527810648820721
8,xgboost,10,0.089,0.9987051480317284,0.0006527810648820721
8,xgboost,10,0.09,0.9987369276927452,0.000703991761890113
8,xgboost,10,0.091,0.9987369276927452,0.000703991761890113
8,xgboost,10,0.092,0.9987369276927452,0.000703991761890113
8,xgboost,10,0.093,0.9987369276927452,0.000703991761890113
8,xgboost,10,0.094,0.9987369276927452,0.000703991761890113
8,xgboost,10,0.095,0.9987505914117332,0.0007259845922097127
8,xgboost,10,0.096,0.9990400868625189,0.0005262604990705583
8,xgboost,10,0.097,0.9990400868625189,0.0005262604990705583
8,xgboost,10,0.098,0.9990400868625189,0.0005262604990705583
8,xgboost,10,0.099,0.9990722530237173,0.0005040712201306275
8,xgboost,10,0.1,0.9990722530237173,0.0005040712201306275
8,xgboost,10,0.101,0.9990722530237173,0.0005040712201306275
8,xgboost,10,0.10200000000000001,0.9990722530237173,0.0005040712201306275
8,xgboost,10,0.10300000000000001,0.9991687515073124,0.00043750793715569865
8,xgboost,10,0.10400000000000001,0.9993939146357015,0.00028224314495280947
8,xgboost,10,0.105,0.9993939146357015,0.00028224314495280947
8,xgboost,10,0.106,0.9993939146357015,0.00028224314495280947
8,xgboost,10,0.107,0.9993939146357015,0.00028224314495280947
8,xgboost,10,0.108,0.9993939146357015,0.00028224314495280947
8,xgboost,10,0.109,0.9993939146357015,0.00028224314495280947
8,xgboost,10,0.11,0.9993939146357015,0.00028224314495280947
8,xgboost,10,0.111,0.9993939146357015,0.00028224314495280947
8,xgboost,10,0.112,0.9993939146357015,0.00028224314495280947
8,xgboost,10,0.113,0.9994582469580984,0.0002379087644100219
8,xgboost,10,0.114,0.9994582469580984,0.0002379087644100219
8,xgboost,10,0.115,0.9994582469580984,0.0002379087644100219
8,xgboost,10,0.116,0.9994582469580984,0.0002379087644100219
8,xgboost,10,0.117,0.9994582469580984,0.0002379087644100219
8,xgboost,10,0.11800000000000001,0.9994582469580984,0.0002379087644100219
8,xgboost,10,0.11900000000000001,0.9994582469580984,0.0002379087644100219
8,xgboost,10,0.12,0.9994582469580984,0.0002379087644100219
8,xgboost,10,0.121,0.9994582469580984,0.0002379087644100219
8,xgboost,10,0.122,0.9994582469580984,0.0002379087644100219
8,xgboost,10,0.123,0.9994582469580984,0.0002379087644100219
8,xgboost,10,0.124,0.9994582469580984,0.0002379087644100219
8,xgboost,10,0.125,0.9994582469580984,0.0002379087644100219
8,xgboost,10,0.126,0.9994582469580984,0.0002379087644100219
8,xgboost,10,0.127,0.9994674584540453,0.000252635697537944
8,xgboost,10,0.128,0.9994674584540453,0.000252635697537944
8,xgboost,10,0.129,0.9994674584540453,0.000252635697537944
8,xgboost,10,0.13,0.9994674584540453,0.000252635697537944
8,xgboost,10,0.131,0.9994674584540453,0.000252635697537944
8,xgboost,10,0.132,0.9994674584540453,0.000252635697537944
8,xgboost,10,0.133,0.9994674584540453,0.000252635697537944
8,xgboost,10,0.134,0.9994674584540453,0.000252635697537944
8,xgboost,10,0.135,0.9994674584540453,0.000252635697537944
8,xgboost,10,0.136,0.9994674584540453,0.000252635697537944
8,xgboost,10,0.137,0.9994674584540453,0.000252635697537944
8,xgboost,10,0.138,0.9994680343220186,0.0002522387379048956
8,xgboost,10,0.139,0.9994748229434955,0.00024755928126229384
8,xgboost,10,0.14,0.9994816115649726,0.00024288002268184024
8,xgboost,10,0.14100000000000001,0.9994884001864499,0.00023820097383577644
8,xgboost,10,0.14200000000000002,0.9994951888079265,0.00023352214733146425
8,xgboost,10,0.14300000000000002,0.9995019774294036,0.00022884355680652832
8,xgboost,10,0.14400000000000002,0.9995087660508807,0.00022416521703646673
8,xgboost,10,0.145,0.9995155546723578,0.0002194871440557021
8,xgboost,10,0.146,0.9995223432938347,0.00021480935529442528
8,xgboost,10,0.147,0.9995291319153117,0.0002101318697339531
8,xgboost,10,0.148,0.999544978507803,0.00021970693565650086
8,xgboost,10,0.149,0.9995517671292802,0.00021502236125682197
8,xgboost,10,0.15,0.9995585557507572,0.00021033778772466198
8,xgboost,10,0.151,0.9995653443722343,0.00020565321511941537
8,xgboost,10,0.152,0.9995721329937112,0.00020096864350584376
8,xgboost,10,0.153,0.999578921615188,0.00019628407295495
8,xgboost,10,0.154,0.9995857102366653,0.00019159950354468079
8,xgboost,10,0.155,0.9995924988581422,0.00018691493536074355
8,xgboost,10,0.156,0.999599287479619,0.000182230368497825
8,xgboost,10,0.157,0.9996060761010961,0.00017754580306043297
8,xgboost,10,0.158,0.9996128647225732,0.00017286123916446345
8,xgboost,10,0.159,0.9996196533440503,0.0001681766769386718
8,xgboost,10,0.16,0.9996264419655272,0.00016349211652673745
8,xgboost,10,0.161,0.9996332305870042,0.00015880755808911936
8,xgboost,10,0.162,0.9996400192084811,0.0001541230018058452
8,xgboost,10,0.163,0.9996468078299582,0.00014943844787946269
8,xgboost,10,0.164,0.9996535964514353,0.00014475389653890688
8,xgboost,10,0.165,0.9996603850729121,0.00014006934804356388
8,xgboost,10,0.166,0.9996671736943892,0.00013538480268878163
8,xgboost,10,0.167,0.9996739623158662,0.00013070026081225106
8,xgboost,10,0.168,0.9996807509373433,0.00012601572280182284
8,xgboost,10,0.169,0.9996875395588202,0.0001213311891054155
8,xgboost,10,0.17,0.999694328180297,0.00011664666024272259
8,xgboost,10,0.171,0.9997011168017742,0.00011196213682047618
8,xgboost,10,0.17200000000000001,0.9997016795534487,0.00011157380737734148
8,xgboost,10,0.17300000000000001,0.9997016795534487,0.00011157380737734148
8,xgboost,10,0.17400000000000002,0.9997016795534487,0.00011157380737734148
8,xgboost,10,0.17500000000000002,0.9997016795534487,0.00011157380737734148
8,xgboost,10,0.176,0.9997016795534487,0.00011157380737734148
8,xgboost,10,0.177,0.9997016795534487,0.00011157380737734148
8,xgboost,10,0.178,0.9997016795534487,0.00011157380737734148
8,xgboost,10,0.179,0.9997016795534487,0.00011157380737734148
8,xgboost,10,0.18,0.9997016795534487,0.00011157380737734148
8,xgboost,10,0.181,0.9997016795534487,0.00011157380737734148
8,xgboost,10,0.182,0.9997016795534487,0.00011157380737734148
8,xgboost,10,0.183,0.9997016795534487,0.00011157380737734148
8,xgboost,10,0.184,0.9997016795534487,0.00011157380737734148
8,xgboost,10,0.185,0.9997016795534487,0.00011157380737734148
8,xgboost,10,0.186,0.9997338457146471,8.937748455817429e-05
8,xgboost,10,0.187,0.9997338457146471,8.937748455817429e-05
8,xgboost,10,0.188,0.9997338457146471,8.937748455817429e-05
8,xgboost,10,0.189,0.9997338457146471,8.937748455817429e-05
8,xgboost,10,0.19,0.9997338457146471,8.937748455817429e-05
8,xgboost,10,0.191,0.9997338457146471,8.937748455817429e-05
8,xgboost,10,0.192,0.9997338457146471,8.937748455817429e-05
8,xgboost,10,0.193,0.9997338457146471,8.937748455817429e-05
8,xgboost,10,0.194,0.9997338457146471,8.937748455817429e-05
8,xgboost,10,0.195,0.9997338457146471,8.937748455817429e-05
8,xgboost,10,0.196,0.9997338457146471,8.937748455817429e-05
8,xgboost,10,0.197,0.9997338457146471,8.937748455817429e-05
8,xgboost,10,0.198,0.9997338457146471,8.937748455817429e-05
8,xgboost,10,0.199,0.9997338457146471,8.937748455817429e-05
8,xgboost,10,0.2,0.9997338457146471,8.937748455817429e-05
8,xgboost,10,0.201,0.9997338457146471,8.937748455817429e-05
8,xgboost,10,0.202,0.9997338457146471,8.937748455817429e-05
8,xgboost,10,0.203,0.9997338457146471,8.937748455817429e-05
8,xgboost,10,0.20400000000000001,0.9997338457146471,8.937748455817429e-05
8,xgboost,10,0.20500000000000002,0.9997338457146471,8.937748455817429e-05
8,xgboost,10,0.20600000000000002,0.9997338457146471,8.937748455817429e-05
8,xgboost,10,0.20700000000000002,0.9997338457146471,8.937748455817429e-05
8,xgboost,10,0.20800000000000002,0.9997338457146471,8.937748455817429e-05
8,xgboost,10,0.209,0.9997338457146471,8.937748455817429e-05
8,xgboost,10,0.21,0.9997338457146471,8.937748455817429e-05
8,xgboost,10,0.211,0.9997338457146471,8.937748455817429e-05
8,xgboost,10,0.212,0.9997338457146471,8.937748455817429e-05
8,xgboost,10,0.213,0.9997338457146471,8.937748455817429e-05
8,xgboost,10,0.214,0.9997347463671608,8.875599066639806e-05
8,xgboost,10,0.215,0.9997359752388867,8.790800995919074e-05
8,xgboost,10,0.216,0.9997372041106128,8.70600296677977e-05
8,xgboost,10,0.217,0.999738432982339,8.621204980459768e-05
8,xgboost,10,0.218,0.9997396618540648,8.536407038229602e-05
8,xgboost,10,0.219,0.999740890725791,8.451609141416381e-05
8,xgboost,10,0.22,0.9997421195975171,8.366811291395644e-05
8,xgboost,10,0.221,0.9997433484692433,8.28201348961558e-05
8,xgboost,10,0.222,0.9997445773409691,8.197215737567771e-05
8,xgboost,10,0.223,0.9997458062126953,8.11241803681174e-05
8,xgboost,10,0.224,0.9997470350844214,8.027620388967548e-05
8,xgboost,10,0.225,0.9997482639561474,7.942822795740756e-05
8,xgboost,10,0.226,0.9997494928278734,7.858025258893987e-05
8,xgboost,10,0.227,0.9997507216995997,7.77322778026702e-05
8,xgboost,10,0.228,0.9997519505713257,7.688430361797113e-05
8,xgboost,10,0.229,0.9997531794430516,7.60363300549138e-05
8,xgboost,10,0.23,0.9997544083147776,7.518835713453081e-05
8,xgboost,10,0.231,0.999755637186504,7.434038487876076e-05
8,xgboost,10,0.232,0.9997568660582299,7.349241331071816e-05
8,xgboost,10,0.233,0.9997580949299559,7.264444245443082e-05
8,xgboost,10,0.234,0.9997593238016822,7.179647233506421e-05
8,xgboost,10,0.23500000000000001,0.999760552673408,7.094850297915035e-05
8,xgboost,10,0.23600000000000002,0.9997617815451342,7.010053441433894e-05
8,xgboost,10,0.23700000000000002,0.9997630104168603,6.925256666969009e-05
8,xgboost,10,0.23800000000000002,0.9997642392885865,6.84045997756513e-05
8,xgboost,10,0.23900000000000002,0.9997654681603123,6.755663376436223e-05
8,xgboost,10,0.24,0.9997660118758456,6.718145063873961e-05
8,xgboost,10,0.241,0.9997660118758456,6.718145063873961e-05
8,xgboost,10,0.242,0.9997660118758456,6.718145063873961e-05
8,xgboost,10,0.243,0.9997660118758456,6.718145063873961e-05
8,xgboost,10,0.244,0.9997660118758456,6.718145063873961e-05
8,xgboost,10,0.245,0.9997660118758456,6.718145063873961e-05
8,xgboost,10,0.246,0.9997660118758456,6.718145063873961e-05
8,xgboost,10,0.247,0.9997660118758456,6.718145063873961e-05
8,xgboost,10,0.248,0.9997660118758456,6.718145063873961e-05
8,xgboost,10,0.249,0.9997660118758456,6.718145063873961e-05
8,xgboost,10,0.25,0.9997660118758456,6.718145063873961e-05
8,xgboost,10,0.251,0.9997660118758456,6.718145063873961e-05
8,xgboost,10,0.252,0.9997660118758456,6.718145063873961e-05
8,xgboost,10,0.253,0.9997660118758456,6.718145063873961e-05
8,xgboost,10,0.254,0.9997660118758456,6.718145063873961e-05
8,xgboost,10,0.255,0.9997660118758456,6.718145063873961e-05
8,xgboost,10,0.256,0.9997660118758456,6.718145063873961e-05
8,xgboost,10,0.257,0.9997660118758456,6.718145063873961e-05
8,xgboost,10,0.258,0.9997660118758456,6.718145063873961e-05
8,xgboost,10,0.259,0.9997660118758456,6.718145063873961e-05
8,xgboost,10,0.26,0.9997660118758456,6.718145063873961e-05
8,xgboost,10,0.261,0.9997660118758456,6.718145063873961e-05
8,xgboost,10,0.262,0.9997660118758456,6.718145063873961e-05
8,xgboost,10,0.263,0.9997660118758456,6.718145063873961e-05
8,xgboost,10,0.264,0.9997660118758456,6.718145063873961e-05
8,xgboost,10,0.265,0.9997660118758456,6.718145063873961e-05
8,xgboost,10,0.266,0.9997660118758456,6.718145063873961e-05
8,xgboost,10,0.267,0.9997660118758456,6.718145063873961e-05
8,xgboost,10,0.268,0.9997660118758456,6.718145063873961e-05
8,xgboost,10,0.269,0.9997660118758456,6.718145063873961e-05
8,xgboost,10,0.27,0.9997660118758456,6.718145063873961e-05
8,xgboost,10,0.271,0.9997660118758456,6.718145063873961e-05
8,xgboost,10,0.272,0.9997660118758456,6.718145063873961e-05
8,xgboost,10,0.273,0.9997660118758456,6.718145063873961e-05
8,xgboost,10,0.274,0.9997660118758456,6.718145063873961e-05
8,xgboost,10,0.275,0.9997660118758456,6.718145063873961e-05
8,xgboost,10,0.276,0.9997660118758456,6.718145063873961e-05
8,xgboost,10,0.277,0.9997660118758456,6.718145063873961e-05
8,xgboost,10,0.278,0.9997660118758456,6.718145063873961e-05
8,xgboost,10,0.279,0.9997660118758456,6.718145063873961e-05
8,xgboost,10,0.28,0.9997660118758456,6.718145063873961e-05
8,xgboost,10,0.281,0.9997660118758456,6.718145063873961e-05
8,xgboost,10,0.28200000000000003,0.9997660118758456,6.718145063873961e-05
8,xgboost,10,0.28300000000000003,0.9997660118758456,6.718145063873961e-05
8,xgboost,10,0.28400000000000003,0.9997660118758456,6.718145063873961e-05
8,xgboost,10,0.28500000000000003,0.9997660118758456,6.718145063873961e-05
8,xgboost,10,0.28600000000000003,0.9997660118758456,6.718145063873961e-05
8,xgboost,10,0.28700000000000003,0.9997660118758456,6.718145063873961e-05
8,xgboost,10,0.28800000000000003,0.9997660118758456,6.718145063873961e-05
8,xgboost,10,0.289,0.9997660118758456,6.718145063873961e-05
8,xgboost,10,0.29,0.9997660118758456,6.718145063873961e-05
8,xgboost,10,0.291,0.9997660118758456,6.718145063873961e-05
8,xgboost,10,0.292,0.9997660118758456,6.718145063873961e-05
8,xgboost,10,0.293,0.9997660118758456,6.718145063873961e-05
8,xgboost,10,0.294,0.9997660118758456,6.718145063873961e-05
8,xgboost,10,0.295,0.9997660118758456,6.718145063873961e-05
8,xgboost,10,0.296,0.9997660118758456,6.718145063873961e-05
8,xgboost,10,0.297,0.9997660118758456,6.718145063873961e-05
8,xgboost,10,0.298,0.9997660118758456,6.718145063873961e-05
8,xgboost,10,0.299,0.9997693486816935,6.487893961076801e-05
8,xgboost,10,0.3,0.9997777226698628,5.9100634796458075e-05
8,xgboost,10,0.301,0.9997860966580321,5.3322394139500966e-05
8,xgboost,10,0.302,0.9997944706462011,4.754424103192384e-05
8,xgboost,10,0.303,0.9998028446343703,4.176621180976461e-05
8,xgboost,10,0.304,0.9998112186225396,3.59883661434328e-05
8,xgboost,10,0.305,0.9998195926107091,3.0210809348923222e-05
8,xgboost,10,0.306,0.9998279665988783,2.443374634523451e-05
8,xgboost,10,0.307,0.9998303441982423,2.2793625644185514e-05
8,xgboost,10,0.308,0.9998303441982423,2.2793625644185514e-05
8,xgboost,10,0.309,0.9998303441982423,2.2793625644185514e-05
8,xgboost,10,0.31,0.9998303441982423,2.2793625644185514e-05
8,xgboost,10,0.311,0.9998303441982423,2.2793625644185514e-05
8,xgboost,10,0.312,0.9998303441982423,2.2793625644185514e-05
8,xgboost,10,0.313,0.9998303441982423,2.2793625644185514e-05
8,xgboost,10,0.314,0.9998303441982423,2.2793625644185514e-05
8,xgboost,10,0.315,0.9998303441982423,2.2793625644185514e-05
8,xgboost,10,0.316,0.9998303441982423,2.2793625644185514e-05
8,xgboost,10,0.317,0.9998303441982423,2.2793625644185514e-05
8,xgboost,10,0.318,0.9998303441982423,2.2793625644185514e-05
8,xgboost,10,0.319,0.9998303441982423,2.2793625644185514e-05
8,xgboost,10,0.32,0.9998303441982423,2.2793625644185514e-05
8,xgboost,10,0.321,0.9998303441982423,2.2793625644185514e-05
8,xgboost,10,0.322,0.9998303441982423,2.2793625644185514e-05
8,xgboost,10,0.323,0.9999268426818377,4.3809756794992715e-05
8,xgboost,10,0.324,0.9999268426818377,4.3809756794992715e-05
8,xgboost,10,0.325,0.9999268426818377,4.3809756794992715e-05
8,xgboost,10,0.326,0.9999268426818377,4.3809756794992715e-05
8,xgboost,10,0.327,0.9999268426818377,4.3809756794992715e-05
8,xgboost,10,0.328,0.9999268426818377,4.3809756794992715e-05
8,xgboost,10,0.329,0.9999268426818377,4.3809756794992715e-05
8,xgboost,10,0.33,0.9999268426818377,4.3809756794992715e-05
8,xgboost,10,0.331,0.9999268426818377,4.3809756794992715e-05
8,xgboost,10,0.332,0.9999268426818377,4.3809756794992715e-05
8,xgboost,10,0.333,0.9999268426818377,4.3809756794992715e-05
8,xgboost,10,0.334,0.9999268426818377,4.3809756794992715e-05
8,xgboost,10,0.335,0.9999268426818377,4.3809756794992715e-05
8,xgboost,10,0.336,0.9999268426818377,4.3809756794992715e-05
8,xgboost,10,0.337,0.9999281395591723,4.178559947412249e-05
8,xgboost,10,0.338,0.9999301401568115,3.8834042136154694e-05
8,xgboost,10,0.339,0.9999321407544508,3.613455606455233e-05
8,xgboost,10,0.34,0.9999341413520902,3.374768530522797e-05
8,xgboost,10,0.341,0.9999359006528522,3.196284709251272e-05
8,xgboost,10,0.342,0.9999359006528522,3.196284709251272e-05
8,xgboost,10,0.343,0.9999359006528522,3.196284709251272e-05
8,xgboost,10,0.34400000000000003,0.9999359006528522,3.196284709251272e-05
8,xgboost,10,0.34500000000000003,0.9999367764944589,3.120086219543055e-05
8,xgboost,10,0.34600000000000003,0.9999383045099787,3.009734821401955e-05
8,xgboost,10,0.34700000000000003,0.9999398325254985,2.930803634565373e-05
8,xgboost,10,0.34800000000000003,0.9999413605410183,2.885871924574773e-05
8,xgboost,10,0.34900000000000003,0.9999428885565381,2.8765333575610375e-05
8,xgboost,10,0.35000000000000003,0.9999444165720579,2.9031314335929163e-05
8,xgboost,10,0.35100000000000003,0.9999449586238667,2.9210573988599702e-05
8,xgboost,10,0.352,0.9999449586238667,2.9210573988599702e-05
8,xgboost,10,0.353,0.9999449586238667,2.9210573988599702e-05
8,xgboost,10,0.354,0.9999449586238667,2.9210573988599702e-05
8,xgboost,10,0.355,0.9999449586238667,2.9210573988599702e-05
8,xgboost,10,0.356,0.9999449586238667,2.9210573988599702e-05
8,xgboost,10,0.357,0.9999449586238667,2.9210573988599702e-05
8,xgboost,10,0.358,0.9999449586238667,2.9210573988599702e-05
8,xgboost,10,0.359,0.9999449586238667,2.9210573988599702e-05
8,xgboost,10,0.36,0.9999449586238667,2.9210573988599702e-05
8,xgboost,10,0.361,0.9999449586238667,2.9210573988599702e-05
8,xgboost,10,0.362,0.9999449586238667,2.9210573988599702e-05
8,xgboost,10,0.363,0.9999449586238667,2.9210573988599702e-05
8,xgboost,10,0.364,0.9999449586238667,2.9210573988599702e-05
8,xgboost,10,0.365,0.9999449586238667,2.9210573988599702e-05
8,xgboost,10,0.366,0.9999456035260591,2.717131145040605e-05
8,xgboost,10,0.367,0.9999466880456772,2.3741960521172957e-05
8,xgboost,10,0.368,0.9999477725652952,2.031267754091911e-05
8,xgboost,10,0.369,0.9999488570849133,1.68835039139112e-05
8,xgboost,10,0.37,0.9999499416045312,1.345452325356169e-05
8,xgboost,10,0.371,0.9999510261241493,1.0025933551942293e-05
8,xgboost,10,0.372,0.9999521106437674,6.598344279794202e-06
8,xgboost,10,0.373,0.9999531951633853,3.1749971527007096e-06
8,xgboost,10,0.374,0.9999541701198137,2.8652440471808106e-07
8,xgboost,10,0.375,0.9999541701198137,2.8652440471808106e-07
8,xgboost,10,0.376,0.9999541701198137,2.8652440471808106e-07
8,xgboost,10,0.377,0.9999541701198137,2.8652440471808106e-07
8,xgboost,10,0.378,0.9999541701198137,2.8652440471808106e-07
8,xgboost,10,0.379,0.9999541701198137,2.8652440471808106e-07
8,xgboost,10,0.38,0.9999541701198137,2.8652440471808106e-07
8,xgboost,10,0.381,0.9999541701198137,2.8652440471808106e-07
8,xgboost,10,0.382,0.9999541701198137,2.8652440471808106e-07
8,xgboost,10,0.383,0.9999541701198137,2.8652440471808106e-07
8,xgboost,10,0.384,0.9999541701198137,2.8652440471808106e-07
8,xgboost,10,0.385,0.9999541701198137,2.8652440471808106e-07
8,xgboost,10,0.386,0.9999541701198137,2.8652440471808106e-07
8,xgboost,10,0.387,0.9999541701198137,2.8652440471808106e-07
8,xgboost,10,0.388,0.9999541701198137,2.8652440471808106e-07
8,xgboost,10,0.389,0.9999541701198137,2.8652440471808106e-07
8,xgboost,10,0.39,0.9999541701198137,2.8652440471808106e-07
8,xgboost,10,0.391,0.9999541701198137,2.8652440471808106e-07
8,xgboost,10,0.392,0.9999541701198137,2.8652440471808106e-07
8,xgboost,10,0.393,0.9999541701198137,2.8652440471808106e-07
8,xgboost,10,0.394,0.9999541701198137,2.8652440471808106e-07
8,xgboost,10,0.395,0.9999541701198137,2.8652440471808106e-07
8,xgboost,10,0.396,0.9999541701198137,2.8652440471808106e-07
8,xgboost,10,0.397,0.9999541701198137,2.8652440471808106e-07
8,xgboost,10,0.398,0.9999541701198137,2.8652440471808106e-07
8,xgboost,10,0.399,0.9999541701198137,2.8652440471808106e-07
8,xgboost,10,0.4,0.9999541701198137,2.8652440471808106e-07
8,xgboost,10,0.401,0.9999541701198137,2.8652440471808106e-07
8,xgboost,10,0.402,0.9999541701198137,2.8652440471808106e-07
8,xgboost,10,0.403,0.9999541701198137,2.8652440471808106e-07
8,xgboost,10,0.404,0.9999541701198137,2.8652440471808106e-07
8,xgboost,10,0.405,0.9999541701198137,2.8652440471808106e-07
8,xgboost,10,0.406,0.9999541701198137,2.8652440471808106e-07
8,xgboost,10,0.40700000000000003,0.9999541701198137,2.8652440471808106e-07
8,xgboost,10,0.40800000000000003,0.9999541701198137,2.8652440471808106e-07
8,xgboost,10,0.40900000000000003,0.9999541701198137,2.8652440471808106e-07
8,xgboost,10,0.41000000000000003,0.9999541701198137,2.8652440471808106e-07
8,xgboost,10,0.41100000000000003,0.9999541701198137,2.8652440471808106e-07
8,xgboost,10,0.41200000000000003,0.9999541701198137,2.8652440471808106e-07
8,xgboost,10,0.41300000000000003,0.9999541701198137,2.8652440471808106e-07
8,xgboost,10,0.41400000000000003,0.9999541701198137,2.8652440471808106e-07
8,xgboost,10,0.41500000000000004,0.9999541701198137,2.8652440471808106e-07
8,xgboost,10,0.41600000000000004,0.9999541701198137,2.8652440471808106e-07
8,xgboost,10,0.417,0.9999541701198137,2.8652440471808106e-07
8,xgboost,10,0.418,0.9999541701198137,2.8652440471808106e-07
8,xgboost,10,0.419,0.9999541701198137,2.8652440471808106e-07
8,xgboost,10,0.42,0.9999541701198137,2.8652440471808106e-07
8,xgboost,10,0.421,0.9999541701198137,2.8652440471808106e-07
8,xgboost,10,0.422,0.9999541701198137,2.8652440471808106e-07
8,xgboost,10,0.423,0.9999541701198137,2.8652440471808106e-07
8,xgboost,10,0.424,0.9999541701198137,2.8652440471808106e-07
8,xgboost,10,0.425,0.9999541701198137,2.8652440471808106e-07
8,xgboost,10,0.426,0.9999541701198137,2.8652440471808106e-07
8,xgboost,10,0.427,0.9999541701198137,2.8652440471808106e-07
8,xgboost,10,0.428,0.9999541701198137,2.8652440471808106e-07
8,xgboost,10,0.429,0.9999541701198137,2.8652440471808106e-07
8,xgboost,10,0.43,0.9999541701198137,2.8652440471808106e-07
8,xgboost,10,0.431,0.9999541701198137,2.8652440471808106e-07
8,xgboost,10,0.432,0.9999541701198137,2.8652440471808106e-07
8,xgboost,10,0.433,0.9999541701198137,2.8652440471808106e-07
8,xgboost,10,0.434,0.9999541701198137,2.8652440471808106e-07
8,xgboost,10,0.435,0.9999541701198137,2.8652440471808106e-07
8,xgboost,10,0.436,0.9999541701198137,2.8652440471808106e-07
8,xgboost,10,0.437,0.9999541701198137,2.8652440471808106e-07
8,xgboost,10,0.438,0.9999541701198137,2.8652440471808106e-07
8,xgboost,10,0.439,0.9999541701198137,2.8652440471808106e-07
8,xgboost,10,0.44,0.9999541701198137,2.8652440471808106e-07
8,xgboost,10,0.441,0.9999541701198137,2.8652440471808106e-07
8,xgboost,10,0.442,0.9999541701198137,2.8652440471808106e-07
8,xgboost,10,0.443,0.9999541701198137,2.8652440471808106e-07
8,xgboost,10,0.444,0.9999541701198137,2.8652440471808106e-07
8,xgboost,10,0.445,0.9999541701198137,2.8652440471808106e-07
8,xgboost,10,0.446,0.9999541701198137,2.8652440471808106e-07
8,xgboost,10,0.447,0.9999541701198137,2.8652440471808106e-07
8,xgboost,10,0.448,0.9999541701198137,2.8652440471808106e-07
8,xgboost,10,0.449,0.9999541701198137,2.8652440471808106e-07
8,xgboost,10,0.45,0.9999541701198137,2.8652440471808106e-07
8,xgboost,10,0.451,0.9999541701198137,2.8652440471808106e-07
8,xgboost,10,0.452,0.9999541701198137,2.8652440471808106e-07
8,xgboost,10,0.453,0.9999541701198137,2.8652440471808106e-07
8,xgboost,10,0.454,0.9999541701198137,2.8652440471808106e-07
8,xgboost,10,0.455,0.9999541701198137,2.8652440471808106e-07
8,xgboost,10,0.456,0.9999541701198137,2.8652440471808106e-07
8,xgboost,10,0.457,0.9999541701198137,2.8652440471808106e-07
8,xgboost,10,0.458,0.9999541701198137,2.8652440471808106e-07
8,xgboost,10,0.459,0.9999541701198137,2.8652440471808106e-07
8,xgboost,10,0.46,0.9999541701198137,2.8652440471808106e-07
8,xgboost,10,0.461,0.9999541701198137,2.8652440471808106e-07
8,xgboost,10,0.462,0.9999541701198137,2.8652440471808106e-07
8,xgboost,10,0.463,0.9999541701198137,2.8652440471808106e-07
8,xgboost,10,0.464,0.9999541701198137,2.8652440471808106e-07
8,xgboost,10,0.465,0.9999541701198137,2.8652440471808106e-07
8,xgboost,10,0.466,0.9999541701198137,2.8652440471808106e-07
8,xgboost,10,0.467,0.9999541701198137,2.8652440471808106e-07
8,xgboost,10,0.468,0.9999541701198137,2.8652440471808106e-07
8,xgboost,10,0.46900000000000003,0.9999541701198137,2.8652440471808106e-07
8,xgboost,10,0.47000000000000003,0.9999541701198137,2.8652440471808106e-07
8,xgboost,10,0.47100000000000003,0.9999541701198137,2.8652440471808106e-07
8,xgboost,10,0.47200000000000003,0.9999541701198137,2.8652440471808106e-07
8,xgboost,10,0.47300000000000003,0.9999541701198137,2.8652440471808106e-07
8,xgboost,10,0.47400000000000003,0.9999541701198137,2.8652440471808106e-07
8,xgboost,10,0.47500000000000003,0.9999541701198137,2.8652440471808106e-07
8,xgboost,10,0.47600000000000003,0.9999541701198137,2.8652440471808106e-07
8,xgboost,10,0.47700000000000004,0.9999541701198137,2.8652440471808106e-07
8,xgboost,10,0.47800000000000004,0.9999541701198137,2.8652440471808106e-07
8,xgboost,10,0.47900000000000004,0.9999541701198137,2.8652440471808106e-07
8,xgboost,10,0.48,0.9999541701198137,2.8652440471808106e-07
8,xgboost,10,0.481,0.9999541701198137,2.8652440471808106e-07
8,xgboost,10,0.482,0.9999541701198137,2.8652440471808106e-07
8,xgboost,10,0.483,0.9999541701198137,2.8652440471808106e-07
8,xgboost,10,0.484,0.9999541701198137,2.8652440471808106e-07
8,xgboost,10,0.485,0.9999541701198137,2.8652440471808106e-07
8,xgboost,10,0.486,0.9999541701198137,2.8652440471808106e-07
8,xgboost,10,0.487,0.9999541701198137,2.8652440471808106e-07
8,xgboost,10,0.488,0.9999541701198137,2.8652440471808106e-07
8,xgboost,10,0.489,0.9999541701198137,2.8652440471808106e-07
8,xgboost,10,0.49,0.9999541701198137,2.8652440471808106e-07
8,xgboost,10,0.491,0.9999541701198137,2.8652440471808106e-07
8,xgboost,10,0.492,0.9999541701198137,2.8652440471808106e-07
8,xgboost,10,0.493,0.9999541701198137,2.8652440471808106e-07
8,xgboost,10,0.494,0.9999541701198137,2.8652440471808106e-07
8,xgboost,10,0.495,0.9999541701198137,2.8652440471808106e-07
8,xgboost,10,0.496,0.9999541701198137,2.8652440471808106e-07
8,xgboost,10,0.497,0.9999541701198137,2.8652440471808106e-07
8,xgboost,10,0.498,0.9999541701198137,2.8652440471808106e-07
8,xgboost,10,0.499,0.9999541701198137,2.8652440471808106e-07
8,xgboost,10,0.5,0.9999541701198137,2.8652440471808106e-07
8,xgboost,10,0.501,0.9999541701198137,2.8652440471808106e-07
8,xgboost,10,0.502,0.9999541701198137,2.8652440471808106e-07
8,xgboost,10,0.503,0.9999541701198137,2.8652440471808106e-07
8,xgboost,10,0.504,0.9999541701198137,2.8652440471808106e-07
8,xgboost,10,0.505,0.9999541701198137,2.8652440471808106e-07
8,xgboost,10,0.506,0.9999541701198137,2.8652440471808106e-07
8,xgboost,10,0.507,0.9999541701198137,2.8652440471808106e-07
8,xgboost,10,0.508,0.9999541701198137,2.8652440471808106e-07
8,xgboost,10,0.509,0.9999541701198137,2.8652440471808106e-07
8,xgboost,10,0.51,0.9999541701198137,2.8652440471808106e-07
8,xgboost,10,0.511,0.9999541701198137,2.8652440471808106e-07
8,xgboost,10,0.512,0.9999541701198137,2.8652440471808106e-07
8,xgboost,10,0.513,0.9999541701198137,2.8652440471808106e-07
8,xgboost,10,0.514,0.9999541701198137,2.8652440471808106e-07
8,xgboost,10,0.515,0.9999541701198137,2.8652440471808106e-07
8,xgboost,10,0.516,0.9999541701198137,2.8652440471808106e-07
8,xgboost,10,0.517,0.9999541701198137,2.8652440471808106e-07
8,xgboost,10,0.518,0.9999541701198137,2.8652440471808106e-07
8,xgboost,10,0.519,0.9999541701198137,2.8652440471808106e-07
8,xgboost,10,0.52,0.9999541701198137,2.8652440471808106e-07
8,xgboost,10,0.521,0.9999541701198137,2.8652440471808106e-07
8,xgboost,10,0.522,0.9999541701198137,2.8652440471808106e-07
8,xgboost,10,0.523,0.9999541701198137,2.8652440471808106e-07
8,xgboost,10,0.524,0.9999541701198137,2.8652440471808106e-07
8,xgboost,10,0.525,0.9999541701198137,2.8652440471808106e-07
8,xgboost,10,0.526,0.9999541701198137,2.8652440471808106e-07
8,xgboost,10,0.527,0.9999541701198137,2.8652440471808106e-07
8,xgboost,10,0.528,0.9999541701198137,2.8652440471808106e-07
8,xgboost,10,0.529,0.9999541701198137,2.8652440471808106e-07
8,xgboost,10,0.53,0.9999541701198137,2.8652440471808106e-07
8,xgboost,10,0.531,0.9999541701198137,2.8652440471808106e-07
8,xgboost,10,0.532,0.9999541701198137,2.8652440471808106e-07
8,xgboost,10,0.533,0.9999541701198137,2.8652440471808106e-07
8,xgboost,10,0.534,0.9999541701198137,2.8652440471808106e-07
8,xgboost,10,0.535,0.9999541701198137,2.8652440471808106e-07
8,xgboost,10,0.536,0.9999541701198137,2.8652440471808106e-07
8,xgboost,10,0.537,0.9999541701198137,2.8652440471808106e-07
8,xgboost,10,0.538,0.9999541701198137,2.8652440471808106e-07
8,xgboost,10,0.539,0.9999541701198137,2.8652440471808106e-07
8,xgboost,10,0.54,0.9999541701198137,2.8652440471808106e-07
8,xgboost,10,0.541,0.9999541701198137,2.8652440471808106e-07
8,xgboost,10,0.542,0.9999541701198137,2.8652440471808106e-07
8,xgboost,10,0.543,0.9999541701198137,2.8652440471808106e-07
8,xgboost,10,0.544,0.9999541701198137,2.8652440471808106e-07
8,xgboost,10,0.545,0.9999541701198137,2.8652440471808106e-07
8,xgboost,10,0.546,0.9999541701198137,2.8652440471808106e-07
8,xgboost,10,0.547,0.9999541701198137,2.8652440471808106e-07
8,xgboost,10,0.548,0.9999541701198137,2.8652440471808106e-07
8,xgboost,10,0.549,0.9999541701198137,2.8652440471808106e-07
8,xgboost,10,0.55,0.9999541701198137,2.8652440471808106e-07
8,xgboost,10,0.551,0.9999541701198137,2.8652440471808106e-07
8,xgboost,10,0.552,0.9999541701198137,2.8652440471808106e-07
8,xgboost,10,0.553,0.9999541701198137,2.8652440471808106e-07
8,xgboost,10,0.554,0.9999541701198137,2.8652440471808106e-07
8,xgboost,10,0.555,0.9999541701198137,2.8652440471808106e-07
8,xgboost,10,0.556,0.9999541701198137,2.8652440471808106e-07
8,xgboost,10,0.557,0.9999541701198137,2.8652440471808106e-07
8,xgboost,10,0.558,0.9999541701198137,2.8652440471808106e-07
8,xgboost,10,0.559,0.9999541701198137,2.8652440471808106e-07
8,xgboost,10,0.56,0.9999541701198137,2.8652440471808106e-07
8,xgboost,10,0.561,0.9999541701198137,2.8652440471808106e-07
8,xgboost,10,0.562,0.9999541701198137,2.8652440471808106e-07
8,xgboost,10,0.5630000000000001,0.9999541701198137,2.8652440471808106e-07
8,xgboost,10,0.5640000000000001,0.9999541701198137,2.8652440471808106e-07
8,xgboost,10,0.5650000000000001,0.9999541701198137,2.8652440471808106e-07
8,xgboost,10,0.5660000000000001,0.9999541701198137,2.8652440471808106e-07
8,xgboost,10,0.5670000000000001,0.9999541701198137,2.8652440471808106e-07
8,xgboost,10,0.5680000000000001,0.9999541701198137,2.8652440471808106e-07
8,xgboost,10,0.5690000000000001,0.9999541701198137,2.8652440471808106e-07
8,xgboost,10,0.5700000000000001,0.9999541701198137,2.8652440471808106e-07
8,xgboost,10,0.5710000000000001,0.9999541701198137,2.8652440471808106e-07
8,xgboost,10,0.5720000000000001,0.9999541701198137,2.8652440471808106e-07
8,xgboost,10,0.5730000000000001,0.9999541701198137,2.8652440471808106e-07
8,xgboost,10,0.5740000000000001,0.9999541701198137,2.8652440471808106e-07
8,xgboost,10,0.5750000000000001,0.9999541701198137,2.8652440471808106e-07
8,xgboost,10,0.5760000000000001,0.9999541701198137,2.8652440471808106e-07
8,xgboost,10,0.577,0.9999541701198137,2.8652440471808106e-07
8,xgboost,10,0.578,0.9999541701198137,2.8652440471808106e-07
8,xgboost,10,0.579,0.9999541701198137,2.8652440471808106e-07
8,xgboost,10,0.58,0.9999541701198137,2.8652440471808106e-07
8,xgboost,10,0.581,0.9999541701198137,2.8652440471808106e-07
8,xgboost,10,0.582,0.9999541701198137,2.8652440471808106e-07
8,xgboost,10,0.583,0.9999541701198137,2.8652440471808106e-07
8,xgboost,10,0.584,0.9999541701198137,2.8652440471808106e-07
8,xgboost,10,0.585,0.9999541701198137,2.8652440471808106e-07
8,xgboost,10,0.586,0.9999541701198137,2.8652440471808106e-07
8,xgboost,10,0.587,0.9999541701198137,2.8652440471808106e-07
8,xgboost,10,0.588,0.9999541701198137,2.8652440471808106e-07
8,xgboost,10,0.589,0.9999541701198137,2.8652440471808106e-07
8,xgboost,10,0.59,0.9999541701198137,2.8652440471808106e-07
8,xgboost,10,0.591,0.9999541701198137,2.8652440471808106e-07
8,xgboost,10,0.592,0.9999541701198137,2.8652440471808106e-07
8,xgboost,10,0.593,0.9999541701198137,2.8652440471808106e-07
8,xgboost,10,0.594,0.9999541701198137,2.8652440471808106e-07
8,xgboost,10,0.595,0.9999541701198137,2.8652440471808106e-07
8,xgboost,10,0.596,0.9999541701198137,2.8652440471808106e-07
8,xgboost,10,0.597,0.9999541701198137,2.8652440471808106e-07
8,xgboost,10,0.598,0.9999541701198137,2.8652440471808106e-07
8,xgboost,10,0.599,0.9999541701198137,2.8652440471808106e-07
8,xgboost,10,0.6,0.9999541701198137,2.8652440471808106e-07
8,xgboost,10,0.601,0.9999541701198137,2.8652440471808106e-07
8,xgboost,10,0.602,0.9999541701198137,2.8652440471808106e-07
8,xgboost,10,0.603,0.9999541701198137,2.8652440471808106e-07
8,xgboost,10,0.604,0.9999541701198137,2.8652440471808106e-07
8,xgboost,10,0.605,0.9999541701198137,2.8652440471808106e-07
8,xgboost,10,0.606,0.9999541701198137,2.8652440471808106e-07
8,xgboost,10,0.607,0.9999541701198137,2.8652440471808106e-07
8,xgboost,10,0.608,0.9999541701198137,2.8652440471808106e-07
8,xgboost,10,0.609,0.9999541701198137,2.8652440471808106e-07
8,xgboost,10,0.61,0.9999541701198137,2.8652440471808106e-07
8,xgboost,10,0.611,0.9999541701198137,2.8652440471808106e-07
8,xgboost,10,0.612,0.9999541701198137,2.8652440471808106e-07
8,xgboost,10,0.613,0.9999541701198137,2.8652440471808106e-07
8,xgboost,10,0.614,0.9999541701198137,2.8652440471808106e-07
8,xgboost,10,0.615,0.9999541701198137,2.8652440471808106e-07
8,xgboost,10,0.616,0.9999541701198137,2.8652440471808106e-07
8,xgboost,10,0.617,0.9999541701198137,2.8652440471808106e-07
8,xgboost,10,0.618,0.9999541701198137,2.8652440471808106e-07
8,xgboost,10,0.619,0.9999541701198137,2.8652440471808106e-07
8,xgboost,10,0.62,0.9999541701198137,2.8652440471808106e-07
8,xgboost,10,0.621,0.9999541701198137,2.8652440471808106e-07
8,xgboost,10,0.622,0.9999541701198137,2.8652440471808106e-07
8,xgboost,10,0.623,0.9999541701198137,2.8652440471808106e-07
8,xgboost,10,0.624,0.9999541701198137,2.8652440471808106e-07
8,xgboost,10,0.625,0.9999541701198137,2.8652440471808106e-07
8,xgboost,10,0.626,0.9999541701198137,2.8652440471808106e-07
8,xgboost,10,0.627,0.9999541701198137,2.8652440471808106e-07
8,xgboost,10,0.628,0.9999541701198137,2.8652440471808106e-07
8,xgboost,10,0.629,0.9999541701198137,2.8652440471808106e-07
8,xgboost,10,0.63,0.9999541701198137,2.8652440471808106e-07
8,xgboost,10,0.631,0.9999541701198137,2.8652440471808106e-07
8,xgboost,10,0.632,0.9999541701198137,2.8652440471808106e-07
8,xgboost,10,0.633,0.9999541701198137,2.8652440471808106e-07
8,xgboost,10,0.634,0.9999541701198137,2.8652440471808106e-07
8,xgboost,10,0.635,0.9999541701198137,2.8652440471808106e-07
8,xgboost,10,0.636,0.9999541701198137,2.8652440471808106e-07
8,xgboost,10,0.637,0.9999541701198137,2.8652440471808106e-07
8,xgboost,10,0.638,0.9999541701198137,2.8652440471808106e-07
8,xgboost,10,0.639,0.9999541701198137,2.8652440471808106e-07
8,xgboost,10,0.64,0.9999541701198137,2.8652440471808106e-07
8,xgboost,10,0.641,0.9999541701198137,2.8652440471808106e-07
8,xgboost,10,0.642,0.9999541701198137,2.8652440471808106e-07
8,xgboost,10,0.643,0.9999541701198137,2.8652440471808106e-07
8,xgboost,10,0.644,0.9999541701198137,2.8652440471808106e-07
8,xgboost,10,0.645,0.9999541701198137,2.8652440471808106e-07
8,xgboost,10,0.646,0.9999541701198137,2.8652440471808106e-07
8,xgboost,10,0.647,0.9999541701198137,2.8652440471808106e-07
8,xgboost,10,0.648,0.9999541701198137,2.8652440471808106e-07
8,xgboost,10,0.649,0.9999541701198137,2.8652440471808106e-07
8,xgboost,10,0.65,0.9999541701198137,2.8652440471808106e-07
8,xgboost,10,0.651,0.9999541701198137,2.8652440471808106e-07
8,xgboost,10,0.652,0.9999541701198137,2.8652440471808106e-07
8,xgboost,10,0.653,0.9999541701198137,2.8652440471808106e-07
8,xgboost,10,0.654,0.9999541701198137,2.8652440471808106e-07
8,xgboost,10,0.655,0.9999541701198137,2.8652440471808106e-07
8,xgboost,10,0.656,0.9999541701198137,2.8652440471808106e-07
8,xgboost,10,0.657,0.9999541701198137,2.8652440471808106e-07
8,xgboost,10,0.658,0.9999541701198137,2.8652440471808106e-07
8,xgboost,10,0.659,0.9999541701198137,2.8652440471808106e-07
8,xgboost,10,0.66,0.9999541701198137,2.8652440471808106e-07
8,xgboost,10,0.661,0.9999541701198137,2.8652440471808106e-07
8,xgboost,10,0.662,0.9999541701198137,2.8652440471808106e-07
8,xgboost,10,0.663,0.9999541701198137,2.8652440471808106e-07
8,xgboost,10,0.664,0.9999541701198137,2.8652440471808106e-07
8,xgboost,10,0.665,0.9999541701198137,2.8652440471808106e-07
8,xgboost,10,0.666,0.9999541701198137,2.8652440471808106e-07
8,xgboost,10,0.667,0.9999541701198137,2.8652440471808106e-07
8,xgboost,10,0.668,0.9999541701198137,2.8652440471808106e-07
8,xgboost,10,0.669,0.9999541701198137,2.8652440471808106e-07
8,xgboost,10,0.67,0.9999541701198137,2.8652440471808106e-07
8,xgboost,10,0.671,0.9999541701198137,2.8652440471808106e-07
8,xgboost,10,0.672,0.9999541701198137,2.8652440471808106e-07
8,xgboost,10,0.673,0.9999541701198137,2.8652440471808106e-07
8,xgboost,10,0.674,0.9999541701198137,2.8652440471808106e-07
8,xgboost,10,0.675,0.9999541701198137,2.8652440471808106e-07
8,xgboost,10,0.676,0.9999541701198137,2.8652440471808106e-07
8,xgboost,10,0.677,0.9999541701198137,2.8652440471808106e-07
8,xgboost,10,0.678,0.9999541701198137,2.8652440471808106e-07
8,xgboost,10,0.679,0.9999541701198137,2.8652440471808106e-07
8,xgboost,10,0.68,0.9999541701198137,2.8652440471808106e-07
8,xgboost,10,0.681,0.9999541701198137,2.8652440471808106e-07
8,xgboost,10,0.682,0.9999541701198137,2.8652440471808106e-07
8,xgboost,10,0.683,0.9999541701198137,2.8652440471808106e-07
8,xgboost,10,0.684,0.9999541701198137,2.8652440471808106e-07
8,xgboost,10,0.685,0.9999541701198137,2.8652440471808106e-07
8,xgboost,10,0.686,0.9999541701198137,2.8652440471808106e-07
8,xgboost,10,0.687,0.9999541701198137,2.8652440471808106e-07
8,xgboost,10,0.6880000000000001,0.9999541701198137,2.8652440471808106e-07
8,xgboost,10,0.6890000000000001,0.9999541701198137,2.8652440471808106e-07
8,xgboost,10,0.6900000000000001,0.9999863362810121,2.200166968074111e-05
8,xgboost,10,0.6910000000000001,0.9999863362810121,2.200166968074111e-05
8,xgboost,10,0.6920000000000001,0.9999863362810121,2.200166968074111e-05
8,xgboost,10,0.6930000000000001,0.9999863362810121,2.200166968074111e-05
8,xgboost,10,0.6940000000000001,0.9999863362810121,2.200166968074111e-05
8,xgboost,10,0.6950000000000001,0.9999863362810121,2.200166968074111e-05
8,xgboost,10,0.6960000000000001,0.9999863362810121,2.200166968074111e-05
8,xgboost,10,0.6970000000000001,0.9999863362810121,2.200166968074111e-05
8,xgboost,10,0.6980000000000001,0.9999863362810121,2.200166968074111e-05
8,xgboost,10,0.6990000000000001,0.9999863362810121,2.200166968074111e-05
8,xgboost,10,0.7000000000000001,0.9999863362810121,2.200166968074111e-05
8,xgboost,10,0.7010000000000001,0.9999863362810121,2.200166968074111e-05
8,xgboost,10,0.7020000000000001,0.9999863362810121,2.200166968074111e-05
8,xgboost,10,0.7030000000000001,0.9999863362810121,2.200166968074111e-05
8,xgboost,10,0.704,0.9999863362810121,2.200166968074111e-05
8,xgboost,10,0.705,0.9999863362810121,2.200166968074111e-05
8,xgboost,10,0.706,0.9999863362810121,2.200166968074111e-05
8,xgboost,10,0.707,0.9999863362810121,2.200166968074111e-05
8,xgboost,10,0.708,0.9999863362810121,2.200166968074111e-05
8,xgboost,10,0.709,0.9999863362810121,2.200166968074111e-05
8,xgboost,10,0.71,0.9999863362810121,2.200166968074111e-05
8,xgboost,10,0.711,0.9999863362810121,2.200166968074111e-05
8,xgboost,10,0.712,0.9999863362810121,2.200166968074111e-05
8,xgboost,10,0.713,0.9999863362810121,2.200166968074111e-05
8,xgboost,10,0.714,0.9999863362810121,2.200166968074111e-05
8,xgboost,10,0.715,0.9999863362810121,2.200166968074111e-05
8,xgboost,10,0.716,0.9999863362810121,2.200166968074111e-05
8,xgboost,10,0.717,0.9999863362810121,2.200166968074111e-05
8,xgboost,10,0.718,0.9999863362810121,2.200166968074111e-05
8,xgboost,10,0.719,0.9999863362810121,2.200166968074111e-05
8,xgboost,10,0.72,0.9999863362810121,2.200166968074111e-05
8,xgboost,10,0.721,0.9999863362810121,2.200166968074111e-05
8,xgboost,10,0.722,0.9999863362810121,2.200166968074111e-05
8,xgboost,10,0.723,0.9999863362810121,2.200166968074111e-05
8,xgboost,10,0.724,0.9999863362810121,2.200166968074111e-05
8,xgboost,10,0.725,0.9999863362810121,2.200166968074111e-05
8,xgboost,10,0.726,0.9999863362810121,2.200166968074111e-05
8,xgboost,10,0.727,0.9999863362810121,2.200166968074111e-05
8,xgboost,10,0.728,0.9999863362810121,2.200166968074111e-05
8,xgboost,10,0.729,0.9999863362810121,2.200166968074111e-05
8,xgboost,10,0.73,0.9999863362810121,2.200166968074111e-05
8,xgboost,10,0.731,0.9999863362810121,2.200166968074111e-05
8,xgboost,10,0.732,0.9999863362810121,2.200166968074111e-05
8,xgboost,10,0.733,0.9999863362810121,2.200166968074111e-05
8,xgboost,10,0.734,0.9999863362810121,2.200166968074111e-05
8,xgboost,10,0.735,0.9999863362810121,2.200166968074111e-05
8,xgboost,10,0.736,0.9999863362810121,2.200166968074111e-05
8,xgboost,10,0.737,0.9999863362810121,2.200166968074111e-05
8,xgboost,10,0.738,0.9999863362810121,2.200166968074111e-05
8,xgboost,10,0.739,0.9999863362810121,2.200166968074111e-05
8,xgboost,10,0.74,0.9999863362810121,2.200166968074111e-05
8,xgboost,10,0.741,0.9999863362810121,2.200166968074111e-05
8,xgboost,10,0.742,0.9999863362810121,2.200166968074111e-05
8,xgboost,10,0.743,0.9999863362810121,2.200166968074111e-05
8,xgboost,10,0.744,0.9999863362810121,2.200166968074111e-05
8,xgboost,10,0.745,0.9999863362810121,2.200166968074111e-05
8,xgboost,10,0.746,0.9999863362810121,2.200166968074111e-05
8,xgboost,10,0.747,0.9999863362810121,2.200166968074111e-05
8,xgboost,10,0.748,0.9999863362810121,2.200166968074111e-05
8,xgboost,10,0.749,0.9999863362810121,2.200166968074111e-05
8,xgboost,10,0.75,0.9999863362810121,2.200166968074111e-05
8,xgboost,10,0.751,0.9999863362810121,2.200166968074111e-05
8,xgboost,10,0.752,0.9999863362810121,2.200166968074111e-05
8,xgboost,10,0.753,0.9999863362810121,2.200166968074111e-05
8,xgboost,10,0.754,0.9999863362810121,2.200166968074111e-05
8,xgboost,10,0.755,0.9999863362810121,2.200166968074111e-05
8,xgboost,10,0.756,0.9999863362810121,2.200166968074111e-05
8,xgboost,10,0.757,0.9999863362810121,2.200166968074111e-05
8,xgboost,10,0.758,0.9999953942520265,1.4564653924882669e-05
8,xgboost,10,0.759,0.9999953942520265,1.4564653924882669e-05
8,xgboost,10,0.76,0.9999953942520265,1.4564653924882669e-05
8,xgboost,10,0.761,0.9999953942520265,1.4564653924882669e-05
8,xgboost,10,0.762,0.9999953942520265,1.4564653924882669e-05
8,xgboost,10,0.763,0.9999953942520265,1.4564653924882669e-05
8,xgboost,10,0.764,0.9999953942520265,1.4564653924882669e-05
8,xgboost,10,0.765,0.9999953942520265,1.4564653924882669e-05
8,xgboost,10,0.766,0.9999953942520265,1.4564653924882669e-05
8,xgboost,10,0.767,0.9999953942520265,1.4564653924882669e-05
8,xgboost,10,0.768,0.9999953942520265,1.4564653924882669e-05
8,xgboost,10,0.769,0.9999953942520265,1.4564653924882669e-05
8,xgboost,10,0.77,0.9999953942520265,1.4564653924882669e-05
8,xgboost,10,0.771,0.9999953942520265,1.4564653924882669e-05
8,xgboost,10,0.772,0.9999953942520265,1.4564653924882669e-05
8,xgboost,10,0.773,0.9999953942520265,1.4564653924882669e-05
8,xgboost,10,0.774,0.9999953942520265,1.4564653924882669e-05
8,xgboost,10,0.775,0.9999953942520265,1.4564653924882669e-05
8,xgboost,10,0.776,0.9999953942520265,1.4564653924882669e-05
8,xgboost,10,0.777,0.9999953942520265,1.4564653924882669e-05
8,xgboost,10,0.778,0.9999953942520265,1.4564653924882669e-05
8,xgboost,10,0.779,0.9999953942520265,1.4564653924882669e-05
8,xgboost,10,0.78,0.9999953942520265,1.4564653924882669e-05
8,xgboost,10,0.781,0.9999953942520265,1.4564653924882669e-05
8,xgboost,10,0.782,0.9999953942520265,1.4564653924882669e-05
8,xgboost,10,0.783,0.9999953942520265,1.4564653924882669e-05
8,xgboost,10,0.784,0.9999953942520265,1.4564653924882669e-05
8,xgboost,10,0.785,0.9999953942520265,1.4564653924882669e-05
8,xgboost,10,0.786,0.9999953942520265,1.4564653924882669e-05
8,xgboost,10,0.787,0.9999953942520265,1.4564653924882669e-05
8,xgboost,10,0.788,0.9999953942520265,1.4564653924882669e-05
8,xgboost,10,0.789,0.9999953942520265,1.4564653924882669e-05
8,xgboost,10,0.79,0.9999953942520265,1.4564653924882669e-05
8,xgboost,10,0.791,0.9999953942520265,1.4564653924882669e-05
8,xgboost,10,0.792,0.9999953942520265,1.4564653924882669e-05
8,xgboost,10,0.793,0.9999953942520265,1.4564653924882669e-05
8,xgboost,10,0.794,0.9999953942520265,1.4564653924882669e-05
8,xgboost,10,0.795,0.9999953942520265,1.4564653924882669e-05
8,xgboost,10,0.796,0.9999953942520265,1.4564653924882669e-05
8,xgboost,10,0.797,0.9999953942520265,1.4564653924882669e-05
8,xgboost,10,0.798,0.9999953942520265,1.4564653924882669e-05
8,xgboost,10,0.799,0.9999953942520265,1.4564653924882669e-05
8,xgboost,10,0.8,0.9999953942520265,1.4564653924882669e-05
8,xgboost,10,0.801,0.9999953942520265,1.4564653924882669e-05
8,xgboost,10,0.802,0.9999953942520265,1.4564653924882669e-05
8,xgboost,10,0.803,0.9999953942520265,1.4564653924882669e-05
8,xgboost,10,0.804,0.9999953942520265,1.4564653924882669e-05
8,xgboost,10,0.805,0.9999953942520265,1.4564653924882669e-05
8,xgboost,10,0.806,0.9999953942520265,1.4564653924882669e-05
8,xgboost,10,0.807,0.9999953942520265,1.4564653924882669e-05
8,xgboost,10,0.808,0.9999953942520265,1.4564653924882669e-05
8,xgboost,10,0.809,0.9999953942520265,1.4564653924882669e-05
8,xgboost,10,0.81,0.9999953942520265,1.4564653924882669e-05
8,xgboost,10,0.811,0.9999953942520265,1.4564653924882669e-05
8,xgboost,10,0.812,0.9999953942520265,1.4564653924882669e-05
8,xgboost,10,0.8130000000000001,0.9999953942520265,1.4564653924882669e-05
8,xgboost,10,0.8140000000000001,0.9999953942520265,1.4564653924882669e-05
8,xgboost,10,0.8150000000000001,0.9999953942520265,1.4564653924882669e-05
8,xgboost,10,0.8160000000000001,0.9999953942520265,1.4564653924882669e-05
8,xgboost,10,0.8170000000000001,0.9999953942520265,1.4564653924882669e-05
8,xgboost,10,0.8180000000000001,1.0,0.0
8,xgboost,10,0.8190000000000001,1.0,0.0
8,xgboost,10,0.8200000000000001,1.0,0.0
8,xgboost,10,0.8210000000000001,1.0,0.0
8,xgboost,10,0.8220000000000001,1.0,0.0
8,xgboost,10,0.8230000000000001,1.0,0.0
8,xgboost,10,0.8240000000000001,1.0,0.0
8,xgboost,10,0.8250000000000001,1.0,0.0
8,xgboost,10,0.8260000000000001,1.0,0.0
8,xgboost,10,0.8270000000000001,1.0,0.0
8,xgboost,10,0.8280000000000001,1.0,0.0
8,xgboost,10,0.8290000000000001,1.0,0.0
8,xgboost,10,0.8300000000000001,1.0,0.0
8,xgboost,10,0.8310000000000001,1.0,0.0
8,xgboost,10,0.8320000000000001,1.0,0.0
8,xgboost,10,0.833,1.0,0.0
8,xgboost,10,0.834,1.0,0.0
8,xgboost,10,0.835,1.0,0.0
8,xgboost,10,0.836,1.0,0.0
8,xgboost,10,0.837,1.0,0.0
8,xgboost,10,0.838,1.0,0.0
8,xgboost,10,0.839,1.0,0.0
8,xgboost,10,0.84,1.0,0.0
8,xgboost,10,0.841,1.0,0.0
8,xgboost,10,0.842,1.0,0.0
8,xgboost,10,0.843,1.0,0.0
8,xgboost,10,0.844,1.0,0.0
8,xgboost,10,0.845,1.0,0.0
8,xgboost,10,0.846,1.0,0.0
8,xgboost,10,0.847,1.0,0.0
8,xgboost,10,0.848,1.0,0.0
8,xgboost,10,0.849,1.0,0.0
8,xgboost,10,0.85,1.0,0.0
8,xgboost,10,0.851,1.0,0.0
8,xgboost,10,0.852,1.0,0.0
8,xgboost,10,0.853,1.0,0.0
8,xgboost,10,0.854,1.0,0.0
8,xgboost,10,0.855,1.0,0.0
8,xgboost,10,0.856,1.0,0.0
8,xgboost,10,0.857,1.0,0.0
8,xgboost,10,0.858,1.0,0.0
8,xgboost,10,0.859,1.0,0.0
8,xgboost,10,0.86,1.0,0.0
8,xgboost,10,0.861,1.0,0.0
8,xgboost,10,0.862,1.0,0.0
8,xgboost,10,0.863,1.0,0.0
8,xgboost,10,0.864,1.0,0.0
8,xgboost,10,0.865,1.0,0.0
8,xgboost,10,0.866,1.0,0.0
8,xgboost,10,0.867,1.0,0.0
8,xgboost,10,0.868,1.0,0.0
8,xgboost,10,0.869,1.0,0.0
8,xgboost,10,0.87,1.0,0.0
8,xgboost,10,0.871,1.0,0.0
8,xgboost,10,0.872,1.0,0.0
8,xgboost,10,0.873,1.0,0.0
8,xgboost,10,0.874,1.0,0.0
8,xgboost,10,0.875,1.0,0.0
8,xgboost,10,0.876,1.0,0.0
8,xgboost,10,0.877,1.0,0.0
8,xgboost,10,0.878,1.0,0.0
8,xgboost,10,0.879,1.0,0.0
8,xgboost,10,0.88,1.0,0.0
8,xgboost,10,0.881,1.0,0.0
8,xgboost,10,0.882,1.0,0.0
8,xgboost,10,0.883,1.0,0.0
8,xgboost,10,0.884,1.0,0.0
8,xgboost,10,0.885,1.0,0.0
8,xgboost,10,0.886,1.0,0.0
8,xgboost,10,0.887,1.0,0.0
8,xgboost,10,0.888,1.0,0.0
8,xgboost,10,0.889,1.0,0.0
8,xgboost,10,0.89,1.0,0.0
8,xgboost,10,0.891,1.0,0.0
8,xgboost,10,0.892,1.0,0.0
8,xgboost,10,0.893,1.0,0.0
8,xgboost,10,0.894,1.0,0.0
8,xgboost,10,0.895,1.0,0.0
8,xgboost,10,0.896,1.0,0.0
8,xgboost,10,0.897,1.0,0.0
8,xgboost,10,0.898,1.0,0.0
8,xgboost,10,0.899,1.0,0.0
8,xgboost,10,0.9,1.0,0.0
8,xgboost,10,0.901,1.0,0.0
8,xgboost,10,0.902,1.0,0.0
8,xgboost,10,0.903,1.0,0.0
8,xgboost,10,0.904,1.0,0.0
8,xgboost,10,0.905,1.0,0.0
8,xgboost,10,0.906,1.0,0.0
8,xgboost,10,0.907,1.0,0.0
8,xgboost,10,0.908,1.0,0.0
8,xgboost,10,0.909,1.0,0.0
8,xgboost,10,0.91,1.0,0.0
8,xgboost,10,0.911,1.0,0.0
8,xgboost,10,0.912,1.0,0.0
8,xgboost,10,0.913,1.0,0.0
8,xgboost,10,0.914,1.0,0.0
8,xgboost,10,0.915,1.0,0.0
8,xgboost,10,0.916,1.0,0.0
8,xgboost,10,0.917,1.0,0.0
8,xgboost,10,0.918,1.0,0.0
8,xgboost,10,0.919,1.0,0.0
8,xgboost,10,0.92,1.0,0.0
8,xgboost,10,0.921,1.0,0.0
8,xgboost,10,0.922,1.0,0.0
8,xgboost,10,0.923,1.0,0.0
8,xgboost,10,0.924,1.0,0.0
8,xgboost,10,0.925,1.0,0.0
8,xgboost,10,0.926,1.0,0.0
8,xgboost,10,0.927,1.0,0.0
8,xgboost,10,0.928,1.0,0.0
8,xgboost,10,0.929,1.0,0.0
8,xgboost,10,0.93,1.0,0.0
8,xgboost,10,0.931,1.0,0.0
8,xgboost,10,0.932,1.0,0.0
8,xgboost,10,0.933,1.0,0.0
8,xgboost,10,0.934,1.0,0.0
8,xgboost,10,0.935,1.0,0.0
8,xgboost,10,0.936,1.0,0.0
8,xgboost,10,0.937,1.0,0.0
8,xgboost,10,0.9380000000000001,1.0,0.0
8,xgboost,10,0.9390000000000001,1.0,0.0
8,xgboost,10,0.9400000000000001,1.0,0.0
8,xgboost,10,0.9410000000000001,1.0,0.0
8,xgboost,10,0.9420000000000001,1.0,0.0
8,xgboost,10,0.9430000000000001,1.0,0.0
8,xgboost,10,0.9440000000000001,1.0,0.0
8,xgboost,10,0.9450000000000001,1.0,0.0
8,xgboost,10,0.9460000000000001,1.0,0.0
8,xgboost,10,0.9470000000000001,1.0,0.0
8,xgboost,10,0.9480000000000001,1.0,0.0
8,xgboost,10,0.9490000000000001,1.0,0.0
8,xgboost,10,0.9500000000000001,1.0,0.0
8,xgboost,10,0.9510000000000001,1.0,0.0
8,xgboost,10,0.9520000000000001,1.0,0.0
8,xgboost,10,0.9530000000000001,1.0,0.0
8,xgboost,10,0.9540000000000001,1.0,0.0
8,xgboost,10,0.9550000000000001,1.0,0.0
8,xgboost,10,0.9560000000000001,1.0,0.0
8,xgboost,10,0.9570000000000001,1.0,0.0
8,xgboost,10,0.9580000000000001,1.0,0.0
8,xgboost,10,0.9590000000000001,1.0,0.0
8,xgboost,10,0.96,1.0,0.0
8,xgboost,10,0.961,1.0,0.0
8,xgboost,10,0.962,1.0,0.0
8,xgboost,10,0.963,1.0,0.0
8,xgboost,10,0.964,1.0,0.0
8,xgboost,10,0.965,1.0,0.0
8,xgboost,10,0.966,1.0,0.0
8,xgboost,10,0.967,1.0,0.0
8,xgboost,10,0.968,1.0,0.0
8,xgboost,10,0.969,1.0,0.0
8,xgboost,10,0.97,1.0,0.0
8,xgboost,10,0.971,1.0,0.0
8,xgboost,10,0.972,1.0,0.0
8,xgboost,10,0.973,1.0,0.0
8,xgboost,10,0.974,1.0,0.0
8,xgboost,10,0.975,1.0,0.0
8,xgboost,10,0.976,1.0,0.0
8,xgboost,10,0.977,1.0,0.0
8,xgboost,10,0.978,1.0,0.0
8,xgboost,10,0.979,1.0,0.0
8,xgboost,10,0.98,1.0,0.0
8,xgboost,10,0.981,1.0,0.0
8,xgboost,10,0.982,1.0,0.0
8,xgboost,10,0.983,1.0,0.0
8,xgboost,10,0.984,1.0,0.0
8,xgboost,10,0.985,1.0,0.0
8,xgboost,10,0.986,1.0,0.0
8,xgboost,10,0.987,1.0,0.0
8,xgboost,10,0.988,1.0,0.0
8,xgboost,10,0.989,1.0,0.0
8,xgboost,10,0.99,1.0,0.0
8,xgboost,10,0.991,1.0,0.0
8,xgboost,10,0.992,1.0,0.0
8,xgboost,10,0.993,1.0,0.0
8,xgboost,10,0.994,1.0,0.0
8,xgboost,10,0.995,1.0,0.0
8,xgboost,10,0.996,1.0,0.0
8,xgboost,10,0.997,1.0,0.0
8,xgboost,10,0.998,1.0,0.0
8,xgboost,10,0.999,1.0,0.0
8,xgboost,10,1.0,1.0,0.0
8,rf,10,0.0,0.0,0.0
8,rf,10,0.001,0.9645773791544177,0.01592617906879156
8,rf,10,0.002,0.9909921947915878,0.002504548515891535
8,rf,10,0.003,0.992186693179284,0.0017019999384054638
8,rf,10,0.004,0.992186693179284,0.0017019999384054638
8,rf,10,0.005,0.992186693179284,0.0017019999384054638
8,rf,10,0.006,0.992186693179284,0.0017019999384054638
8,rf,10,0.007,0.992186693179284,0.0017019999384054638
8,rf,10,0.008,0.9929374300989597,0.0023140962259533115
8,rf,10,0.009000000000000001,0.9929929676277167,0.0024463605926695877
8,rf,10,0.01,0.9935956900374704,0.003144904470422816
8,rf,10,0.011,0.9937049677671252,0.003320412316471929
8,rf,10,0.012,0.993728597004969,0.0033596070772827164
8,rf,10,0.013000000000000001,0.9937297531957995,0.0033614697165829065
8,rf,10,0.014,0.9937309093866302,0.0033633323563973037
8,rf,10,0.015,0.993732065577461,0.003365194996725055
8,rf,10,0.016,0.9937332217682917,0.003367057637565309
8,rf,10,0.017,0.9937343779591223,0.003368920278917214
8,rf,10,0.018000000000000002,0.9937355341499531,0.0033707829207799225
8,rf,10,0.019,0.9937366903407838,0.003372645563152589
8,rf,10,0.02,0.9939630096600034,0.003219157853122768
8,rf,10,0.021,0.9944053155799631,0.0030003899048695174
8,rf,10,0.022,0.9945209246973692,0.002971471616067543
8,rf,10,0.023,0.9947095191875096,0.002984885519918006
8,rf,10,0.024,0.9949201026537032,0.00295642901854658
8,rf,10,0.025,0.9950533624643825,0.0028649715212561264
8,rf,10,0.026000000000000002,0.9954301660669926,0.0026181649329812253
8,rf,10,0.027,0.9958850874896559,0.0022995553183025744
8,rf,10,0.028,0.9959999666367931,0.002209642769027103
8,rf,10,0.029,0.9960413231297626,0.002181742119511852
8,rf,10,0.03,0.9960780844568464,0.0021570833184942173
8,rf,10,0.031,0.9960780844568464,0.0021570833184942173
8,rf,10,0.032,0.9960780844568464,0.0021570833184942173
8,rf,10,0.033,0.9960871424278608,0.002171404072438047
8,rf,10,0.034,0.9960871424278608,0.002171404072438047
8,rf,10,0.035,0.9960871424278608,0.002171404072438047
8,rf,10,0.036000000000000004,0.9960871424278608,0.002171404072438047
8,rf,10,0.037,0.9961423796572785,0.0022320291515918484
8,rf,10,0.038,0.9961745458184769,0.0022084321482763554
8,rf,10,0.039,0.9962067119796754,0.0021843762102946545
8,rf,10,0.04,0.9962250926432172,0.0021720322942255614
8,rf,10,0.041,0.9962799699123301,0.002177089767375403
8,rf,10,0.042,0.9963389129043027,0.002259082232219925
8,rf,10,0.043000000000000003,0.9963389129043027,0.002259082232219925
8,rf,10,0.044,0.9963389129043027,0.002259082232219925
8,rf,10,0.045,0.9963572935678446,0.0022467824545785438
8,rf,10,0.046,0.996389459729043,0.0022236861591702537
8,rf,10,0.047,0.9964400065537834,0.0021910287722983826
8,rf,10,0.048,0.9966008373597756,0.002083086937983049
8,rf,10,0.049,0.9967249068386836,0.001996982691530959
8,rf,10,0.05,0.996757072999882,0.001974053875109051
8,rf,10,0.051000000000000004,0.9967616681657676,0.0019700115038168626
8,rf,10,0.052000000000000005,0.9968076198246225,0.0019344051427797253
8,rf,10,0.053,0.996812214990508,0.0019313611951703984
8,rf,10,0.054,0.99683059565405,0.001919748284949854
8,rf,10,0.055,0.9968443811517064,0.001908836418286124
8,rf,10,0.056,0.9968581666493629,0.0018996040828282263
8,rf,10,0.057,0.9968581666493629,0.0018996040828282263
8,rf,10,0.058,0.9968627618152484,0.001896491908195677
8,rf,10,0.059000000000000004,0.9968719521470193,0.0018905872800615735
8,rf,10,0.06,0.9969179038058742,0.001865065082690184
8,rf,10,0.061,0.9969270941376452,0.0018580002419553887
8,rf,10,0.062,0.996959061757709,0.0018646842900595058
8,rf,10,0.063,0.9970140052072001,0.0018664254091130563
8,rf,10,0.064,0.9970186003730855,0.0018629566785874534
8,rf,10,0.065,0.997078337529597,0.0018298564856266276
8,rf,10,0.066,0.9970967181931389,0.0018174447191641188
8,rf,10,0.067,0.9971105036907953,0.0018063858142099475
8,rf,10,0.068,0.9971242891884519,0.0017954025370978321
8,rf,10,0.069,0.9971426698519938,0.0017840664684315231
8,rf,10,0.07,0.997266739330902,0.0017180028512064841
8,rf,10,0.07100000000000001,0.9973448571509552,0.001683826569998906
8,rf,10,0.07200000000000001,0.997455141132207,0.0016063790978239996
8,rf,10,0.073,0.9975424492840311,0.0015404246829931164
8,rf,10,0.074,0.997606781606428,0.0014796648294507174
8,rf,10,0.075,0.997606781606428,0.0014796648294507174
8,rf,10,0.076,0.9976619235970539,0.0014386269401161843
8,rf,10,0.077,0.9976665187629393,0.001435415690092876
8,rf,10,0.078,0.9976940897582522,0.001417138068142151
8,rf,10,0.079,0.9977032800900233,0.0014115249040085548
8,rf,10,0.08,0.9977169994073016,0.0014132631133539765
8,rf,10,0.081,0.9977353800708435,0.0014089286653778538
8,rf,10,0.082,0.9977445704026146,0.0014043193510274127
8,rf,10,0.083,0.9977905220614695,0.0013834183747061556
8,rf,10,0.084,0.9979145915403775,0.001269933115856391
8,rf,10,0.085,0.9979145915403775,0.001269933115856391
8,rf,10,0.08600000000000001,0.9979467021032855,0.001264443202258467
8,rf,10,0.08700000000000001,0.9979467021032855,0.001264443202258467
8,rf,10,0.088,0.9979558924350564,0.0012575904126448094
8,rf,10,0.089,0.9980661102359301,0.001218815572728566
8,rf,10,0.09,0.998102871563014,0.001188304669218558
8,rf,10,0.091,0.9981534183877544,0.0011697162251713016
8,rf,10,0.092,0.9981993700466093,0.0011806671869178875
8,rf,10,0.093,0.9982223458760368,0.0011539712594717253
8,rf,10,0.094,0.9982223458760368,0.0011539712594717253
8,rf,10,0.095,0.9982269410419222,0.0011491090169962537
8,rf,10,0.096,0.9982453217054642,0.0011383479584956774
8,rf,10,0.097,0.9982453217054642,0.0011383479584956774
8,rf,10,0.098,0.9983187781792537,0.00113520989700538
8,rf,10,0.099,0.9983187781792537,0.00113520989700538
8,rf,10,0.1,0.9983187781792537,0.00113520989700538
8,rf,10,0.101,0.9983233733451392,0.0011302464898731274
8,rf,10,0.10200000000000001,0.9983233733451392,0.0011302464898731274
8,rf,10,0.10300000000000001,0.9983371588427957,0.0011150975024835424
8,rf,10,0.10400000000000001,0.9983647298381084,0.0010894106026343817
8,rf,10,0.105,0.9983647298381084,0.0010894106026343817
8,rf,10,0.106,0.998369325003994,0.0010857512237061767
8,rf,10,0.107,0.998369325003994,0.0010857512237061767
8,rf,10,0.108,0.9983877056675359,0.0010729584634418627
8,rf,10,0.109,0.9984428476581618,0.0010366677573643613
8,rf,10,0.11,0.9984428476581618,0.0010366677573643613
8,rf,10,0.111,0.9984704186534747,0.001041526858373766
8,rf,10,0.112,0.9984979896487877,0.001037898424492009
8,rf,10,0.113,0.9985393461417571,0.001057521868236888
8,rf,10,0.114,0.9985393461417571,0.001057521868236888
8,rf,10,0.115,0.9985393461417571,0.001057521868236888
8,rf,10,0.116,0.9985393461417571,0.001057521868236888
8,rf,10,0.117,0.9985393461417571,0.001057521868236888
8,rf,10,0.11800000000000001,0.9985393461417571,0.001057521868236888
8,rf,10,0.11900000000000001,0.9985439413076426,0.0010540189000994694
8,rf,10,0.12,0.9985439413076426,0.0010540189000994694
8,rf,10,0.121,0.9985439413076426,0.0010540189000994694
8,rf,10,0.122,0.9985439413076426,0.0010540189000994694
8,rf,10,0.123,0.9985439413076426,0.0010540189000994694
8,rf,10,0.124,0.9985439413076426,0.0010540189000994694
8,rf,10,0.125,0.9986410141869735,0.0010377940636055365
8,rf,10,0.126,0.9986909866159783,0.0009977068965912313
8,rf,10,0.127,0.9987001769477493,0.001001643526703632
8,rf,10,0.128,0.9987001769477493,0.001001643526703632
8,rf,10,0.129,0.9987691044360316,0.0009212497228064115
8,rf,10,0.13,0.9987691044360316,0.0009212497228064115
8,rf,10,0.131,0.9987691044360316,0.0009212497228064115
8,rf,10,0.132,0.9988656029196268,0.000859312339445975
8,rf,10,0.133,0.9989299352420236,0.0008449440563402926
8,rf,10,0.134,0.9989299352420236,0.0008449440563402926
8,rf,10,0.135,0.9989299352420236,0.0008449440563402926
8,rf,10,0.136,0.9989299352420236,0.0008449440563402926
8,rf,10,0.137,0.9989299352420236,0.0008449440563402926
8,rf,10,0.138,0.9989299352420236,0.0008449440563402926
8,rf,10,0.139,0.9989299352420236,0.0008449440563402926
8,rf,10,0.14,0.9990026767179909,0.0007339661000830394
8,rf,10,0.14100000000000001,0.9991183370433288,0.000683184390807095
8,rf,10,0.14200000000000002,0.9991183370433288,0.000683184390807095
8,rf,10,0.14300000000000002,0.9991183370433288,0.000683184390807095
8,rf,10,0.14400000000000002,0.9991734790339544,0.0006321863825565593
8,rf,10,0.145,0.99917807419984,0.0006334605460358782
8,rf,10,0.146,0.99917807419984,0.0006334605460358782
8,rf,10,0.147,0.9991939642834721,0.0006355059196771081
8,rf,10,0.148,0.9992010500292674,0.0006370370559097654
8,rf,10,0.149,0.9992010500292674,0.0006370370559097654
8,rf,10,0.15,0.9992010500292674,0.0006370370559097654
8,rf,10,0.151,0.9992072971572886,0.0006279591016678798
8,rf,10,0.152,0.9992102403610383,0.0006238532489666004
8,rf,10,0.153,0.9992169796591754,0.0006259713422563053
8,rf,10,0.154,0.9992519538844723,0.0006404716499622447
8,rf,10,0.155,0.9992975485128627,0.000596553772702325
8,rf,10,0.156,0.9992975485128627,0.000596553772702325
8,rf,10,0.157,0.9993251195081756,0.0005236337518290481
8,rf,10,0.158,0.9994078324941145,0.0003502932473171025
8,rf,10,0.159,0.9994078324941145,0.0003502932473171025
8,rf,10,0.16,0.9994842180758765,0.00026551639098420387
8,rf,10,0.161,0.9994997358118243,0.00027248827205448564
8,rf,10,0.162,0.9994997358118243,0.00027248827205448564
8,rf,10,0.163,0.9995089261435952,0.00026157009772842695
8,rf,10,0.164,0.9995181164753661,0.00024410012959562058
8,rf,10,0.165,0.9995181164753661,0.00024410012959562058
8,rf,10,0.166,0.9995181164753661,0.00024410012959562058
8,rf,10,0.167,0.9995181164753661,0.00024410012959562058
8,rf,10,0.168,0.9995273068071372,0.00023902388752893318
8,rf,10,0.169,0.9995364971389081,0.00022315897078118563
8,rf,10,0.17,0.9995364971389081,0.00022315897078118563
8,rf,10,0.171,0.9995410923047936,0.00021733932197046352
8,rf,10,0.17200000000000001,0.9995410923047936,0.00021733932197046352
8,rf,10,0.17300000000000001,0.9995548778024501,0.0002051331536339083
8,rf,10,0.17400000000000002,0.9995548778024501,0.0002051331536339083
8,rf,10,0.17500000000000002,0.9995869116028919,0.0001869758636273791
8,rf,10,0.176,0.9995869116028919,0.0001869758636273791
8,rf,10,0.177,0.9995869116028919,0.0001869758636273791
8,rf,10,0.178,0.9995869116028919,0.0001869758636273791
8,rf,10,0.179,0.9995987078114623,0.00018090131251723298
8,rf,10,0.18,0.9996282892600373,0.0001983699003173046
8,rf,10,0.181,0.9996282892600373,0.0001983699003173046
8,rf,10,0.182,0.9996441929899195,0.00018849055725816434
8,rf,10,0.183,0.9996604554212357,0.00019196760412188715
8,rf,10,0.184,0.9996604554212357,0.00019196760412188715
8,rf,10,0.185,0.9996604554212357,0.00019196760412188715
8,rf,10,0.186,0.9996604554212357,0.00019196760412188715
8,rf,10,0.187,0.9996619269771589,0.00019021134863410994
8,rf,10,0.188,0.9996726646591689,0.00017835881472688555
8,rf,10,0.189,0.9997048323139008,0.0001757250655640751
8,rf,10,0.19,0.9997193727094794,0.00017503608339466058
8,rf,10,0.191,0.9997200602169908,0.0001742370436330478
8,rf,10,0.192,0.9997200602169908,0.0001742370436330478
8,rf,10,0.193,0.9997200793929715,0.00017424319053989731
8,rf,10,0.194,0.9997210398710102,0.0001745777481328984
8,rf,10,0.195,0.9997220003490487,0.00017496439980189482
8,rf,10,0.196,0.9997229608270874,0.00017540280104427295
8,rf,10,0.197,0.9997331116368968,0.0001756470275938335
8,rf,10,0.198,0.9997338457146473,0.00017601369831856157
8,rf,10,0.199,0.9997338457146473,0.00017601369831856157
8,rf,10,0.2,0.9997338457146473,0.00017601369831856157
8,rf,10,0.201,0.9997338457146473,0.00017601369831856157
8,rf,10,0.202,0.9997338457146473,0.00017601369831856157
8,rf,10,0.203,0.9997338457146473,0.00017601369831856157
8,rf,10,0.20400000000000001,0.9997338457146473,0.00017601369831856157
8,rf,10,0.20500000000000002,0.9997338457146473,0.00017601369831856157
8,rf,10,0.20600000000000002,0.9997338457146473,0.00017601369831856157
8,rf,10,0.20700000000000002,0.9997345379304361,0.00017416872644413829
8,rf,10,0.20800000000000002,0.9997384408805328,0.00016392464756695774
8,rf,10,0.209,0.9997384408805328,0.00016392464756695774
8,rf,10,0.21,0.9997384408805328,0.00016392464756695774
8,rf,10,0.211,0.9997384408805328,0.00016392464756695774
8,rf,10,0.212,0.9997384408805328,0.00016392464756695774
8,rf,10,0.213,0.9997384408805328,0.00016392464756695774
8,rf,10,0.214,0.9997384408805328,0.00016392464756695774
8,rf,10,0.215,0.9997384408805328,0.00016392464756695774
8,rf,10,0.216,0.9997384408805328,0.00016392464756695774
8,rf,10,0.217,0.9997384408805328,0.00016392464756695774
8,rf,10,0.218,0.9997453203033798,0.00015968139776973802
8,rf,10,0.219,0.9997521258728682,0.00015823610314314777
8,rf,10,0.22,0.9997521601978109,0.0001582739649666758
8,rf,10,0.221,0.9997556705369341,0.00015910663776839718
8,rf,10,0.222,0.9997567553636963,0.0001595194108353709
8,rf,10,0.223,0.9997567553636963,0.0001595194108353709
8,rf,10,0.224,0.9997567553636963,0.0001595194108353709
8,rf,10,0.225,0.9997567553636963,0.0001595194108353709
8,rf,10,0.226,0.9997567553636963,0.0001595194108353709
8,rf,10,0.227,0.9997584307260153,0.000161378085629928
8,rf,10,0.228,0.9997613132331035,0.0001648986811316272
8,rf,10,0.229,0.9997636915596754,0.00016595094699420738
8,rf,10,0.23,0.999765879515089,0.00016721214093248874
8,rf,10,0.231,0.999765879515089,0.00016721214093248874
8,rf,10,0.232,0.999765879515089,0.00016721214093248874
8,rf,10,0.233,0.999765879515089,0.00016721214093248874
8,rf,10,0.234,0.9997704746809746,0.00016936597776820225
8,rf,10,0.23500000000000001,0.9997704746809746,0.00016936597776820225
8,rf,10,0.23600000000000002,0.9997704746809746,0.00016936597776820225
8,rf,10,0.23700000000000002,0.9997750036664819,0.00017272099362104873
8,rf,10,0.23800000000000002,0.9997750036664819,0.00017272099362104873
8,rf,10,0.23900000000000002,0.9997750036664819,0.00017272099362104873
8,rf,10,0.24,0.9997775685024848,0.00017511268155508987
8,rf,10,0.241,0.9997795326519892,0.0001771735957867381
8,rf,10,0.242,0.9997797072682928,0.0001772145976979683
8,rf,10,0.243,0.9997820855948646,0.00017794280543533214
8,rf,10,0.244,0.9997979133155311,0.000148960996414003
8,rf,10,0.245,0.9997979133155311,0.000148960996414003
8,rf,10,0.246,0.9997979133155311,0.000148960996414003
8,rf,10,0.247,0.9997979133155311,0.000148960996414003
8,rf,10,0.248,0.9997979133155311,0.000148960996414003
8,rf,10,0.249,0.9997979133155311,0.000148960996414003
8,rf,10,0.25,0.999798679176512,0.00014882254265589104
8,rf,10,0.251,0.9998030766464867,0.00014898352123630433
8,rf,10,0.252,0.9998061200232794,0.00014994108031420804
8,rf,10,0.253,0.9998094074740752,0.00015124339715632003
8,rf,10,0.254,0.9998117093952755,0.00015245029491367827
8,rf,10,0.255,0.9998118379793033,0.00015241197028272111
8,rf,10,0.256,0.9998148003893931,0.00015376386308405942
8,rf,10,0.257,0.999818196178435,0.00015582160062587374
8,rf,10,0.258,0.9998190724040141,0.00015566406276373469
8,rf,10,0.259,0.9998199486295933,0.00015555572980743756
8,rf,10,0.26,0.9998208248551725,0.00015549670459867368
8,rf,10,0.261,0.9998209103091347,0.00015549358951532234
8,rf,10,0.262,0.9998209103091347,0.00015549358951532234
8,rf,10,0.263,0.9998209103091347,0.00015549358951532234
8,rf,10,0.264,0.9998209103091347,0.00015549358951532234
8,rf,10,0.265,0.9998209103091347,0.00015549358951532234
8,rf,10,0.266,0.9998209103091347,0.00015549358951532234
8,rf,10,0.267,0.9998209103091347,0.00015549358951532234
8,rf,10,0.268,0.9998209103091347,0.00015549358951532234
8,rf,10,0.269,0.9998244400092234,0.00015577498368392987
8,rf,10,0.27,0.9998255054750201,0.0001560168096447863
8,rf,10,0.271,0.9998255054750201,0.0001560168096447863
8,rf,10,0.272,0.9998255054750201,0.0001560168096447863
8,rf,10,0.273,0.9998255054750201,0.0001560168096447863
8,rf,10,0.274,0.9998255054750201,0.0001560168096447863
8,rf,10,0.275,0.9998255054750201,0.0001560168096447863
8,rf,10,0.276,0.9998255054750201,0.0001560168096447863
8,rf,10,0.277,0.9998255054750201,0.0001560168096447863
8,rf,10,0.278,0.9998255054750201,0.0001560168096447863
8,rf,10,0.279,0.9998255054750201,0.0001560168096447863
8,rf,10,0.28,0.9998255054750201,0.0001560168096447863
8,rf,10,0.281,0.9998255054750201,0.0001560168096447863
8,rf,10,0.28200000000000003,0.9998255054750201,0.0001560168096447863
8,rf,10,0.28300000000000003,0.9998255054750201,0.0001560168096447863
8,rf,10,0.28400000000000003,0.9998255054750201,0.0001560168096447863
8,rf,10,0.28500000000000003,0.9998255054750201,0.0001560168096447863
8,rf,10,0.28600000000000003,0.9998255054750201,0.0001560168096447863
8,rf,10,0.28700000000000003,0.9998255054750201,0.0001560168096447863
8,rf,10,0.28800000000000003,0.9998255054750201,0.0001560168096447863
8,rf,10,0.289,0.9998255054750201,0.0001560168096447863
8,rf,10,0.29,0.9998255054750201,0.0001560168096447863
8,rf,10,0.291,0.9998255054750201,0.0001560168096447863
8,rf,10,0.292,0.9998255054750201,0.0001560168096447863
8,rf,10,0.293,0.9998255054750201,0.0001560168096447863
8,rf,10,0.294,0.9998255054750201,0.0001560168096447863
8,rf,10,0.295,0.9998255054750201,0.0001560168096447863
8,rf,10,0.296,0.9998255054750201,0.0001560168096447863
8,rf,10,0.297,0.9998354340967767,0.00013797973140010624
8,rf,10,0.298,0.999856622824417,0.00011964513746989754
8,rf,10,0.299,0.9998576716362185,0.00011964273881030932
8,rf,10,0.3,0.9998576716362185,0.00011964273881030932
8,rf,10,0.301,0.9998576716362185,0.00011964273881030932
8,rf,10,0.302,0.9998576716362185,0.00011964273881030932
8,rf,10,0.303,0.9998576716362185,0.00011964273881030932
8,rf,10,0.304,0.9998576716362185,0.00011964273881030932
8,rf,10,0.305,0.9998576716362185,0.00011964273881030932
8,rf,10,0.306,0.9998576716362185,0.00011964273881030932
8,rf,10,0.307,0.9998576716362185,0.00011964273881030932
8,rf,10,0.308,0.9998576716362185,0.00011964273881030932
8,rf,10,0.309,0.9998781819502772,6.375075675990216e-05
8,rf,10,0.31,0.9998898377974168,4.459009176198504e-05
8,rf,10,0.311,0.9998898377974168,4.459009176198504e-05
8,rf,10,0.312,0.9998898377974168,4.459009176198504e-05
8,rf,10,0.313,0.9998898377974168,4.459009176198504e-05
8,rf,10,0.314,0.9998898377974168,4.459009176198504e-05
8,rf,10,0.315,0.9998898377974168,4.459009176198504e-05
8,rf,10,0.316,0.9998898377974168,4.459009176198504e-05
8,rf,10,0.317,0.9998898377974168,4.459009176198504e-05
8,rf,10,0.318,0.9998898377974168,4.459009176198504e-05
8,rf,10,0.319,0.9998898377974168,4.459009176198504e-05
8,rf,10,0.32,0.9998898377974168,4.459009176198504e-05
8,rf,10,0.321,0.9998898377974168,4.459009176198504e-05
8,rf,10,0.322,0.9998898377974168,4.459009176198504e-05
8,rf,10,0.323,0.9998898377974168,4.459009176198504e-05
8,rf,10,0.324,0.9998898377974168,4.459009176198504e-05
8,rf,10,0.325,0.9998898377974168,4.459009176198504e-05
8,rf,10,0.326,0.9998898377974168,4.459009176198504e-05
8,rf,10,0.327,0.9998898377974168,4.459009176198504e-05
8,rf,10,0.328,0.9998898377974168,4.459009176198504e-05
8,rf,10,0.329,0.9998898377974168,4.459009176198504e-05
8,rf,10,0.33,0.9998898377974168,4.459009176198504e-05
8,rf,10,0.331,0.9998898377974168,4.459009176198504e-05
8,rf,10,0.332,0.9998898377974168,4.459009176198504e-05
8,rf,10,0.333,0.9998898377974168,4.459009176198504e-05
8,rf,10,0.334,0.9998898377974168,4.459009176198504e-05
8,rf,10,0.335,0.9998898377974168,4.459009176198504e-05
8,rf,10,0.336,0.9998898377974168,4.459009176198504e-05
8,rf,10,0.337,0.9998898377974168,4.459009176198504e-05
8,rf,10,0.338,0.9998898377974168,4.459009176198504e-05
8,rf,10,0.339,0.9998898377974168,4.459009176198504e-05
8,rf,10,0.34,0.9998898377974168,4.459009176198504e-05
8,rf,10,0.341,0.9998898377974168,4.459009176198504e-05
8,rf,10,0.342,0.9998898377974168,4.459009176198504e-05
8,rf,10,0.343,0.9998898377974168,4.459009176198504e-05
8,rf,10,0.34400000000000003,0.9998898377974168,4.459009176198504e-05
8,rf,10,0.34500000000000003,0.9998898377974168,4.459009176198504e-05
8,rf,10,0.34600000000000003,0.9998898377974168,4.459009176198504e-05
8,rf,10,0.34700000000000003,0.9998898377974168,4.459009176198504e-05
8,rf,10,0.34800000000000003,0.9998898377974168,4.459009176198504e-05
8,rf,10,0.34900000000000003,0.9998898377974168,4.459009176198504e-05
8,rf,10,0.35000000000000003,0.9998898377974168,4.459009176198504e-05
8,rf,10,0.35100000000000003,0.9998898377974168,4.459009176198504e-05
8,rf,10,0.352,0.9998898377974168,4.459009176198504e-05
8,rf,10,0.353,0.9998898377974168,4.459009176198504e-05
8,rf,10,0.354,0.9998898377974168,4.459009176198504e-05
8,rf,10,0.355,0.9998898377974168,4.459009176198504e-05
8,rf,10,0.356,0.9998898377974168,4.459009176198504e-05
8,rf,10,0.357,0.9998898377974168,4.459009176198504e-05
8,rf,10,0.358,0.9998898377974168,4.459009176198504e-05
8,rf,10,0.359,0.9998898377974168,4.459009176198504e-05
8,rf,10,0.36,0.9998898377974168,4.459009176198504e-05
8,rf,10,0.361,0.9998898377974168,4.459009176198504e-05
8,rf,10,0.362,0.9998898377974168,4.459009176198504e-05
8,rf,10,0.363,0.9998898377974168,4.459009176198504e-05
8,rf,10,0.364,0.9998898377974168,4.459009176198504e-05
8,rf,10,0.365,0.9998898377974168,4.459009176198504e-05
8,rf,10,0.366,0.9998898377974168,4.459009176198504e-05
8,rf,10,0.367,0.9998898377974168,4.459009176198504e-05
8,rf,10,0.368,0.9998898377974168,4.459009176198504e-05
8,rf,10,0.369,0.9998898377974168,4.459009176198504e-05
8,rf,10,0.37,0.9998898377974168,4.459009176198504e-05
8,rf,10,0.371,0.9998898377974168,4.459009176198504e-05
8,rf,10,0.372,0.9998898377974168,4.459009176198504e-05
8,rf,10,0.373,0.9998898377974168,4.459009176198504e-05
8,rf,10,0.374,0.9998898377974168,4.459009176198504e-05
8,rf,10,0.375,0.9998898377974168,4.459009176198504e-05
8,rf,10,0.376,0.9998898377974168,4.459009176198504e-05
8,rf,10,0.377,0.9998898377974168,4.459009176198504e-05
8,rf,10,0.378,0.9998898377974168,4.459009176198504e-05
8,rf,10,0.379,0.9998898377974168,4.459009176198504e-05
8,rf,10,0.38,0.9998898377974168,4.459009176198504e-05
8,rf,10,0.381,0.9998898377974168,4.459009176198504e-05
8,rf,10,0.382,0.9998898377974168,4.459009176198504e-05
8,rf,10,0.383,0.9998944329633023,4.377953377875092e-05
8,rf,10,0.384,0.9998944329633023,4.377953377875092e-05
8,rf,10,0.385,0.9998944329633023,4.377953377875092e-05
8,rf,10,0.386,0.9998944329633023,4.377953377875092e-05
8,rf,10,0.387,0.9998944329633023,4.377953377875092e-05
8,rf,10,0.388,0.9998944329633023,4.377953377875092e-05
8,rf,10,0.389,0.9998944329633023,4.377953377875092e-05
8,rf,10,0.39,0.9998944329633023,4.377953377875092e-05
8,rf,10,0.391,0.9998944329633023,4.377953377875092e-05
8,rf,10,0.392,0.9998944329633023,4.377953377875092e-05
8,rf,10,0.393,0.9998944329633023,4.377953377875092e-05
8,rf,10,0.394,0.9998951650335686,4.4093483604703164e-05
8,rf,10,0.395,0.999896174020599,4.4719408910481054e-05
8,rf,10,0.396,0.9998971830076295,4.556069431825485e-05
8,rf,10,0.397,0.9998981919946599,4.660567880392013e-05
8,rf,10,0.398,0.9998990281291877,4.761648729936033e-05
8,rf,10,0.399,0.9998990281291877,4.761648729936033e-05
8,rf,10,0.4,0.9998990281291877,4.761648729936033e-05
8,rf,10,0.401,0.9998990281291877,4.761648729936033e-05
8,rf,10,0.402,0.9998990281291877,4.761648729936033e-05
8,rf,10,0.403,0.9998990281291877,4.761648729936033e-05
8,rf,10,0.404,0.9998990281291877,4.761648729936033e-05
8,rf,10,0.405,0.9999036232950733,4.584598423568767e-05
8,rf,10,0.406,0.9999036232950733,4.584598423568767e-05
8,rf,10,0.40700000000000003,0.9999036232950733,4.584598423568767e-05
8,rf,10,0.40800000000000003,0.9999036232950733,4.584598423568767e-05
8,rf,10,0.40900000000000003,0.9999036232950733,4.584598423568767e-05
8,rf,10,0.41000000000000003,0.9999036232950733,4.584598423568767e-05
8,rf,10,0.41100000000000003,0.9999036232950733,4.584598423568767e-05
8,rf,10,0.41200000000000003,0.9999036232950733,4.584598423568767e-05
8,rf,10,0.41300000000000003,0.9999036232950733,4.584598423568767e-05
8,rf,10,0.41400000000000003,0.9999036232950733,4.584598423568767e-05
8,rf,10,0.41500000000000004,0.9999036232950733,4.584598423568767e-05
8,rf,10,0.41600000000000004,0.9999036232950733,4.584598423568767e-05
8,rf,10,0.417,0.9999036232950733,4.584598423568767e-05
8,rf,10,0.418,0.9999036232950733,4.584598423568767e-05
8,rf,10,0.419,0.9999036232950733,4.584598423568767e-05
8,rf,10,0.42,0.9999036232950733,4.584598423568767e-05
8,rf,10,0.421,0.9999082184609588,4.346786439406556e-05
8,rf,10,0.422,0.9999082184609588,4.346786439406556e-05
8,rf,10,0.423,0.9999082184609588,4.346786439406556e-05
8,rf,10,0.424,0.9999082184609588,4.346786439406556e-05
8,rf,10,0.425,0.9999082184609588,4.346786439406556e-05
8,rf,10,0.426,0.9999082184609588,4.346786439406556e-05
8,rf,10,0.427,0.9999082184609588,4.346786439406556e-05
8,rf,10,0.428,0.9999082184609588,4.346786439406556e-05
8,rf,10,0.429,0.9999082184609588,4.346786439406556e-05
8,rf,10,0.43,0.9999082184609588,4.346786439406556e-05
8,rf,10,0.431,0.9999128136268443,4.037490255165944e-05
8,rf,10,0.432,0.9999128136268443,4.037490255165944e-05
8,rf,10,0.433,0.9999174087927297,3.638525571937473e-05
8,rf,10,0.434,0.9999174087927297,3.638525571937473e-05
8,rf,10,0.435,0.9999174087927297,3.638525571937473e-05
8,rf,10,0.436,0.9999174087927297,3.638525571937473e-05
8,rf,10,0.437,0.9999174087927297,3.638525571937473e-05
8,rf,10,0.438,0.9999174087927297,3.638525571937473e-05
8,rf,10,0.439,0.9999174087927297,3.638525571937473e-05
8,rf,10,0.44,0.9999174087927297,3.638525571937473e-05
8,rf,10,0.441,0.9999174087927297,3.638525571937473e-05
8,rf,10,0.442,0.9999174087927297,3.638525571937473e-05
8,rf,10,0.443,0.9999174087927297,3.638525571937473e-05
8,rf,10,0.444,0.9999174087927297,3.638525571937473e-05
8,rf,10,0.445,0.9999174087927297,3.638525571937473e-05
8,rf,10,0.446,0.9999174087927297,3.638525571937473e-05
8,rf,10,0.447,0.9999174087927297,3.638525571937473e-05
8,rf,10,0.448,0.9999174087927297,3.638525571937473e-05
8,rf,10,0.449,0.9999174087927297,3.638525571937473e-05
8,rf,10,0.45,0.9999174087927297,3.638525571937473e-05
8,rf,10,0.451,0.9999174087927297,3.638525571937473e-05
8,rf,10,0.452,0.9999220039586152,3.115633913196093e-05
8,rf,10,0.453,0.9999222542473584,3.104204768389772e-05
8,rf,10,0.454,0.9999232304924947,3.0668951260999284e-05
8,rf,10,0.455,0.9999242397055023,3.042773372147511e-05
8,rf,10,0.456,0.9999252489185094,3.0338820474108213e-05
8,rf,10,0.457,0.999926258131517,3.0403547760994478e-05
8,rf,10,0.458,0.9999272673445245,3.062094129039321e-05
8,rf,10,0.459,0.9999285198515866,3.082084709458301e-05
8,rf,10,0.46,0.9999300719434855,3.1005497675091546e-05
8,rf,10,0.461,0.9999312957094381,3.1110649664193005e-05
8,rf,10,0.462,0.9999322636509509,3.1145719280837366e-05
8,rf,10,0.463,0.9999332315924635,3.131647269363217e-05
8,rf,10,0.464,0.9999341519788979,3.1587089106275094e-05
8,rf,10,0.465,0.9999346948577893,3.170078561829407e-05
8,rf,10,0.466,0.9999352377366806,3.190657877681393e-05
8,rf,10,0.467,0.9999357806155722,3.2202702984062415e-05
8,rf,10,0.468,0.9999358188653333,3.2133592105546375e-05
8,rf,10,0.46900000000000003,0.9999379716107205,2.7555845743161684e-05
8,rf,10,0.47000000000000003,0.9999403874898171,2.3029030416059983e-05
8,rf,10,0.47100000000000003,0.9999423746399367,1.9832419407392668e-05
8,rf,10,0.47200000000000003,0.9999431256904332,1.9364118818067154e-05
8,rf,10,0.47300000000000003,0.9999438767409294,1.918058582556144e-05
8,rf,10,0.47400000000000003,0.9999446277914258,1.9289950352077068e-05
8,rf,10,0.47500000000000003,0.9999449797880426,1.9441109124344813e-05
8,rf,10,0.47600000000000003,0.9999449797880426,1.9441109124344813e-05
8,rf,10,0.47700000000000004,0.9999449797880426,1.9441109124344813e-05
8,rf,10,0.47800000000000004,0.9999495749539282,1.4576732548589831e-05
8,rf,10,0.47900000000000004,0.9999495749539282,1.4576732548589831e-05
8,rf,10,0.48,0.9999495749539282,1.4576732548589831e-05
8,rf,10,0.481,0.9999495749539282,1.4576732548589831e-05
8,rf,10,0.482,0.9999495749539282,1.4576732548589831e-05
8,rf,10,0.483,0.9999495749539282,1.4576732548589831e-05
8,rf,10,0.484,0.9999495749539282,1.4576732548589831e-05
8,rf,10,0.485,0.9999495749539282,1.4576732548589831e-05
8,rf,10,0.486,0.9999495749539282,1.4576732548589831e-05
8,rf,10,0.487,0.9999495749539282,1.4576732548589831e-05
8,rf,10,0.488,0.9999495749539282,1.4576732548589831e-05
8,rf,10,0.489,0.9999495749539282,1.4576732548589831e-05
8,rf,10,0.49,0.9999495749539282,1.4576732548589831e-05
8,rf,10,0.491,0.9999495749539282,1.4576732548589831e-05
8,rf,10,0.492,0.9999495749539282,1.4576732548589831e-05
8,rf,10,0.493,0.9999495749539282,1.4576732548589831e-05
8,rf,10,0.494,0.9999495749539282,1.4576732548589831e-05
8,rf,10,0.495,0.9999495749539282,1.4576732548589831e-05
8,rf,10,0.496,0.9999496332649989,1.4392372030381357e-05
8,rf,10,0.497,0.9999499463989048,1.3402361718753726e-05
8,rf,10,0.498,0.9999502595328108,1.2412384278681584e-05
8,rf,10,0.499,0.9999505726667168,1.1422448257048178e-05
8,rf,10,0.5,0.9999508858006229,1.0432565444361761e-05
8,rf,10,0.501,0.9999511989345289,9.442752574221788e-06
8,rf,10,0.502,0.9999515120684348,8.453034216598678e-06
8,rf,10,0.503,0.9999518252023408,7.4634479711416595e-06
8,rf,10,0.504,0.9999521383362469,6.474054419822545e-06
8,rf,10,0.505,0.9999524514701529,5.48495783991489e-06
8,rf,10,0.506,0.9999527646040589,4.496354216740328e-06
8,rf,10,0.507,0.9999530777379648,3.5086602629904145e-06
8,rf,10,0.508,0.9999533908718709,2.5229445696868033e-06
8,rf,10,0.509,0.9999537040057769,1.543003118684799e-06
8,rf,10,0.51,0.9999540171396829,5.979337829263607e-07
8,rf,10,0.511,0.9999541701198137,2.8652440471808106e-07
8,rf,10,0.512,0.9999541701198137,2.8652440471808106e-07
8,rf,10,0.513,0.9999541701198137,2.8652440471808106e-07
8,rf,10,0.514,0.9999541701198137,2.8652440471808106e-07
8,rf,10,0.515,0.9999541701198137,2.8652440471808106e-07
8,rf,10,0.516,0.9999541701198137,2.8652440471808106e-07
8,rf,10,0.517,0.9999541701198137,2.8652440471808106e-07
8,rf,10,0.518,0.9999541701198137,2.8652440471808106e-07
8,rf,10,0.519,0.9999541701198137,2.8652440471808106e-07
8,rf,10,0.52,0.9999541701198137,2.8652440471808106e-07
8,rf,10,0.521,0.9999541701198137,2.8652440471808106e-07
8,rf,10,0.522,0.9999541701198137,2.8652440471808106e-07
8,rf,10,0.523,0.9999541701198137,2.8652440471808106e-07
8,rf,10,0.524,0.9999541701198137,2.8652440471808106e-07
8,rf,10,0.525,0.9999541701198137,2.8652440471808106e-07
8,rf,10,0.526,0.9999541701198137,2.8652440471808106e-07
8,rf,10,0.527,0.9999541701198137,2.8652440471808106e-07
8,rf,10,0.528,0.9999541701198137,2.8652440471808106e-07
8,rf,10,0.529,0.9999541701198137,2.8652440471808106e-07
8,rf,10,0.53,0.9999571891438004,9.508425133230085e-06
8,rf,10,0.531,0.9999587652856992,1.4491171484023227e-05
8,rf,10,0.532,0.9999587652856992,1.4491171484023227e-05
8,rf,10,0.533,0.9999587652856992,1.4491171484023227e-05
8,rf,10,0.534,0.9999633604515846,1.931275646709145e-05
8,rf,10,0.535,0.9999633604515846,1.931275646709145e-05
8,rf,10,0.536,0.9999633604515846,1.931275646709145e-05
8,rf,10,0.537,0.9999633604515846,1.931275646709145e-05
8,rf,10,0.538,0.9999633604515846,1.931275646709145e-05
8,rf,10,0.539,0.9999633604515846,1.931275646709145e-05
8,rf,10,0.54,0.9999633604515846,1.931275646709145e-05
8,rf,10,0.541,0.9999633604515846,1.931275646709145e-05
8,rf,10,0.542,0.9999633604515846,1.931275646709145e-05
8,rf,10,0.543,0.9999633604515846,1.931275646709145e-05
8,rf,10,0.544,0.9999633604515846,1.931275646709145e-05
8,rf,10,0.545,0.9999678894370918,2.2159409004331094e-05
8,rf,10,0.546,0.9999678894370918,2.2159409004331094e-05
8,rf,10,0.547,0.9999678894370918,2.2159409004331094e-05
8,rf,10,0.548,0.9999678894370918,2.2159409004331094e-05
8,rf,10,0.549,0.9999678894370918,2.2159409004331094e-05
8,rf,10,0.55,0.9999724846029773,2.3682416085714922e-05
8,rf,10,0.551,0.9999724846029773,2.3682416085714922e-05
8,rf,10,0.552,0.9999724846029773,2.3682416085714922e-05
8,rf,10,0.553,0.9999724846029773,2.3682416085714922e-05
8,rf,10,0.554,0.9999724846029773,2.3682416085714922e-05
8,rf,10,0.555,0.9999724846029773,2.3682416085714922e-05
8,rf,10,0.556,0.9999724846029773,2.3682416085714922e-05
8,rf,10,0.557,0.9999724846029773,2.3682416085714922e-05
8,rf,10,0.558,0.9999724846029773,2.3682416085714922e-05
8,rf,10,0.559,0.9999741823635999,2.2806235744331596e-05
8,rf,10,0.56,0.9999770797688627,2.416093567156648e-05
8,rf,10,0.561,0.9999770797688627,2.416093567156648e-05
8,rf,10,0.562,0.9999770797688627,2.416093567156648e-05
8,rf,10,0.5630000000000001,0.9999770797688627,2.416093567156648e-05
8,rf,10,0.5640000000000001,0.9999770797688627,2.416093567156648e-05
8,rf,10,0.5650000000000001,0.9999770797688627,2.416093567156648e-05
8,rf,10,0.5660000000000001,0.9999770797688627,2.416093567156648e-05
8,rf,10,0.5670000000000001,0.9999770797688627,2.416093567156648e-05
8,rf,10,0.5680000000000001,0.9999770797688627,2.416093567156648e-05
8,rf,10,0.5690000000000001,0.9999770797688627,2.416093567156648e-05
8,rf,10,0.5700000000000001,0.9999770797688627,2.416093567156648e-05
8,rf,10,0.5710000000000001,0.9999770797688627,2.416093567156648e-05
8,rf,10,0.5720000000000001,0.9999770797688627,2.416093567156648e-05
8,rf,10,0.5730000000000001,0.9999770797688627,2.416093567156648e-05
8,rf,10,0.5740000000000001,0.9999816749347483,2.365843084456711e-05
8,rf,10,0.5750000000000001,0.9999816749347483,2.365843084456711e-05
8,rf,10,0.5760000000000001,0.9999816749347483,2.365843084456711e-05
8,rf,10,0.577,0.9999862806827217,2.209093381083663e-05
8,rf,10,0.578,0.9999862806827217,2.209093381083663e-05
8,rf,10,0.579,0.9999862806827217,2.209093381083663e-05
8,rf,10,0.58,0.9999862806827217,2.209093381083663e-05
8,rf,10,0.581,0.9999862806827217,2.209093381083663e-05
8,rf,10,0.582,0.9999862806827217,2.209093381083663e-05
8,rf,10,0.583,0.9999862806827217,2.209093381083663e-05
8,rf,10,0.584,0.9999862806827217,2.209093381083663e-05
8,rf,10,0.585,0.9999862806827217,2.209093381083663e-05
8,rf,10,0.586,0.9999862806827217,2.209093381083663e-05
8,rf,10,0.587,0.9999862806827217,2.209093381083663e-05
8,rf,10,0.588,0.9999862806827217,2.209093381083663e-05
8,rf,10,0.589,0.9999862806827217,2.209093381083663e-05
8,rf,10,0.59,0.9999862806827217,2.209093381083663e-05
8,rf,10,0.591,0.9999862806827217,2.209093381083663e-05
8,rf,10,0.592,0.9999862806827217,2.209093381083663e-05
8,rf,10,0.593,0.9999862806827217,2.209093381083663e-05
8,rf,10,0.594,0.9999862806827217,2.209093381083663e-05
8,rf,10,0.595,0.9999862806827217,2.209093381083663e-05
8,rf,10,0.596,0.9999862806827217,2.209093381083663e-05
8,rf,10,0.597,0.9999862806827217,2.209093381083663e-05
8,rf,10,0.598,0.9999862806827217,2.209093381083663e-05
8,rf,10,0.599,0.9999908096682291,1.9374920565938685e-05
8,rf,10,0.6,0.9999908096682291,1.9374920565938685e-05
8,rf,10,0.601,0.9999908096682291,1.9374920565938685e-05
8,rf,10,0.602,0.9999908096682291,1.9374920565938685e-05
8,rf,10,0.603,0.9999908096682291,1.9374920565938685e-05
8,rf,10,0.604,0.9999908096682291,1.9374920565938685e-05
8,rf,10,0.605,0.9999908096682291,1.9374920565938685e-05
8,rf,10,0.606,0.9999908096682291,1.9374920565938685e-05
8,rf,10,0.607,0.9999908096682291,1.9374920565938685e-05
8,rf,10,0.608,0.9999908096682291,1.9374920565938685e-05
8,rf,10,0.609,0.9999908096682291,1.9374920565938685e-05
8,rf,10,0.61,0.9999908096682291,1.9374920565938685e-05
8,rf,10,0.611,0.9999908096682291,1.9374920565938685e-05
8,rf,10,0.612,0.9999908096682291,1.9374920565938685e-05
8,rf,10,0.613,0.9999908096682291,1.9374920565938685e-05
8,rf,10,0.614,0.9999908096682291,1.9374920565938685e-05
8,rf,10,0.615,0.9999908096682291,1.9374920565938685e-05
8,rf,10,0.616,0.9999908096682291,1.9374920565938685e-05
8,rf,10,0.617,0.9999908096682291,1.9374920565938685e-05
8,rf,10,0.618,0.9999908096682291,1.9374920565938685e-05
8,rf,10,0.619,0.9999908096682291,1.9374920565938685e-05
8,rf,10,0.62,0.9999908096682291,1.9374920565938685e-05
8,rf,10,0.621,0.9999908096682291,1.9374920565938685e-05
8,rf,10,0.622,0.9999908096682291,1.9374920565938685e-05
8,rf,10,0.623,0.9999908096682291,1.9374920565938685e-05
8,rf,10,0.624,0.9999908096682291,1.9374920565938685e-05
8,rf,10,0.625,0.9999908096682291,1.9374920565938685e-05
8,rf,10,0.626,0.9999908096682291,1.9374920565938685e-05
8,rf,10,0.627,0.9999908096682291,1.9374920565938685e-05
8,rf,10,0.628,0.9999908096682291,1.9374920565938685e-05
8,rf,10,0.629,0.9999908096682291,1.9374920565938685e-05
8,rf,10,0.63,0.9999908096682291,1.9374920565938685e-05
8,rf,10,0.631,0.9999915965020183,1.781293694580276e-05
8,rf,10,0.632,0.9999987529426736,3.943541524410321e-06
8,rf,10,0.633,1.0,0.0
8,rf,10,0.634,1.0,0.0
8,rf,10,0.635,1.0,0.0
8,rf,10,0.636,1.0,0.0
8,rf,10,0.637,1.0,0.0
8,rf,10,0.638,1.0,0.0
8,rf,10,0.639,1.0,0.0
8,rf,10,0.64,1.0,0.0
8,rf,10,0.641,1.0,0.0
8,rf,10,0.642,1.0,0.0
8,rf,10,0.643,1.0,0.0
8,rf,10,0.644,1.0,0.0
8,rf,10,0.645,1.0,0.0
8,rf,10,0.646,1.0,0.0
8,rf,10,0.647,1.0,0.0
8,rf,10,0.648,1.0,0.0
8,rf,10,0.649,1.0,0.0
8,rf,10,0.65,1.0,0.0
8,rf,10,0.651,1.0,0.0
8,rf,10,0.652,1.0,0.0
8,rf,10,0.653,1.0,0.0
8,rf,10,0.654,1.0,0.0
8,rf,10,0.655,1.0,0.0
8,rf,10,0.656,1.0,0.0
8,rf,10,0.657,1.0,0.0
8,rf,10,0.658,1.0,0.0
8,rf,10,0.659,1.0,0.0
8,rf,10,0.66,1.0,0.0
8,rf,10,0.661,1.0,0.0
8,rf,10,0.662,1.0,0.0
8,rf,10,0.663,1.0,0.0
8,rf,10,0.664,1.0,0.0
8,rf,10,0.665,1.0,0.0
8,rf,10,0.666,1.0,0.0
8,rf,10,0.667,1.0,0.0
8,rf,10,0.668,1.0,0.0
8,rf,10,0.669,1.0,0.0
8,rf,10,0.67,1.0,0.0
8,rf,10,0.671,1.0,0.0
8,rf,10,0.672,1.0,0.0
8,rf,10,0.673,1.0,0.0
8,rf,10,0.674,1.0,0.0
8,rf,10,0.675,1.0,0.0
8,rf,10,0.676,1.0,0.0
8,rf,10,0.677,1.0,0.0
8,rf,10,0.678,1.0,0.0
8,rf,10,0.679,1.0,0.0
8,rf,10,0.68,1.0,0.0
8,rf,10,0.681,1.0,0.0
8,rf,10,0.682,1.0,0.0
8,rf,10,0.683,1.0,0.0
8,rf,10,0.684,1.0,0.0
8,rf,10,0.685,1.0,0.0
8,rf,10,0.686,1.0,0.0
8,rf,10,0.687,1.0,0.0
8,rf,10,0.6880000000000001,1.0,0.0
8,rf,10,0.6890000000000001,1.0,0.0
8,rf,10,0.6900000000000001,1.0,0.0
8,rf,10,0.6910000000000001,1.0,0.0
8,rf,10,0.6920000000000001,1.0,0.0
8,rf,10,0.6930000000000001,1.0,0.0
8,rf,10,0.6940000000000001,1.0,0.0
8,rf,10,0.6950000000000001,1.0,0.0
8,rf,10,0.6960000000000001,1.0,0.0
8,rf,10,0.6970000000000001,1.0,0.0
8,rf,10,0.6980000000000001,1.0,0.0
8,rf,10,0.6990000000000001,1.0,0.0
8,rf,10,0.7000000000000001,1.0,0.0
8,rf,10,0.7010000000000001,1.0,0.0
8,rf,10,0.7020000000000001,1.0,0.0
8,rf,10,0.7030000000000001,1.0,0.0
8,rf,10,0.704,1.0,0.0
8,rf,10,0.705,1.0,0.0
8,rf,10,0.706,1.0,0.0
8,rf,10,0.707,1.0,0.0
8,rf,10,0.708,1.0,0.0
8,rf,10,0.709,1.0,0.0
8,rf,10,0.71,1.0,0.0
8,rf,10,0.711,1.0,0.0
8,rf,10,0.712,1.0,0.0
8,rf,10,0.713,1.0,0.0
8,rf,10,0.714,1.0,0.0
8,rf,10,0.715,1.0,0.0
8,rf,10,0.716,1.0,0.0
8,rf,10,0.717,1.0,0.0
8,rf,10,0.718,1.0,0.0
8,rf,10,0.719,1.0,0.0
8,rf,10,0.72,1.0,0.0
8,rf,10,0.721,1.0,0.0
8,rf,10,0.722,1.0,0.0
8,rf,10,0.723,1.0,0.0
8,rf,10,0.724,1.0,0.0
8,rf,10,0.725,1.0,0.0
8,rf,10,0.726,1.0,0.0
8,rf,10,0.727,1.0,0.0
8,rf,10,0.728,1.0,0.0
8,rf,10,0.729,1.0,0.0
8,rf,10,0.73,1.0,0.0
8,rf,10,0.731,1.0,0.0
8,rf,10,0.732,1.0,0.0
8,rf,10,0.733,1.0,0.0
8,rf,10,0.734,1.0,0.0
8,rf,10,0.735,1.0,0.0
8,rf,10,0.736,1.0,0.0
8,rf,10,0.737,1.0,0.0
8,rf,10,0.738,1.0,0.0
8,rf,10,0.739,1.0,0.0
8,rf,10,0.74,1.0,0.0
8,rf,10,0.741,1.0,0.0
8,rf,10,0.742,1.0,0.0
8,rf,10,0.743,1.0,0.0
8,rf,10,0.744,1.0,0.0
8,rf,10,0.745,1.0,0.0
8,rf,10,0.746,1.0,0.0
8,rf,10,0.747,1.0,0.0
8,rf,10,0.748,1.0,0.0
8,rf,10,0.749,1.0,0.0
8,rf,10,0.75,1.0,0.0
8,rf,10,0.751,1.0,0.0
8,rf,10,0.752,1.0,0.0
8,rf,10,0.753,1.0,0.0
8,rf,10,0.754,1.0,0.0
8,rf,10,0.755,1.0,0.0
8,rf,10,0.756,1.0,0.0
8,rf,10,0.757,1.0,0.0
8,rf,10,0.758,1.0,0.0
8,rf,10,0.759,1.0,0.0
8,rf,10,0.76,1.0,0.0
8,rf,10,0.761,1.0,0.0
8,rf,10,0.762,1.0,0.0
8,rf,10,0.763,1.0,0.0
8,rf,10,0.764,1.0,0.0
8,rf,10,0.765,1.0,0.0
8,rf,10,0.766,1.0,0.0
8,rf,10,0.767,1.0,0.0
8,rf,10,0.768,1.0,0.0
8,rf,10,0.769,1.0,0.0
8,rf,10,0.77,1.0,0.0
8,rf,10,0.771,1.0,0.0
8,rf,10,0.772,1.0,0.0
8,rf,10,0.773,1.0,0.0
8,rf,10,0.774,1.0,0.0
8,rf,10,0.775,1.0,0.0
8,rf,10,0.776,1.0,0.0
8,rf,10,0.777,1.0,0.0
8,rf,10,0.778,1.0,0.0
8,rf,10,0.779,1.0,0.0
8,rf,10,0.78,1.0,0.0
8,rf,10,0.781,1.0,0.0
8,rf,10,0.782,1.0,0.0
8,rf,10,0.783,1.0,0.0
8,rf,10,0.784,1.0,0.0
8,rf,10,0.785,1.0,0.0
8,rf,10,0.786,1.0,0.0
8,rf,10,0.787,1.0,0.0
8,rf,10,0.788,1.0,0.0
8,rf,10,0.789,1.0,0.0
8,rf,10,0.79,1.0,0.0
8,rf,10,0.791,1.0,0.0
8,rf,10,0.792,1.0,0.0
8,rf,10,0.793,1.0,0.0
8,rf,10,0.794,1.0,0.0
8,rf,10,0.795,1.0,0.0
8,rf,10,0.796,1.0,0.0
8,rf,10,0.797,1.0,0.0
8,rf,10,0.798,1.0,0.0
8,rf,10,0.799,1.0,0.0
8,rf,10,0.8,1.0,0.0
8,rf,10,0.801,1.0,0.0
8,rf,10,0.802,1.0,0.0
8,rf,10,0.803,1.0,0.0
8,rf,10,0.804,1.0,0.0
8,rf,10,0.805,1.0,0.0
8,rf,10,0.806,1.0,0.0
8,rf,10,0.807,1.0,0.0
8,rf,10,0.808,1.0,0.0
8,rf,10,0.809,1.0,0.0
8,rf,10,0.81,1.0,0.0
8,rf,10,0.811,1.0,0.0
8,rf,10,0.812,1.0,0.0
8,rf,10,0.8130000000000001,1.0,0.0
8,rf,10,0.8140000000000001,1.0,0.0
8,rf,10,0.8150000000000001,1.0,0.0
8,rf,10,0.8160000000000001,1.0,0.0
8,rf,10,0.8170000000000001,1.0,0.0
8,rf,10,0.8180000000000001,1.0,0.0
8,rf,10,0.8190000000000001,1.0,0.0
8,rf,10,0.8200000000000001,1.0,0.0
8,rf,10,0.8210000000000001,1.0,0.0
8,rf,10,0.8220000000000001,1.0,0.0
8,rf,10,0.8230000000000001,1.0,0.0
8,rf,10,0.8240000000000001,1.0,0.0
8,rf,10,0.8250000000000001,1.0,0.0
8,rf,10,0.8260000000000001,1.0,0.0
8,rf,10,0.8270000000000001,1.0,0.0
8,rf,10,0.8280000000000001,1.0,0.0
8,rf,10,0.8290000000000001,1.0,0.0
8,rf,10,0.8300000000000001,1.0,0.0
8,rf,10,0.8310000000000001,1.0,0.0
8,rf,10,0.8320000000000001,1.0,0.0
8,rf,10,0.833,1.0,0.0
8,rf,10,0.834,1.0,0.0
8,rf,10,0.835,1.0,0.0
8,rf,10,0.836,1.0,0.0
8,rf,10,0.837,1.0,0.0
8,rf,10,0.838,1.0,0.0
8,rf,10,0.839,1.0,0.0
8,rf,10,0.84,1.0,0.0
8,rf,10,0.841,1.0,0.0
8,rf,10,0.842,1.0,0.0
8,rf,10,0.843,1.0,0.0
8,rf,10,0.844,1.0,0.0
8,rf,10,0.845,1.0,0.0
8,rf,10,0.846,1.0,0.0
8,rf,10,0.847,1.0,0.0
8,rf,10,0.848,1.0,0.0
8,rf,10,0.849,1.0,0.0
8,rf,10,0.85,1.0,0.0
8,rf,10,0.851,1.0,0.0
8,rf,10,0.852,1.0,0.0
8,rf,10,0.853,1.0,0.0
8,rf,10,0.854,1.0,0.0
8,rf,10,0.855,1.0,0.0
8,rf,10,0.856,1.0,0.0
8,rf,10,0.857,1.0,0.0
8,rf,10,0.858,1.0,0.0
8,rf,10,0.859,1.0,0.0
8,rf,10,0.86,1.0,0.0
8,rf,10,0.861,1.0,0.0
8,rf,10,0.862,1.0,0.0
8,rf,10,0.863,1.0,0.0
8,rf,10,0.864,1.0,0.0
8,rf,10,0.865,1.0,0.0
8,rf,10,0.866,1.0,0.0
8,rf,10,0.867,1.0,0.0
8,rf,10,0.868,1.0,0.0
8,rf,10,0.869,1.0,0.0
8,rf,10,0.87,1.0,0.0
8,rf,10,0.871,1.0,0.0
8,rf,10,0.872,1.0,0.0
8,rf,10,0.873,1.0,0.0
8,rf,10,0.874,1.0,0.0
8,rf,10,0.875,1.0,0.0
8,rf,10,0.876,1.0,0.0
8,rf,10,0.877,1.0,0.0
8,rf,10,0.878,1.0,0.0
8,rf,10,0.879,1.0,0.0
8,rf,10,0.88,1.0,0.0
8,rf,10,0.881,1.0,0.0
8,rf,10,0.882,1.0,0.0
8,rf,10,0.883,1.0,0.0
8,rf,10,0.884,1.0,0.0
8,rf,10,0.885,1.0,0.0
8,rf,10,0.886,1.0,0.0
8,rf,10,0.887,1.0,0.0
8,rf,10,0.888,1.0,0.0
8,rf,10,0.889,1.0,0.0
8,rf,10,0.89,1.0,0.0
8,rf,10,0.891,1.0,0.0
8,rf,10,0.892,1.0,0.0
8,rf,10,0.893,1.0,0.0
8,rf,10,0.894,1.0,0.0
8,rf,10,0.895,1.0,0.0
8,rf,10,0.896,1.0,0.0
8,rf,10,0.897,1.0,0.0
8,rf,10,0.898,1.0,0.0
8,rf,10,0.899,1.0,0.0
8,rf,10,0.9,1.0,0.0
8,rf,10,0.901,1.0,0.0
8,rf,10,0.902,1.0,0.0
8,rf,10,0.903,1.0,0.0
8,rf,10,0.904,1.0,0.0
8,rf,10,0.905,1.0,0.0
8,rf,10,0.906,1.0,0.0
8,rf,10,0.907,1.0,0.0
8,rf,10,0.908,1.0,0.0
8,rf,10,0.909,1.0,0.0
8,rf,10,0.91,1.0,0.0
8,rf,10,0.911,1.0,0.0
8,rf,10,0.912,1.0,0.0
8,rf,10,0.913,1.0,0.0
8,rf,10,0.914,1.0,0.0
8,rf,10,0.915,1.0,0.0
8,rf,10,0.916,1.0,0.0
8,rf,10,0.917,1.0,0.0
8,rf,10,0.918,1.0,0.0
8,rf,10,0.919,1.0,0.0
8,rf,10,0.92,1.0,0.0
8,rf,10,0.921,1.0,0.0
8,rf,10,0.922,1.0,0.0
8,rf,10,0.923,1.0,0.0
8,rf,10,0.924,1.0,0.0
8,rf,10,0.925,1.0,0.0
8,rf,10,0.926,1.0,0.0
8,rf,10,0.927,1.0,0.0
8,rf,10,0.928,1.0,0.0
8,rf,10,0.929,1.0,0.0
8,rf,10,0.93,1.0,0.0
8,rf,10,0.931,1.0,0.0
8,rf,10,0.932,1.0,0.0
8,rf,10,0.933,1.0,0.0
8,rf,10,0.934,1.0,0.0
8,rf,10,0.935,1.0,0.0
8,rf,10,0.936,1.0,0.0
8,rf,10,0.937,1.0,0.0
8,rf,10,0.9380000000000001,1.0,0.0
8,rf,10,0.9390000000000001,1.0,0.0
8,rf,10,0.9400000000000001,1.0,0.0
8,rf,10,0.9410000000000001,1.0,0.0
8,rf,10,0.9420000000000001,1.0,0.0
8,rf,10,0.9430000000000001,1.0,0.0
8,rf,10,0.9440000000000001,1.0,0.0
8,rf,10,0.9450000000000001,1.0,0.0
8,rf,10,0.9460000000000001,1.0,0.0
8,rf,10,0.9470000000000001,1.0,0.0
8,rf,10,0.9480000000000001,1.0,0.0
8,rf,10,0.9490000000000001,1.0,0.0
8,rf,10,0.9500000000000001,1.0,0.0
8,rf,10,0.9510000000000001,1.0,0.0
8,rf,10,0.9520000000000001,1.0,0.0
8,rf,10,0.9530000000000001,1.0,0.0
8,rf,10,0.9540000000000001,1.0,0.0
8,rf,10,0.9550000000000001,1.0,0.0
8,rf,10,0.9560000000000001,1.0,0.0
8,rf,10,0.9570000000000001,1.0,0.0
8,rf,10,0.9580000000000001,1.0,0.0
8,rf,10,0.9590000000000001,1.0,0.0
8,rf,10,0.96,1.0,0.0
8,rf,10,0.961,1.0,0.0
8,rf,10,0.962,1.0,0.0
8,rf,10,0.963,1.0,0.0
8,rf,10,0.964,1.0,0.0
8,rf,10,0.965,1.0,0.0
8,rf,10,0.966,1.0,0.0
8,rf,10,0.967,1.0,0.0
8,rf,10,0.968,1.0,0.0
8,rf,10,0.969,1.0,0.0
8,rf,10,0.97,1.0,0.0
8,rf,10,0.971,1.0,0.0
8,rf,10,0.972,1.0,0.0
8,rf,10,0.973,1.0,0.0
8,rf,10,0.974,1.0,0.0
8,rf,10,0.975,1.0,0.0
8,rf,10,0.976,1.0,0.0
8,rf,10,0.977,1.0,0.0
8,rf,10,0.978,1.0,0.0
8,rf,10,0.979,1.0,0.0
8,rf,10,0.98,1.0,0.0
8,rf,10,0.981,1.0,0.0
8,rf,10,0.982,1.0,0.0
8,rf,10,0.983,1.0,0.0
8,rf,10,0.984,1.0,0.0
8,rf,10,0.985,1.0,0.0
8,rf,10,0.986,1.0,0.0
8,rf,10,0.987,1.0,0.0
8,rf,10,0.988,1.0,0.0
8,rf,10,0.989,1.0,0.0
8,rf,10,0.99,1.0,0.0
8,rf,10,0.991,1.0,0.0
8,rf,10,0.992,1.0,0.0
8,rf,10,0.993,1.0,0.0
8,rf,10,0.994,1.0,0.0
8,rf,10,0.995,1.0,0.0
8,rf,10,0.996,1.0,0.0
8,rf,10,0.997,1.0,0.0
8,rf,10,0.998,1.0,0.0
8,rf,10,0.999,1.0,0.0
8,rf,10,1.0,1.0,0.0
8,mlp,10,0.0,0.0,0.0
8,mlp,10,0.001,0.7034880662101097,0.21009875679081916
8,mlp,10,0.002,0.8272530549531385,0.23973143408804626
8,mlp,10,0.003,0.87973641905512,0.22063697966797452
8,mlp,10,0.004,0.930486040156264,0.14811406723761505
8,mlp,10,0.005,0.981110722328585,0.014928143358620893
8,mlp,10,0.006,0.991380928132249,0.0074076797091448725
8,mlp,10,0.007,0.991468426761657,0.0074927312635034715
8,mlp,10,0.008,0.9916499699942778,0.0076570434300557485
8,mlp,10,0.009000000000000001,0.9916637104757321,0.007671192979052372
8,mlp,10,0.01,0.9916730576679097,0.007680404704057234
8,mlp,10,0.011,0.9916734250051997,0.00768079359967359
8,mlp,10,0.012,0.9916737923424896,0.007681182651272055
8,mlp,10,0.013000000000000001,0.9916922756218085,0.007699664873934551
8,mlp,10,0.014,0.991701700930113,0.007709241653173349
8,mlp,10,0.015,0.991702068267403,0.007709628355662582
8,mlp,10,0.016,0.9917025236805739,0.007710105016892291
8,mlp,10,0.017,0.9917032854446342,0.007710894252743564
8,mlp,10,0.018000000000000002,0.9917040472086945,0.007711683742783935
8,mlp,10,0.019,0.9917048089727549,0.0077124734869353315
8,mlp,10,0.02,0.9917055979843704,0.007713291064288756
8,mlp,10,0.021,0.9917848719952543,0.007584007278437003
8,mlp,10,0.022,0.9918824351490109,0.007551760802402026
8,mlp,10,0.023,0.9920900064673983,0.007270860903059248
8,mlp,10,0.024,0.9921551276433359,0.007247650848733697
8,mlp,10,0.025,0.9923029618052123,0.007071382614530471
8,mlp,10,0.026000000000000002,0.9923313216540659,0.0070589406551967064
8,mlp,10,0.027,0.9923642766688051,0.007032576201564004
8,mlp,10,0.028,0.9924337007990104,0.007030931039821941
8,mlp,10,0.029,0.9924984275481776,0.006925803193711303
8,mlp,10,0.03,0.9926596527809398,0.006811628319408996
8,mlp,10,0.031,0.99275195052542,0.006653947943989217
8,mlp,10,0.032,0.9928486120524933,0.006520217462954396
8,mlp,10,0.033,0.9929036878627411,0.00647199733434468
8,mlp,10,0.034,0.9929726259331115,0.00641014579920323
8,mlp,10,0.035,0.9930461485872794,0.00638432952788368
8,mlp,10,0.036000000000000004,0.9931334567391037,0.006325284478160865
8,mlp,10,0.037,0.9932345503885843,0.0061553937629542895
8,mlp,10,0.038,0.9932759068815538,0.006140148320644868
8,mlp,10,0.039,0.9932942875450956,0.00611267163702395
8,mlp,10,0.04,0.9933356440380651,0.006008607718618143
8,mlp,10,0.041,0.9933861908628054,0.00594255918719429
8,mlp,10,0.042,0.9934229521898894,0.0058765053509718815
8,mlp,10,0.043000000000000003,0.9934551289331758,0.005878828348069167
8,mlp,10,0.044,0.993514929582215,0.0059059095959895225
8,mlp,10,0.045,0.9935788648223424,0.005904632872339128
8,mlp,10,0.046,0.9936018406517698,0.005852787603039527
8,mlp,10,0.047,0.9936293454667045,0.005843728336733525
8,mlp,10,0.048,0.9936293454667045,0.005843728336733525
8,mlp,10,0.049,0.9936430753660709,0.005853073963469727
8,mlp,10,0.05,0.9937483009187893,0.0057797996896756885
8,mlp,10,0.051000000000000004,0.993775739553346,0.005763280246543992
8,mlp,10,0.052000000000000005,0.9937894588706241,0.005755129937889188
8,mlp,10,0.053,0.9938583863589064,0.005728388375779385
8,mlp,10,0.054,0.993872171856563,0.0057160885575178
8,mlp,10,0.055,0.9938996766714976,0.00569457787310809
8,mlp,10,0.056,0.993913462169154,0.005668120148899553
8,mlp,10,0.057,0.9939225863205469,0.005660137278546377
8,mlp,10,0.058,0.9939271814864323,0.0056474269041570805
8,mlp,10,0.059000000000000004,0.9939363718182033,0.005622032623738692
8,mlp,10,0.06,0.9939455621499743,0.005608357750529295
8,mlp,10,0.061,0.9939501573158598,0.005595676509971488
8,mlp,10,0.062,0.9939685379794018,0.005580218276835551
8,mlp,10,0.063,0.9939823234770582,0.005542199143302806
8,mlp,10,0.064,0.9939823234770582,0.005542199143302806
8,mlp,10,0.065,0.9939869186429438,0.005529544382222865
8,mlp,10,0.066,0.9940099050544591,0.005507597764339016
8,mlp,10,0.067,0.99401909538623,0.005494141945699231
8,mlp,10,0.068,0.9940282857180011,0.005468893889684869
8,mlp,10,0.069,0.994046666381543,0.005430277082134516
8,mlp,10,0.07,0.99406104141494,0.005404981692270714
8,mlp,10,0.07100000000000001,0.9940834700369787,0.005412632352856745
8,mlp,10,0.07200000000000001,0.9941063796860281,0.0054168623199168904
8,mlp,10,0.073,0.9941109748519136,0.005416806315211704
8,mlp,10,0.074,0.994129289335077,0.005421715874847039
8,mlp,10,0.075,0.994129289335077,0.005421715874847039
8,mlp,10,0.076,0.994129289335077,0.005421715874847039
8,mlp,10,0.077,0.9941394785852168,0.005421763985050086
8,mlp,10,0.078,0.9941660506621609,0.005422359195991135
8,mlp,10,0.079,0.9941844313257029,0.005420629635898792
8,mlp,10,0.08,0.9943314766340385,0.005424725577646706
8,mlp,10,0.081,0.9944371654494049,0.005445760038852106
8,mlp,10,0.082,0.9945336639330001,0.005466601257721684
8,mlp,10,0.083,0.9945336639330001,0.005466601257721684
8,mlp,10,0.084,0.9945382590988856,0.005468335242666633
8,mlp,10,0.085,0.994561234928313,0.0054775751996091
8,mlp,10,0.08600000000000001,0.9945748880652129,0.005488254983552247
8,mlp,10,0.08700000000000001,0.9945748880652129,0.005488254983552247
8,mlp,10,0.088,0.9945748880652129,0.005488254983552247
8,mlp,10,0.089,0.9946162445581823,0.005493638779660169
8,mlp,10,0.09,0.9946438155534952,0.005497360196951445
8,mlp,10,0.091,0.9946667913829227,0.005501969913820428
8,mlp,10,0.092,0.9946897672123501,0.0054991785346452
8,mlp,10,0.093,0.9947219333735486,0.00550634053501303
8,mlp,10,0.094,0.9947954560277165,0.005531676119859242
8,mlp,10,0.095,0.9948965496771972,0.005569866844488773
8,mlp,10,0.096,0.9949011448430827,0.005568793090340247
8,mlp,10,0.097,0.9949333110042812,0.00557985317360218
8,mlp,10,0.098,0.9949654771654796,0.005572527063265358
8,mlp,10,0.099,0.9949929819804144,0.005590534019366876
8,mlp,10,0.1,0.9949929819804144,0.005590534019366876
8,mlp,10,0.101,0.9949929819804144,0.005590534019366876
8,mlp,10,0.10200000000000001,0.9950067674780708,0.005589566103098969
8,mlp,10,0.10300000000000001,0.9950205529757273,0.005598375332774332
8,mlp,10,0.10400000000000001,0.9950297433074983,0.005596553100957742
8,mlp,10,0.105,0.9950343384733837,0.00559569836579287
8,mlp,10,0.106,0.9950423655717333,0.005594809366353193
8,mlp,10,0.107,0.9950527191369254,0.005593578534781634
8,mlp,10,0.108,0.9950572481224327,0.005597475859271621
8,mlp,10,0.109,0.9950618432883183,0.005596260791269101
8,mlp,10,0.11,0.9950830491912466,0.005592251463129399
8,mlp,10,0.111,0.995089348103253,0.0055866437057007995
8,mlp,10,0.112,0.995107728766795,0.005576288893391668
8,mlp,10,0.113,0.9951352997621079,0.005546927768787447
8,mlp,10,0.114,0.9951708487837678,0.0055221645288305666
8,mlp,10,0.115,0.995190243211599,0.005525635549173709
8,mlp,10,0.116,0.995190243211599,0.005525635549173709
8,mlp,10,0.117,0.9952224093727974,0.005490355168040991
8,mlp,10,0.11800000000000001,0.9952407900363394,0.005490914069719218
8,mlp,10,0.11900000000000001,0.9952499803681103,0.005492919361966257
8,mlp,10,0.12,0.9952775513634233,0.005472396866317818
8,mlp,10,0.121,0.9952882609277307,0.005475624757577943
8,mlp,10,0.122,0.9953234368419,0.005491381942765234
8,mlp,10,0.123,0.995369388500755,0.0055065160956344365
8,mlp,10,0.124,0.9953978474235065,0.005517121000069323
8,mlp,10,0.125,0.9954521014866937,0.0054914844077786394
8,mlp,10,0.126,0.9955072434773197,0.005525407294767002
8,mlp,10,0.127,0.9955440048044032,0.005543253542233688
8,mlp,10,0.128,0.9955485337899106,0.005546822706189922
8,mlp,10,0.129,0.9955531289557961,0.005549838668931384
8,mlp,10,0.13,0.9955531289557961,0.005549838668931384
8,mlp,10,0.131,0.9955531289557961,0.005549838668931384
8,mlp,10,0.132,0.9955531289557961,0.005549838668931384
8,mlp,10,0.133,0.9955531289557961,0.005549838668931384
8,mlp,10,0.134,0.995571509619338,0.005562940641518267
8,mlp,10,0.135,0.995571509619338,0.005562940641518267
8,mlp,10,0.136,0.995571509619338,0.005562940641518267
8,mlp,10,0.137,0.9955761047852235,0.005566306153186675
8,mlp,10,0.138,0.9955761047852235,0.005566306153186675
8,mlp,10,0.139,0.9955761047852235,0.005566306153186675
8,mlp,10,0.14,0.9955898902828799,0.005527556757673255
8,mlp,10,0.14100000000000001,0.9955898902828799,0.005527556757673255
8,mlp,10,0.14200000000000002,0.9955944854487655,0.0055255794344875285
8,mlp,10,0.14300000000000002,0.9955944854487655,0.0055255794344875285
8,mlp,10,0.14400000000000002,0.995599080614651,0.0055244890681426335
8,mlp,10,0.145,0.995599080614651,0.0055244890681426335
8,mlp,10,0.146,0.9956128661123074,0.005519576174533303
8,mlp,10,0.147,0.9956220564440784,0.005493703348306156
8,mlp,10,0.148,0.9956220564440784,0.005493703348306156
8,mlp,10,0.149,0.9956266516099639,0.005497106981467167
8,mlp,10,0.15,0.9956266516099639,0.005497106981467167
8,mlp,10,0.151,0.9956357757613568,0.005499627862381154
8,mlp,10,0.152,0.9956495612590132,0.005510026046841688
8,mlp,10,0.153,0.9956554128745421,0.00550997222751508
8,mlp,10,0.154,0.9956909177519826,0.005482130141564631
8,mlp,10,0.155,0.9956955129178681,0.0054809841072721585
8,mlp,10,0.156,0.9957092984155246,0.005466456845615695
8,mlp,10,0.157,0.9957184887472955,0.005465020937501749
8,mlp,10,0.158,0.9957184887472955,0.005465020937501749
8,mlp,10,0.159,0.9957368694108375,0.005462611864659957
8,mlp,10,0.16,0.995741464576723,0.005449635291446842
8,mlp,10,0.161,0.9957460597426084,0.005452567381762167
8,mlp,10,0.162,0.995750654908494,0.005452009022641094
8,mlp,10,0.163,0.9957736307379215,0.0054497975833355744
8,mlp,10,0.164,0.9957736307379215,0.0054497975833355744
8,mlp,10,0.165,0.9957736307379215,0.0054497975833355744
8,mlp,10,0.166,0.9957736307379215,0.0054497975833355744
8,mlp,10,0.167,0.9958033890321957,0.005447736686713705
8,mlp,10,0.168,0.9958793195532873,0.005444002371415864
8,mlp,10,0.169,0.9959298663780277,0.0054474432570015205
8,mlp,10,0.17,0.9959482470415697,0.005449919045867333
8,mlp,10,0.171,0.9959482470415697,0.005449919045867333
8,mlp,10,0.17200000000000001,0.9959574373733406,0.005436347895345409
8,mlp,10,0.17300000000000001,0.9959850083686537,0.00543470964035328
8,mlp,10,0.17400000000000002,0.9960401503592795,0.0054369234284066
8,mlp,10,0.17500000000000002,0.996053935856936,0.005424116747507925
8,mlp,10,0.176,0.9961055035154516,0.005431053707426211
8,mlp,10,0.177,0.9961550295064168,0.005425977816829529
8,mlp,10,0.178,0.9961550295064168,0.005425977816829529
8,mlp,10,0.179,0.9961596352543903,0.0054293186374417945
8,mlp,10,0.18,0.9961596352543903,0.0054293186374417945
8,mlp,10,0.181,0.9961642304202758,0.005427763784206419
8,mlp,10,0.182,0.9961688255861614,0.005428581720654231
8,mlp,10,0.183,0.9961780159179323,0.005427092541096374
8,mlp,10,0.184,0.9961962642207176,0.005421078810627319
8,mlp,10,0.185,0.996228430381916,0.005424301608485942
8,mlp,10,0.186,0.996237620713687,0.005426115931820522
8,mlp,10,0.187,0.996246811045458,0.0054138462655097495
8,mlp,10,0.188,0.996256001377229,0.005416062638956178
8,mlp,10,0.189,0.996265191709,0.005403909079573945
8,mlp,10,0.19,0.9962927627043129,0.005411712344251119
8,mlp,10,0.191,0.9963433095290533,0.005427811423471335
8,mlp,10,0.192,0.9963892611879082,0.005431819883675557
8,mlp,10,0.193,0.9964213611687285,0.0054481289862352905
8,mlp,10,0.194,0.9964305515004994,0.005421517593521315
8,mlp,10,0.195,0.9964305515004994,0.005421517593521315
8,mlp,10,0.196,0.9964305515004994,0.005421517593521315
8,mlp,10,0.197,0.9964305515004994,0.005421517593521315
8,mlp,10,0.198,0.996439609471514,0.005427375606325931
8,mlp,10,0.199,0.9964625853009415,0.005417755490519182
8,mlp,10,0.2,0.9964717756327124,0.005401915633753555
8,mlp,10,0.201,0.9964948801267847,0.005408508631878005
8,mlp,10,0.202,0.9965315127892238,0.005370868174842696
8,mlp,10,0.203,0.9965407031209947,0.005355021065689608
8,mlp,10,0.20400000000000001,0.9965958451116205,0.005343186245730417
8,mlp,10,0.20500000000000002,0.9966142257751625,0.00532411849996255
8,mlp,10,0.20600000000000002,0.9966417967704754,0.005331045153105851
8,mlp,10,0.20700000000000002,0.9966417967704754,0.005331045153105851
8,mlp,10,0.20800000000000002,0.9966417967704754,0.005331045153105851
8,mlp,10,0.209,0.9966417967704754,0.005331045153105851
8,mlp,10,0.21,0.9966417967704754,0.005331045153105851
8,mlp,10,0.211,0.9966509871022463,0.005327433488576766
8,mlp,10,0.212,0.9966739629316738,0.005337142213978729
8,mlp,10,0.213,0.9966877484293303,0.00533952399954673
8,mlp,10,0.214,0.9967107242587577,0.005326618953881874
8,mlp,10,0.215,0.9967153194246432,0.0053287341256202546
8,mlp,10,0.216,0.9967199145905287,0.005315329513694402
8,mlp,10,0.217,0.9967428904199561,0.005303316822290818
8,mlp,10,0.218,0.9967428904199561,0.005303316822290818
8,mlp,10,0.219,0.996752091333815,0.005304409423862555
8,mlp,10,0.22,0.996752091333815,0.005304409423862555
8,mlp,10,0.221,0.996752091333815,0.005304409423862555
8,mlp,10,0.222,0.996752091333815,0.005304409423862555
8,mlp,10,0.223,0.996752091333815,0.005304409423862555
8,mlp,10,0.224,0.9967566864997005,0.005306537859380889
8,mlp,10,0.225,0.9967566864997005,0.005306537859380889
8,mlp,10,0.226,0.9968026381585554,0.0052853090307294895
8,mlp,10,0.227,0.9968026381585554,0.0052853090307294895
8,mlp,10,0.228,0.9968026381585554,0.0052853090307294895
8,mlp,10,0.229,0.9968348043197539,0.00527260328154761
8,mlp,10,0.23,0.9968531849832958,0.005266134905337698
8,mlp,10,0.231,0.9968623753150668,0.005250954717485256
8,mlp,10,0.232,0.9968715656468378,0.005248021134144858
8,mlp,10,0.233,0.9968761608127232,0.005246614096785826
8,mlp,10,0.234,0.9968853511444943,0.005231556653825988
8,mlp,10,0.23500000000000001,0.9968991366421507,0.005206219472361416
8,mlp,10,0.23600000000000002,0.9969083269739217,0.005178872722256947
8,mlp,10,0.23700000000000002,0.9969175173056927,0.005179568615417195
8,mlp,10,0.23800000000000002,0.9969221124715781,0.005178233595237168
8,mlp,10,0.23900000000000002,0.9969221124715781,0.005178233595237168
8,mlp,10,0.24,0.9969267076374637,0.005176939018653895
8,mlp,10,0.241,0.9969267076374637,0.005176939018653895
8,mlp,10,0.242,0.9969450883010056,0.005172165741431477
8,mlp,10,0.243,0.9969588737986621,0.0051720066546109625
8,mlp,10,0.244,0.9969588737986621,0.0051720066546109625
8,mlp,10,0.245,0.9969634689645476,0.005158272083112663
8,mlp,10,0.246,0.9969634689645476,0.005158272083112663
8,mlp,10,0.247,0.9969634689645476,0.005158272083112663
8,mlp,10,0.248,0.9969634689645476,0.005158272083112663
8,mlp,10,0.249,0.996968064130433,0.0051603425846519805
8,mlp,10,0.25,0.996968064130433,0.0051603425846519805
8,mlp,10,0.251,0.9969726592963186,0.005162453158094151
8,mlp,10,0.252,0.9969726592963186,0.005162453158094151
8,mlp,10,0.253,0.9969726592963186,0.005162453158094151
8,mlp,10,0.254,0.9969726592963186,0.005162453158094151
8,mlp,10,0.255,0.9969772544622041,0.0051487249996187605
8,mlp,10,0.256,0.9969910399598605,0.005155300502680874
8,mlp,10,0.257,0.9969955689453679,0.005157903186190899
8,mlp,10,0.258,0.9969955689453679,0.005157903186190899
8,mlp,10,0.259,0.9969955689453679,0.005157903186190899
8,mlp,10,0.26,0.9969955689453679,0.005157903186190899
8,mlp,10,0.261,0.9969955689453679,0.005157903186190899
8,mlp,10,0.262,0.9970369254383373,0.005149886335989044
8,mlp,10,0.263,0.9970644964336502,0.005146381505339061
8,mlp,10,0.264,0.9970644964336502,0.005146381505339061
8,mlp,10,0.265,0.9971104480925052,0.0051460543629514984
8,mlp,10,0.266,0.9971104480925052,0.0051460543629514984
8,mlp,10,0.267,0.9971104480925052,0.0051460543629514984
8,mlp,10,0.268,0.9971196384242758,0.005150500587028091
8,mlp,10,0.269,0.9971196384242758,0.005150500587028091
8,mlp,10,0.27,0.9971242335901612,0.005136640066152728
8,mlp,10,0.271,0.9971242335901612,0.005136640066152728
8,mlp,10,0.272,0.9971242335901612,0.005136640066152728
8,mlp,10,0.273,0.9971334239219323,0.00510893020569212
8,mlp,10,0.274,0.9971334239219323,0.00510893020569212
8,mlp,10,0.275,0.9971334239219323,0.00510893020569212
8,mlp,10,0.276,0.9971380190878177,0.0050950809269169305
8,mlp,10,0.277,0.9971472094195887,0.005067393826732073
8,mlp,10,0.278,0.9971518045854741,0.005053556068094321
8,mlp,10,0.279,0.9971518045854741,0.005053556068094321
8,mlp,10,0.28,0.9971563997513597,0.005039722212834107
8,mlp,10,0.281,0.9971839707466726,0.005041374342157832
8,mlp,10,0.28200000000000003,0.9971917641480145,0.005042071130609456
8,mlp,10,0.28300000000000003,0.9972207320737565,0.005028749408384053
8,mlp,10,0.28400000000000003,0.997234517571413,0.0050313846090559045
8,mlp,10,0.28500000000000003,0.9972988498938099,0.005008143981486475
8,mlp,10,0.28600000000000003,0.9972988498938099,0.005008143981486475
8,mlp,10,0.28700000000000003,0.9973034450596954,0.0050081080228338865
8,mlp,10,0.28800000000000003,0.9973126353914663,0.004995779685795097
8,mlp,10,0.289,0.9973172305573519,0.004997560792092468
8,mlp,10,0.29,0.9973585870503212,0.004983075247365201
8,mlp,10,0.291,0.9974367048703746,0.004951299027454154
8,mlp,10,0.292,0.9974458952021455,0.004922946303377626
8,mlp,10,0.293,0.9974458952021455,0.004922946303377626
8,mlp,10,0.294,0.9974458952021455,0.004922946303377626
8,mlp,10,0.295,0.9974458952021455,0.004922946303377626
8,mlp,10,0.296,0.9974458952021455,0.004922946303377626
8,mlp,10,0.297,0.9974550855339166,0.00490800503646838
8,mlp,10,0.298,0.9974596806998021,0.004893826868143857
8,mlp,10,0.299,0.997468871031573,0.004897965575648139
8,mlp,10,0.3,0.997468871031573,0.004897965575648139
8,mlp,10,0.301,0.9974734767795466,0.004900390597950636
8,mlp,10,0.302,0.9974780719454321,0.004900219778447072
8,mlp,10,0.303,0.9974780719454321,0.004900219778447072
8,mlp,10,0.304,0.9974826671113176,0.004900092045326808
8,mlp,10,0.305,0.9974826671113176,0.004900092045326808
8,mlp,10,0.306,0.9974826671113176,0.004900092045326808
8,mlp,10,0.307,0.9974918574430885,0.004903890553467652
8,mlp,10,0.308,0.9975010477748596,0.004875531591915996
8,mlp,10,0.309,0.9975010477748596,0.004875531591915996
8,mlp,10,0.31,0.9975010477748596,0.004875531591915996
8,mlp,10,0.311,0.997514833272516,0.004863447615637451
8,mlp,10,0.312,0.9975469994337145,0.004863863694556736
8,mlp,10,0.313,0.9975653800972564,0.00486274103646571
8,mlp,10,0.314,0.997569975263142,0.0048485079181259895
8,mlp,10,0.315,0.997569975263142,0.0048485079181259895
8,mlp,10,0.316,0.997569975263142,0.0048485079181259895
8,mlp,10,0.317,0.997569975263142,0.0048485079181259895
8,mlp,10,0.318,0.9975790332341562,0.0048529765733123275
8,mlp,10,0.319,0.9975790332341562,0.0048529765733123275
8,mlp,10,0.32,0.9976020090635837,0.004835913438437032
8,mlp,10,0.321,0.9976111993953547,0.004839122658131746
8,mlp,10,0.322,0.9976387703906676,0.004847266376301692
8,mlp,10,0.323,0.9976433655565531,0.004849145706102532
8,mlp,10,0.324,0.9976571510542096,0.00480637527779301
8,mlp,10,0.325,0.9976755317177515,0.004777446137982731
8,mlp,10,0.326,0.9976846558691443,0.0047653697083829645
8,mlp,10,0.327,0.9977030365326863,0.004752637880562437
8,mlp,10,0.328,0.9977214171962283,0.004695581433998733
8,mlp,10,0.329,0.9977352026938847,0.004696471213653095
8,mlp,10,0.33,0.9977443930256558,0.004697838463871775
8,mlp,10,0.331,0.9977489881915412,0.004683560284418373
8,mlp,10,0.332,0.9977581785233122,0.004669652289115976
8,mlp,10,0.333,0.9977627736891976,0.0046553733367938705
8,mlp,10,0.334,0.9977719640209687,0.004643018378603244
8,mlp,10,0.335,0.9977719640209687,0.004643018378603244
8,mlp,10,0.336,0.9977811543527396,0.004646997168699277
8,mlp,10,0.337,0.9977811543527396,0.004646997168699277
8,mlp,10,0.338,0.9977811543527396,0.004646997168699277
8,mlp,10,0.339,0.9977857495186251,0.004632724354117653
8,mlp,10,0.34,0.9977995350162816,0.004604562504261099
8,mlp,10,0.341,0.9978179156798236,0.004547484885191206
8,mlp,10,0.342,0.9978179156798236,0.004547484885191206
8,mlp,10,0.343,0.9978224446653308,0.004549671000788787
8,mlp,10,0.34400000000000003,0.9978224446653308,0.004549671000788787
8,mlp,10,0.34500000000000003,0.9978224446653308,0.004549671000788787
8,mlp,10,0.34600000000000003,0.9978269736508378,0.004551851059538005
8,mlp,10,0.34700000000000003,0.9978269736508378,0.004551851059538005
8,mlp,10,0.34800000000000003,0.9978269736508378,0.004551851059538005
8,mlp,10,0.34900000000000003,0.9978545446461509,0.004548444651815086
8,mlp,10,0.35000000000000003,0.9978545446461509,0.004548444651815086
8,mlp,10,0.35100000000000003,0.9978637349779218,0.004549227535054032
8,mlp,10,0.352,0.9978637349779218,0.004549227535054032
8,mlp,10,0.353,0.9978637349779218,0.004549227535054032
8,mlp,10,0.354,0.9978637349779218,0.004549227535054032
8,mlp,10,0.355,0.9978729253096927,0.004550195910587096
8,mlp,10,0.356,0.9979234721344332,0.004548062465331444
8,mlp,10,0.357,0.9979556382956316,0.004552516083026629
8,mlp,10,0.358,0.9980015899544865,0.004555086680435769
8,mlp,10,0.359,0.9980107802862574,0.004556671717220493
8,mlp,10,0.36,0.9980153860342309,0.0045587216771900375
8,mlp,10,0.361,0.9980337666977729,0.00456190919857994
8,mlp,10,0.362,0.9980337666977729,0.00456190919857994
8,mlp,10,0.363,0.9980613376930858,0.0045659669910136
8,mlp,10,0.364,0.9980659328589713,0.004567643811098312
8,mlp,10,0.365,0.9980659328589713,0.004567643811098312
8,mlp,10,0.366,0.9980751231907423,0.0045548348429597305
8,mlp,10,0.367,0.9980889086883987,0.004511396701856415
8,mlp,10,0.368,0.9980889086883987,0.004511396701856415
8,mlp,10,0.369,0.9980935038542842,0.004496917989964035
8,mlp,10,0.37,0.9980980990201698,0.004497645177933834
8,mlp,10,0.371,0.9981026941860552,0.0044831639208353
8,mlp,10,0.372,0.9981072893519407,0.004468682987923567
8,mlp,10,0.373,0.9981072893519407,0.004468682987923567
8,mlp,10,0.374,0.9981072893519407,0.004468682987923567
8,mlp,10,0.375,0.9981072893519407,0.004468682987923567
8,mlp,10,0.376,0.9981118845178262,0.0044542023823605
8,mlp,10,0.377,0.9981348603472536,0.004458503489611337
8,mlp,10,0.378,0.9981348603472536,0.004458503489611337
8,mlp,10,0.379,0.9981394555131391,0.004444010832245844
8,mlp,10,0.38,0.9981670265084521,0.0043725408844588
8,mlp,10,0.381,0.9981808120061085,0.004329062055163464
8,mlp,10,0.382,0.9982359539967345,0.004202221161096554
8,mlp,10,0.383,0.9983370476462152,0.0038834080959892965
8,mlp,10,0.384,0.9983600234756427,0.003826453567938128
8,mlp,10,0.385,0.9983692138074136,0.0037974756314917437
8,mlp,10,0.386,0.9983875944709556,0.003754863495292589
8,mlp,10,0.387,0.9984243557980393,0.003654325720363448
8,mlp,10,0.388,0.9984794977886653,0.0035113266972047266
8,mlp,10,0.389,0.9985254494475202,0.003397488401962189
8,mlp,10,0.39,0.9985530204428331,0.0033105203065691073
8,mlp,10,0.391,0.9985851866040315,0.0033197541595695354
8,mlp,10,0.392,0.99861735276523,0.0032182402618783712
8,mlp,10,0.393,0.9986403285946575,0.0031457384212878856
8,mlp,10,0.394,0.9986495189264284,0.003116739694760466
8,mlp,10,0.395,0.9986495189264284,0.003116739694760466
8,mlp,10,0.396,0.9987092560829398,0.002944339056707848
8,mlp,10,0.397,0.9987092560829398,0.002944339056707848
8,mlp,10,0.398,0.9987276367464816,0.0028863602799993155
8,mlp,10,0.399,0.9987276367464816,0.0028863602799993155
8,mlp,10,0.4,0.9987919690688785,0.002699523501359004
8,mlp,10,0.401,0.9988195400641914,0.0026125983155348845
8,mlp,10,0.402,0.9988241352300768,0.00259811249130199
8,mlp,10,0.403,0.9988471110595043,0.0025256911881567715
8,mlp,10,0.404,0.9988700868889318,0.002453283761239957
8,mlp,10,0.405,0.9988884675524737,0.002395368656214297
8,mlp,10,0.406,0.9989436095430996,0.0022216890449100793
8,mlp,10,0.40700000000000003,0.9989711805384125,0.002134891709736027
8,mlp,10,0.40800000000000003,0.9990171321972674,0.002022346424262264
8,mlp,10,0.40900000000000003,0.9990676790220079,0.0018633964300242068
8,mlp,10,0.41000000000000003,0.9992790566527404,0.0012012671568384025
8,mlp,10,0.41100000000000003,0.9992928421503968,0.0011903028153864533
8,mlp,10,0.41200000000000003,0.999380150302221,0.0009196137156841035
8,mlp,10,0.41300000000000003,0.9993847454681065,0.0009213823761978127
8,mlp,10,0.41400000000000003,0.9993847454681065,0.0009213823761978127
8,mlp,10,0.41500000000000004,0.9993847454681065,0.0009213823761978127
8,mlp,10,0.41600000000000004,0.9993939357998775,0.0008930851424604736
8,mlp,10,0.417,0.9993939357998775,0.0008930851424604736
8,mlp,10,0.418,0.9994031261316485,0.0008648386578781688
8,mlp,10,0.419,0.9994031261316485,0.0008648386578781688
8,mlp,10,0.42,0.9994031261316485,0.0008648386578781688
8,mlp,10,0.421,0.9994031261316485,0.0008648386578781688
8,mlp,10,0.422,0.9994031261316485,0.0008648386578781688
8,mlp,10,0.423,0.9994031261316485,0.0008648386578781688
8,mlp,10,0.424,0.9994031261316485,0.0008648386578781688
8,mlp,10,0.425,0.9994031261316485,0.0008648386578781688
8,mlp,10,0.426,0.9994123376275954,0.0008707376383615958
8,mlp,10,0.427,0.9994123376275954,0.0008707376383615958
8,mlp,10,0.428,0.9994123376275954,0.0008707376383615958
8,mlp,10,0.429,0.9994123376275954,0.0008707376383615958
8,mlp,10,0.43,0.9994123376275954,0.0008707376383615958
8,mlp,10,0.431,0.9994123376275954,0.0008707376383615958
8,mlp,10,0.432,0.9994536941205648,0.0007448446871576066
8,mlp,10,0.433,0.9994812651158778,0.0006619697762250908
8,mlp,10,0.434,0.9995226216088472,0.0005402087943136919
8,mlp,10,0.435,0.9995226216088472,0.0005402087943136919
8,mlp,10,0.436,0.9995226216088472,0.0005402087943136919
8,mlp,10,0.437,0.9995272167747327,0.0005423062143468351
8,mlp,10,0.438,0.9995272167747327,0.0005423062143468351
8,mlp,10,0.439,0.9995272167747327,0.0005423062143468351
8,mlp,10,0.44,0.9995272167747327,0.0005423062143468351
8,mlp,10,0.441,0.9995272167747327,0.0005423062143468351
8,mlp,10,0.442,0.9995272167747327,0.0005423062143468351
8,mlp,10,0.443,0.9995547877700457,0.0004639319510821144
8,mlp,10,0.444,0.9995639781018166,0.00046654290007889485
8,mlp,10,0.445,0.9995685732677021,0.00045376497960136254
8,mlp,10,0.446,0.9995685732677021,0.00045376497960136254
8,mlp,10,0.447,0.9995685732677021,0.00045376497960136254
8,mlp,10,0.448,0.9995685732677021,0.00045376497960136254
8,mlp,10,0.449,0.9995777635994731,0.0004446654707652074
8,mlp,10,0.45,0.9995777635994731,0.0004446654707652074
8,mlp,10,0.451,0.9996053345947861,0.0003680694295352846
8,mlp,10,0.452,0.9996053345947861,0.0003680694295352846
8,mlp,10,0.453,0.9996420959218699,0.00028756002488217
8,mlp,10,0.454,0.9996420959218699,0.00028756002488217
8,mlp,10,0.455,0.9996420959218699,0.00028756002488217
8,mlp,10,0.456,0.9996558814195262,0.0002685025817699081
8,mlp,10,0.457,0.9996696669171827,0.00024039457751365393
8,mlp,10,0.458,0.9996788572489537,0.00022232090163257063
8,mlp,10,0.459,0.9997110234101522,0.00018291797591792712
8,mlp,10,0.46,0.9997110234101522,0.00018291797591792712
8,mlp,10,0.461,0.9997110234101522,0.00018291797591792712
8,mlp,10,0.462,0.9997156185760376,0.00017062610897662292
8,mlp,10,0.463,0.9997156185760376,0.00017062610897662292
8,mlp,10,0.464,0.9997156185760376,0.00017062610897662292
8,mlp,10,0.465,0.9997202137419231,0.00016874390134487366
8,mlp,10,0.466,0.9997202137419231,0.00016874390134487366
8,mlp,10,0.467,0.9997202137419231,0.00016874390134487366
8,mlp,10,0.468,0.9997294040736942,0.00016871249973007636
8,mlp,10,0.46900000000000003,0.9997339992395796,0.0001562041336712114
8,mlp,10,0.47000000000000003,0.9997339992395796,0.0001562041336712114
8,mlp,10,0.47100000000000003,0.9997339992395796,0.0001562041336712114
8,mlp,10,0.47200000000000003,0.9997339992395796,0.0001562041336712114
8,mlp,10,0.47300000000000003,0.9997339992395796,0.0001562041336712114
8,mlp,10,0.47400000000000003,0.9997339992395796,0.0001562041336712114
8,mlp,10,0.47500000000000003,0.9997339992395796,0.0001562041336712114
8,mlp,10,0.47600000000000003,0.9997339992395796,0.0001562041336712114
8,mlp,10,0.47700000000000004,0.9997339992395796,0.0001562041336712114
8,mlp,10,0.47800000000000004,0.9997339992395796,0.0001562041336712114
8,mlp,10,0.47900000000000004,0.9997385944054651,0.00014407590422089848
8,mlp,10,0.48,0.999747784737236,0.00012141280307352937
8,mlp,10,0.481,0.999747784737236,0.00012141280307352937
8,mlp,10,0.482,0.999747784737236,0.00012141280307352937
8,mlp,10,0.483,0.999747784737236,0.00012141280307352937
8,mlp,10,0.484,0.999747784737236,0.00012141280307352937
8,mlp,10,0.485,0.999747784737236,0.00012141280307352937
8,mlp,10,0.486,0.9997523137227434,0.000125145200219667
8,mlp,10,0.487,0.9997523137227434,0.000125145200219667
8,mlp,10,0.488,0.9997523137227434,0.000125145200219667
8,mlp,10,0.489,0.9997523137227434,0.000125145200219667
8,mlp,10,0.49,0.9997523137227434,0.000125145200219667
8,mlp,10,0.491,0.9997523137227434,0.000125145200219667
8,mlp,10,0.492,0.9997523137227434,0.000125145200219667
8,mlp,10,0.493,0.9997523137227434,0.000125145200219667
8,mlp,10,0.494,0.9997523137227434,0.000125145200219667
8,mlp,10,0.495,0.9997613716937577,0.00013686682759971128
8,mlp,10,0.496,0.9997613716937577,0.00013686682759971128
8,mlp,10,0.497,0.9997613716937577,0.00013686682759971128
8,mlp,10,0.498,0.9997613716937577,0.00013686682759971128
8,mlp,10,0.499,0.9997613716937577,0.00013686682759971128
8,mlp,10,0.5,0.9997613716937577,0.00013686682759971128
8,mlp,10,0.501,0.9997613716937577,0.00013686682759971128
8,mlp,10,0.502,0.9997613716937577,0.00013686682759971128
8,mlp,10,0.503,0.9997613716937577,0.00013686682759971128
8,mlp,10,0.504,0.9997613716937577,0.00013686682759971128
8,mlp,10,0.505,0.9997613716937577,0.00013686682759971128
8,mlp,10,0.506,0.9997613716937577,0.00013686682759971128
8,mlp,10,0.507,0.9997613716937577,0.00013686682759971128
8,mlp,10,0.508,0.9997613716937577,0.00013686682759971128
8,mlp,10,0.509,0.9997613716937577,0.00013686682759971128
8,mlp,10,0.51,0.9997613716937577,0.00013686682759971128
8,mlp,10,0.511,0.9997613716937577,0.00013686682759971128
8,mlp,10,0.512,0.9997613716937577,0.00013686682759971128
8,mlp,10,0.513,0.9997613716937577,0.00013686682759971128
8,mlp,10,0.514,0.9997613716937577,0.00013686682759971128
8,mlp,10,0.515,0.9997613716937577,0.00013686682759971128
8,mlp,10,0.516,0.9997613716937577,0.00013686682759971128
8,mlp,10,0.517,0.9997613716937577,0.00013686682759971128
8,mlp,10,0.518,0.9997613716937577,0.00013686682759971128
8,mlp,10,0.519,0.9997613716937577,0.00013686682759971128
8,mlp,10,0.52,0.9997613716937577,0.00013686682759971128
8,mlp,10,0.521,0.9997613716937577,0.00013686682759971128
8,mlp,10,0.522,0.9997613716937577,0.00013686682759971128
8,mlp,10,0.523,0.9997613716937577,0.00013686682759971128
8,mlp,10,0.524,0.9997613716937577,0.00013686682759971128
8,mlp,10,0.525,0.9997613716937577,0.00013686682759971128
8,mlp,10,0.526,0.9997613716937577,0.00013686682759971128
8,mlp,10,0.527,0.9997613716937577,0.00013686682759971128
8,mlp,10,0.528,0.9997613716937577,0.00013686682759971128
8,mlp,10,0.529,0.9997613716937577,0.00013686682759971128
8,mlp,10,0.53,0.9997613716937577,0.00013686682759971128
8,mlp,10,0.531,0.9997613716937577,0.00013686682759971128
8,mlp,10,0.532,0.9997613716937577,0.00013686682759971128
8,mlp,10,0.533,0.9997613716937577,0.00013686682759971128
8,mlp,10,0.534,0.9997613716937577,0.00013686682759971128
8,mlp,10,0.535,0.9997613716937577,0.00013686682759971128
8,mlp,10,0.536,0.9997613716937577,0.00013686682759971128
8,mlp,10,0.537,0.9997613716937577,0.00013686682759971128
8,mlp,10,0.538,0.9997613716937577,0.00013686682759971128
8,mlp,10,0.539,0.9997613716937577,0.00013686682759971128
8,mlp,10,0.54,0.9997613716937577,0.00013686682759971128
8,mlp,10,0.541,0.9997613716937577,0.00013686682759971128
8,mlp,10,0.542,0.9997613716937577,0.00013686682759971128
8,mlp,10,0.543,0.9997613716937577,0.00013686682759971128
8,mlp,10,0.544,0.9997613716937577,0.00013686682759971128
8,mlp,10,0.545,0.9997613716937577,0.00013686682759971128
8,mlp,10,0.546,0.9997613716937577,0.00013686682759971128
8,mlp,10,0.547,0.9997613716937577,0.00013686682759971128
8,mlp,10,0.548,0.9997659668596433,0.000127353261983705
8,mlp,10,0.549,0.9997659668596433,0.000127353261983705
8,mlp,10,0.55,0.9997659668596433,0.000127353261983705
8,mlp,10,0.551,0.9997659668596433,0.000127353261983705
8,mlp,10,0.552,0.9997659668596433,0.000127353261983705
8,mlp,10,0.553,0.9997659668596433,0.000127353261983705
8,mlp,10,0.554,0.9997659668596433,0.000127353261983705
8,mlp,10,0.555,0.9997659668596433,0.000127353261983705
8,mlp,10,0.556,0.9997659668596433,0.000127353261983705
8,mlp,10,0.557,0.9997659668596433,0.000127353261983705
8,mlp,10,0.558,0.9997659668596433,0.000127353261983705
8,mlp,10,0.559,0.9997659668596433,0.000127353261983705
8,mlp,10,0.56,0.9997659668596433,0.000127353261983705
8,mlp,10,0.561,0.9997659668596433,0.000127353261983705
8,mlp,10,0.562,0.9997659668596433,0.000127353261983705
8,mlp,10,0.5630000000000001,0.9997659668596433,0.000127353261983705
8,mlp,10,0.5640000000000001,0.9997659668596433,0.000127353261983705
8,mlp,10,0.5650000000000001,0.9997659668596433,0.000127353261983705
8,mlp,10,0.5660000000000001,0.9997659668596433,0.000127353261983705
8,mlp,10,0.5670000000000001,0.9997659668596433,0.000127353261983705
8,mlp,10,0.5680000000000001,0.9997659668596433,0.000127353261983705
8,mlp,10,0.5690000000000001,0.9997659668596433,0.000127353261983705
8,mlp,10,0.5700000000000001,0.9997659668596433,0.000127353261983705
8,mlp,10,0.5710000000000001,0.9997659668596433,0.000127353261983705
8,mlp,10,0.5720000000000001,0.9997659668596433,0.000127353261983705
8,mlp,10,0.5730000000000001,0.9997659668596433,0.000127353261983705
8,mlp,10,0.5740000000000001,0.9997659668596433,0.000127353261983705
8,mlp,10,0.5750000000000001,0.9997659668596433,0.000127353261983705
8,mlp,10,0.5760000000000001,0.9997659668596433,0.000127353261983705
8,mlp,10,0.577,0.9997659668596433,0.000127353261983705
8,mlp,10,0.578,0.9997659668596433,0.000127353261983705
8,mlp,10,0.579,0.9997659668596433,0.000127353261983705
8,mlp,10,0.58,0.9997659668596433,0.000127353261983705
8,mlp,10,0.581,0.9997659668596433,0.000127353261983705
8,mlp,10,0.582,0.9997659668596433,0.000127353261983705
8,mlp,10,0.583,0.9997659668596433,0.000127353261983705
8,mlp,10,0.584,0.9997659668596433,0.000127353261983705
8,mlp,10,0.585,0.9997659668596433,0.000127353261983705
8,mlp,10,0.586,0.9997659668596433,0.000127353261983705
8,mlp,10,0.587,0.9997659668596433,0.000127353261983705
8,mlp,10,0.588,0.9997659668596433,0.000127353261983705
8,mlp,10,0.589,0.9997659668596433,0.000127353261983705
8,mlp,10,0.59,0.9997659668596433,0.000127353261983705
8,mlp,10,0.591,0.9997659668596433,0.000127353261983705
8,mlp,10,0.592,0.9997659668596433,0.000127353261983705
8,mlp,10,0.593,0.9997659668596433,0.000127353261983705
8,mlp,10,0.594,0.9997659668596433,0.000127353261983705
8,mlp,10,0.595,0.9997659668596433,0.000127353261983705
8,mlp,10,0.596,0.9997659668596433,0.000127353261983705
8,mlp,10,0.597,0.9997659668596433,0.000127353261983705
8,mlp,10,0.598,0.9997659668596433,0.000127353261983705
8,mlp,10,0.599,0.9997659668596433,0.000127353261983705
8,mlp,10,0.6,0.9997659668596433,0.000127353261983705
8,mlp,10,0.601,0.9997659668596433,0.000127353261983705
8,mlp,10,0.602,0.9997659668596433,0.000127353261983705
8,mlp,10,0.603,0.9997659668596433,0.000127353261983705
8,mlp,10,0.604,0.9997659668596433,0.000127353261983705
8,mlp,10,0.605,0.9997659668596433,0.000127353261983705
8,mlp,10,0.606,0.9997659668596433,0.000127353261983705
8,mlp,10,0.607,0.9997659668596433,0.000127353261983705
8,mlp,10,0.608,0.9997659668596433,0.000127353261983705
8,mlp,10,0.609,0.9997659668596433,0.000127353261983705
8,mlp,10,0.61,0.9997659668596433,0.000127353261983705
8,mlp,10,0.611,0.9997659668596433,0.000127353261983705
8,mlp,10,0.612,0.9997659668596433,0.000127353261983705
8,mlp,10,0.613,0.9997659668596433,0.000127353261983705
8,mlp,10,0.614,0.9997659668596433,0.000127353261983705
8,mlp,10,0.615,0.9997659668596433,0.000127353261983705
8,mlp,10,0.616,0.9997659668596433,0.000127353261983705
8,mlp,10,0.617,0.9997659668596433,0.000127353261983705
8,mlp,10,0.618,0.9997659668596433,0.000127353261983705
8,mlp,10,0.619,0.9997659668596433,0.000127353261983705
8,mlp,10,0.62,0.9997659668596433,0.000127353261983705
8,mlp,10,0.621,0.9997659668596433,0.000127353261983705
8,mlp,10,0.622,0.9997659668596433,0.000127353261983705
8,mlp,10,0.623,0.9997659668596433,0.000127353261983705
8,mlp,10,0.624,0.9997659668596433,0.000127353261983705
8,mlp,10,0.625,0.9997659668596433,0.000127353261983705
8,mlp,10,0.626,0.9997705620255287,0.000126508604069272
8,mlp,10,0.627,0.9997705620255287,0.000126508604069272
8,mlp,10,0.628,0.9997705620255287,0.000126508604069272
8,mlp,10,0.629,0.9997705620255287,0.000126508604069272
8,mlp,10,0.63,0.9997705620255287,0.000126508604069272
8,mlp,10,0.631,0.9997705620255287,0.000126508604069272
8,mlp,10,0.632,0.9997705620255287,0.000126508604069272
8,mlp,10,0.633,0.9997705620255287,0.000126508604069272
8,mlp,10,0.634,0.9997705620255287,0.000126508604069272
8,mlp,10,0.635,0.9997705620255287,0.000126508604069272
8,mlp,10,0.636,0.9997705620255287,0.000126508604069272
8,mlp,10,0.637,0.9997705620255287,0.000126508604069272
8,mlp,10,0.638,0.9997705620255287,0.000126508604069272
8,mlp,10,0.639,0.9997705620255287,0.000126508604069272
8,mlp,10,0.64,0.9997705620255287,0.000126508604069272
8,mlp,10,0.641,0.9997705620255287,0.000126508604069272
8,mlp,10,0.642,0.9997705620255287,0.000126508604069272
8,mlp,10,0.643,0.9997705620255287,0.000126508604069272
8,mlp,10,0.644,0.9997705620255287,0.000126508604069272
8,mlp,10,0.645,0.9997705620255287,0.000126508604069272
8,mlp,10,0.646,0.9997705620255287,0.000126508604069272
8,mlp,10,0.647,0.9997705620255287,0.000126508604069272
8,mlp,10,0.648,0.9997705620255287,0.000126508604069272
8,mlp,10,0.649,0.9997705620255287,0.000126508604069272
8,mlp,10,0.65,0.9997705620255287,0.000126508604069272
8,mlp,10,0.651,0.9997705620255287,0.000126508604069272
8,mlp,10,0.652,0.9997705620255287,0.000126508604069272
8,mlp,10,0.653,0.9997705620255287,0.000126508604069272
8,mlp,10,0.654,0.9997705620255287,0.000126508604069272
8,mlp,10,0.655,0.9997705620255287,0.000126508604069272
8,mlp,10,0.656,0.9997705620255287,0.000126508604069272
8,mlp,10,0.657,0.9997705620255287,0.000126508604069272
8,mlp,10,0.658,0.9997705620255287,0.000126508604069272
8,mlp,10,0.659,0.9997705620255287,0.000126508604069272
8,mlp,10,0.66,0.9997705620255287,0.000126508604069272
8,mlp,10,0.661,0.9997705620255287,0.000126508604069272
8,mlp,10,0.662,0.9997705620255287,0.000126508604069272
8,mlp,10,0.663,0.9997705620255287,0.000126508604069272
8,mlp,10,0.664,0.9997705620255287,0.000126508604069272
8,mlp,10,0.665,0.9997705620255287,0.000126508604069272
8,mlp,10,0.666,0.9997705620255287,0.000126508604069272
8,mlp,10,0.667,0.9997705620255287,0.000126508604069272
8,mlp,10,0.668,0.9997705620255287,0.000126508604069272
8,mlp,10,0.669,0.9997751571914142,0.0001254714191593225
8,mlp,10,0.67,0.9997751571914142,0.0001254714191593225
8,mlp,10,0.671,0.9997751571914142,0.0001254714191593225
8,mlp,10,0.672,0.9997751571914142,0.0001254714191593225
8,mlp,10,0.673,0.9997751571914142,0.0001254714191593225
8,mlp,10,0.674,0.9997751571914142,0.0001254714191593225
8,mlp,10,0.675,0.9997751571914142,0.0001254714191593225
8,mlp,10,0.676,0.9997751571914142,0.0001254714191593225
8,mlp,10,0.677,0.9997751571914142,0.0001254714191593225
8,mlp,10,0.678,0.9997751571914142,0.0001254714191593225
8,mlp,10,0.679,0.9997751571914142,0.0001254714191593225
8,mlp,10,0.68,0.9997751571914142,0.0001254714191593225
8,mlp,10,0.681,0.9997751571914142,0.0001254714191593225
8,mlp,10,0.682,0.9997797523572997,0.00012040072606693383
8,mlp,10,0.683,0.9997889426890707,0.00011721355666136368
8,mlp,10,0.684,0.9997889426890707,0.00011721355666136368
8,mlp,10,0.685,0.9997889426890707,0.00011721355666136368
8,mlp,10,0.686,0.9997889426890707,0.00011721355666136368
8,mlp,10,0.687,0.9997889426890707,0.00011721355666136368
8,mlp,10,0.6880000000000001,0.9997889426890707,0.00011721355666136368
8,mlp,10,0.6890000000000001,0.9997889426890707,0.00011721355666136368
8,mlp,10,0.6900000000000001,0.9997889426890707,0.00011721355666136368
8,mlp,10,0.6910000000000001,0.9997889426890707,0.00011721355666136368
8,mlp,10,0.6920000000000001,0.9997889426890707,0.00011721355666136368
8,mlp,10,0.6930000000000001,0.9997889426890707,0.00011721355666136368
8,mlp,10,0.6940000000000001,0.9997889426890707,0.00011721355666136368
8,mlp,10,0.6950000000000001,0.9997889426890707,0.00011721355666136368
8,mlp,10,0.6960000000000001,0.9997889426890707,0.00011721355666136368
8,mlp,10,0.6970000000000001,0.9997889426890707,0.00011721355666136368
8,mlp,10,0.6980000000000001,0.9997889426890707,0.00011721355666136368
8,mlp,10,0.6990000000000001,0.9997889426890707,0.00011721355666136368
8,mlp,10,0.7000000000000001,0.9997889426890707,0.00011721355666136368
8,mlp,10,0.7010000000000001,0.9997889426890707,0.00011721355666136368
8,mlp,10,0.7020000000000001,0.9997889426890707,0.00011721355666136368
8,mlp,10,0.7030000000000001,0.9997889426890707,0.00011721355666136368
8,mlp,10,0.704,0.9997981330208416,9.75159786076771e-05
8,mlp,10,0.705,0.9997981330208416,9.75159786076771e-05
8,mlp,10,0.706,0.9997981330208416,9.75159786076771e-05
8,mlp,10,0.707,0.9997981330208416,9.75159786076771e-05
8,mlp,10,0.708,0.9997981330208416,9.75159786076771e-05
8,mlp,10,0.709,0.9997981330208416,9.75159786076771e-05
8,mlp,10,0.71,0.9997981330208416,9.75159786076771e-05
8,mlp,10,0.711,0.9997981330208416,9.75159786076771e-05
8,mlp,10,0.712,0.9997981330208416,9.75159786076771e-05
8,mlp,10,0.713,0.9997981330208416,9.75159786076771e-05
8,mlp,10,0.714,0.9997981330208416,9.75159786076771e-05
8,mlp,10,0.715,0.9997981330208416,9.75159786076771e-05
8,mlp,10,0.716,0.9997981330208416,9.75159786076771e-05
8,mlp,10,0.717,0.9997981330208416,9.75159786076771e-05
8,mlp,10,0.718,0.9997981330208416,9.75159786076771e-05
8,mlp,10,0.719,0.9997981330208416,9.75159786076771e-05
8,mlp,10,0.72,0.9997981330208416,9.75159786076771e-05
8,mlp,10,0.721,0.9997981330208416,9.75159786076771e-05
8,mlp,10,0.722,0.9997981330208416,9.75159786076771e-05
8,mlp,10,0.723,0.9997981330208416,9.75159786076771e-05
8,mlp,10,0.724,0.9997981330208416,9.75159786076771e-05
8,mlp,10,0.725,0.9997981330208416,9.75159786076771e-05
8,mlp,10,0.726,0.9998027281867271,8.959914440756797e-05
8,mlp,10,0.727,0.9998027281867271,8.959914440756797e-05
8,mlp,10,0.728,0.9998027281867271,8.959914440756797e-05
8,mlp,10,0.729,0.9998027281867271,8.959914440756797e-05
8,mlp,10,0.73,0.9998027281867271,8.959914440756797e-05
8,mlp,10,0.731,0.9998027281867271,8.959914440756797e-05
8,mlp,10,0.732,0.9998027281867271,8.959914440756797e-05
8,mlp,10,0.733,0.9998027281867271,8.959914440756797e-05
8,mlp,10,0.734,0.9998027281867271,8.959914440756797e-05
8,mlp,10,0.735,0.9998027281867271,8.959914440756797e-05
8,mlp,10,0.736,0.9998027281867271,8.959914440756797e-05
8,mlp,10,0.737,0.9998027281867271,8.959914440756797e-05
8,mlp,10,0.738,0.9998027281867271,8.959914440756797e-05
8,mlp,10,0.739,0.9998027281867271,8.959914440756797e-05
8,mlp,10,0.74,0.9998027281867271,8.959914440756797e-05
8,mlp,10,0.741,0.9998027281867271,8.959914440756797e-05
8,mlp,10,0.742,0.9998027281867271,8.959914440756797e-05
8,mlp,10,0.743,0.9998027281867271,8.959914440756797e-05
8,mlp,10,0.744,0.9998027281867271,8.959914440756797e-05
8,mlp,10,0.745,0.9998027281867271,8.959914440756797e-05
8,mlp,10,0.746,0.9998027281867271,8.959914440756797e-05
8,mlp,10,0.747,0.9998027281867271,8.959914440756797e-05
8,mlp,10,0.748,0.9998027281867271,8.959914440756797e-05
8,mlp,10,0.749,0.9998027281867271,8.959914440756797e-05
8,mlp,10,0.75,0.9998027281867271,8.959914440756797e-05
8,mlp,10,0.751,0.9998027281867271,8.959914440756797e-05
8,mlp,10,0.752,0.9998027281867271,8.959914440756797e-05
8,mlp,10,0.753,0.9998027281867271,8.959914440756797e-05
8,mlp,10,0.754,0.9998027281867271,8.959914440756797e-05
8,mlp,10,0.755,0.9998073233526126,8.624495751809218e-05
8,mlp,10,0.756,0.9998073233526126,8.624495751809218e-05
8,mlp,10,0.757,0.9998073233526126,8.624495751809218e-05
8,mlp,10,0.758,0.9998073233526126,8.624495751809218e-05
8,mlp,10,0.759,0.9998073233526126,8.624495751809218e-05
8,mlp,10,0.76,0.9998073233526126,8.624495751809218e-05
8,mlp,10,0.761,0.9998073233526126,8.624495751809218e-05
8,mlp,10,0.762,0.9998073233526126,8.624495751809218e-05
8,mlp,10,0.763,0.9998073233526126,8.624495751809218e-05
8,mlp,10,0.764,0.9998073233526126,8.624495751809218e-05
8,mlp,10,0.765,0.9998073233526126,8.624495751809218e-05
8,mlp,10,0.766,0.9998073233526126,8.624495751809218e-05
8,mlp,10,0.767,0.9998073233526126,8.624495751809218e-05
8,mlp,10,0.768,0.9998073233526126,8.624495751809218e-05
8,mlp,10,0.769,0.9998073233526126,8.624495751809218e-05
8,mlp,10,0.77,0.9998073233526126,8.624495751809218e-05
8,mlp,10,0.771,0.9998073233526126,8.624495751809218e-05
8,mlp,10,0.772,0.9998073233526126,8.624495751809218e-05
8,mlp,10,0.773,0.9998073233526126,8.624495751809218e-05
8,mlp,10,0.774,0.9998073233526126,8.624495751809218e-05
8,mlp,10,0.775,0.9998073233526126,8.624495751809218e-05
8,mlp,10,0.776,0.9998073233526126,8.624495751809218e-05
8,mlp,10,0.777,0.9998073233526126,8.624495751809218e-05
8,mlp,10,0.778,0.9998073233526126,8.624495751809218e-05
8,mlp,10,0.779,0.9998073233526126,8.624495751809218e-05
8,mlp,10,0.78,0.9998073233526126,8.624495751809218e-05
8,mlp,10,0.781,0.9998073233526126,8.624495751809218e-05
8,mlp,10,0.782,0.9998073233526126,8.624495751809218e-05
8,mlp,10,0.783,0.9998073233526126,8.624495751809218e-05
8,mlp,10,0.784,0.9998073233526126,8.624495751809218e-05
8,mlp,10,0.785,0.9998073233526126,8.624495751809218e-05
8,mlp,10,0.786,0.9998073233526126,8.624495751809218e-05
8,mlp,10,0.787,0.9998073233526126,8.624495751809218e-05
8,mlp,10,0.788,0.9998073233526126,8.624495751809218e-05
8,mlp,10,0.789,0.9998073233526126,8.624495751809218e-05
8,mlp,10,0.79,0.9998073233526126,8.624495751809218e-05
8,mlp,10,0.791,0.9998073233526126,8.624495751809218e-05
8,mlp,10,0.792,0.9998073233526126,8.624495751809218e-05
8,mlp,10,0.793,0.9998073233526126,8.624495751809218e-05
8,mlp,10,0.794,0.9998073233526126,8.624495751809218e-05
8,mlp,10,0.795,0.9998073233526126,8.624495751809218e-05
8,mlp,10,0.796,0.9998073233526126,8.624495751809218e-05
8,mlp,10,0.797,0.9998073233526126,8.624495751809218e-05
8,mlp,10,0.798,0.9998073233526126,8.624495751809218e-05
8,mlp,10,0.799,0.9998073233526126,8.624495751809218e-05
8,mlp,10,0.8,0.9998073233526126,8.624495751809218e-05
8,mlp,10,0.801,0.9998073233526126,8.624495751809218e-05
8,mlp,10,0.802,0.9998073233526126,8.624495751809218e-05
8,mlp,10,0.803,0.9998073233526126,8.624495751809218e-05
8,mlp,10,0.804,0.9998073233526126,8.624495751809218e-05
8,mlp,10,0.805,0.9998073233526126,8.624495751809218e-05
8,mlp,10,0.806,0.9998073233526126,8.624495751809218e-05
8,mlp,10,0.807,0.9998073233526126,8.624495751809218e-05
8,mlp,10,0.808,0.9998073233526126,8.624495751809218e-05
8,mlp,10,0.809,0.9998073233526126,8.624495751809218e-05
8,mlp,10,0.81,0.9998073233526126,8.624495751809218e-05
8,mlp,10,0.811,0.9998073233526126,8.624495751809218e-05
8,mlp,10,0.812,0.9998073233526126,8.624495751809218e-05
8,mlp,10,0.8130000000000001,0.9998073233526126,8.624495751809218e-05
8,mlp,10,0.8140000000000001,0.9998073233526126,8.624495751809218e-05
8,mlp,10,0.8150000000000001,0.9998073233526126,8.624495751809218e-05
8,mlp,10,0.8160000000000001,0.9998073233526126,8.624495751809218e-05
8,mlp,10,0.8170000000000001,0.9998073233526126,8.624495751809218e-05
8,mlp,10,0.8180000000000001,0.9998073233526126,8.624495751809218e-05
8,mlp,10,0.8190000000000001,0.9998073233526126,8.624495751809218e-05
8,mlp,10,0.8200000000000001,0.9998073233526126,8.624495751809218e-05
8,mlp,10,0.8210000000000001,0.9998073233526126,8.624495751809218e-05
8,mlp,10,0.8220000000000001,0.9998073233526126,8.624495751809218e-05
8,mlp,10,0.8230000000000001,0.9998073233526126,8.624495751809218e-05
8,mlp,10,0.8240000000000001,0.9998073233526126,8.624495751809218e-05
8,mlp,10,0.8250000000000001,0.9998073233526126,8.624495751809218e-05
8,mlp,10,0.8260000000000001,0.9998073233526126,8.624495751809218e-05
8,mlp,10,0.8270000000000001,0.9998073233526126,8.624495751809218e-05
8,mlp,10,0.8280000000000001,0.9998073233526126,8.624495751809218e-05
8,mlp,10,0.8290000000000001,0.9998073233526126,8.624495751809218e-05
8,mlp,10,0.8300000000000001,0.9998073233526126,8.624495751809218e-05
8,mlp,10,0.8310000000000001,0.9998073233526126,8.624495751809218e-05
8,mlp,10,0.8320000000000001,0.9998073233526126,8.624495751809218e-05
8,mlp,10,0.833,0.9998073233526126,8.624495751809218e-05
8,mlp,10,0.834,0.9998073233526126,8.624495751809218e-05
8,mlp,10,0.835,0.9998073233526126,8.624495751809218e-05
8,mlp,10,0.836,0.9998073233526126,8.624495751809218e-05
8,mlp,10,0.837,0.9998073233526126,8.624495751809218e-05
8,mlp,10,0.838,0.9998073233526126,8.624495751809218e-05
8,mlp,10,0.839,0.9998073233526126,8.624495751809218e-05
8,mlp,10,0.84,0.9998073233526126,8.624495751809218e-05
8,mlp,10,0.841,0.9998119185184982,7.957525267939298e-05
8,mlp,10,0.842,0.9998165136843836,7.821633080536942e-05
8,mlp,10,0.843,0.9998165136843836,7.821633080536942e-05
8,mlp,10,0.844,0.9998165136843836,7.821633080536942e-05
8,mlp,10,0.845,0.9998165136843836,7.821633080536942e-05
8,mlp,10,0.846,0.9998165136843836,7.821633080536942e-05
8,mlp,10,0.847,0.9998165136843836,7.821633080536942e-05
8,mlp,10,0.848,0.9998211088502691,7.339761640055574e-05
8,mlp,10,0.849,0.9998211088502691,7.339761640055574e-05
8,mlp,10,0.85,0.9998257145982425,8.341996914074306e-05
8,mlp,10,0.851,0.999830309764128,8.126245398848101e-05
8,mlp,10,0.852,0.999830309764128,8.126245398848101e-05
8,mlp,10,0.853,0.9998394339155208,7.902402808705512e-05
8,mlp,10,0.854,0.9998394339155208,7.902402808705512e-05
8,mlp,10,0.855,0.9998394339155208,7.902402808705512e-05
8,mlp,10,0.856,0.9998440290814063,7.582478263326559e-05
8,mlp,10,0.857,0.9998440290814063,7.582478263326559e-05
8,mlp,10,0.858,0.9998440290814063,7.582478263326559e-05
8,mlp,10,0.859,0.9998440290814063,7.582478263326559e-05
8,mlp,10,0.86,0.9998440290814063,7.582478263326559e-05
8,mlp,10,0.861,0.9998485580669136,8.407410189162623e-05
8,mlp,10,0.862,0.9998531532327991,8.049772771960544e-05
8,mlp,10,0.863,0.9998531532327991,8.049772771960544e-05
8,mlp,10,0.864,0.9998531532327991,8.049772771960544e-05
8,mlp,10,0.865,0.9998531532327991,8.049772771960544e-05
8,mlp,10,0.866,0.9998667401893208,9.304501760552061e-05
8,mlp,10,0.867,0.9998667401893208,9.304501760552061e-05
8,mlp,10,0.868,0.9998667401893208,9.304501760552061e-05
8,mlp,10,0.869,0.9998667401893208,9.304501760552061e-05
8,mlp,10,0.87,0.9998667401893208,9.304501760552061e-05
8,mlp,10,0.871,0.9998667401893208,9.304501760552061e-05
8,mlp,10,0.872,0.9998667401893208,9.304501760552061e-05
8,mlp,10,0.873,0.9998667401893208,9.304501760552061e-05
8,mlp,10,0.874,0.9998667401893208,9.304501760552061e-05
8,mlp,10,0.875,0.9998667401893208,9.304501760552061e-05
8,mlp,10,0.876,0.9998667401893208,9.304501760552061e-05
8,mlp,10,0.877,0.9998667401893208,9.304501760552061e-05
8,mlp,10,0.878,0.9998667401893208,9.304501760552061e-05
8,mlp,10,0.879,0.9998667401893208,9.304501760552061e-05
8,mlp,10,0.88,0.9998713353552062,8.878704007711704e-05
8,mlp,10,0.881,0.9998713353552062,8.878704007711704e-05
8,mlp,10,0.882,0.9998713353552062,8.878704007711704e-05
8,mlp,10,0.883,0.9998713353552062,8.878704007711704e-05
8,mlp,10,0.884,0.9998759305210918,8.678255965574548e-05
8,mlp,10,0.885,0.9998759305210918,8.678255965574548e-05
8,mlp,10,0.886,0.9998759305210918,8.678255965574548e-05
8,mlp,10,0.887,0.9998759305210918,8.678255965574548e-05
8,mlp,10,0.888,0.9998759305210918,8.678255965574548e-05
8,mlp,10,0.889,0.9998759305210918,8.678255965574548e-05
8,mlp,10,0.89,0.9998759305210918,8.678255965574548e-05
8,mlp,10,0.891,0.9998759305210918,8.678255965574548e-05
8,mlp,10,0.892,0.9998759305210918,8.678255965574548e-05
8,mlp,10,0.893,0.9998759305210918,8.678255965574548e-05
8,mlp,10,0.894,0.9998759305210918,8.678255965574548e-05
8,mlp,10,0.895,0.9998759305210918,8.678255965574548e-05
8,mlp,10,0.896,0.9998805256869773,8.445332078600225e-05
8,mlp,10,0.897,0.9998805256869773,8.445332078600225e-05
8,mlp,10,0.898,0.9998805256869773,8.445332078600225e-05
8,mlp,10,0.899,0.9998805256869773,8.445332078600225e-05
8,mlp,10,0.9,0.9998805256869773,8.445332078600225e-05
8,mlp,10,0.901,0.9998805256869773,8.445332078600225e-05
8,mlp,10,0.902,0.9998851208528627,8.177157623402355e-05
8,mlp,10,0.903,0.9998897160187482,7.870129938217663e-05
8,mlp,10,0.904,0.9998897160187482,7.870129938217663e-05
8,mlp,10,0.905,0.9998897160187482,7.870129938217663e-05
8,mlp,10,0.906,0.9998897160187482,7.870129938217663e-05
8,mlp,10,0.907,0.9998897160187482,7.870129938217663e-05
8,mlp,10,0.908,0.9998897160187482,7.870129938217663e-05
8,mlp,10,0.909,0.9998897160187482,7.870129938217663e-05
8,mlp,10,0.91,0.9998897160187482,7.870129938217663e-05
8,mlp,10,0.911,0.9998897160187482,7.870129938217663e-05
8,mlp,10,0.912,0.9998897160187482,7.870129938217663e-05
8,mlp,10,0.913,0.9998897160187482,7.870129938217663e-05
8,mlp,10,0.914,0.9998897160187482,7.870129938217663e-05
8,mlp,10,0.915,0.9998897160187482,7.870129938217663e-05
8,mlp,10,0.916,0.9998897160187482,7.870129938217663e-05
8,mlp,10,0.917,0.9998897160187482,7.870129938217663e-05
8,mlp,10,0.918,0.9998897160187482,7.870129938217663e-05
8,mlp,10,0.919,0.9998897160187482,7.870129938217663e-05
8,mlp,10,0.92,0.9998897160187482,7.870129938217663e-05
8,mlp,10,0.921,0.9998897160187482,7.870129938217663e-05
8,mlp,10,0.922,0.9998943111846337,7.51949128978963e-05
8,mlp,10,0.923,0.9998943111846337,7.51949128978963e-05
8,mlp,10,0.924,0.9998943111846337,7.51949128978963e-05
8,mlp,10,0.925,0.9998943111846337,7.51949128978963e-05
8,mlp,10,0.926,0.9998943111846337,7.51949128978963e-05
8,mlp,10,0.927,0.9998989063505193,7.118800379020594e-05
8,mlp,10,0.928,0.9998989063505193,7.118800379020594e-05
8,mlp,10,0.929,0.9999035015164047,6.659028005782437e-05
8,mlp,10,0.93,0.9999035015164047,6.659028005782437e-05
8,mlp,10,0.931,0.9999035015164047,6.659028005782437e-05
8,mlp,10,0.932,0.9999035015164047,6.659028005782437e-05
8,mlp,10,0.933,0.9999035015164047,6.659028005782437e-05
8,mlp,10,0.934,0.9999035015164047,6.659028005782437e-05
8,mlp,10,0.935,0.9999035015164047,6.659028005782437e-05
8,mlp,10,0.936,0.9999035015164047,6.659028005782437e-05
8,mlp,10,0.937,0.9999035015164047,6.659028005782437e-05
8,mlp,10,0.9380000000000001,0.9999035015164047,6.659028005782437e-05
8,mlp,10,0.9390000000000001,0.9999035015164047,6.659028005782437e-05
8,mlp,10,0.9400000000000001,0.9999035015164047,6.659028005782437e-05
8,mlp,10,0.9410000000000001,0.9999035015164047,6.659028005782437e-05
8,mlp,10,0.9420000000000001,0.9999035015164047,6.659028005782437e-05
8,mlp,10,0.9430000000000001,0.9999035015164047,6.659028005782437e-05
8,mlp,10,0.9440000000000001,0.9999035015164047,6.659028005782437e-05
8,mlp,10,0.9450000000000001,0.9999035015164047,6.659028005782437e-05
8,mlp,10,0.9460000000000001,0.9999035015164047,6.659028005782437e-05
8,mlp,10,0.9470000000000001,0.9999035015164047,6.659028005782437e-05
8,mlp,10,0.9480000000000001,0.9999035015164047,6.659028005782437e-05
8,mlp,10,0.9490000000000001,0.9999035015164047,6.659028005782437e-05
8,mlp,10,0.9500000000000001,0.9999035015164047,6.659028005782437e-05
8,mlp,10,0.9510000000000001,0.9999035015164047,6.659028005782437e-05
8,mlp,10,0.9520000000000001,0.9999035015164047,6.659028005782437e-05
8,mlp,10,0.9530000000000001,0.9999035015164047,6.659028005782437e-05
8,mlp,10,0.9540000000000001,0.9999035015164047,6.659028005782437e-05
8,mlp,10,0.9550000000000001,0.9999035015164047,6.659028005782437e-05
8,mlp,10,0.9560000000000001,0.9999035015164047,6.659028005782437e-05
8,mlp,10,0.9570000000000001,0.9999035015164047,6.659028005782437e-05
8,mlp,10,0.9580000000000001,0.9999035015164047,6.659028005782437e-05
8,mlp,10,0.9590000000000001,0.9999035015164047,6.659028005782437e-05
8,mlp,10,0.96,0.9999035015164047,6.659028005782437e-05
8,mlp,10,0.961,0.9999035015164047,6.659028005782437e-05
8,mlp,10,0.962,0.9999035015164047,6.659028005782437e-05
8,mlp,10,0.963,0.9999035015164047,6.659028005782437e-05
8,mlp,10,0.964,0.9999035015164047,6.659028005782437e-05
8,mlp,10,0.965,0.9999035015164047,6.659028005782437e-05
8,mlp,10,0.966,0.9999035015164047,6.659028005782437e-05
8,mlp,10,0.967,0.9999035015164047,6.659028005782437e-05
8,mlp,10,0.968,0.9999035015164047,6.659028005782437e-05
8,mlp,10,0.969,0.9999035015164047,6.659028005782437e-05
8,mlp,10,0.97,0.9999035015164047,6.659028005782437e-05
8,mlp,10,0.971,0.9999035015164047,6.659028005782437e-05
8,mlp,10,0.972,0.9999035015164047,6.659028005782437e-05
8,mlp,10,0.973,0.9999035015164047,6.659028005782437e-05
8,mlp,10,0.974,0.9999035015164047,6.659028005782437e-05
8,mlp,10,0.975,0.9999035015164047,6.659028005782437e-05
8,mlp,10,0.976,0.9999035015164047,6.659028005782437e-05
8,mlp,10,0.977,0.9999035015164047,6.659028005782437e-05
8,mlp,10,0.978,0.9999035015164047,6.659028005782437e-05
8,mlp,10,0.979,0.9999036064659977,6.651864645765698e-05
8,mlp,10,0.98,0.9999047837215074,6.575734800629354e-05
8,mlp,10,0.981,0.9999060981610178,6.500660519797116e-05
8,mlp,10,0.982,0.9999074126005283,6.43665121608863e-05
8,mlp,10,0.983,0.9999087270400387,6.38403972575144e-05
8,mlp,10,0.984,0.9999100414795492,6.343109664892497e-05
8,mlp,10,0.985,0.9999113559190599,6.314088206558904e-05
8,mlp,10,0.986,0.9999135866290096,6.221667978786619e-05
8,mlp,10,0.987,0.9999158202990358,6.14949149457577e-05
8,mlp,10,0.988,0.9999180539690619,6.098543058297222e-05
8,mlp,10,0.989,0.9999202876390878,6.069357281820448e-05
8,mlp,10,0.99,0.9999233900331472,5.9716632548922464e-05
8,mlp,10,0.991,0.9999269153805356,5.864674024283369e-05
8,mlp,10,0.992,0.9999318687349389,5.6248595179501815e-05
8,mlp,10,0.993,0.9999382380518116,5.237672462393166e-05
8,mlp,10,0.994,0.9999459419692066,4.680006732061472e-05
8,mlp,10,0.995,0.9999549516410055,3.9000056100519256e-05
8,mlp,10,0.996,0.9999639613128044,3.120004488041357e-05
8,mlp,10,0.997,0.9999729709846032,2.3400033660316223e-05
8,mlp,10,0.998,0.9999819806564021,1.560002244021082e-05
8,mlp,10,0.999,0.9999909903282009,7.800011220105404e-06
8,mlp,10,1.0,1.0,0.0
8,hybrid,10,0.0,0.0,0.0
8,hybrid,10,0.001,0.9858194057140024,0.00554089363350043
8,hybrid,10,0.002,0.991384292241511,0.006725286158616373
8,hybrid,10,0.003,0.9920769922075874,0.006119748646183212
8,hybrid,10,0.004,0.9920769922075874,0.006119748646183212
8,hybrid,10,0.005,0.9920769922075874,0.006119748646183212
8,hybrid,10,0.006,0.9920769922075874,0.006119748646183212
8,hybrid,10,0.007,0.9920769922075874,0.006119748646183212
8,hybrid,10,0.008,0.9921230496873221,0.006175923936408583
8,hybrid,10,0.009000000000000001,0.9921233677645691,0.006176322053340334
8,hybrid,10,0.01,0.9921373220583808,0.006192729686165125
8,hybrid,10,0.011,0.9921652191470555,0.006225906027923221
8,hybrid,10,0.012,0.9921663753378862,0.006227300746198582
8,hybrid,10,0.013000000000000001,0.992167531528717,0.006228695709455475
8,hybrid,10,0.014,0.9921686877195477,0.0062300909175293925
8,hybrid,10,0.015,0.9921698439103783,0.006231486370255866
8,hybrid,10,0.016,0.9921710001012091,0.006232882067470575
8,hybrid,10,0.017,0.9921721562920396,0.006234278009009314
8,hybrid,10,0.018000000000000002,0.9921733124828703,0.006235674194707971
8,hybrid,10,0.019,0.9921744686737011,0.00623707062440263
8,hybrid,10,0.02,0.9929568030650648,0.004838736186346233
8,hybrid,10,0.021,0.9940285125304609,0.0034136415126468146
8,hybrid,10,0.022,0.9947690618213871,0.0029118655803211466
8,hybrid,10,0.023,0.9949895172566594,0.0027830709849965022
8,hybrid,10,0.024,0.995122313804691,0.0027597701374020662
8,hybrid,10,0.025,0.9952142171224008,0.0026997756850674964
8,hybrid,10,0.026000000000000002,0.9953239160623365,0.002732385009813669
8,hybrid,10,0.027,0.9953652725553059,0.002707135422324309
8,hybrid,10,0.028,0.9954020973749177,0.002746085129944906
8,hybrid,10,0.029,0.9954434538678869,0.0027188655100870616
8,hybrid,10,0.03,0.9954984952440202,0.0027344591384400093
8,hybrid,10,0.031,0.9955764807033172,0.0027056871819284936
8,hybrid,10,0.032,0.995613242030401,0.0026801527005359863
8,hybrid,10,0.033,0.9956821801007714,0.002643254692261051
8,hybrid,10,0.034,0.9956913704325423,0.0026373658517567745
8,hybrid,10,0.035,0.9957051559301988,0.002627771366331943
8,hybrid,10,0.036000000000000004,0.9957097510960843,0.002623832287054899
8,hybrid,10,0.037,0.9957373220913972,0.0026036703757889687
8,hybrid,10,0.038,0.9958107785651867,0.0025546829301425055
8,hybrid,10,0.039,0.9958475398922706,0.0025306114154469406
8,hybrid,10,0.04,0.9958980867170111,0.0024973385747077514
8,hybrid,10,0.041,0.9959118722146675,0.0024894201555813356
8,hybrid,10,0.042,0.995925657712324,0.0024796888785711593
8,hybrid,10,0.043000000000000003,0.995925657712324,0.0024796888785711593
8,hybrid,10,0.044,0.995925657712324,0.0024796888785711593
8,hybrid,10,0.045,0.9959302528782095,0.002475912339281855
8,hybrid,10,0.046,0.9959394432099804,0.002468598549658573
8,hybrid,10,0.047,0.9959485673613733,0.002471981517457679
8,hybrid,10,0.048,0.9959485673613733,0.002471981517457679
8,hybrid,10,0.049,0.995957702094854,0.002486777879857404
8,hybrid,10,0.05,0.995966892426625,0.0024808966661301044
8,hybrid,10,0.051000000000000004,0.9960082489195944,0.0024541181873108256
8,hybrid,10,0.052000000000000005,0.9960312247490215,0.0024392157544109562
8,hybrid,10,0.053,0.9960679860761055,0.002412886950268276
8,hybrid,10,0.054,0.9961001522373039,0.0023926775183378554
8,hybrid,10,0.055,0.9961230618863531,0.0023892142307390322
8,hybrid,10,0.056,0.9961276570522386,0.0023867403049304533
8,hybrid,10,0.057,0.9961460377157806,0.0023766214224328255
8,hybrid,10,0.058,0.996169013545208,0.0023627206141112983
8,hybrid,10,0.059000000000000004,0.996224155535834,0.0023239981026285913
8,hybrid,10,0.06,0.9963390346829708,0.0022654645470809773
8,hybrid,10,0.061,0.9963757960100548,0.002255725245160107
8,hybrid,10,0.062,0.9963849863418257,0.0022473410312692553
8,hybrid,10,0.063,0.9964217476689097,0.0022187800137023206
8,hybrid,10,0.064,0.9964309380006806,0.002210680215705856
8,hybrid,10,0.065,0.9964768896595355,0.0021832023852277724
8,hybrid,10,0.066,0.9965825784749018,0.0021808861868038354
8,hybrid,10,0.067,0.9966285301337567,0.0021447303750317293
8,hybrid,10,0.068,0.9966561011290697,0.002121569416649391
8,hybrid,10,0.069,0.9966882672902682,0.00210173025152132
8,hybrid,10,0.07,0.9967296237832375,0.0020626397972287546
8,hybrid,10,0.07100000000000001,0.9967388141150085,0.0020546781128153676
8,hybrid,10,0.07200000000000001,0.9967709802762069,0.002022202442994303
8,hybrid,10,0.073,0.9967755754420924,0.002017756276705563
8,hybrid,10,0.074,0.996780170607978,0.0020134051690873164
8,hybrid,10,0.075,0.996780170607978,0.0020134051690873164
8,hybrid,10,0.076,0.9967893609397489,0.0020066281557367515
8,hybrid,10,0.077,0.9967939561056344,0.002004208759875234
8,hybrid,10,0.078,0.9968306512523402,0.0019868394604141914
8,hybrid,10,0.079,0.9968490319158821,0.001976074597114637
8,hybrid,10,0.08,0.9968536270817676,0.0019728688527102774
8,hybrid,10,0.081,0.9968536270817676,0.0019728688527102774
8,hybrid,10,0.082,0.9968582222476531,0.0019697650919887027
8,hybrid,10,0.083,0.9968628279956265,0.001977129975804358
8,hybrid,10,0.084,0.9968628279956265,0.001977129975804358
8,hybrid,10,0.085,0.9968720289094855,0.001979558004544289
8,hybrid,10,0.08600000000000001,0.9968995999047984,0.0019513417976195766
8,hybrid,10,0.08700000000000001,0.9969271709001113,0.0019254429568889453
8,hybrid,10,0.088,0.9969363612318822,0.0019165935156523046
8,hybrid,10,0.089,0.9969500805491605,0.00191504784791753
8,hybrid,10,0.09,0.9970098177056718,0.001869531451244302
8,hybrid,10,0.091,0.9970419838668703,0.001849794349933251
8,hybrid,10,0.092,0.9970879355257252,0.001830506755131279
8,hybrid,10,0.093,0.9971155065210381,0.0018130479265796003
8,hybrid,10,0.094,0.9971155065210381,0.0018130479265796003
8,hybrid,10,0.095,0.9971338977666682,0.0018073986616565481
8,hybrid,10,0.096,0.9971660850920424,0.001818516542069428
8,hybrid,10,0.097,0.9971660850920424,0.001818516542069428
8,hybrid,10,0.098,0.9971706802579279,0.001814269760195488
8,hybrid,10,0.099,0.9972083148348275,0.0018103287113970408
8,hybrid,10,0.1,0.9972579989918403,0.0018187182629542415
8,hybrid,10,0.101,0.9972625941577258,0.0018144719234323137
8,hybrid,10,0.10200000000000001,0.9972625941577258,0.0018144719234323137
8,hybrid,10,0.10300000000000001,0.9972625941577258,0.0018144719234323137
8,hybrid,10,0.10400000000000001,0.9972716521287402,0.0018275735025283413
8,hybrid,10,0.105,0.9972762472946257,0.001821893561809604
8,hybrid,10,0.106,0.9973754710650654,0.0018488568548431894
8,hybrid,10,0.107,0.9974784345935873,0.0017995124459294094
8,hybrid,10,0.108,0.9975106007547858,0.0018000560598226245
8,hybrid,10,0.109,0.9975749330771826,0.0018376750214500834
8,hybrid,10,0.11,0.9975841234089534,0.00182503667268194
8,hybrid,10,0.111,0.9975841234089534,0.00182503667268194
8,hybrid,10,0.112,0.9975887185748389,0.0018188587106220198
8,hybrid,10,0.113,0.9976300750678083,0.0018479990506912638
8,hybrid,10,0.114,0.9977127880537472,0.001868846890347568
8,hybrid,10,0.115,0.9977311687172892,0.0018871238420717282
8,hybrid,10,0.116,0.9977357638831746,0.0018823716544129
8,hybrid,10,0.117,0.9977403590490601,0.0018871920472776497
8,hybrid,10,0.11800000000000001,0.9977403590490601,0.0018871920472776497
8,hybrid,10,0.11900000000000001,0.9977541445467166,0.0018796646925008638
8,hybrid,10,0.12,0.9977587397126021,0.0018747058848271262
8,hybrid,10,0.121,0.9977633348784876,0.001868591694199177
8,hybrid,10,0.122,0.9977771203761441,0.0018508125460581092
8,hybrid,10,0.123,0.997795501039686,0.0018284553542626057
8,hybrid,10,0.124,0.997795501039686,0.0018284553542626057
8,hybrid,10,0.125,0.997795501039686,0.0018284553542626057
8,hybrid,10,0.126,0.997795501039686,0.0018284553542626057
8,hybrid,10,0.127,0.997795501039686,0.0018284553542626057
8,hybrid,10,0.128,0.9978000962055715,0.0018233701501192922
8,hybrid,10,0.129,0.9978184768691134,0.001803536460339054
8,hybrid,10,0.13,0.9978276672008844,0.0018137517262507975
8,hybrid,10,0.131,0.9978551720158191,0.0018322167478864299
8,hybrid,10,0.132,0.99786436234759,0.0018226071201793352
8,hybrid,10,0.133,0.9978781478452465,0.0018072857422824142
8,hybrid,10,0.134,0.9979516704994144,0.0017507100809207885
8,hybrid,10,0.135,0.9980205979876965,0.0017152238822993955
8,hybrid,10,0.136,0.9980297883194675,0.0017100114902719767
8,hybrid,10,0.137,0.998034383485353,0.001713482713429419
8,hybrid,10,0.138,0.998052764148895,0.001697152404249835
8,hybrid,10,0.139,0.9980708042350102,0.00168501238163709
8,hybrid,10,0.14,0.9980710786320588,0.0016847043046608647
8,hybrid,10,0.14100000000000001,0.9980756737979443,0.0016882416609434396
8,hybrid,10,0.14200000000000002,0.9980985834469935,0.0016841107803377106
8,hybrid,10,0.14300000000000002,0.9981582544231266,0.001620432650002518
8,hybrid,10,0.14400000000000002,0.9981958188438176,0.0015989643489794183
8,hybrid,10,0.145,0.998199610916096,0.0015971238266456137
8,hybrid,10,0.146,0.9982130818216264,0.0015886660259505849
8,hybrid,10,0.147,0.9982225867455234,0.001589193632365744
8,hybrid,10,0.148,0.9982547529067218,0.0015755246426457162
8,hybrid,10,0.149,0.9982548857569634,0.0015756500174131448
8,hybrid,10,0.15,0.998277662555771,0.0015618927212423604
8,hybrid,10,0.151,0.9983237690363689,0.0015267043653866734
8,hybrid,10,0.152,0.9984247078641066,0.001418166262300198
8,hybrid,10,0.153,0.9984293030299922,0.0014156380346250735
8,hybrid,10,0.154,0.9984568740253051,0.0013853646604200629
8,hybrid,10,0.155,0.9984706595229615,0.0013897262034096567
8,hybrid,10,0.156,0.998475188508469,0.0013945095452150991
8,hybrid,10,0.157,0.998475188508469,0.0013945095452150991
8,hybrid,10,0.158,0.998475188508469,0.0013945095452150991
8,hybrid,10,0.159,0.9985349256649801,0.0013747572241549603
8,hybrid,10,0.16,0.9985349256649801,0.0013747572241549603
8,hybrid,10,0.161,0.9985769247742249,0.0013767864367032045
8,hybrid,10,0.162,0.998580877323835,0.001380518518799286
8,hybrid,10,0.163,0.9985854063093422,0.0013844394559898228
8,hybrid,10,0.164,0.9986359531340826,0.0013499604481754305
8,hybrid,10,0.165,0.99865892896351,0.0013438065594301384
8,hybrid,10,0.166,0.9987094757882504,0.0013437154661652153
8,hybrid,10,0.167,0.9987094757882504,0.0013437154661652153
8,hybrid,10,0.168,0.9987370467835633,0.0013106054378065669
8,hybrid,10,0.169,0.9987416419494488,0.0013055716227028632
8,hybrid,10,0.17,0.9987646177788763,0.0012825775488661875
8,hybrid,10,0.171,0.9987646177788763,0.0012825775488661875
8,hybrid,10,0.17200000000000001,0.9987691467643837,0.0012862554067899928
8,hybrid,10,0.17300000000000001,0.998856454916208,0.0011965555854532225
8,hybrid,10,0.17400000000000002,0.998856454916208,0.0011965555854532225
8,hybrid,10,0.17500000000000002,0.9988656452479789,0.001187021913283576
8,hybrid,10,0.176,0.9988656452479789,0.001187021913283576
8,hybrid,10,0.177,0.9989161920727193,0.0011970585677355372
8,hybrid,10,0.178,0.9989253824044904,0.0012011618699500277
8,hybrid,10,0.179,0.9989299775703758,0.0011946665084485012
8,hybrid,10,0.18,0.9989529533998031,0.0011460902124903753
8,hybrid,10,0.181,0.998980524395116,0.0011301999045083802
8,hybrid,10,0.182,0.998980524395116,0.0011301999045083802
8,hybrid,10,0.183,0.9990126905563145,0.001129857495978421
8,hybrid,10,0.184,0.9990218808880854,0.0011354030756373231
8,hybrid,10,0.185,0.9990494518833983,0.0011430056511625947
8,hybrid,10,0.186,0.9990494518833983,0.0011430056511625947
8,hybrid,10,0.187,0.9990540470492839,0.0011461082716404199
8,hybrid,10,0.188,0.9990722953520693,0.0011577680292785223
8,hybrid,10,0.189,0.9990814856838404,0.0011537440665749415
8,hybrid,10,0.19,0.9990814856838404,0.0011537440665749415
8,hybrid,10,0.191,0.9990906760156113,0.0011577588765661177
8,hybrid,10,0.192,0.9990952711814968,0.0011508968919035736
8,hybrid,10,0.193,0.9990952711814968,0.0011508968919035736
8,hybrid,10,0.194,0.9990952711814968,0.0011508968919035736
8,hybrid,10,0.195,0.9990952711814968,0.0011508968919035736
8,hybrid,10,0.196,0.9990952711814968,0.0011508968919035736
8,hybrid,10,0.197,0.9990952711814968,0.0011508968919035736
8,hybrid,10,0.198,0.9990952711814968,0.0011508968919035736
8,hybrid,10,0.199,0.9990998663473822,0.00114417831053961
8,hybrid,10,0.2,0.9990998663473822,0.00114417831053961
8,hybrid,10,0.201,0.9990998663473822,0.00114417831053961
8,hybrid,10,0.202,0.9991228421768097,0.0011572665323868957
8,hybrid,10,0.203,0.9991228421768097,0.0011572665323868957
8,hybrid,10,0.20400000000000001,0.9991274373426953,0.001160412480150229
8,hybrid,10,0.20500000000000002,0.9991274373426953,0.001160412480150229
8,hybrid,10,0.20600000000000002,0.9991274373426953,0.001160412480150229
8,hybrid,10,0.20700000000000002,0.9991274373426953,0.001160412480150229
8,hybrid,10,0.20800000000000002,0.9991274373426953,0.001160412480150229
8,hybrid,10,0.209,0.9991274373426953,0.001160412480150229
8,hybrid,10,0.21,0.9991274373426953,0.001160412480150229
8,hybrid,10,0.211,0.9991320325085807,0.001155841939570969
8,hybrid,10,0.212,0.9991320325085807,0.001155841939570969
8,hybrid,10,0.213,0.9991320325085807,0.001155841939570969
8,hybrid,10,0.214,0.999136561494088,0.0011589167467617701
8,hybrid,10,0.215,0.9991456194651024,0.0011655700758923869
8,hybrid,10,0.216,0.9991456194651024,0.0011655700758923869
8,hybrid,10,0.217,0.9991456194651024,0.0011655700758923869
8,hybrid,10,0.218,0.9991456194651024,0.0011655700758923869
8,hybrid,10,0.219,0.9991456194651024,0.0011655700758923869
8,hybrid,10,0.22,0.9991456194651024,0.0011655700758923869
8,hybrid,10,0.221,0.9991502146309879,0.0011611419530176046
8,hybrid,10,0.222,0.9991502146309879,0.0011611419530176046
8,hybrid,10,0.223,0.9991869759580718,0.0011338970151557885
8,hybrid,10,0.224,0.9991869759580718,0.0011338970151557885
8,hybrid,10,0.225,0.9991869759580718,0.0011338970151557885
8,hybrid,10,0.226,0.9992375227828122,0.0011117634621825884
8,hybrid,10,0.227,0.9992421179486977,0.0011007442918661257
8,hybrid,10,0.228,0.9992421179486977,0.0011007442918661257
8,hybrid,10,0.229,0.9992650937781251,0.0010951274982832374
8,hybrid,10,0.23,0.9992650937781251,0.0010951274982832374
8,hybrid,10,0.231,0.999274284109896,0.0010866939338276982
8,hybrid,10,0.232,0.9992972599393235,0.001032493207474599
8,hybrid,10,0.233,0.9993018551052091,0.0010349315062862657
8,hybrid,10,0.234,0.9993432115981784,0.0010354272363266625
8,hybrid,10,0.23500000000000001,0.9993432115981784,0.0010354272363266625
8,hybrid,10,0.23600000000000002,0.9993432115981784,0.0010354272363266625
8,hybrid,10,0.23700000000000002,0.9993432115981784,0.0010354272363266625
8,hybrid,10,0.23800000000000002,0.9993615922617204,0.00099294765015509
8,hybrid,10,0.23900000000000002,0.9993937584229189,0.0009318307403036254
8,hybrid,10,0.24,0.9994075439205753,0.0008991894742652311
8,hybrid,10,0.241,0.9994075439205753,0.0008991894742652311
8,hybrid,10,0.242,0.9994075439205753,0.0008991894742652311
8,hybrid,10,0.243,0.9994075439205753,0.0008991894742652311
8,hybrid,10,0.244,0.9994075439205753,0.0008991894742652311
8,hybrid,10,0.245,0.9994075439205753,0.0008991894742652311
8,hybrid,10,0.246,0.9994075439205753,0.0008991894742652311
8,hybrid,10,0.247,0.9994075439205753,0.0008991894742652311
8,hybrid,10,0.248,0.9994167342523463,0.0008827541787440163
8,hybrid,10,0.249,0.9994167342523463,0.0008827541787440163
8,hybrid,10,0.25,0.9994167342523463,0.0008827541787440163
8,hybrid,10,0.251,0.9994167342523463,0.0008827541787440163
8,hybrid,10,0.252,0.9994167342523463,0.0008827541787440163
8,hybrid,10,0.253,0.9994213294182318,0.000874782842370482
8,hybrid,10,0.254,0.9994213294182318,0.000874782842370482
8,hybrid,10,0.255,0.9994259245841173,0.0008637283139435662
8,hybrid,10,0.256,0.9994305197500027,0.000852778101442641
8,hybrid,10,0.257,0.9994305197500027,0.000852778101442641
8,hybrid,10,0.258,0.9994305197500027,0.000852778101442641
8,hybrid,10,0.259,0.9994305197500027,0.000852778101442641
8,hybrid,10,0.26,0.9994305197500027,0.000852778101442641
8,hybrid,10,0.261,0.9994305197500027,0.000852778101442641
8,hybrid,10,0.262,0.9994305197500027,0.000852778101442641
8,hybrid,10,0.263,0.9994305197500027,0.000852778101442641
8,hybrid,10,0.264,0.9994305197500027,0.000852778101442641
8,hybrid,10,0.265,0.9994305197500027,0.000852778101442641
8,hybrid,10,0.266,0.9994305197500027,0.000852778101442641
8,hybrid,10,0.267,0.9994351149158882,0.0008419362750723705
8,hybrid,10,0.268,0.9994351149158882,0.0008419362750723705
8,hybrid,10,0.269,0.9995408037312545,0.0007070704879830751
8,hybrid,10,0.27,0.9995408037312545,0.0007070704879830751
8,hybrid,10,0.271,0.9995408037312545,0.0007070704879830751
8,hybrid,10,0.272,0.9995408037312545,0.0007070704879830751
8,hybrid,10,0.273,0.99954539889714,0.0007042254252933213
8,hybrid,10,0.274,0.99954539889714,0.0007042254252933213
8,hybrid,10,0.275,0.99954539889714,0.0007042254252933213
8,hybrid,10,0.276,0.99954539889714,0.0007042254252933213
8,hybrid,10,0.277,0.99954539889714,0.0007042254252933213
8,hybrid,10,0.278,0.99954539889714,0.0007042254252933213
8,hybrid,10,0.279,0.9995729698924529,0.0006933329851835609
8,hybrid,10,0.28,0.999582160224224,0.0006944778495673289
8,hybrid,10,0.281,0.9996097312195367,0.0006960834599286074
8,hybrid,10,0.28200000000000003,0.9996097312195367,0.0006960834599286074
8,hybrid,10,0.28300000000000003,0.9996097312195367,0.0006960834599286074
8,hybrid,10,0.28400000000000003,0.9996097312195367,0.0006960834599286074
8,hybrid,10,0.28500000000000003,0.9996097312195367,0.0006960834599286074
8,hybrid,10,0.28600000000000003,0.9996097312195367,0.0006960834599286074
8,hybrid,10,0.28700000000000003,0.9996097312195367,0.0006960834599286074
8,hybrid,10,0.28800000000000003,0.9996097312195367,0.0006960834599286074
8,hybrid,10,0.289,0.9996097312195367,0.0006960834599286074
8,hybrid,10,0.29,0.9996097312195367,0.0006960834599286074
8,hybrid,10,0.291,0.9996097312195367,0.0006960834599286074
8,hybrid,10,0.292,0.9996097312195367,0.0006960834599286074
8,hybrid,10,0.293,0.9996097312195367,0.0006960834599286074
8,hybrid,10,0.294,0.9996097312195367,0.0006960834599286074
8,hybrid,10,0.295,0.9996097312195367,0.0006960834599286074
8,hybrid,10,0.296,0.9996097312195367,0.0006960834599286074
8,hybrid,10,0.297,0.9996373022148497,0.0006102944984109318
8,hybrid,10,0.298,0.9996373022148497,0.0006102944984109318
8,hybrid,10,0.299,0.9996373022148497,0.0006102944984109318
8,hybrid,10,0.3,0.9996373022148497,0.0006102944984109318
8,hybrid,10,0.301,0.9996373022148497,0.0006102944984109318
8,hybrid,10,0.302,0.9996373022148497,0.0006102944984109318
8,hybrid,10,0.303,0.9996373022148497,0.0006102944984109318
8,hybrid,10,0.304,0.9996373022148497,0.0006102944984109318
8,hybrid,10,0.305,0.9996464925466206,0.0006093657934865374
8,hybrid,10,0.306,0.9996555505176351,0.0006128754375625
8,hybrid,10,0.307,0.9996600795031425,0.0006151231332888932
8,hybrid,10,0.308,0.9996600795031425,0.0006151231332888932
8,hybrid,10,0.309,0.9996600795031425,0.0006151231332888932
8,hybrid,10,0.31,0.9996600795031425,0.0006151231332888932
8,hybrid,10,0.311,0.9996600795031425,0.0006151231332888932
8,hybrid,10,0.312,0.9996600795031425,0.0006151231332888932
8,hybrid,10,0.313,0.9996600795031425,0.0006151231332888932
8,hybrid,10,0.314,0.9996600795031425,0.0006151231332888932
8,hybrid,10,0.315,0.9996600795031425,0.0006151231332888932
8,hybrid,10,0.316,0.9996600795031425,0.0006151231332888932
8,hybrid,10,0.317,0.9996600795031425,0.0006151231332888932
8,hybrid,10,0.318,0.9996600795031425,0.0006151231332888932
8,hybrid,10,0.319,0.999664674669028,0.0006162081983410309
8,hybrid,10,0.32,0.999664674669028,0.0006162081983410309
8,hybrid,10,0.321,0.999664674669028,0.0006162081983410309
8,hybrid,10,0.322,0.999664674669028,0.0006162081983410309
8,hybrid,10,0.323,0.9996876504984554,0.0006191469073342847
8,hybrid,10,0.324,0.9996922456643409,0.0006203762255523911
8,hybrid,10,0.325,0.9996922456643409,0.0006203762255523911
8,hybrid,10,0.326,0.9996922456643409,0.0006203762255523911
8,hybrid,10,0.327,0.9996922456643409,0.0006203762255523911
8,hybrid,10,0.328,0.9996922456643409,0.0006203762255523911
8,hybrid,10,0.329,0.9996968408302264,0.0006215653675650584
8,hybrid,10,0.33,0.9996968408302264,0.0006215653675650584
8,hybrid,10,0.331,0.9996968408302264,0.0006215653675650584
8,hybrid,10,0.332,0.9996968408302264,0.0006215653675650584
8,hybrid,10,0.333,0.9996968408302264,0.0006215653675650584
8,hybrid,10,0.334,0.9996968408302264,0.0006215653675650584
8,hybrid,10,0.335,0.9997106263278829,0.0005780868172105706
8,hybrid,10,0.336,0.9997106263278829,0.0005780868172105706
8,hybrid,10,0.337,0.9997290069914249,0.0005201453689742483
8,hybrid,10,0.338,0.9997336021573103,0.0005056665813550295
8,hybrid,10,0.339,0.9997336021573103,0.0005056665813550295
8,hybrid,10,0.34,0.9997336021573103,0.0005056665813550295
8,hybrid,10,0.341,0.9997336021573103,0.0005056665813550295
8,hybrid,10,0.342,0.9997336021573103,0.0005056665813550295
8,hybrid,10,0.343,0.9997336021573103,0.0005056665813550295
8,hybrid,10,0.34400000000000003,0.9997336021573103,0.0005056665813550295
8,hybrid,10,0.34500000000000003,0.9997336021573103,0.0005056665813550295
8,hybrid,10,0.34600000000000003,0.9997336021573103,0.0005056665813550295
8,hybrid,10,0.34700000000000003,0.9997336021573103,0.0005056665813550295
8,hybrid,10,0.34800000000000003,0.9997336021573103,0.0005056665813550295
8,hybrid,10,0.34900000000000003,0.9997336021573103,0.0005056665813550295
8,hybrid,10,0.35000000000000003,0.9997336021573103,0.0005056665813550295
8,hybrid,10,0.35100000000000003,0.9997336021573103,0.0005056665813550295
8,hybrid,10,0.352,0.9997336021573103,0.0005056665813550295
8,hybrid,10,0.353,0.9997336021573103,0.0005056665813550295
8,hybrid,10,0.354,0.9998025296455927,0.00028911642956537417
8,hybrid,10,0.355,0.9998025296455927,0.00028911642956537417
8,hybrid,10,0.356,0.9998071248114782,0.0002905309390807527
8,hybrid,10,0.357,0.9998071248114782,0.0002905309390807527
8,hybrid,10,0.358,0.9998071248114782,0.0002905309390807527
8,hybrid,10,0.359,0.9998071248114782,0.0002905309390807527
8,hybrid,10,0.36,0.9998760522997603,8.13262938797527e-05
8,hybrid,10,0.361,0.9998898377974168,4.957328632451492e-05
8,hybrid,10,0.362,0.9998944329633023,4.377953377875092e-05
8,hybrid,10,0.363,0.9998944329633023,4.377953377875092e-05
8,hybrid,10,0.364,0.9998944329633023,4.377953377875092e-05
8,hybrid,10,0.365,0.9998944329633023,4.377953377875092e-05
8,hybrid,10,0.366,0.9998944329633023,4.377953377875092e-05
8,hybrid,10,0.367,0.9998944329633023,4.377953377875092e-05
8,hybrid,10,0.368,0.9998944329633023,4.377953377875092e-05
8,hybrid,10,0.369,0.9998944329633023,4.377953377875092e-05
8,hybrid,10,0.37,0.9998944329633023,4.377953377875092e-05
8,hybrid,10,0.371,0.9998944329633023,4.377953377875092e-05
8,hybrid,10,0.372,0.9998944329633023,4.377953377875092e-05
8,hybrid,10,0.373,0.9998944329633023,4.377953377875092e-05
8,hybrid,10,0.374,0.9998944329633023,4.377953377875092e-05
8,hybrid,10,0.375,0.9998944329633023,4.377953377875092e-05
8,hybrid,10,0.376,0.9998944329633023,4.377953377875092e-05
8,hybrid,10,0.377,0.9998944329633023,4.377953377875092e-05
8,hybrid,10,0.378,0.9998944329633023,4.377953377875092e-05
8,hybrid,10,0.379,0.9998944329633023,4.377953377875092e-05
8,hybrid,10,0.38,0.9998944329633023,4.377953377875092e-05
8,hybrid,10,0.381,0.9998944329633023,4.377953377875092e-05
8,hybrid,10,0.382,0.9998944329633023,4.377953377875092e-05
8,hybrid,10,0.383,0.9998944329633023,4.377953377875092e-05
8,hybrid,10,0.384,0.9998990281291877,4.2403955346883756e-05
8,hybrid,10,0.385,0.9998990281291877,4.2403955346883756e-05
8,hybrid,10,0.386,0.9998990281291877,4.2403955346883756e-05
8,hybrid,10,0.387,0.9998990281291877,4.2403955346883756e-05
8,hybrid,10,0.388,0.9998990281291877,4.2403955346883756e-05
8,hybrid,10,0.389,0.9998990281291877,4.2403955346883756e-05
8,hybrid,10,0.39,0.9998990281291877,4.2403955346883756e-05
8,hybrid,10,0.391,0.9998990281291877,4.2403955346883756e-05
8,hybrid,10,0.392,0.9998990281291877,4.2403955346883756e-05
8,hybrid,10,0.393,0.9998990281291877,4.2403955346883756e-05
8,hybrid,10,0.394,0.9998990281291877,4.2403955346883756e-05
8,hybrid,10,0.395,0.9998990281291877,4.2403955346883756e-05
8,hybrid,10,0.396,0.9998990281291877,4.2403955346883756e-05
8,hybrid,10,0.397,0.9998990281291877,4.2403955346883756e-05
8,hybrid,10,0.398,0.9998990281291877,4.2403955346883756e-05
8,hybrid,10,0.399,0.9998990281291877,4.2403955346883756e-05
8,hybrid,10,0.4,0.9998990281291877,4.2403955346883756e-05
8,hybrid,10,0.401,0.9998990281291877,4.2403955346883756e-05
8,hybrid,10,0.402,0.9998990281291877,4.2403955346883756e-05
8,hybrid,10,0.403,0.9998990281291877,4.2403955346883756e-05
8,hybrid,10,0.404,0.9998990281291877,4.2403955346883756e-05
8,hybrid,10,0.405,0.9998990281291877,4.2403955346883756e-05
8,hybrid,10,0.406,0.9998990281291877,4.2403955346883756e-05
8,hybrid,10,0.40700000000000003,0.9998990281291877,4.2403955346883756e-05
8,hybrid,10,0.40800000000000003,0.9998990281291877,4.2403955346883756e-05
8,hybrid,10,0.40900000000000003,0.9998990281291877,4.2403955346883756e-05
8,hybrid,10,0.41000000000000003,0.9998990281291877,4.2403955346883756e-05
8,hybrid,10,0.41100000000000003,0.9998990281291877,4.2403955346883756e-05
8,hybrid,10,0.41200000000000003,0.9998990281291877,4.2403955346883756e-05
8,hybrid,10,0.41300000000000003,0.9998990281291877,4.2403955346883756e-05
8,hybrid,10,0.41400000000000003,0.9999036232950733,4.04056906495781e-05
8,hybrid,10,0.41500000000000004,0.9999036232950733,4.04056906495781e-05
8,hybrid,10,0.41600000000000004,0.9999036232950733,4.04056906495781e-05
8,hybrid,10,0.417,0.9999036232950733,4.04056906495781e-05
8,hybrid,10,0.418,0.9999036232950733,4.04056906495781e-05
8,hybrid,10,0.419,0.9999036232950733,4.04056906495781e-05
8,hybrid,10,0.42,0.9999036232950733,4.04056906495781e-05
8,hybrid,10,0.421,0.9999036232950733,4.04056906495781e-05
8,hybrid,10,0.422,0.9999036232950733,4.04056906495781e-05
8,hybrid,10,0.423,0.9999036232950733,4.04056906495781e-05
8,hybrid,10,0.424,0.9999036232950733,4.04056906495781e-05
8,hybrid,10,0.425,0.9999036232950733,4.04056906495781e-05
8,hybrid,10,0.426,0.9999082184609588,3.768581697816125e-05
8,hybrid,10,0.427,0.9999082184609588,3.768581697816125e-05
8,hybrid,10,0.428,0.9999128136268443,3.407195800635331e-05
8,hybrid,10,0.429,0.9999128136268443,3.407195800635331e-05
8,hybrid,10,0.43,0.9999128136268443,3.407195800635331e-05
8,hybrid,10,0.431,0.9999128136268443,3.407195800635331e-05
8,hybrid,10,0.432,0.9999128136268443,3.407195800635331e-05
8,hybrid,10,0.433,0.9999128136268443,3.407195800635331e-05
8,hybrid,10,0.434,0.9999128136268443,3.407195800635331e-05
8,hybrid,10,0.435,0.9999128136268443,3.407195800635331e-05
8,hybrid,10,0.436,0.9999128136268443,3.407195800635331e-05
8,hybrid,10,0.437,0.9999128136268443,3.407195800635331e-05
8,hybrid,10,0.438,0.9999128136268443,3.407195800635331e-05
8,hybrid,10,0.439,0.9999128136268443,3.407195800635331e-05
8,hybrid,10,0.44,0.9999128136268443,3.407195800635331e-05
8,hybrid,10,0.441,0.9999128136268443,3.407195800635331e-05
8,hybrid,10,0.442,0.9999128136268443,3.407195800635331e-05
8,hybrid,10,0.443,0.9999128136268443,3.407195800635331e-05
8,hybrid,10,0.444,0.9999128136268443,3.407195800635331e-05
8,hybrid,10,0.445,0.9999128136268443,3.407195800635331e-05
8,hybrid,10,0.446,0.9999128136268443,3.407195800635331e-05
8,hybrid,10,0.447,0.9999128136268443,3.407195800635331e-05
8,hybrid,10,0.448,0.9999128136268443,3.407195800635331e-05
8,hybrid,10,0.449,0.9999128136268443,3.407195800635331e-05
8,hybrid,10,0.45,0.9999128136268443,3.407195800635331e-05
8,hybrid,10,0.451,0.9999128136268443,3.407195800635331e-05
8,hybrid,10,0.452,0.9999128136268443,3.407195800635331e-05
8,hybrid,10,0.453,0.9999128136268443,3.407195800635331e-05
8,hybrid,10,0.454,0.9999128136268443,3.407195800635331e-05
8,hybrid,10,0.455,0.9999128136268443,3.407195800635331e-05
8,hybrid,10,0.456,0.9999128136268443,3.407195800635331e-05
8,hybrid,10,0.457,0.9999128136268443,3.407195800635331e-05
8,hybrid,10,0.458,0.9999128136268443,3.407195800635331e-05
8,hybrid,10,0.459,0.9999128136268443,3.407195800635331e-05
8,hybrid,10,0.46,0.9999174087927297,2.923443859722832e-05
8,hybrid,10,0.461,0.9999174087927297,2.923443859722832e-05
8,hybrid,10,0.462,0.9999174087927297,2.923443859722832e-05
8,hybrid,10,0.463,0.9999174087927297,2.923443859722832e-05
8,hybrid,10,0.464,0.9999174087927297,2.923443859722832e-05
8,hybrid,10,0.465,0.9999174087927297,2.923443859722832e-05
8,hybrid,10,0.466,0.9999174087927297,2.923443859722832e-05
8,hybrid,10,0.467,0.9999220039586152,2.2393816879591883e-05
8,hybrid,10,0.468,0.9999220039586152,2.2393816879591883e-05
8,hybrid,10,0.46900000000000003,0.9999220039586152,2.2393816879591883e-05
8,hybrid,10,0.47000000000000003,0.9999220039586152,2.2393816879591883e-05
8,hybrid,10,0.47100000000000003,0.9999220039586152,2.2393816879591883e-05
8,hybrid,10,0.47200000000000003,0.9999220039586152,2.2393816879591883e-05
8,hybrid,10,0.47300000000000003,0.9999220039586152,2.2393816879591883e-05
8,hybrid,10,0.47400000000000003,0.9999220039586152,2.2393816879591883e-05
8,hybrid,10,0.47500000000000003,0.9999220039586152,2.2393816879591883e-05
8,hybrid,10,0.47600000000000003,0.9999220039586152,2.2393816879591883e-05
8,hybrid,10,0.47700000000000004,0.9999220039586152,2.2393816879591883e-05
8,hybrid,10,0.47800000000000004,0.9999220039586152,2.2393816879591883e-05
8,hybrid,10,0.47900000000000004,0.9999220039586152,2.2393816879591883e-05
8,hybrid,10,0.48,0.9999220039586152,2.2393816879591883e-05
8,hybrid,10,0.481,0.9999220039586152,2.2393816879591883e-05
8,hybrid,10,0.482,0.9999265991245008,2.3887751235317243e-05
8,hybrid,10,0.483,0.9999265991245008,2.3887751235317243e-05
8,hybrid,10,0.484,0.9999265991245008,2.3887751235317243e-05
8,hybrid,10,0.485,0.9999265991245008,2.3887751235317243e-05
8,hybrid,10,0.486,0.9999265991245008,2.3887751235317243e-05
8,hybrid,10,0.487,0.9999265991245008,2.3887751235317243e-05
8,hybrid,10,0.488,0.9999265991245008,2.3887751235317243e-05
8,hybrid,10,0.489,0.9999265991245008,2.3887751235317243e-05
8,hybrid,10,0.49,0.9999265991245008,2.3887751235317243e-05
8,hybrid,10,0.491,0.9999265991245008,2.3887751235317243e-05
8,hybrid,10,0.492,0.9999265991245008,2.3887751235317243e-05
8,hybrid,10,0.493,0.9999265991245008,2.3887751235317243e-05
8,hybrid,10,0.494,0.9999311942903862,2.4348364223435064e-05
8,hybrid,10,0.495,0.9999311942903862,2.4348364223435064e-05
8,hybrid,10,0.496,0.9999311942903862,2.4348364223435064e-05
8,hybrid,10,0.497,0.9999357894562717,2.383563672878596e-05
8,hybrid,10,0.498,0.9999357894562717,2.383563672878596e-05
8,hybrid,10,0.499,0.9999403846221572,2.2282479054386967e-05
8,hybrid,10,0.5,0.9999403846221572,2.2282479054386967e-05
8,hybrid,10,0.501,0.9999403846221572,2.2282479054386967e-05
8,hybrid,10,0.502,0.9999403846221572,2.2282479054386967e-05
8,hybrid,10,0.503,0.9999403846221572,2.2282479054386967e-05
8,hybrid,10,0.504,0.9999449797880426,1.9441109124344813e-05
8,hybrid,10,0.505,0.9999449797880426,1.9441109124344813e-05
8,hybrid,10,0.506,0.9999449797880426,1.9441109124344813e-05
8,hybrid,10,0.507,0.9999449797880426,1.9441109124344813e-05
8,hybrid,10,0.508,0.9999449797880426,1.9441109124344813e-05
8,hybrid,10,0.509,0.9999449797880426,1.9441109124344813e-05
8,hybrid,10,0.51,0.9999449797880426,1.9441109124344813e-05
8,hybrid,10,0.511,0.9999449797880426,1.9441109124344813e-05
8,hybrid,10,0.512,0.9999449797880426,1.9441109124344813e-05
8,hybrid,10,0.513,0.9999449797880426,1.9441109124344813e-05
8,hybrid,10,0.514,0.9999449797880426,1.9441109124344813e-05
8,hybrid,10,0.515,0.9999449797880426,1.9441109124344813e-05
8,hybrid,10,0.516,0.9999449797880426,1.9441109124344813e-05
8,hybrid,10,0.517,0.9999449797880426,1.9441109124344813e-05
8,hybrid,10,0.518,0.9999449797880426,1.9441109124344813e-05
8,hybrid,10,0.519,0.9999449797880426,1.9441109124344813e-05
8,hybrid,10,0.52,0.9999449797880426,1.9441109124344813e-05
8,hybrid,10,0.521,0.9999449797880426,1.9441109124344813e-05
8,hybrid,10,0.522,0.9999449797880426,1.9441109124344813e-05
8,hybrid,10,0.523,0.9999449797880426,1.9441109124344813e-05
8,hybrid,10,0.524,0.9999449797880426,1.9441109124344813e-05
8,hybrid,10,0.525,0.9999449797880426,1.9441109124344813e-05
8,hybrid,10,0.526,0.9999449797880426,1.9441109124344813e-05
8,hybrid,10,0.527,0.9999449797880426,1.9441109124344813e-05
8,hybrid,10,0.528,0.9999449797880426,1.9441109124344813e-05
8,hybrid,10,0.529,0.9999449797880426,1.9441109124344813e-05
8,hybrid,10,0.53,0.9999449797880426,1.9441109124344813e-05
8,hybrid,10,0.531,0.9999449797880426,1.9441109124344813e-05
8,hybrid,10,0.532,0.9999449797880426,1.9441109124344813e-05
8,hybrid,10,0.533,0.9999449797880426,1.9441109124344813e-05
8,hybrid,10,0.534,0.9999449797880426,1.9441109124344813e-05
8,hybrid,10,0.535,0.9999449797880426,1.9441109124344813e-05
8,hybrid,10,0.536,0.9999449797880426,1.9441109124344813e-05
8,hybrid,10,0.537,0.9999449797880426,1.9441109124344813e-05
8,hybrid,10,0.538,0.9999449797880426,1.9441109124344813e-05
8,hybrid,10,0.539,0.9999449797880426,1.9441109124344813e-05
8,hybrid,10,0.54,0.9999449797880426,1.9441109124344813e-05
8,hybrid,10,0.541,0.9999449797880426,1.9441109124344813e-05
8,hybrid,10,0.542,0.9999449797880426,1.9441109124344813e-05
8,hybrid,10,0.543,0.9999449797880426,1.9441109124344813e-05
8,hybrid,10,0.544,0.9999449797880426,1.9441109124344813e-05
8,hybrid,10,0.545,0.9999449797880426,1.9441109124344813e-05
8,hybrid,10,0.546,0.9999449797880426,1.9441109124344813e-05
8,hybrid,10,0.547,0.9999449797880426,1.9441109124344813e-05
8,hybrid,10,0.548,0.9999449797880426,1.9441109124344813e-05
8,hybrid,10,0.549,0.9999495749539282,1.4576732548589831e-05
8,hybrid,10,0.55,0.9999495749539282,1.4576732548589831e-05
8,hybrid,10,0.551,0.9999495749539282,1.4576732548589831e-05
8,hybrid,10,0.552,0.9999495749539282,1.4576732548589831e-05
8,hybrid,10,0.553,0.9999495749539282,1.4576732548589831e-05
8,hybrid,10,0.554,0.9999495749539282,1.4576732548589831e-05
8,hybrid,10,0.555,0.9999495749539282,1.4576732548589831e-05
8,hybrid,10,0.556,0.9999495749539282,1.4576732548589831e-05
8,hybrid,10,0.557,0.9999495749539282,1.4576732548589831e-05
8,hybrid,10,0.558,0.9999495749539282,1.4576732548589831e-05
8,hybrid,10,0.559,0.9999495749539282,1.4576732548589831e-05
8,hybrid,10,0.56,0.9999495749539282,1.4576732548589831e-05
8,hybrid,10,0.561,0.9999495749539282,1.4576732548589831e-05
8,hybrid,10,0.562,0.9999495749539282,1.4576732548589831e-05
8,hybrid,10,0.5630000000000001,0.9999495749539282,1.4576732548589831e-05
8,hybrid,10,0.5640000000000001,0.9999495749539282,1.4576732548589831e-05
8,hybrid,10,0.5650000000000001,0.9999495749539282,1.4576732548589831e-05
8,hybrid,10,0.5660000000000001,0.9999495749539282,1.4576732548589831e-05
8,hybrid,10,0.5670000000000001,0.9999495749539282,1.4576732548589831e-05
8,hybrid,10,0.5680000000000001,0.9999495749539282,1.4576732548589831e-05
8,hybrid,10,0.5690000000000001,0.9999495749539282,1.4576732548589831e-05
8,hybrid,10,0.5700000000000001,0.9999495749539282,1.4576732548589831e-05
8,hybrid,10,0.5710000000000001,0.9999495749539282,1.4576732548589831e-05
8,hybrid,10,0.5720000000000001,0.9999495749539282,1.4576732548589831e-05
8,hybrid,10,0.5730000000000001,0.9999495749539282,1.4576732548589831e-05
8,hybrid,10,0.5740000000000001,0.9999495749539282,1.4576732548589831e-05
8,hybrid,10,0.5750000000000001,0.9999495749539282,1.4576732548589831e-05
8,hybrid,10,0.5760000000000001,0.9999495749539282,1.4576732548589831e-05
8,hybrid,10,0.577,0.9999495749539282,1.4576732548589831e-05
8,hybrid,10,0.578,0.9999495749539282,1.4576732548589831e-05
8,hybrid,10,0.579,0.9999495749539282,1.4576732548589831e-05
8,hybrid,10,0.58,0.9999495749539282,1.4576732548589831e-05
8,hybrid,10,0.581,0.9999495749539282,1.4576732548589831e-05
8,hybrid,10,0.582,0.9999495749539282,1.4576732548589831e-05
8,hybrid,10,0.583,0.9999495749539282,1.4576732548589831e-05
8,hybrid,10,0.584,0.9999495749539282,1.4576732548589831e-05
8,hybrid,10,0.585,0.9999495749539282,1.4576732548589831e-05
8,hybrid,10,0.586,0.9999495749539282,1.4576732548589831e-05
8,hybrid,10,0.587,0.9999495749539282,1.4576732548589831e-05
8,hybrid,10,0.588,0.9999495749539282,1.4576732548589831e-05
8,hybrid,10,0.589,0.9999495749539282,1.4576732548589831e-05
8,hybrid,10,0.59,0.9999495749539282,1.4576732548589831e-05
8,hybrid,10,0.591,0.9999495749539282,1.4576732548589831e-05
8,hybrid,10,0.592,0.9999495749539282,1.4576732548589831e-05
8,hybrid,10,0.593,0.9999495749539282,1.4576732548589831e-05
8,hybrid,10,0.594,0.9999495749539282,1.4576732548589831e-05
8,hybrid,10,0.595,0.9999495749539282,1.4576732548589831e-05
8,hybrid,10,0.596,0.9999495749539282,1.4576732548589831e-05
8,hybrid,10,0.597,0.9999495749539282,1.4576732548589831e-05
8,hybrid,10,0.598,0.9999495749539282,1.4576732548589831e-05
8,hybrid,10,0.599,0.9999495749539282,1.4576732548589831e-05
8,hybrid,10,0.6,0.9999495749539282,1.4576732548589831e-05
8,hybrid,10,0.601,0.9999495749539282,1.4576732548589831e-05
8,hybrid,10,0.602,0.9999495749539282,1.4576732548589831e-05
8,hybrid,10,0.603,0.9999495749539282,1.4576732548589831e-05
8,hybrid,10,0.604,0.9999495749539282,1.4576732548589831e-05
8,hybrid,10,0.605,0.9999495749539282,1.4576732548589831e-05
8,hybrid,10,0.606,0.9999495749539282,1.4576732548589831e-05
8,hybrid,10,0.607,0.9999495749539282,1.4576732548589831e-05
8,hybrid,10,0.608,0.9999495749539282,1.4576732548589831e-05
8,hybrid,10,0.609,0.9999495749539282,1.4576732548589831e-05
8,hybrid,10,0.61,0.9999495749539282,1.4576732548589831e-05
8,hybrid,10,0.611,0.9999495749539282,1.4576732548589831e-05
8,hybrid,10,0.612,0.9999495749539282,1.4576732548589831e-05
8,hybrid,10,0.613,0.9999495749539282,1.4576732548589831e-05
8,hybrid,10,0.614,0.9999495749539282,1.4576732548589831e-05
8,hybrid,10,0.615,0.9999495749539282,1.4576732548589831e-05
8,hybrid,10,0.616,0.9999495749539282,1.4576732548589831e-05
8,hybrid,10,0.617,0.9999495749539282,1.4576732548589831e-05
8,hybrid,10,0.618,0.9999495749539282,1.4576732548589831e-05
8,hybrid,10,0.619,0.9999495749539282,1.4576732548589831e-05
8,hybrid,10,0.62,0.9999495749539282,1.4576732548589831e-05
8,hybrid,10,0.621,0.9999495749539282,1.4576732548589831e-05
8,hybrid,10,0.622,0.9999495749539282,1.4576732548589831e-05
8,hybrid,10,0.623,0.9999495749539282,1.4576732548589831e-05
8,hybrid,10,0.624,0.9999495749539282,1.4576732548589831e-05
8,hybrid,10,0.625,0.9999495749539282,1.4576732548589831e-05
8,hybrid,10,0.626,0.9999495749539282,1.4576732548589831e-05
8,hybrid,10,0.627,0.9999495749539282,1.4576732548589831e-05
8,hybrid,10,0.628,0.9999495749539282,1.4576732548589831e-05
8,hybrid,10,0.629,0.9999495749539282,1.4576732548589831e-05
8,hybrid,10,0.63,0.9999495749539282,1.4576732548589831e-05
8,hybrid,10,0.631,0.9999495749539282,1.4576732548589831e-05
8,hybrid,10,0.632,0.9999495749539282,1.4576732548589831e-05
8,hybrid,10,0.633,0.9999495749539282,1.4576732548589831e-05
8,hybrid,10,0.634,0.9999495749539282,1.4576732548589831e-05
8,hybrid,10,0.635,0.9999495749539282,1.4576732548589831e-05
8,hybrid,10,0.636,0.9999495749539282,1.4576732548589831e-05
8,hybrid,10,0.637,0.9999495749539282,1.4576732548589831e-05
8,hybrid,10,0.638,0.9999495749539282,1.4576732548589831e-05
8,hybrid,10,0.639,0.9999495749539282,1.4576732548589831e-05
8,hybrid,10,0.64,0.9999495749539282,1.4576732548589831e-05
8,hybrid,10,0.641,0.9999495749539282,1.4576732548589831e-05
8,hybrid,10,0.642,0.9999495749539282,1.4576732548589831e-05
8,hybrid,10,0.643,0.9999495749539282,1.4576732548589831e-05
8,hybrid,10,0.644,0.9999495749539282,1.4576732548589831e-05
8,hybrid,10,0.645,0.9999495749539282,1.4576732548589831e-05
8,hybrid,10,0.646,0.9999495749539282,1.4576732548589831e-05
8,hybrid,10,0.647,0.9999495749539282,1.4576732548589831e-05
8,hybrid,10,0.648,0.9999495749539282,1.4576732548589831e-05
8,hybrid,10,0.649,0.9999495749539282,1.4576732548589831e-05
8,hybrid,10,0.65,0.9999495749539282,1.4576732548589831e-05
8,hybrid,10,0.651,0.9999495749539282,1.4576732548589831e-05
8,hybrid,10,0.652,0.9999495749539282,1.4576732548589831e-05
8,hybrid,10,0.653,0.9999495749539282,1.4576732548589831e-05
8,hybrid,10,0.654,0.9999495749539282,1.4576732548589831e-05
8,hybrid,10,0.655,0.9999495749539282,1.4576732548589831e-05
8,hybrid,10,0.656,0.9999495749539282,1.4576732548589831e-05
8,hybrid,10,0.657,0.9999495749539282,1.4576732548589831e-05
8,hybrid,10,0.658,0.9999495749539282,1.4576732548589831e-05
8,hybrid,10,0.659,0.9999495749539282,1.4576732548589831e-05
8,hybrid,10,0.66,0.9999495749539282,1.4576732548589831e-05
8,hybrid,10,0.661,0.9999495749539282,1.4576732548589831e-05
8,hybrid,10,0.662,0.9999495749539282,1.4576732548589831e-05
8,hybrid,10,0.663,0.9999495749539282,1.4576732548589831e-05
8,hybrid,10,0.664,0.9999495749539282,1.4576732548589831e-05
8,hybrid,10,0.665,0.9999495749539282,1.4576732548589831e-05
8,hybrid,10,0.666,0.9999495749539282,1.4576732548589831e-05
8,hybrid,10,0.667,0.9999495749539282,1.4576732548589831e-05
8,hybrid,10,0.668,0.9999495749539282,1.4576732548589831e-05
8,hybrid,10,0.669,0.9999495749539282,1.4576732548589831e-05
8,hybrid,10,0.67,0.9999495749539282,1.4576732548589831e-05
8,hybrid,10,0.671,0.9999495749539282,1.4576732548589831e-05
8,hybrid,10,0.672,0.9999495749539282,1.4576732548589831e-05
8,hybrid,10,0.673,0.9999495749539282,1.4576732548589831e-05
8,hybrid,10,0.674,0.9999495749539282,1.4576732548589831e-05
8,hybrid,10,0.675,0.9999495749539282,1.4576732548589831e-05
8,hybrid,10,0.676,0.9999495749539282,1.4576732548589831e-05
8,hybrid,10,0.677,0.9999495749539282,1.4576732548589831e-05
8,hybrid,10,0.678,0.9999495749539282,1.4576732548589831e-05
8,hybrid,10,0.679,0.9999495749539282,1.4576732548589831e-05
8,hybrid,10,0.68,0.9999495749539282,1.4576732548589831e-05
8,hybrid,10,0.681,0.9999495749539282,1.4576732548589831e-05
8,hybrid,10,0.682,0.9999495749539282,1.4576732548589831e-05
8,hybrid,10,0.683,0.9999495749539282,1.4576732548589831e-05
8,hybrid,10,0.684,0.9999495749539282,1.4576732548589831e-05
8,hybrid,10,0.685,0.9999495749539282,1.4576732548589831e-05
8,hybrid,10,0.686,0.9999495749539282,1.4576732548589831e-05
8,hybrid,10,0.687,0.9999495749539282,1.4576732548589831e-05
8,hybrid,10,0.6880000000000001,0.9999495749539282,1.4576732548589831e-05
8,hybrid,10,0.6890000000000001,0.9999495749539282,1.4576732548589831e-05
8,hybrid,10,0.6900000000000001,0.9999495749539282,1.4576732548589831e-05
8,hybrid,10,0.6910000000000001,0.9999495749539282,1.4576732548589831e-05
8,hybrid,10,0.6920000000000001,0.9999495749539282,1.4576732548589831e-05
8,hybrid,10,0.6930000000000001,0.9999495749539282,1.4576732548589831e-05
8,hybrid,10,0.6940000000000001,0.9999495749539282,1.4576732548589831e-05
8,hybrid,10,0.6950000000000001,0.9999495749539282,1.4576732548589831e-05
8,hybrid,10,0.6960000000000001,0.9999541701198137,2.8652440471808106e-07
8,hybrid,10,0.6970000000000001,0.9999541701198137,2.8652440471808106e-07
8,hybrid,10,0.6980000000000001,0.9999541701198137,2.8652440471808106e-07
8,hybrid,10,0.6990000000000001,0.9999541701198137,2.8652440471808106e-07
8,hybrid,10,0.7000000000000001,0.9999541701198137,2.8652440471808106e-07
8,hybrid,10,0.7010000000000001,0.9999541701198137,2.8652440471808106e-07
8,hybrid,10,0.7020000000000001,0.9999541701198137,2.8652440471808106e-07
8,hybrid,10,0.7030000000000001,0.9999541701198137,2.8652440471808106e-07
8,hybrid,10,0.704,0.9999541701198137,2.8652440471808106e-07
8,hybrid,10,0.705,0.9999541701198137,2.8652440471808106e-07
8,hybrid,10,0.706,0.9999541701198137,2.8652440471808106e-07
8,hybrid,10,0.707,0.9999541701198137,2.8652440471808106e-07
8,hybrid,10,0.708,0.9999541701198137,2.8652440471808106e-07
8,hybrid,10,0.709,0.9999541701198137,2.8652440471808106e-07
8,hybrid,10,0.71,0.9999541701198137,2.8652440471808106e-07
8,hybrid,10,0.711,0.9999541701198137,2.8652440471808106e-07
8,hybrid,10,0.712,0.9999541701198137,2.8652440471808106e-07
8,hybrid,10,0.713,0.9999541701198137,2.8652440471808106e-07
8,hybrid,10,0.714,0.9999541701198137,2.8652440471808106e-07
8,hybrid,10,0.715,0.9999541701198137,2.8652440471808106e-07
8,hybrid,10,0.716,0.9999541701198137,2.8652440471808106e-07
8,hybrid,10,0.717,0.9999541701198137,2.8652440471808106e-07
8,hybrid,10,0.718,0.9999541701198137,2.8652440471808106e-07
8,hybrid,10,0.719,0.9999541701198137,2.8652440471808106e-07
8,hybrid,10,0.72,0.9999541701198137,2.8652440471808106e-07
8,hybrid,10,0.721,0.9999541701198137,2.8652440471808106e-07
8,hybrid,10,0.722,0.9999541701198137,2.8652440471808106e-07
8,hybrid,10,0.723,0.9999541701198137,2.8652440471808106e-07
8,hybrid,10,0.724,0.9999541701198137,2.8652440471808106e-07
8,hybrid,10,0.725,0.9999541701198137,2.8652440471808106e-07
8,hybrid,10,0.726,0.9999541701198137,2.8652440471808106e-07
8,hybrid,10,0.727,0.9999541701198137,2.8652440471808106e-07
8,hybrid,10,0.728,0.9999541701198137,2.8652440471808106e-07
8,hybrid,10,0.729,0.9999541701198137,2.8652440471808106e-07
8,hybrid,10,0.73,0.9999541701198137,2.8652440471808106e-07
8,hybrid,10,0.731,0.9999541701198137,2.8652440471808106e-07
8,hybrid,10,0.732,0.9999541701198137,2.8652440471808106e-07
8,hybrid,10,0.733,0.9999541701198137,2.8652440471808106e-07
8,hybrid,10,0.734,0.9999541701198137,2.8652440471808106e-07
8,hybrid,10,0.735,0.9999541701198137,2.8652440471808106e-07
8,hybrid,10,0.736,0.9999541701198137,2.8652440471808106e-07
8,hybrid,10,0.737,0.9999541701198137,2.8652440471808106e-07
8,hybrid,10,0.738,0.9999541701198137,2.8652440471808106e-07
8,hybrid,10,0.739,0.9999541701198137,2.8652440471808106e-07
8,hybrid,10,0.74,0.9999541701198137,2.8652440471808106e-07
8,hybrid,10,0.741,0.9999541701198137,2.8652440471808106e-07
8,hybrid,10,0.742,0.9999541701198137,2.8652440471808106e-07
8,hybrid,10,0.743,0.9999541701198137,2.8652440471808106e-07
8,hybrid,10,0.744,0.9999541701198137,2.8652440471808106e-07
8,hybrid,10,0.745,0.9999541701198137,2.8652440471808106e-07
8,hybrid,10,0.746,0.9999541701198137,2.8652440471808106e-07
8,hybrid,10,0.747,0.9999541701198137,2.8652440471808106e-07
8,hybrid,10,0.748,0.9999541701198137,2.8652440471808106e-07
8,hybrid,10,0.749,0.9999541701198137,2.8652440471808106e-07
8,hybrid,10,0.75,0.9999541701198137,2.8652440471808106e-07
8,hybrid,10,0.751,0.9999541701198137,2.8652440471808106e-07
8,hybrid,10,0.752,0.9999541701198137,2.8652440471808106e-07
8,hybrid,10,0.753,0.9999541701198137,2.8652440471808106e-07
8,hybrid,10,0.754,0.9999541701198137,2.8652440471808106e-07
8,hybrid,10,0.755,0.9999541701198137,2.8652440471808106e-07
8,hybrid,10,0.756,0.9999541701198137,2.8652440471808106e-07
8,hybrid,10,0.757,0.9999541701198137,2.8652440471808106e-07
8,hybrid,10,0.758,0.9999541701198137,2.8652440471808106e-07
8,hybrid,10,0.759,0.9999541701198137,2.8652440471808106e-07
8,hybrid,10,0.76,0.9999541701198137,2.8652440471808106e-07
8,hybrid,10,0.761,0.9999541701198137,2.8652440471808106e-07
8,hybrid,10,0.762,0.9999541701198137,2.8652440471808106e-07
8,hybrid,10,0.763,0.9999541701198137,2.8652440471808106e-07
8,hybrid,10,0.764,0.9999541701198137,2.8652440471808106e-07
8,hybrid,10,0.765,0.9999541701198137,2.8652440471808106e-07
8,hybrid,10,0.766,0.9999541701198137,2.8652440471808106e-07
8,hybrid,10,0.767,0.9999541701198137,2.8652440471808106e-07
8,hybrid,10,0.768,0.9999541701198137,2.8652440471808106e-07
8,hybrid,10,0.769,0.9999541701198137,2.8652440471808106e-07
8,hybrid,10,0.77,0.9999541701198137,2.8652440471808106e-07
8,hybrid,10,0.771,0.9999541701198137,2.8652440471808106e-07
8,hybrid,10,0.772,0.9999541701198137,2.8652440471808106e-07
8,hybrid,10,0.773,0.9999541701198137,2.8652440471808106e-07
8,hybrid,10,0.774,0.9999541701198137,2.8652440471808106e-07
8,hybrid,10,0.775,0.9999541701198137,2.8652440471808106e-07
8,hybrid,10,0.776,0.9999541701198137,2.8652440471808106e-07
8,hybrid,10,0.777,0.9999541701198137,2.8652440471808106e-07
8,hybrid,10,0.778,0.9999541701198137,2.8652440471808106e-07
8,hybrid,10,0.779,0.9999541701198137,2.8652440471808106e-07
8,hybrid,10,0.78,0.9999541701198137,2.8652440471808106e-07
8,hybrid,10,0.781,0.9999541701198137,2.8652440471808106e-07
8,hybrid,10,0.782,0.9999541701198137,2.8652440471808106e-07
8,hybrid,10,0.783,0.9999541701198137,2.8652440471808106e-07
8,hybrid,10,0.784,0.9999541701198137,2.8652440471808106e-07
8,hybrid,10,0.785,0.9999541701198137,2.8652440471808106e-07
8,hybrid,10,0.786,0.9999541701198137,2.8652440471808106e-07
8,hybrid,10,0.787,0.9999541701198137,2.8652440471808106e-07
8,hybrid,10,0.788,0.9999541701198137,2.8652440471808106e-07
8,hybrid,10,0.789,0.9999541701198137,2.8652440471808106e-07
8,hybrid,10,0.79,0.9999541701198137,2.8652440471808106e-07
8,hybrid,10,0.791,0.9999541701198137,2.8652440471808106e-07
8,hybrid,10,0.792,0.9999541701198137,2.8652440471808106e-07
8,hybrid,10,0.793,0.9999541701198137,2.8652440471808106e-07
8,hybrid,10,0.794,0.9999541701198137,2.8652440471808106e-07
8,hybrid,10,0.795,0.9999541701198137,2.8652440471808106e-07
8,hybrid,10,0.796,0.9999541701198137,2.8652440471808106e-07
8,hybrid,10,0.797,0.9999541701198137,2.8652440471808106e-07
8,hybrid,10,0.798,0.9999541701198137,2.8652440471808106e-07
8,hybrid,10,0.799,0.9999541701198137,2.8652440471808106e-07
8,hybrid,10,0.8,0.9999541701198137,2.8652440471808106e-07
8,hybrid,10,0.801,0.9999541701198137,2.8652440471808106e-07
8,hybrid,10,0.802,0.9999541701198137,2.8652440471808106e-07
8,hybrid,10,0.803,0.9999541701198137,2.8652440471808106e-07
8,hybrid,10,0.804,0.9999541701198137,2.8652440471808106e-07
8,hybrid,10,0.805,0.9999541701198137,2.8652440471808106e-07
8,hybrid,10,0.806,0.9999541701198137,2.8652440471808106e-07
8,hybrid,10,0.807,0.9999541701198137,2.8652440471808106e-07
8,hybrid,10,0.808,0.9999541701198137,2.8652440471808106e-07
8,hybrid,10,0.809,0.9999541701198137,2.8652440471808106e-07
8,hybrid,10,0.81,0.9999541701198137,2.8652440471808106e-07
8,hybrid,10,0.811,0.9999541701198137,2.8652440471808106e-07
8,hybrid,10,0.812,0.9999541701198137,2.8652440471808106e-07
8,hybrid,10,0.8130000000000001,0.9999541701198137,2.8652440471808106e-07
8,hybrid,10,0.8140000000000001,0.9999541701198137,2.8652440471808106e-07
8,hybrid,10,0.8150000000000001,0.9999541701198137,2.8652440471808106e-07
8,hybrid,10,0.8160000000000001,0.9999541701198137,2.8652440471808106e-07
8,hybrid,10,0.8170000000000001,0.9999541701198137,2.8652440471808106e-07
8,hybrid,10,0.8180000000000001,0.9999541701198137,2.8652440471808106e-07
8,hybrid,10,0.8190000000000001,0.9999541701198137,2.8652440471808106e-07
8,hybrid,10,0.8200000000000001,0.9999541701198137,2.8652440471808106e-07
8,hybrid,10,0.8210000000000001,0.9999541701198137,2.8652440471808106e-07
8,hybrid,10,0.8220000000000001,0.9999541701198137,2.8652440471808106e-07
8,hybrid,10,0.8230000000000001,0.9999541701198137,2.8652440471808106e-07
8,hybrid,10,0.8240000000000001,0.9999541701198137,2.8652440471808106e-07
8,hybrid,10,0.8250000000000001,0.9999541701198137,2.8652440471808106e-07
8,hybrid,10,0.8260000000000001,0.9999541701198137,2.8652440471808106e-07
8,hybrid,10,0.8270000000000001,0.9999541701198137,2.8652440471808106e-07
8,hybrid,10,0.8280000000000001,0.9999541701198137,2.8652440471808106e-07
8,hybrid,10,0.8290000000000001,0.9999541701198137,2.8652440471808106e-07
8,hybrid,10,0.8300000000000001,0.9999541701198137,2.8652440471808106e-07
8,hybrid,10,0.8310000000000001,0.9999541701198137,2.8652440471808106e-07
8,hybrid,10,0.8320000000000001,0.9999541701198137,2.8652440471808106e-07
8,hybrid,10,0.833,0.9999541701198137,2.8652440471808106e-07
8,hybrid,10,0.834,0.9999541701198137,2.8652440471808106e-07
8,hybrid,10,0.835,0.9999541701198137,2.8652440471808106e-07
8,hybrid,10,0.836,0.9999541701198137,2.8652440471808106e-07
8,hybrid,10,0.837,0.9999541701198137,2.8652440471808106e-07
8,hybrid,10,0.838,0.9999541701198137,2.8652440471808106e-07
8,hybrid,10,0.839,0.9999541701198137,2.8652440471808106e-07
8,hybrid,10,0.84,0.9999541701198137,2.8652440471808106e-07
8,hybrid,10,0.841,0.9999541701198137,2.8652440471808106e-07
8,hybrid,10,0.842,0.9999541701198137,2.8652440471808106e-07
8,hybrid,10,0.843,0.9999541701198137,2.8652440471808106e-07
8,hybrid,10,0.844,0.9999541701198137,2.8652440471808106e-07
8,hybrid,10,0.845,0.9999541701198137,2.8652440471808106e-07
8,hybrid,10,0.846,0.9999541701198137,2.8652440471808106e-07
8,hybrid,10,0.847,0.9999541701198137,2.8652440471808106e-07
8,hybrid,10,0.848,0.9999587652856992,1.4491171484023227e-05
8,hybrid,10,0.849,0.9999587652856992,1.4491171484023227e-05
8,hybrid,10,0.85,0.9999587652856992,1.4491171484023227e-05
8,hybrid,10,0.851,0.9999587652856992,1.4491171484023227e-05
8,hybrid,10,0.852,0.9999587652856992,1.4491171484023227e-05
8,hybrid,10,0.853,0.9999587652856992,1.4491171484023227e-05
8,hybrid,10,0.854,0.9999587652856992,1.4491171484023227e-05
8,hybrid,10,0.855,0.9999587652856992,1.4491171484023227e-05
8,hybrid,10,0.856,0.9999587652856992,1.4491171484023227e-05
8,hybrid,10,0.857,0.9999587652856992,1.4491171484023227e-05
8,hybrid,10,0.858,0.9999587652856992,1.4491171484023227e-05
8,hybrid,10,0.859,0.9999587652856992,1.4491171484023227e-05
8,hybrid,10,0.86,0.9999587652856992,1.4491171484023227e-05
8,hybrid,10,0.861,0.9999587652856992,1.4491171484023227e-05
8,hybrid,10,0.862,0.9999587652856992,1.4491171484023227e-05
8,hybrid,10,0.863,0.9999587652856992,1.4491171484023227e-05
8,hybrid,10,0.864,0.9999587652856992,1.4491171484023227e-05
8,hybrid,10,0.865,0.9999587652856992,1.4491171484023227e-05
8,hybrid,10,0.866,0.9999587652856992,1.4491171484023227e-05
8,hybrid,10,0.867,0.9999587652856992,1.4491171484023227e-05
8,hybrid,10,0.868,0.9999587652856992,1.4491171484023227e-05
8,hybrid,10,0.869,0.9999587652856992,1.4491171484023227e-05
8,hybrid,10,0.87,0.9999587652856992,1.4491171484023227e-05
8,hybrid,10,0.871,0.9999587652856992,1.4491171484023227e-05
8,hybrid,10,0.872,0.9999587652856992,1.4491171484023227e-05
8,hybrid,10,0.873,0.9999587652856992,1.4491171484023227e-05
8,hybrid,10,0.874,0.9999587652856992,1.4491171484023227e-05
8,hybrid,10,0.875,0.9999587652856992,1.4491171484023227e-05
8,hybrid,10,0.876,0.9999587652856992,1.4491171484023227e-05
8,hybrid,10,0.877,0.9999587652856992,1.4491171484023227e-05
8,hybrid,10,0.878,0.9999587652856992,1.4491171484023227e-05
8,hybrid,10,0.879,0.9999587652856992,1.4491171484023227e-05
8,hybrid,10,0.88,0.9999587652856992,1.4491171484023227e-05
8,hybrid,10,0.881,0.9999587652856992,1.4491171484023227e-05
8,hybrid,10,0.882,0.9999587652856992,1.4491171484023227e-05
8,hybrid,10,0.883,0.9999587652856992,1.4491171484023227e-05
8,hybrid,10,0.884,0.9999587652856992,1.4491171484023227e-05
8,hybrid,10,0.885,0.9999587652856992,1.4491171484023227e-05
8,hybrid,10,0.886,0.9999587652856992,1.4491171484023227e-05
8,hybrid,10,0.887,0.9999587652856992,1.4491171484023227e-05
8,hybrid,10,0.888,0.9999587652856992,1.4491171484023227e-05
8,hybrid,10,0.889,0.9999587652856992,1.4491171484023227e-05
8,hybrid,10,0.89,0.9999587652856992,1.4491171484023227e-05
8,hybrid,10,0.891,0.9999587652856992,1.4491171484023227e-05
8,hybrid,10,0.892,0.9999587652856992,1.4491171484023227e-05
8,hybrid,10,0.893,0.9999587652856992,1.4491171484023227e-05
8,hybrid,10,0.894,0.9999587652856992,1.4491171484023227e-05
8,hybrid,10,0.895,0.9999587652856992,1.4491171484023227e-05
8,hybrid,10,0.896,0.9999587652856992,1.4491171484023227e-05
8,hybrid,10,0.897,0.9999587652856992,1.4491171484023227e-05
8,hybrid,10,0.898,0.9999587652856992,1.4491171484023227e-05
8,hybrid,10,0.899,0.9999587652856992,1.4491171484023227e-05
8,hybrid,10,0.9,0.9999587652856992,1.4491171484023227e-05
8,hybrid,10,0.901,0.9999632942712063,1.9346796629377086e-05
8,hybrid,10,0.902,0.9999679000191797,2.2152032751030692e-05
8,hybrid,10,0.903,0.9999679000191797,2.2152032751030692e-05
8,hybrid,10,0.904,0.9999679000191797,2.2152032751030692e-05
8,hybrid,10,0.905,0.9999679000191797,2.2152032751030692e-05
8,hybrid,10,0.906,0.9999679000191797,2.2152032751030692e-05
8,hybrid,10,0.907,0.9999679000191797,2.2152032751030692e-05
8,hybrid,10,0.908,0.9999679000191797,2.2152032751030692e-05
8,hybrid,10,0.909,0.9999679000191797,2.2152032751030692e-05
8,hybrid,10,0.91,0.9999679000191797,2.2152032751030692e-05
8,hybrid,10,0.911,0.9999679000191797,2.2152032751030692e-05
8,hybrid,10,0.912,0.9999679000191797,2.2152032751030692e-05
8,hybrid,10,0.913,0.9999679000191797,2.2152032751030692e-05
8,hybrid,10,0.914,0.9999679000191797,2.2152032751030692e-05
8,hybrid,10,0.915,0.9999724951850653,2.3673232150708208e-05
8,hybrid,10,0.916,0.9999724951850653,2.3673232150708208e-05
8,hybrid,10,0.917,0.9999724951850653,2.3673232150708208e-05
8,hybrid,10,0.918,0.9999724951850653,2.3673232150708208e-05
8,hybrid,10,0.919,0.9999724951850653,2.3673232150708208e-05
8,hybrid,10,0.92,0.9999724951850653,2.3673232150708208e-05
8,hybrid,10,0.921,0.9999724951850653,2.3673232150708208e-05
8,hybrid,10,0.922,0.9999724951850653,2.3673232150708208e-05
8,hybrid,10,0.923,0.9999724951850653,2.3673232150708208e-05
8,hybrid,10,0.924,0.9999724951850653,2.3673232150708208e-05
8,hybrid,10,0.925,0.9999724951850653,2.3673232150708208e-05
8,hybrid,10,0.926,0.9999724951850653,2.3673232150708208e-05
8,hybrid,10,0.927,0.9999724951850653,2.3673232150708208e-05
8,hybrid,10,0.928,0.9999724951850653,2.3673232150708208e-05
8,hybrid,10,0.929,0.9999724951850653,2.3673232150708208e-05
8,hybrid,10,0.93,0.9999724951850653,2.3673232150708208e-05
8,hybrid,10,0.931,0.9999724951850653,2.3673232150708208e-05
8,hybrid,10,0.932,0.9999724951850653,2.3673232150708208e-05
8,hybrid,10,0.933,0.9999724951850653,2.3673232150708208e-05
8,hybrid,10,0.934,0.9999724951850653,2.3673232150708208e-05
8,hybrid,10,0.935,0.9999724951850653,2.3673232150708208e-05
8,hybrid,10,0.936,0.9999724951850653,2.3673232150708208e-05
8,hybrid,10,0.937,0.9999724951850653,2.3673232150708208e-05
8,hybrid,10,0.9380000000000001,0.9999724951850653,2.3673232150708208e-05
8,hybrid,10,0.9390000000000001,0.9999724951850653,2.3673232150708208e-05
8,hybrid,10,0.9400000000000001,0.9999724951850653,2.3673232150708208e-05
8,hybrid,10,0.9410000000000001,0.9999770903509507,2.4149696531278796e-05
8,hybrid,10,0.9420000000000001,0.9999770903509507,2.4149696531278796e-05
8,hybrid,10,0.9430000000000001,0.9999770903509507,2.4149696531278796e-05
8,hybrid,10,0.9440000000000001,0.9999770903509507,2.4149696531278796e-05
8,hybrid,10,0.9450000000000001,0.9999770903509507,2.4149696531278796e-05
8,hybrid,10,0.9460000000000001,0.9999770903509507,2.4149696531278796e-05
8,hybrid,10,0.9470000000000001,0.9999770903509507,2.4149696531278796e-05
8,hybrid,10,0.9480000000000001,0.9999770903509507,2.4149696531278796e-05
8,hybrid,10,0.9490000000000001,0.9999770903509507,2.4149696531278796e-05
8,hybrid,10,0.9500000000000001,0.9999770903509507,2.4149696531278796e-05
8,hybrid,10,0.9510000000000001,0.9999770903509507,2.4149696531278796e-05
8,hybrid,10,0.9520000000000001,0.9999770903509507,2.4149696531278796e-05
8,hybrid,10,0.9530000000000001,0.9999770903509507,2.4149696531278796e-05
8,hybrid,10,0.9540000000000001,0.9999770903509507,2.4149696531278796e-05
8,hybrid,10,0.9550000000000001,0.9999770903509507,2.4149696531278796e-05
8,hybrid,10,0.9560000000000001,0.9999770903509507,2.4149696531278796e-05
8,hybrid,10,0.9570000000000001,0.9999770903509507,2.4149696531278796e-05
8,hybrid,10,0.9580000000000001,0.9999770903509507,2.4149696531278796e-05
8,hybrid,10,0.9590000000000001,0.9999770903509507,2.4149696531278796e-05
8,hybrid,10,0.96,0.9999770903509507,2.4149696531278796e-05
8,hybrid,10,0.961,0.9999770903509507,2.4149696531278796e-05
8,hybrid,10,0.962,0.9999770903509507,2.4149696531278796e-05
8,hybrid,10,0.963,0.9999770903509507,2.4149696531278796e-05
8,hybrid,10,0.964,0.9999770903509507,2.4149696531278796e-05
8,hybrid,10,0.965,0.9999770903509507,2.4149696531278796e-05
8,hybrid,10,0.966,0.9999770903509507,2.4149696531278796e-05
8,hybrid,10,0.967,0.9999816855168362,2.3644667924869218e-05
8,hybrid,10,0.968,0.9999816855168362,2.3644667924869218e-05
8,hybrid,10,0.969,0.9999862806827217,2.209093381083663e-05
8,hybrid,10,0.97,0.9999862806827217,2.209093381083663e-05
8,hybrid,10,0.971,0.9999908096682291,1.9374920565938685e-05
8,hybrid,10,0.972,0.9999908096682291,1.9374920565938685e-05
8,hybrid,10,0.973,0.9999908096682291,1.9374920565938685e-05
8,hybrid,10,0.974,0.9999954048341145,1.4531190424454015e-05
8,hybrid,10,0.975,0.9999954048341145,1.4531190424454015e-05
8,hybrid,10,0.976,0.9999954048341145,1.4531190424454015e-05
8,hybrid,10,0.977,0.9999954048341145,1.4531190424454015e-05
8,hybrid,10,0.978,0.9999954048341145,1.4531190424454015e-05
8,hybrid,10,0.979,0.9999954048341145,1.4531190424454015e-05
8,hybrid,10,0.98,0.9999954048341145,1.4531190424454015e-05
8,hybrid,10,0.981,0.9999954048341145,1.4531190424454015e-05
8,hybrid,10,0.982,0.9999954048341145,1.4531190424454015e-05
8,hybrid,10,0.983,1.0,0.0
8,hybrid,10,0.984,1.0,0.0
8,hybrid,10,0.985,1.0,0.0
8,hybrid,10,0.986,1.0,0.0
8,hybrid,10,0.987,1.0,0.0
8,hybrid,10,0.988,1.0,0.0
8,hybrid,10,0.989,1.0,0.0
8,hybrid,10,0.99,1.0,0.0
8,hybrid,10,0.991,1.0,0.0
8,hybrid,10,0.992,1.0,0.0
8,hybrid,10,0.993,1.0,0.0
8,hybrid,10,0.994,1.0,0.0
8,hybrid,10,0.995,1.0,0.0
8,hybrid,10,0.996,1.0,0.0
8,hybrid,10,0.997,1.0,0.0
8,hybrid,10,0.998,1.0,0.0
8,hybrid,10,0.999,1.0,0.0
8,hybrid,10,1.0,1.0,0.0
