"relative_path","artifact_class","model_family","feature_set","training_seed","filename","size_bytes","sha256","required_preprocessing","required_feature_order","expected_software_versions","loading_command","smoke_test_result","redistribution_status"
"environment_versions.json","required for reproducibility verification","aggregate","all","all","environment_versions.json","337","a181b583fa436b85dbde33e0dccf61d5ead683f9712977466d0e69ec9059d009","documented in file","see evidence/model_metadata","Python 3.10.5; see evidence/environment/environment_versions.json","json.load(path)","outside release load-test scope; payload not redistributed","excluded; redistribution not approved by this release"
"feature4/hybrid-seed104729.metadata.json","required for reproducibility verification","hybrid","4","104729","hybrid-seed104729.metadata.json","824","ee33ca68acd62be0f636a44de817a87f9737fe5f079a351816f3e4ea6e1a3ef6","documented in file","Total Fwd Packets | Total Backward Packets | Flow Bytes/s | Flow Packets/s","Python 3.10.5; see evidence/environment/environment_versions.json","json.load(path)","outside release load-test scope; payload not redistributed","excluded; redistribution not approved by this release"
"feature4/hybrid-seed130363.metadata.json","required for reproducibility verification","hybrid","4","130363","hybrid-seed130363.metadata.json","824","15988498cab704c745125a87a1e633d0ae9d15458c74925bd530f00e163b0912","documented in file","Total Fwd Packets | Total Backward Packets | Flow Bytes/s | Flow Packets/s","Python 3.10.5; see evidence/environment/environment_versions.json","json.load(path)","outside release load-test scope; payload not redistributed","excluded; redistribution not approved by this release"
"feature4/hybrid-seed155921.metadata.json","required for reproducibility verification","hybrid","4","155921","hybrid-seed155921.metadata.json","824","4b94b9ce4e173a8d0e2f8c725adfd87d631449164f4032cc98526d6dae99f7f4","documented in file","Total Fwd Packets | Total Backward Packets | Flow Bytes/s | Flow Packets/s","Python 3.10.5; see evidence/environment/environment_versions.json","json.load(path)","outside release load-test scope; payload not redistributed","excluded; redistribution not approved by this release"
"feature4/hybrid-seed181081.metadata.json","required for reproducibility verification","hybrid","4","181081","hybrid-seed181081.metadata.json","824","64c3b243ccf9e13455ac387376abdc1e795758047a433bf0e638cdb2bb2519c9","documented in file","Total Fwd Packets | Total Backward Packets | Flow Bytes/s | Flow Packets/s","Python 3.10.5; see evidence/environment/environment_versions.json","json.load(path)","outside release load-test scope; payload not redistributed","excluded; redistribution not approved by this release"
"feature4/hybrid-seed206369.metadata.json","required for reproducibility verification","hybrid","4","206369","hybrid-seed206369.metadata.json","824","f7a1b4e3e4b81dda830f7029ef837e84549a4771002cf4c585980b2f4c8b20dc","documented in file","Total Fwd Packets | Total Backward Packets | Flow Bytes/s | Flow Packets/s","Python 3.10.5; see evidence/environment/environment_versions.json","json.load(path)","outside release load-test scope; payload not redistributed","excluded; redistribution not approved by this release"
"feature4/hybrid-seed231701.metadata.json","required for reproducibility verification","hybrid","4","231701","hybrid-seed231701.metadata.json","824","c27faf5248b56f61536218c5cfd7f5da30dde42e1e827e60fe58d372f63c9c5d","documented in file","Total Fwd Packets | Total Backward Packets | Flow Bytes/s | Flow Packets/s","Python 3.10.5; see evidence/environment/environment_versions.json","json.load(path)","outside release load-test scope; payload not redistributed","excluded; redistribution not approved by this release"
"feature4/hybrid-seed257053.metadata.json","required for reproducibility verification","hybrid","4","257053","hybrid-seed257053.metadata.json","824","cc5727bfad8ef864e72af70965c0269b36ea679660ea142083ce92d4ffc854fc","documented in file","Total Fwd Packets | Total Backward Packets | Flow Bytes/s | Flow Packets/s","Python 3.10.5; see evidence/environment/environment_versions.json","json.load(path)","outside release load-test scope; payload not redistributed","excluded; redistribution not approved by this release"
"feature4/hybrid-seed282427.metadata.json","required for reproducibility verification","hybrid","4","282427","hybrid-seed282427.metadata.json","824","da0b6792093c5ba607197b008db1d5157338bb36d3f231474f462ad7098b3ca8","documented in file","Total Fwd Packets | Total Backward Packets | Flow Bytes/s | Flow Packets/s","Python 3.10.5; see evidence/environment/environment_versions.json","json.load(path)","outside release load-test scope; payload not redistributed","excluded; redistribution not approved by this release"
"feature4/hybrid-seed307759.metadata.json","required for reproducibility verification","hybrid","4","307759","hybrid-seed307759.metadata.json","824","ef402420eafab6ac6f5a262b94b91bcdaa31363098b4ece2b7676971261f1169","documented in file","Total Fwd Packets | Total Backward Packets | Flow Bytes/s | Flow Packets/s","Python 3.10.5; see evidence/environment/environment_versions.json","json.load(path)","outside release load-test scope; payload not redistributed","excluded; redistribution not approved by this release"
"feature4/hybrid-seed333019.metadata.json","required for reproducibility verification","hybrid","4","333019","hybrid-seed333019.metadata.json","824","444b6ce83d3b6a4af405ac70bf1013e76b72fc379d5c3fd4b867f871ea43e5bc","documented in file","Total Fwd Packets | Total Backward Packets | Flow Bytes/s | Flow Packets/s","Python 3.10.5; see evidence/environment/environment_versions.json","json.load(path)","outside release load-test scope; payload not redistributed","excluded; redistribution not approved by this release"
"feature4/mlp-seed104729.joblib","required for inference","mlp","4","104729","mlp-seed104729.joblib","37579","9e25af8c71b61d9ada06f7009c2b1deeb164f4e331506be1b41054d02c85a304","StandardScaler embedded in saved Pipeline","Total Fwd Packets | Total Backward Packets | Flow Bytes/s | Flow Packets/s","Python 3.10.5; see evidence/environment/environment_versions.json","register __main__.keras_mlp then joblib.load(path)","outside release load-test scope; payload not redistributed","excluded; redistribution not approved by this release"
"feature4/mlp-seed104729.metadata.json","required for reproducibility verification","mlp","4","104729","mlp-seed104729.metadata.json","2548","367483f9bed43de2962e9fb61cb3f87e18f98d09869a7dab46e95c72b41eb35d","documented in file","Total Fwd Packets | Total Backward Packets | Flow Bytes/s | Flow Packets/s","Python 3.10.5; see evidence/environment/environment_versions.json","json.load(path)","outside release load-test scope; payload not redistributed","excluded; redistribution not approved by this release"
"feature4/mlp-seed130363.joblib","required for inference","mlp","4","130363","mlp-seed130363.joblib","37595","d832f7bc92e47773ba25e203c65ce1001059958a87d8936a283a9d3787e4e5c2","StandardScaler embedded in saved Pipeline","Total Fwd Packets | Total Backward Packets | Flow Bytes/s | Flow Packets/s","Python 3.10.5; see evidence/environment/environment_versions.json","register __main__.keras_mlp then joblib.load(path)","outside release load-test scope; payload not redistributed","excluded; redistribution not approved by this release"
"feature4/mlp-seed130363.metadata.json","required for reproducibility verification","mlp","4","130363","mlp-seed130363.metadata.json","2548","fc219ee9369e729c87c07080cf39700f0478e40df250d62c20f05e06e9973f47","documented in file","Total Fwd Packets | Total Backward Packets | Flow Bytes/s | Flow Packets/s","Python 3.10.5; see evidence/environment/environment_versions.json","json.load(path)","outside release load-test scope; payload not redistributed","excluded; redistribution not approved by this release"
"feature4/mlp-seed155921.joblib","required for inference","mlp","4","155921","mlp-seed155921.joblib","37595","15f2e0463c268401cd1db9843e392ad6094c46054b3ccb24bccdfa6ed75c2986","StandardScaler embedded in saved Pipeline","Total Fwd Packets | Total Backward Packets | Flow Bytes/s | Flow Packets/s","Python 3.10.5; see evidence/environment/environment_versions.json","register __main__.keras_mlp then joblib.load(path)","outside release load-test scope; payload not redistributed","excluded; redistribution not approved by this release"
"feature4/mlp-seed155921.metadata.json","required for reproducibility verification","mlp","4","155921","mlp-seed155921.metadata.json","2548","91f0053b02c6bf8c3b12810b3752d26b571861ee3f9da2db23fe81f25b5054cb","documented in file","Total Fwd Packets | Total Backward Packets | Flow Bytes/s | Flow Packets/s","Python 3.10.5; see evidence/environment/environment_versions.json","json.load(path)","outside release load-test scope; payload not redistributed","excluded; redistribution not approved by this release"
"feature4/mlp-seed181081.joblib","required for inference","mlp","4","181081","mlp-seed181081.joblib","37595","1a8ab7d8925c5b0d5471c9670aaa61623528858c147fa3dd7231e44edfa358af","StandardScaler embedded in saved Pipeline","Total Fwd Packets | Total Backward Packets | Flow Bytes/s | Flow Packets/s","Python 3.10.5; see evidence/environment/environment_versions.json","register __main__.keras_mlp then joblib.load(path)","outside release load-test scope; payload not redistributed","excluded; redistribution not approved by this release"
"feature4/mlp-seed181081.metadata.json","required for reproducibility verification","mlp","4","181081","mlp-seed181081.metadata.json","2548","031cb0997a84ba41ddba26cfa3da2d5ccbe68ed321f0dbcc7e2a5805afab9701","documented in file","Total Fwd Packets | Total Backward Packets | Flow Bytes/s | Flow Packets/s","Python 3.10.5; see evidence/environment/environment_versions.json","json.load(path)","outside release load-test scope; payload not redistributed","excluded; redistribution not approved by this release"
"feature4/mlp-seed206369.joblib","required for inference","mlp","4","206369","mlp-seed206369.joblib","37595","e2a074cc5e38d52d95619a96ab5392dc08357b64d6c46e868dce964f3382ec81","StandardScaler embedded in saved Pipeline","Total Fwd Packets | Total Backward Packets | Flow Bytes/s | Flow Packets/s","Python 3.10.5; see evidence/environment/environment_versions.json","register __main__.keras_mlp then joblib.load(path)","outside release load-test scope; payload not redistributed","excluded; redistribution not approved by this release"
"feature4/mlp-seed206369.metadata.json","required for reproducibility verification","mlp","4","206369","mlp-seed206369.metadata.json","2548","b953f23d1389da79b8cbe710b0fc8f5de6ef9778ed0a38dfb5f88d3d96d7a269","documented in file","Total Fwd Packets | Total Backward Packets | Flow Bytes/s | Flow Packets/s","Python 3.10.5; see evidence/environment/environment_versions.json","json.load(path)","outside release load-test scope; payload not redistributed","excluded; redistribution not approved by this release"
"feature4/mlp-seed231701.joblib","required for inference","mlp","4","231701","mlp-seed231701.joblib","37595","ff7a1431b6f06afb07bacf0271aaf079484181a5873d06b4f4147edd054f0c49","StandardScaler embedded in saved Pipeline","Total Fwd Packets | Total Backward Packets | Flow Bytes/s | Flow Packets/s","Python 3.10.5; see evidence/environment/environment_versions.json","register __main__.keras_mlp then joblib.load(path)","outside release load-test scope; payload not redistributed","excluded; redistribution not approved by this release"
"feature4/mlp-seed231701.metadata.json","required for reproducibility verification","mlp","4","231701","mlp-seed231701.metadata.json","2548","fcb4872d6a2bda39a5f67ab088b1f95462c283f2aa2402c4ee2fd6a0afec21f2","documented in file","Total Fwd Packets | Total Backward Packets | Flow Bytes/s | Flow Packets/s","Python 3.10.5; see evidence/environment/environment_versions.json","json.load(path)","outside release load-test scope; payload not redistributed","excluded; redistribution not approved by this release"
"feature4/mlp-seed257053.joblib","required for inference","mlp","4","257053","mlp-seed257053.joblib","37595","c6f3a91605d039960747dfd914217218aa45dae732f52b89b33147a483acdcf0","StandardScaler embedded in saved Pipeline","Total Fwd Packets | Total Backward Packets | Flow Bytes/s | Flow Packets/s","Python 3.10.5; see evidence/environment/environment_versions.json","register __main__.keras_mlp then joblib.load(path)","outside release load-test scope; payload not redistributed","excluded; redistribution not approved by this release"
"feature4/mlp-seed257053.metadata.json","required for reproducibility verification","mlp","4","257053","mlp-seed257053.metadata.json","2548","fb450bb6a77ce671e5f2c84aa584db8b62f6fb59aaae47454bc6ae8db73a246b","documented in file","Total Fwd Packets | Total Backward Packets | Flow Bytes/s | Flow Packets/s","Python 3.10.5; see evidence/environment/environment_versions.json","json.load(path)","outside release load-test scope; payload not redistributed","excluded; redistribution not approved by this release"
"feature4/mlp-seed282427.joblib","required for inference","mlp","4","282427","mlp-seed282427.joblib","37595","259019742316c0a50a851deb0730c6fb1f2b4edd01a60f5c30a7744b4aad5229","StandardScaler embedded in saved Pipeline","Total Fwd Packets | Total Backward Packets | Flow Bytes/s | Flow Packets/s","Python 3.10.5; see evidence/environment/environment_versions.json","register __main__.keras_mlp then joblib.load(path)","outside release load-test scope; payload not redistributed","excluded; redistribution not approved by this release"
"feature4/mlp-seed282427.metadata.json","required for reproducibility verification","mlp","4","282427","mlp-seed282427.metadata.json","2548","617b3d2980dc02a50c7465c4661def925ae6682cd532f5b753878c4551174c65","documented in file","Total Fwd Packets | Total Backward Packets | Flow Bytes/s | Flow Packets/s","Python 3.10.5; see evidence/environment/environment_versions.json","json.load(path)","outside release load-test scope; payload not redistributed","excluded; redistribution not approved by this release"
"feature4/mlp-seed307759.joblib","required for inference","mlp","4","307759","mlp-seed307759.joblib","37595","d5ec41262268a9f26f4d52aecd050809a33e1f72b2e0822dc2a95f8176803789","StandardScaler embedded in saved Pipeline","Total Fwd Packets | Total Backward Packets | Flow Bytes/s | Flow Packets/s","Python 3.10.5; see evidence/environment/environment_versions.json","register __main__.keras_mlp then joblib.load(path)","outside release load-test scope; payload not redistributed","excluded; redistribution not approved by this release"
"feature4/mlp-seed307759.metadata.json","required for reproducibility verification","mlp","4","307759","mlp-seed307759.metadata.json","2548","3ea6bdbfaf865331e435a892c0f8c9c32cee28483d5f09229fb04682fab4c6b1","documented in file","Total Fwd Packets | Total Backward Packets | Flow Bytes/s | Flow Packets/s","Python 3.10.5; see evidence/environment/environment_versions.json","json.load(path)","outside release load-test scope; payload not redistributed","excluded; redistribution not approved by this release"
"feature4/mlp-seed333019.joblib","required for inference","mlp","4","333019","mlp-seed333019.joblib","37595","e13dde1cc6f0e900c2e7d52e42c2fa86fa6080cbc3684c1e37ae1c186f084eb9","StandardScaler embedded in saved Pipeline","Total Fwd Packets | Total Backward Packets | Flow Bytes/s | Flow Packets/s","Python 3.10.5; see evidence/environment/environment_versions.json","register __main__.keras_mlp then joblib.load(path)","outside release load-test scope; payload not redistributed","excluded; redistribution not approved by this release"
"feature4/mlp-seed333019.metadata.json","required for reproducibility verification","mlp","4","333019","mlp-seed333019.metadata.json","2548","995501791ea4644ecb6e0684893b2ae1b16f37ae54691bcc9891ebb7f4613d0d","documented in file","Total Fwd Packets | Total Backward Packets | Flow Bytes/s | Flow Packets/s","Python 3.10.5; see evidence/environment/environment_versions.json","json.load(path)","outside release load-test scope; payload not redistributed","excluded; redistribution not approved by this release"
"feature4/rf-seed104729.joblib","required for inference","rf","4","104729","rf-seed104729.joblib","7025855","6a2b56b425677e223b4ab8b23923558facef3cc1ba34931d774a225a2bd3ffab","StandardScaler embedded in saved Pipeline","Total Fwd Packets | Total Backward Packets | Flow Bytes/s | Flow Packets/s","Python 3.10.5; see evidence/environment/environment_versions.json","joblib.load(path)","outside release load-test scope; payload not redistributed","excluded; redistribution not approved by this release"
"feature4/rf-seed104729.metadata.json","required for reproducibility verification","rf","4","104729","rf-seed104729.metadata.json","1841","5512487286f69fca169fd13c83e22f4594933e230398a3acf69ca3ab76ecac71","documented in file","Total Fwd Packets | Total Backward Packets | Flow Bytes/s | Flow Packets/s","Python 3.10.5; see evidence/environment/environment_versions.json","json.load(path)","outside release load-test scope; payload not redistributed","excluded; redistribution not approved by this release"
"feature4/rf-seed130363.joblib","required for inference","rf","4","130363","rf-seed130363.joblib","7227135","49e0c10fd324f7a6b40559da3e71d7496f9e051f40b95b04527a9a0669dec0e7","StandardScaler embedded in saved Pipeline","Total Fwd Packets | Total Backward Packets | Flow Bytes/s | Flow Packets/s","Python 3.10.5; see evidence/environment/environment_versions.json","joblib.load(path)","outside release load-test scope; payload not redistributed","excluded; redistribution not approved by this release"
"feature4/rf-seed130363.metadata.json","required for reproducibility verification","rf","4","130363","rf-seed130363.metadata.json","1841","4e76968fc2b30f9fa8aa51ff480965cb9b7c03557abb39a4f43c34771afd696c","documented in file","Total Fwd Packets | Total Backward Packets | Flow Bytes/s | Flow Packets/s","Python 3.10.5; see evidence/environment/environment_versions.json","json.load(path)","outside release load-test scope; payload not redistributed","excluded; redistribution not approved by this release"
"feature4/rf-seed155921.joblib","required for inference","rf","4","155921","rf-seed155921.joblib","7117855","6e27d7bee0915f57bf9d53f75ee0caaf247c55482c1d60c65c83c56be0ced152","StandardScaler embedded in saved Pipeline","Total Fwd Packets | Total Backward Packets | Flow Bytes/s | Flow Packets/s","Python 3.10.5; see evidence/environment/environment_versions.json","joblib.load(path)","outside release load-test scope; payload not redistributed","excluded; redistribution not approved by this release"
"feature4/rf-seed155921.metadata.json","required for reproducibility verification","rf","4","155921","rf-seed155921.metadata.json","1841","fa3538a63aa2619cef0a63dcb45922e5782de93a173257f7412509d9451cd0c2","documented in file","Total Fwd Packets | Total Backward Packets | Flow Bytes/s | Flow Packets/s","Python 3.10.5; see evidence/environment/environment_versions.json","json.load(path)","outside release load-test scope; payload not redistributed","excluded; redistribution not approved by this release"
"feature4/rf-seed181081.joblib","required for inference","rf","4","181081","rf-seed181081.joblib","7015455","31c3e863ff2168c21d1bec74096b0d6808f9545e40df39e49a3190caeb3c0b68","StandardScaler embedded in saved Pipeline","Total Fwd Packets | Total Backward Packets | Flow Bytes/s | Flow Packets/s","Python 3.10.5; see evidence/environment/environment_versions.json","joblib.load(path)","outside release load-test scope; payload not redistributed","excluded; redistribution not approved by this release"
"feature4/rf-seed181081.metadata.json","required for reproducibility verification","rf","4","181081","rf-seed181081.metadata.json","1841","e54661a5ec9622089342fb108d09fdc433e7ca8f3d29dee4eff14651096d73df","documented in file","Total Fwd Packets | Total Backward Packets | Flow Bytes/s | Flow Packets/s","Python 3.10.5; see evidence/environment/environment_versions.json","json.load(path)","outside release load-test scope; payload not redistributed","excluded; redistribution not approved by this release"
"feature4/rf-seed206369.joblib","required for inference","rf","4","206369","rf-seed206369.joblib","7120575","faed6b1339004eb8c099c7518a12db575f9fd5d7a34d6410c1b294973a127395","StandardScaler embedded in saved Pipeline","Total Fwd Packets | Total Backward Packets | Flow Bytes/s | Flow Packets/s","Python 3.10.5; see evidence/environment/environment_versions.json","joblib.load(path)","outside release load-test scope; payload not redistributed","excluded; redistribution not approved by this release"
"feature4/rf-seed206369.metadata.json","required for reproducibility verification","rf","4","206369","rf-seed206369.metadata.json","1841","4cb7a57a109302d52d080e00eb3c3f640b0892916a825da9003229c1ba2a21de","documented in file","Total Fwd Packets | Total Backward Packets | Flow Bytes/s | Flow Packets/s","Python 3.10.5; see evidence/environment/environment_versions.json","json.load(path)","outside release load-test scope; payload not redistributed","excluded; redistribution not approved by this release"
"feature4/rf-seed231701.joblib","required for inference","rf","4","231701","rf-seed231701.joblib","7008575","71924ca3546936ecb90c6e9cdf1e75d34c5bb5ab971e4a940a8dd5728d1cb91d","StandardScaler embedded in saved Pipeline","Total Fwd Packets | Total Backward Packets | Flow Bytes/s | Flow Packets/s","Python 3.10.5; see evidence/environment/environment_versions.json","joblib.load(path)","outside release load-test scope; payload not redistributed","excluded; redistribution not approved by this release"
"feature4/rf-seed231701.metadata.json","required for reproducibility verification","rf","4","231701","rf-seed231701.metadata.json","1841","7e35d5f46ddfc69dd68b94967a7db67b974e44045f259b6e8251594759fd1ec5","documented in file","Total Fwd Packets | Total Backward Packets | Flow Bytes/s | Flow Packets/s","Python 3.10.5; see evidence/environment/environment_versions.json","json.load(path)","outside release load-test scope; payload not redistributed","excluded; redistribution not approved by this release"
"feature4/rf-seed257053.joblib","required for inference","rf","4","257053","rf-seed257053.joblib","7048735","aedd0af977dc63b2ceda06153e8449faa92e4547947858c2fcbaad9bb8837003","StandardScaler embedded in saved Pipeline","Total Fwd Packets | Total Backward Packets | Flow Bytes/s | Flow Packets/s","Python 3.10.5; see evidence/environment/environment_versions.json","joblib.load(path)","outside release load-test scope; payload not redistributed","excluded; redistribution not approved by this release"
"feature4/rf-seed257053.metadata.json","required for reproducibility verification","rf","4","257053","rf-seed257053.metadata.json","1841","36bd7c73f7b2f8b4b633697d24545ac472797a45ef868fa2543feb99bdc86cfb","documented in file","Total Fwd Packets | Total Backward Packets | Flow Bytes/s | Flow Packets/s","Python 3.10.5; see evidence/environment/environment_versions.json","json.load(path)","outside release load-test scope; payload not redistributed","excluded; redistribution not approved by this release"
"feature4/rf-seed282427.joblib","required for inference","rf","4","282427","rf-seed282427.joblib","7041215","ae6f07846348b99c19b8fcdf44af8634d6434f54d91a7e2b0b51fd8049d270b6","StandardScaler embedded in saved Pipeline","Total Fwd Packets | Total Backward Packets | Flow Bytes/s | Flow Packets/s","Python 3.10.5; see evidence/environment/environment_versions.json","joblib.load(path)","outside release load-test scope; payload not redistributed","excluded; redistribution not approved by this release"
"feature4/rf-seed282427.metadata.json","required for reproducibility verification","rf","4","282427","rf-seed282427.metadata.json","1841","4a462ff765f66595626dfea6bfdab831a42b58faa16fa04f8e8069e022ae3678","documented in file","Total Fwd Packets | Total Backward Packets | Flow Bytes/s | Flow Packets/s","Python 3.10.5; see evidence/environment/environment_versions.json","json.load(path)","outside release load-test scope; payload not redistributed","excluded; redistribution not approved by this release"
"feature4/rf-seed307759.joblib","required for inference","rf","4","307759","rf-seed307759.joblib","7221375","00801afd5dfce4affff551304dcf3fb0c56ff952f87f4b13fdb84fdfdfd6157c","StandardScaler embedded in saved Pipeline","Total Fwd Packets | Total Backward Packets | Flow Bytes/s | Flow Packets/s","Python 3.10.5; see evidence/environment/environment_versions.json","joblib.load(path)","outside release load-test scope; payload not redistributed","excluded; redistribution not approved by this release"
"feature4/rf-seed307759.metadata.json","required for reproducibility verification","rf","4","307759","rf-seed307759.metadata.json","1841","110173053303b46b43ae301741f0e3b93eae7a1fa1fb09f7866ca205b4800083","documented in file","Total Fwd Packets | Total Backward Packets | Flow Bytes/s | Flow Packets/s","Python 3.10.5; see evidence/environment/environment_versions.json","json.load(path)","outside release load-test scope; payload not redistributed","excluded; redistribution not approved by this release"
"feature4/rf-seed333019.joblib","required for inference","rf","4","333019","rf-seed333019.joblib","7195775","79373fc22fd3c0ddf1eea3ef4371c0a190bd6b9e18569b16cc4e1d76cae3a695","StandardScaler embedded in saved Pipeline","Total Fwd Packets | Total Backward Packets | Flow Bytes/s | Flow Packets/s","Python 3.10.5; see evidence/environment/environment_versions.json","joblib.load(path)","outside release load-test scope; payload not redistributed","excluded; redistribution not approved by this release"
"feature4/rf-seed333019.metadata.json","required for reproducibility verification","rf","4","333019","rf-seed333019.metadata.json","1841","9b9e74c1f28a01a23f2444deb28ae8b4762eb7c5861475a21601db648ef85553","documented in file","Total Fwd Packets | Total Backward Packets | Flow Bytes/s | Flow Packets/s","Python 3.10.5; see evidence/environment/environment_versions.json","json.load(path)","outside release load-test scope; payload not redistributed","excluded; redistribution not approved by this release"
"feature4/split_ids_seed104729.csv","required for reproducibility verification","aggregate","4","104729","split_ids_seed104729.csv","17080724","5ecf559ef32f28b26aff0311ff4e287b4afaa1d1d1ea54dd99d2fee70f663c8c","not applicable","see evidence/model_metadata","Python 3.10.5; see evidence/environment/environment_versions.json","pandas.read_csv(path)","outside release load-test scope; payload not redistributed","excluded; redistribution not approved by this release"
"feature4/split_ids_seed130363.csv","required for reproducibility verification","aggregate","4","130363","split_ids_seed130363.csv","17080720","30400dc78898a2a84f97f266af26225d6c89395b4b2a8da6f4637a0d9b3970a9","not applicable","see evidence/model_metadata","Python 3.10.5; see evidence/environment/environment_versions.json","pandas.read_csv(path)","outside release load-test scope; payload not redistributed","excluded; redistribution not approved by this release"
"feature4/split_ids_seed155921.csv","required for reproducibility verification","aggregate","4","155921","split_ids_seed155921.csv","17080724","5430ecc71871804c9bff3558cbe1c10af279f437ae9ff7f9d0d650762da0e636","not applicable","see evidence/model_metadata","Python 3.10.5; see evidence/environment/environment_versions.json","pandas.read_csv(path)","outside release load-test scope; payload not redistributed","excluded; redistribution not approved by this release"
"feature4/split_ids_seed181081.csv","required for reproducibility verification","aggregate","4","181081","split_ids_seed181081.csv","17080724","512dc78eb19fc98d83fb366e8cd3e5f12db1bbf8b246f5556d149d6c85735ab6","not applicable","see evidence/model_metadata","Python 3.10.5; see evidence/environment/environment_versions.json","pandas.read_csv(path)","outside release load-test scope; payload not redistributed","excluded; redistribution not approved by this release"
"feature4/split_ids_seed206369.csv","required for reproducibility verification","aggregate","4","206369","split_ids_seed206369.csv","17080724","aba53a32cab7c5093bcb6b3cbee597457c46da901192fc93abe8f929ce9105da","not applicable","see evidence/model_metadata","Python 3.10.5; see evidence/environment/environment_versions.json","pandas.read_csv(path)","outside release load-test scope; payload not redistributed","excluded; redistribution not approved by this release"
"feature4/split_ids_seed231701.csv","required for reproducibility verification","aggregate","4","231701","split_ids_seed231701.csv","17080724","9b8851f1704f2817790d7dfae8057c302f3b79e6ce4a89b11d4494281eaa43fc","not applicable","see evidence/model_metadata","Python 3.10.5; see evidence/environment/environment_versions.json","pandas.read_csv(path)","outside release load-test scope; payload not redistributed","excluded; redistribution not approved by this release"
"feature4/split_ids_seed257053.csv","required for reproducibility verification","aggregate","4","257053","split_ids_seed257053.csv","17080724","a2d3e6e69a3a074720b41bf05d527a52d024382e1e2742e2033e6da8731c543e","not applicable","see evidence/model_metadata","Python 3.10.5; see evidence/environment/environment_versions.json","pandas.read_csv(path)","outside release load-test scope; payload not redistributed","excluded; redistribution not approved by this release"
"feature4/split_ids_seed282427.csv","required for reproducibility verification","aggregate","4","282427","split_ids_seed282427.csv","17080724","247e8352ad579657bb43bbbe5d62ad9584bcef654f562d8322f76b55cb1decd4","not applicable","see evidence/model_metadata","Python 3.10.5; see evidence/environment/environment_versions.json","pandas.read_csv(path)","outside release load-test scope; payload not redistributed","excluded; redistribution not approved by this release"
"feature4/split_ids_seed307759.csv","required for reproducibility verification","aggregate","4","307759","split_ids_seed307759.csv","17080720","45c4147f9b08e06b0c8b4a9579ae0b1d735e8731ac2715fa83a8e09d27ee7d50","not applicable","see evidence/model_metadata","Python 3.10.5; see evidence/environment/environment_versions.json","pandas.read_csv(path)","outside release load-test scope; payload not redistributed","excluded; redistribution not approved by this release"
"feature4/split_ids_seed333019.csv","required for reproducibility verification","aggregate","4","333019","split_ids_seed333019.csv","17080260","50963742f0c89d68035dc5d42d0c576b93d0fb8bb54925a04a801eb1ed7e740e","not applicable","see evidence/model_metadata","Python 3.10.5; see evidence/environment/environment_versions.json","pandas.read_csv(path)","outside release load-test scope; payload not redistributed","excluded; redistribution not approved by this release"
"feature4/xgboost-seed104729.joblib","required for inference","xgboost","4","104729","xgboost-seed104729.joblib","417780","e980fa87dd62821ecb6c9ebe9532f5c59c54ad48001e2529b1d2775b0b55a1ab","StandardScaler embedded in saved Pipeline","Total Fwd Packets | Total Backward Packets | Flow Bytes/s | Flow Packets/s","Python 3.10.5; see evidence/environment/environment_versions.json","joblib.load(path)","outside release load-test scope; payload not redistributed","excluded; redistribution not approved by this release"
"feature4/xgboost-seed104729.metadata.json","required for reproducibility verification","xgboost","4","104729","xgboost-seed104729.metadata.json","3889","d6b32b55c53f7ea34213b6d8300ef4509c8e8b62a3a65deffd2ffd4bcd218ebb","documented in file","Total Fwd Packets | Total Backward Packets | Flow Bytes/s | Flow Packets/s","Python 3.10.5; see evidence/environment/environment_versions.json","json.load(path)","outside release load-test scope; payload not redistributed","excluded; redistribution not approved by this release"
"feature4/xgboost-seed130363.joblib","required for inference","xgboost","4","130363","xgboost-seed130363.joblib","414992","5c8ed5bc44e92a98fe07d6b8d16b1ab61af0b29da6ed1c52fa7799e87b9b4d3f","StandardScaler embedded in saved Pipeline","Total Fwd Packets | Total Backward Packets | Flow Bytes/s | Flow Packets/s","Python 3.10.5; see evidence/environment/environment_versions.json","joblib.load(path)","outside release load-test scope; payload not redistributed","excluded; redistribution not approved by this release"
"feature4/xgboost-seed130363.metadata.json","required for reproducibility verification","xgboost","4","130363","xgboost-seed130363.metadata.json","3889","3694863dab77c68b322cced6ff3e4bba4af6745cd27f7e9505ee40b5d32b2420","documented in file","Total Fwd Packets | Total Backward Packets | Flow Bytes/s | Flow Packets/s","Python 3.10.5; see evidence/environment/environment_versions.json","json.load(path)","outside release load-test scope; payload not redistributed","excluded; redistribution not approved by this release"
"feature4/xgboost-seed155921.joblib","required for inference","xgboost","4","155921","xgboost-seed155921.joblib","417780","885606c63c7dcf0d542a1b332ccb5f21f0bf2ab97f92ff73b748078e60920af8","StandardScaler embedded in saved Pipeline","Total Fwd Packets | Total Backward Packets | Flow Bytes/s | Flow Packets/s","Python 3.10.5; see evidence/environment/environment_versions.json","joblib.load(path)","outside release load-test scope; payload not redistributed","excluded; redistribution not approved by this release"
"feature4/xgboost-seed155921.metadata.json","required for reproducibility verification","xgboost","4","155921","xgboost-seed155921.metadata.json","3889","3e2196c536bf7020adc7c534b7e3b27145366fb11e48a7e634e4f146f9034d19","documented in file","Total Fwd Packets | Total Backward Packets | Flow Bytes/s | Flow Packets/s","Python 3.10.5; see evidence/environment/environment_versions.json","json.load(path)","outside release load-test scope; payload not redistributed","excluded; redistribution not approved by this release"
"feature4/xgboost-seed181081.joblib","required for inference","xgboost","4","181081","xgboost-seed181081.joblib","417780","ebfdea698024d9a2b3c18ed293dd4d521327095aef6808b8e2c8a6ac18579e72","StandardScaler embedded in saved Pipeline","Total Fwd Packets | Total Backward Packets | Flow Bytes/s | Flow Packets/s","Python 3.10.5; see evidence/environment/environment_versions.json","joblib.load(path)","outside release load-test scope; payload not redistributed","excluded; redistribution not approved by this release"
"feature4/xgboost-seed181081.metadata.json","required for reproducibility verification","xgboost","4","181081","xgboost-seed181081.metadata.json","3889","486d02787121de089640da30d236521e11a8f02ce36413d9c3fc31accd25bf34","documented in file","Total Fwd Packets | Total Backward Packets | Flow Bytes/s | Flow Packets/s","Python 3.10.5; see evidence/environment/environment_versions.json","json.load(path)","outside release load-test scope; payload not redistributed","excluded; redistribution not approved by this release"
"feature4/xgboost-seed206369.joblib","required for inference","xgboost","4","206369","xgboost-seed206369.joblib","417780","9eac2a1a2ef16e2699659da3e114d23b59c61f75654f8777fe50e6fe496d2061","StandardScaler embedded in saved Pipeline","Total Fwd Packets | Total Backward Packets | Flow Bytes/s | Flow Packets/s","Python 3.10.5; see evidence/environment/environment_versions.json","joblib.load(path)","outside release load-test scope; payload not redistributed","excluded; redistribution not approved by this release"
"feature4/xgboost-seed206369.metadata.json","required for reproducibility verification","xgboost","4","206369","xgboost-seed206369.metadata.json","3889","621651baaf74332dfedb7988d2e281659917b502909746e6e9b867c4188ea35b","documented in file","Total Fwd Packets | Total Backward Packets | Flow Bytes/s | Flow Packets/s","Python 3.10.5; see evidence/environment/environment_versions.json","json.load(path)","outside release load-test scope; payload not redistributed","excluded; redistribution not approved by this release"
"feature4/xgboost-seed231701.joblib","required for inference","xgboost","4","231701","xgboost-seed231701.joblib","417780","c3268df4878c2a6638ba1c497a665f6febb31f03c61a78952465c5a25e856208","StandardScaler embedded in saved Pipeline","Total Fwd Packets | Total Backward Packets | Flow Bytes/s | Flow Packets/s","Python 3.10.5; see evidence/environment/environment_versions.json","joblib.load(path)","outside release load-test scope; payload not redistributed","excluded; redistribution not approved by this release"
"feature4/xgboost-seed231701.metadata.json","required for reproducibility verification","xgboost","4","231701","xgboost-seed231701.metadata.json","3889","c13c254e1a0ff6220c3cfd041751f26c75325f4cecf0fad52c3cbbd4b52a12a7","documented in file","Total Fwd Packets | Total Backward Packets | Flow Bytes/s | Flow Packets/s","Python 3.10.5; see evidence/environment/environment_versions.json","json.load(path)","outside release load-test scope; payload not redistributed","excluded; redistribution not approved by this release"
"feature4/xgboost-seed257053.joblib","required for inference","xgboost","4","257053","xgboost-seed257053.joblib","417780","c233508bd14ba5c5efaba916478da3ffa85e5b604092e782a382ac7991ef91d6","StandardScaler embedded in saved Pipeline","Total Fwd Packets | Total Backward Packets | Flow Bytes/s | Flow Packets/s","Python 3.10.5; see evidence/environment/environment_versions.json","joblib.load(path)","outside release load-test scope; payload not redistributed","excluded; redistribution not approved by this release"
"feature4/xgboost-seed257053.metadata.json","required for reproducibility verification","xgboost","4","257053","xgboost-seed257053.metadata.json","3889","397c265edef2252acbb09f41fa7e790403f518c174496be39c39677b1d02352c","documented in file","Total Fwd Packets | Total Backward Packets | Flow Bytes/s | Flow Packets/s","Python 3.10.5; see evidence/environment/environment_versions.json","json.load(path)","outside release load-test scope; payload not redistributed","excluded; redistribution not approved by this release"
"feature4/xgboost-seed282427.joblib","required for inference","xgboost","4","282427","xgboost-seed282427.joblib","417780","b0bd481398c08bb8210fe989095a678dc47095d157a6379c609fc52797266c18","StandardScaler embedded in saved Pipeline","Total Fwd Packets | Total Backward Packets | Flow Bytes/s | Flow Packets/s","Python 3.10.5; see evidence/environment/environment_versions.json","joblib.load(path)","outside release load-test scope; payload not redistributed","excluded; redistribution not approved by this release"
"feature4/xgboost-seed282427.metadata.json","required for reproducibility verification","xgboost","4","282427","xgboost-seed282427.metadata.json","3889","acd9f4633f40e00aa0ccc7f77824a283f72f1615d625270de1d3553601bc729e","documented in file","Total Fwd Packets | Total Backward Packets | Flow Bytes/s | Flow Packets/s","Python 3.10.5; see evidence/environment/environment_versions.json","json.load(path)","outside release load-test scope; payload not redistributed","excluded; redistribution not approved by this release"
"feature4/xgboost-seed307759.joblib","required for inference","xgboost","4","307759","xgboost-seed307759.joblib","414992","2ae6f84da47b8b6bbdf896147ff808e43398c8f13291766002a9b4ae4c1e8e96","StandardScaler embedded in saved Pipeline","Total Fwd Packets | Total Backward Packets | Flow Bytes/s | Flow Packets/s","Python 3.10.5; see evidence/environment/environment_versions.json","joblib.load(path)","outside release load-test scope; payload not redistributed","excluded; redistribution not approved by this release"
"feature4/xgboost-seed307759.metadata.json","required for reproducibility verification","xgboost","4","307759","xgboost-seed307759.metadata.json","3889","ff2949cc01dd640b3265ca8ccec4ad55a50a56740ded91bc990be8280ba14add","documented in file","Total Fwd Packets | Total Backward Packets | Flow Bytes/s | Flow Packets/s","Python 3.10.5; see evidence/environment/environment_versions.json","json.load(path)","outside release load-test scope; payload not redistributed","excluded; redistribution not approved by this release"
"feature4/xgboost-seed333019.joblib","required for inference","xgboost","4","333019","xgboost-seed333019.joblib","427912","b930d9cc0cf69fd2683ff7b896b15cf05e10b6f39b6bb0879e0d7e775edb7344","StandardScaler embedded in saved Pipeline","Total Fwd Packets | Total Backward Packets | Flow Bytes/s | Flow Packets/s","Python 3.10.5; see evidence/environment/environment_versions.json","joblib.load(path)","outside release load-test scope; payload not redistributed","excluded; redistribution not approved by this release"
"feature4/xgboost-seed333019.metadata.json","required for reproducibility verification","xgboost","4","333019","xgboost-seed333019.metadata.json","3889","9122bbb3c0033ec53c4cbd8e8e4bb4e18d15022e2b5138816880a5590bb26535","documented in file","Total Fwd Packets | Total Backward Packets | Flow Bytes/s | Flow Packets/s","Python 3.10.5; see evidence/environment/environment_versions.json","json.load(path)","outside release load-test scope; payload not redistributed","excluded; redistribution not approved by this release"
"feature6/hybrid-seed104729.metadata.json","required for reproducibility verification","hybrid","6","104729","hybrid-seed104729.metadata.json","882","8cf35015ef6236425ddd1556eb75d24b7af6a95cc338194ccfe79771168d8566","documented in file","Total Fwd Packets | Total Backward Packets | Flow Bytes/s | Flow Packets/s | Flow Duration | Total Length of Fwd Packets","Python 3.10.5; see evidence/environment/environment_versions.json","json.load(path)","outside release load-test scope; payload not redistributed","excluded; redistribution not approved by this release"
"feature6/hybrid-seed130363.metadata.json","required for reproducibility verification","hybrid","6","130363","hybrid-seed130363.metadata.json","882","0486f25a2dbfc350ca2288a2f2d134c0d87fdd822aef8952df05b7c5ec158d0d","documented in file","Total Fwd Packets | Total Backward Packets | Flow Bytes/s | Flow Packets/s | Flow Duration | Total Length of Fwd Packets","Python 3.10.5; see evidence/environment/environment_versions.json","json.load(path)","outside release load-test scope; payload not redistributed","excluded; redistribution not approved by this release"
"feature6/hybrid-seed155921.metadata.json","required for reproducibility verification","hybrid","6","155921","hybrid-seed155921.metadata.json","882","cdfffb61dd9192f4266171f080c4afb82989392b52e0accecfa5b58cf6aa203b","documented in file","Total Fwd Packets | Total Backward Packets | Flow Bytes/s | Flow Packets/s | Flow Duration | Total Length of Fwd Packets","Python 3.10.5; see evidence/environment/environment_versions.json","json.load(path)","outside release load-test scope; payload not redistributed","excluded; redistribution not approved by this release"
"feature6/hybrid-seed181081.metadata.json","required for reproducibility verification","hybrid","6","181081","hybrid-seed181081.metadata.json","882","470a8ab734f9b7faaa14c9f31c9e38aa3bd6d5ec536663920ddf3e6aa31414b2","documented in file","Total Fwd Packets | Total Backward Packets | Flow Bytes/s | Flow Packets/s | Flow Duration | Total Length of Fwd Packets","Python 3.10.5; see evidence/environment/environment_versions.json","json.load(path)","outside release load-test scope; payload not redistributed","excluded; redistribution not approved by this release"
"feature6/hybrid-seed206369.metadata.json","required for reproducibility verification","hybrid","6","206369","hybrid-seed206369.metadata.json","882","fd8a8bd233353f1f884e09f8b06d84be68a93e01c96ee4250130ccb61d795e52","documented in file","Total Fwd Packets | Total Backward Packets | Flow Bytes/s | Flow Packets/s | Flow Duration | Total Length of Fwd Packets","Python 3.10.5; see evidence/environment/environment_versions.json","json.load(path)","outside release load-test scope; payload not redistributed","excluded; redistribution not approved by this release"
"feature6/hybrid-seed231701.metadata.json","required for reproducibility verification","hybrid","6","231701","hybrid-seed231701.metadata.json","882","bef0f40cfa758e96573509d7c06f57d01e2e3c697a212a40e083aab5fc960f0e","documented in file","Total Fwd Packets | Total Backward Packets | Flow Bytes/s | Flow Packets/s | Flow Duration | Total Length of Fwd Packets","Python 3.10.5; see evidence/environment/environment_versions.json","json.load(path)","outside release load-test scope; payload not redistributed","excluded; redistribution not approved by this release"
"feature6/hybrid-seed257053.metadata.json","required for reproducibility verification","hybrid","6","257053","hybrid-seed257053.metadata.json","882","33222e6908da6991b2a55615268c1548a005d8cbeb3bdddbcdafff6e8f26ae27","documented in file","Total Fwd Packets | Total Backward Packets | Flow Bytes/s | Flow Packets/s | Flow Duration | Total Length of Fwd Packets","Python 3.10.5; see evidence/environment/environment_versions.json","json.load(path)","outside release load-test scope; payload not redistributed","excluded; redistribution not approved by this release"
"feature6/hybrid-seed282427.metadata.json","required for reproducibility verification","hybrid","6","282427","hybrid-seed282427.metadata.json","882","5f474673ad517fb0b3b49a3b8856de0b8e1d1764d85244c47dd924f1adeafb07","documented in file","Total Fwd Packets | Total Backward Packets | Flow Bytes/s | Flow Packets/s | Flow Duration | Total Length of Fwd Packets","Python 3.10.5; see evidence/environment/environment_versions.json","json.load(path)","outside release load-test scope; payload not redistributed","excluded; redistribution not approved by this release"
"feature6/hybrid-seed307759.metadata.json","required for reproducibility verification","hybrid","6","307759","hybrid-seed307759.metadata.json","882","259252bc8b1189ee760b62f2650d9153d6711cc15c7690680397429a34fe8e53","documented in file","Total Fwd Packets | Total Backward Packets | Flow Bytes/s | Flow Packets/s | Flow Duration | Total Length of Fwd Packets","Python 3.10.5; see evidence/environment/environment_versions.json","json.load(path)","outside release load-test scope; payload not redistributed","excluded; redistribution not approved by this release"
"feature6/hybrid-seed333019.metadata.json","required for reproducibility verification","hybrid","6","333019","hybrid-seed333019.metadata.json","882","2cc2d6dd50fb2c4e943e33093ba1094d5985f0cf435531ee7a653a26ef10c745","documented in file","Total Fwd Packets | Total Backward Packets | Flow Bytes/s | Flow Packets/s | Flow Duration | Total Length of Fwd Packets","Python 3.10.5; see evidence/environment/environment_versions.json","json.load(path)","outside release load-test scope; payload not redistributed","excluded; redistribution not approved by this release"
"feature6/mlp-seed104729.joblib","required for inference","mlp","6","104729","mlp-seed104729.joblib","38715","e77752eead2ae43bc215affcdad669db39bc1fbea92116a6ede3fb4bd483eeb2","StandardScaler embedded in saved Pipeline","Total Fwd Packets | Total Backward Packets | Flow Bytes/s | Flow Packets/s | Flow Duration | Total Length of Fwd Packets","Python 3.10.5; see evidence/environment/environment_versions.json","register __main__.keras_mlp then joblib.load(path)","outside release load-test scope; payload not redistributed","excluded; redistribution not approved by this release"
"feature6/mlp-seed104729.metadata.json","required for reproducibility verification","mlp","6","104729","mlp-seed104729.metadata.json","2606","45e5a763624b321e8c1ed1598c3a5697911b5810444326370796234260c37245","documented in file","Total Fwd Packets | Total Backward Packets | Flow Bytes/s | Flow Packets/s | Flow Duration | Total Length of Fwd Packets","Python 3.10.5; see evidence/environment/environment_versions.json","json.load(path)","outside release load-test scope; payload not redistributed","excluded; redistribution not approved by this release"
"feature6/mlp-seed130363.joblib","required for inference","mlp","6","130363","mlp-seed130363.joblib","38715","b2ee55a7f15574173b44747450c1124c263f4c0b4be86710563809c842c08b76","StandardScaler embedded in saved Pipeline","Total Fwd Packets | Total Backward Packets | Flow Bytes/s | Flow Packets/s | Flow Duration | Total Length of Fwd Packets","Python 3.10.5; see evidence/environment/environment_versions.json","register __main__.keras_mlp then joblib.load(path)","outside release load-test scope; payload not redistributed","excluded; redistribution not approved by this release"
"feature6/mlp-seed130363.metadata.json","required for reproducibility verification","mlp","6","130363","mlp-seed130363.metadata.json","2606","1f0542e06956097aa7a9873fc3f4f2fe7922fbd2c4de1b53ca8110ee71efe8d5","documented in file","Total Fwd Packets | Total Backward Packets | Flow Bytes/s | Flow Packets/s | Flow Duration | Total Length of Fwd Packets","Python 3.10.5; see evidence/environment/environment_versions.json","json.load(path)","outside release load-test scope; payload not redistributed","excluded; redistribution not approved by this release"
"feature6/mlp-seed155921.joblib","required for inference","mlp","6","155921","mlp-seed155921.joblib","38715","21d40e9412867fc70978fbf5247e9f2a351ef66dd31d44b1799bda4e6e87c12e","StandardScaler embedded in saved Pipeline","Total Fwd Packets | Total Backward Packets | Flow Bytes/s | Flow Packets/s | Flow Duration | Total Length of Fwd Packets","Python 3.10.5; see evidence/environment/environment_versions.json","register __main__.keras_mlp then joblib.load(path)","outside release load-test scope; payload not redistributed","excluded; redistribution not approved by this release"
"feature6/mlp-seed155921.metadata.json","required for reproducibility verification","mlp","6","155921","mlp-seed155921.metadata.json","2606","ea134dc572206792571317f551ed07ba319e6cafabe7708a47fef4c6222be02e","documented in file","Total Fwd Packets | Total Backward Packets | Flow Bytes/s | Flow Packets/s | Flow Duration | Total Length of Fwd Packets","Python 3.10.5; see evidence/environment/environment_versions.json","json.load(path)","outside release load-test scope; payload not redistributed","excluded; redistribution not approved by this release"
"feature6/mlp-seed181081.joblib","required for inference","mlp","6","181081","mlp-seed181081.joblib","38715","af8d63ca58cb03e7a2e12c0233bb4e880159fb4d00c5bc0ddaf650d28a5b980a","StandardScaler embedded in saved Pipeline","Total Fwd Packets | Total Backward Packets | Flow Bytes/s | Flow Packets/s | Flow Duration | Total Length of Fwd Packets","Python 3.10.5; see evidence/environment/environment_versions.json","register __main__.keras_mlp then joblib.load(path)","outside release load-test scope; payload not redistributed","excluded; redistribution not approved by this release"
"feature6/mlp-seed181081.metadata.json","required for reproducibility verification","mlp","6","181081","mlp-seed181081.metadata.json","2606","08b53965dbf39503dfe71a9cf5a7525d139c36f9606cd370745d3b242eaffe57","documented in file","Total Fwd Packets | Total Backward Packets | Flow Bytes/s | Flow Packets/s | Flow Duration | Total Length of Fwd Packets","Python 3.10.5; see evidence/environment/environment_versions.json","json.load(path)","outside release load-test scope; payload not redistributed","excluded; redistribution not approved by this release"
"feature6/mlp-seed206369.joblib","required for inference","mlp","6","206369","mlp-seed206369.joblib","38715","3844721d7d9fa19d223988d2315e34e23549da667cbfcfc5577c1a2e201297ea","StandardScaler embedded in saved Pipeline","Total Fwd Packets | Total Backward Packets | Flow Bytes/s | Flow Packets/s | Flow Duration | Total Length of Fwd Packets","Python 3.10.5; see evidence/environment/environment_versions.json","register __main__.keras_mlp then joblib.load(path)","outside release load-test scope; payload not redistributed","excluded; redistribution not approved by this release"
"feature6/mlp-seed206369.metadata.json","required for reproducibility verification","mlp","6","206369","mlp-seed206369.metadata.json","2606","b8a193a6d09528b3544253d818594bf0b6f1aa5e8898ff39f0d5a6ebca7392be","documented in file","Total Fwd Packets | Total Backward Packets | Flow Bytes/s | Flow Packets/s | Flow Duration | Total Length of Fwd Packets","Python 3.10.5; see evidence/environment/environment_versions.json","json.load(path)","outside release load-test scope; payload not redistributed","excluded; redistribution not approved by this release"
"feature6/mlp-seed231701.joblib","required for inference","mlp","6","231701","mlp-seed231701.joblib","38715","eb21c885f3686df1d8567c403927e163a0218e0dce959af91e9ae5879c45f58a","StandardScaler embedded in saved Pipeline","Total Fwd Packets | Total Backward Packets | Flow Bytes/s | Flow Packets/s | Flow Duration | Total Length of Fwd Packets","Python 3.10.5; see evidence/environment/environment_versions.json","register __main__.keras_mlp then joblib.load(path)","outside release load-test scope; payload not redistributed","excluded; redistribution not approved by this release"
"feature6/mlp-seed231701.metadata.json","required for reproducibility verification","mlp","6","231701","mlp-seed231701.metadata.json","2606","77483f3f8f68bc34b7a92f07241c26065fcde873553924d682f42b76bf8dfe5b","documented in file","Total Fwd Packets | Total Backward Packets | Flow Bytes/s | Flow Packets/s | Flow Duration | Total Length of Fwd Packets","Python 3.10.5; see evidence/environment/environment_versions.json","json.load(path)","outside release load-test scope; payload not redistributed","excluded; redistribution not approved by this release"
"feature6/mlp-seed257053.joblib","required for inference","mlp","6","257053","mlp-seed257053.joblib","38715","e312882252b0e1ca3580c76c4fdba1113d2b31455694e21e507602cf8b470784","StandardScaler embedded in saved Pipeline","Total Fwd Packets | Total Backward Packets | Flow Bytes/s | Flow Packets/s | Flow Duration | Total Length of Fwd Packets","Python 3.10.5; see evidence/environment/environment_versions.json","register __main__.keras_mlp then joblib.load(path)","outside release load-test scope; payload not redistributed","excluded; redistribution not approved by this release"
"feature6/mlp-seed257053.metadata.json","required for reproducibility verification","mlp","6","257053","mlp-seed257053.metadata.json","2606","d1570f94bc8f0de25b7ce45a13b929cf5146cfdf56d1ecff7c0e4001562534b4","documented in file","Total Fwd Packets | Total Backward Packets | Flow Bytes/s | Flow Packets/s | Flow Duration | Total Length of Fwd Packets","Python 3.10.5; see evidence/environment/environment_versions.json","json.load(path)","outside release load-test scope; payload not redistributed","excluded; redistribution not approved by this release"
"feature6/mlp-seed282427.joblib","required for inference","mlp","6","282427","mlp-seed282427.joblib","38715","8108015baedf9b97fb9defa319496af213a83cd32ed368798eabf6d998762dca","StandardScaler embedded in saved Pipeline","Total Fwd Packets | Total Backward Packets | Flow Bytes/s | Flow Packets/s | Flow Duration | Total Length of Fwd Packets","Python 3.10.5; see evidence/environment/environment_versions.json","register __main__.keras_mlp then joblib.load(path)","outside release load-test scope; payload not redistributed","excluded; redistribution not approved by this release"
"feature6/mlp-seed282427.metadata.json","required for reproducibility verification","mlp","6","282427","mlp-seed282427.metadata.json","2606","cb55b30569ae4a2b6672741ab31cc9aa9d12d481bc9a3eb1665e547c9e1ad5b9","documented in file","Total Fwd Packets | Total Backward Packets | Flow Bytes/s | Flow Packets/s | Flow Duration | Total Length of Fwd Packets","Python 3.10.5; see evidence/environment/environment_versions.json","json.load(path)","outside release load-test scope; payload not redistributed","excluded; redistribution not approved by this release"
"feature6/mlp-seed307759.joblib","required for inference","mlp","6","307759","mlp-seed307759.joblib","38715","689e6f28316418dc96003d680fbbbf90ce88292d6578b82b39fb9d77977fcee6","StandardScaler embedded in saved Pipeline","Total Fwd Packets | Total Backward Packets | Flow Bytes/s | Flow Packets/s | Flow Duration | Total Length of Fwd Packets","Python 3.10.5; see evidence/environment/environment_versions.json","register __main__.keras_mlp then joblib.load(path)","outside release load-test scope; payload not redistributed","excluded; redistribution not approved by this release"
"feature6/mlp-seed307759.metadata.json","required for reproducibility verification","mlp","6","307759","mlp-seed307759.metadata.json","2606","d48b68d4ce89da1b944924719d68c9780be164135908bec5fac0cc9fbd8f14a6","documented in file","Total Fwd Packets | Total Backward Packets | Flow Bytes/s | Flow Packets/s | Flow Duration | Total Length of Fwd Packets","Python 3.10.5; see evidence/environment/environment_versions.json","json.load(path)","outside release load-test scope; payload not redistributed","excluded; redistribution not approved by this release"
"feature6/mlp-seed333019.joblib","required for inference","mlp","6","333019","mlp-seed333019.joblib","38715","9b991f0f60e1f08d047e88a180e8cc22785bc97f8a6733b518b101d9419482fc","StandardScaler embedded in saved Pipeline","Total Fwd Packets | Total Backward Packets | Flow Bytes/s | Flow Packets/s | Flow Duration | Total Length of Fwd Packets","Python 3.10.5; see evidence/environment/environment_versions.json","register __main__.keras_mlp then joblib.load(path)","outside release load-test scope; payload not redistributed","excluded; redistribution not approved by this release"
"feature6/mlp-seed333019.metadata.json","required for reproducibility verification","mlp","6","333019","mlp-seed333019.metadata.json","2606","50de199fdcdef0f71960d87db92422bf014fd452087c7225e89cae1575be16c1","documented in file","Total Fwd Packets | Total Backward Packets | Flow Bytes/s | Flow Packets/s | Flow Duration | Total Length of Fwd Packets","Python 3.10.5; see evidence/environment/environment_versions.json","json.load(path)","outside release load-test scope; payload not redistributed","excluded; redistribution not approved by this release"
"feature6/rf-seed104729.joblib","required for inference","rf","6","104729","rf-seed104729.joblib","6180511","12e995735c89d72c8a4dac7b2e5b6fb34380e3e885c1be0210abd55ee01f4072","StandardScaler embedded in saved Pipeline","Total Fwd Packets | Total Backward Packets | Flow Bytes/s | Flow Packets/s | Flow Duration | Total Length of Fwd Packets","Python 3.10.5; see evidence/environment/environment_versions.json","joblib.load(path)","outside release load-test scope; payload not redistributed","excluded; redistribution not approved by this release"
"feature6/rf-seed104729.metadata.json","required for reproducibility verification","rf","6","104729","rf-seed104729.metadata.json","1899","9ffbb862ee502c253683f5f0e26638a93cdbd9e81e94fdc714f8786e7abceb30","documented in file","Total Fwd Packets | Total Backward Packets | Flow Bytes/s | Flow Packets/s | Flow Duration | Total Length of Fwd Packets","Python 3.10.5; see evidence/environment/environment_versions.json","json.load(path)","outside release load-test scope; payload not redistributed","excluded; redistribution not approved by this release"
"feature6/rf-seed130363.joblib","required for inference","rf","6","130363","rf-seed130363.joblib","6413471","f2869ba7b32d070318473389fa1e30d288bd336afba9bf4d2cb8f0b840d4bace","StandardScaler embedded in saved Pipeline","Total Fwd Packets | Total Backward Packets | Flow Bytes/s | Flow Packets/s | Flow Duration | Total Length of Fwd Packets","Python 3.10.5; see evidence/environment/environment_versions.json","joblib.load(path)","outside release load-test scope; payload not redistributed","excluded; redistribution not approved by this release"
"feature6/rf-seed130363.metadata.json","required for reproducibility verification","rf","6","130363","rf-seed130363.metadata.json","1899","5622a0ace6ce6e4b6f6e6b7c08dd8d7b69e4a30c758a6c1bcba7e4381d63f223","documented in file","Total Fwd Packets | Total Backward Packets | Flow Bytes/s | Flow Packets/s | Flow Duration | Total Length of Fwd Packets","Python 3.10.5; see evidence/environment/environment_versions.json","json.load(path)","outside release load-test scope; payload not redistributed","excluded; redistribution not approved by this release"
"feature6/rf-seed155921.joblib","required for inference","rf","6","155921","rf-seed155921.joblib","6181951","39cef10343b3724db7502454d5f529b300b48cbb10958d56958f0f84761531bd","StandardScaler embedded in saved Pipeline","Total Fwd Packets | Total Backward Packets | Flow Bytes/s | Flow Packets/s | Flow Duration | Total Length of Fwd Packets","Python 3.10.5; see evidence/environment/environment_versions.json","joblib.load(path)","outside release load-test scope; payload not redistributed","excluded; redistribution not approved by this release"
"feature6/rf-seed155921.metadata.json","required for reproducibility verification","rf","6","155921","rf-seed155921.metadata.json","1899","e4dc07b3f569ed23f806b5bc792d17537c8c9b4704d99b368355d7ed7dda787f","documented in file","Total Fwd Packets | Total Backward Packets | Flow Bytes/s | Flow Packets/s | Flow Duration | Total Length of Fwd Packets","Python 3.10.5; see evidence/environment/environment_versions.json","json.load(path)","outside release load-test scope; payload not redistributed","excluded; redistribution not approved by this release"
"feature6/rf-seed181081.joblib","required for inference","rf","6","181081","rf-seed181081.joblib","6158431","1c9262edcf87e2fa0b993f1142c28bb21adb5e9784036be6eae7d2fcee517d07","StandardScaler embedded in saved Pipeline","Total Fwd Packets | Total Backward Packets | Flow Bytes/s | Flow Packets/s | Flow Duration | Total Length of Fwd Packets","Python 3.10.5; see evidence/environment/environment_versions.json","joblib.load(path)","outside release load-test scope; payload not redistributed","excluded; redistribution not approved by this release"
"feature6/rf-seed181081.metadata.json","required for reproducibility verification","rf","6","181081","rf-seed181081.metadata.json","1899","4f6b858192a793e1af7ea3ab1866fa743cfad60c1a9bdd40f7701bcf41b25c32","documented in file","Total Fwd Packets | Total Backward Packets | Flow Bytes/s | Flow Packets/s | Flow Duration | Total Length of Fwd Packets","Python 3.10.5; see evidence/environment/environment_versions.json","json.load(path)","outside release load-test scope; payload not redistributed","excluded; redistribution not approved by this release"
"feature6/rf-seed206369.joblib","required for inference","rf","6","206369","rf-seed206369.joblib","6093631","090ffed6b8c366a5698c3158fdf913468e56732bd22e3de4be575d7a382fd9a5","StandardScaler embedded in saved Pipeline","Total Fwd Packets | Total Backward Packets | Flow Bytes/s | Flow Packets/s | Flow Duration | Total Length of Fwd Packets","Python 3.10.5; see evidence/environment/environment_versions.json","joblib.load(path)","outside release load-test scope; payload not redistributed","excluded; redistribution not approved by this release"
"feature6/rf-seed206369.metadata.json","required for reproducibility verification","rf","6","206369","rf-seed206369.metadata.json","1899","c71a54b3b7dc61cbc2e91be56eeb9ba8bfbf734b5c4bf7d540b321e9bbed71ff","documented in file","Total Fwd Packets | Total Backward Packets | Flow Bytes/s | Flow Packets/s | Flow Duration | Total Length of Fwd Packets","Python 3.10.5; see evidence/environment/environment_versions.json","json.load(path)","outside release load-test scope; payload not redistributed","excluded; redistribution not approved by this release"
"feature6/rf-seed231701.joblib","required for inference","rf","6","231701","rf-seed231701.joblib","6187391","1d501ae906c4614a1e830de8bdefeb2e18f0e7ccdfc8c69bcf0d9821661c4325","StandardScaler embedded in saved Pipeline","Total Fwd Packets | Total Backward Packets | Flow Bytes/s | Flow Packets/s | Flow Duration | Total Length of Fwd Packets","Python 3.10.5; see evidence/environment/environment_versions.json","joblib.load(path)","outside release load-test scope; payload not redistributed","excluded; redistribution not approved by this release"
"feature6/rf-seed231701.metadata.json","required for reproducibility verification","rf","6","231701","rf-seed231701.metadata.json","1899","8ed91833e4ef9413bd370b6b3548d1422035e92975f4b04a65e7417596cb23d9","documented in file","Total Fwd Packets | Total Backward Packets | Flow Bytes/s | Flow Packets/s | Flow Duration | Total Length of Fwd Packets","Python 3.10.5; see evidence/environment/environment_versions.json","json.load(path)","outside release load-test scope; payload not redistributed","excluded; redistribution not approved by this release"
"feature6/rf-seed257053.joblib","required for inference","rf","6","257053","rf-seed257053.joblib","6132191","c028091c60079a100ca147d5fcb76a7e9571b677062d42b8e3c53fbc73fd51ba","StandardScaler embedded in saved Pipeline","Total Fwd Packets | Total Backward Packets | Flow Bytes/s | Flow Packets/s | Flow Duration | Total Length of Fwd Packets","Python 3.10.5; see evidence/environment/environment_versions.json","joblib.load(path)","outside release load-test scope; payload not redistributed","excluded; redistribution not approved by this release"
"feature6/rf-seed257053.metadata.json","required for reproducibility verification","rf","6","257053","rf-seed257053.metadata.json","1899","ea93d30f1e48e94e511d1fe9c91b86bb8e315dac7e84d07849b81436008b5fbc","documented in file","Total Fwd Packets | Total Backward Packets | Flow Bytes/s | Flow Packets/s | Flow Duration | Total Length of Fwd Packets","Python 3.10.5; see evidence/environment/environment_versions.json","json.load(path)","outside release load-test scope; payload not redistributed","excluded; redistribution not approved by this release"
"feature6/rf-seed282427.joblib","required for inference","rf","6","282427","rf-seed282427.joblib","6211711","1dc741abb38acc0325f98318800420d593361d728916058b90ece92f4da5ac8d","StandardScaler embedded in saved Pipeline","Total Fwd Packets | Total Backward Packets | Flow Bytes/s | Flow Packets/s | Flow Duration | Total Length of Fwd Packets","Python 3.10.5; see evidence/environment/environment_versions.json","joblib.load(path)","outside release load-test scope; payload not redistributed","excluded; redistribution not approved by this release"
"feature6/rf-seed282427.metadata.json","required for reproducibility verification","rf","6","282427","rf-seed282427.metadata.json","1899","860179f03feaad2e932134a9c8ab212a0e11e3d9bb1348313cdd3a712731808f","documented in file","Total Fwd Packets | Total Backward Packets | Flow Bytes/s | Flow Packets/s | Flow Duration | Total Length of Fwd Packets","Python 3.10.5; see evidence/environment/environment_versions.json","json.load(path)","outside release load-test scope; payload not redistributed","excluded; redistribution not approved by this release"
"feature6/rf-seed307759.joblib","required for inference","rf","6","307759","rf-seed307759.joblib","6459071","3bc1434c23ff8f0718d04d072f1d5c452a7192bd39be3d61fe3645f2f2a15f90","StandardScaler embedded in saved Pipeline","Total Fwd Packets | Total Backward Packets | Flow Bytes/s | Flow Packets/s | Flow Duration | Total Length of Fwd Packets","Python 3.10.5; see evidence/environment/environment_versions.json","joblib.load(path)","outside release load-test scope; payload not redistributed","excluded; redistribution not approved by this release"
"feature6/rf-seed307759.metadata.json","required for reproducibility verification","rf","6","307759","rf-seed307759.metadata.json","1899","477ca8a8e2840fdf1afec3dde457df99cab27d33f82339f438aeda49ab0ddbd6","documented in file","Total Fwd Packets | Total Backward Packets | Flow Bytes/s | Flow Packets/s | Flow Duration | Total Length of Fwd Packets","Python 3.10.5; see evidence/environment/environment_versions.json","json.load(path)","outside release load-test scope; payload not redistributed","excluded; redistribution not approved by this release"
"feature6/rf-seed333019.joblib","required for inference","rf","6","333019","rf-seed333019.joblib","6476511","b7371f3d09c5f5160b4516ed5723f2089cfd104cf3ffe725ec97c8df29c9c4b3","StandardScaler embedded in saved Pipeline","Total Fwd Packets | Total Backward Packets | Flow Bytes/s | Flow Packets/s | Flow Duration | Total Length of Fwd Packets","Python 3.10.5; see evidence/environment/environment_versions.json","joblib.load(path)","outside release load-test scope; payload not redistributed","excluded; redistribution not approved by this release"
"feature6/rf-seed333019.metadata.json","required for reproducibility verification","rf","6","333019","rf-seed333019.metadata.json","1899","4b242bbcf2d4fe746cfca31858c857e1735f4c4c4f6bbbe995611da48ece7e73","documented in file","Total Fwd Packets | Total Backward Packets | Flow Bytes/s | Flow Packets/s | Flow Duration | Total Length of Fwd Packets","Python 3.10.5; see evidence/environment/environment_versions.json","json.load(path)","outside release load-test scope; payload not redistributed","excluded; redistribution not approved by this release"
"feature6/split_ids_seed104729.csv","required for reproducibility verification","aggregate","6","104729","split_ids_seed104729.csv","17080724","5ecf559ef32f28b26aff0311ff4e287b4afaa1d1d1ea54dd99d2fee70f663c8c","not applicable","see evidence/model_metadata","Python 3.10.5; see evidence/environment/environment_versions.json","pandas.read_csv(path)","outside release load-test scope; payload not redistributed","excluded; redistribution not approved by this release"
"feature6/split_ids_seed130363.csv","required for reproducibility verification","aggregate","6","130363","split_ids_seed130363.csv","17080720","30400dc78898a2a84f97f266af26225d6c89395b4b2a8da6f4637a0d9b3970a9","not applicable","see evidence/model_metadata","Python 3.10.5; see evidence/environment/environment_versions.json","pandas.read_csv(path)","outside release load-test scope; payload not redistributed","excluded; redistribution not approved by this release"
"feature6/split_ids_seed155921.csv","required for reproducibility verification","aggregate","6","155921","split_ids_seed155921.csv","17080724","5430ecc71871804c9bff3558cbe1c10af279f437ae9ff7f9d0d650762da0e636","not applicable","see evidence/model_metadata","Python 3.10.5; see evidence/environment/environment_versions.json","pandas.read_csv(path)","outside release load-test scope; payload not redistributed","excluded; redistribution not approved by this release"
"feature6/split_ids_seed181081.csv","required for reproducibility verification","aggregate","6","181081","split_ids_seed181081.csv","17080724","512dc78eb19fc98d83fb366e8cd3e5f12db1bbf8b246f5556d149d6c85735ab6","not applicable","see evidence/model_metadata","Python 3.10.5; see evidence/environment/environment_versions.json","pandas.read_csv(path)","outside release load-test scope; payload not redistributed","excluded; redistribution not approved by this release"
"feature6/split_ids_seed206369.csv","required for reproducibility verification","aggregate","6","206369","split_ids_seed206369.csv","17080724","aba53a32cab7c5093bcb6b3cbee597457c46da901192fc93abe8f929ce9105da","not applicable","see evidence/model_metadata","Python 3.10.5; see evidence/environment/environment_versions.json","pandas.read_csv(path)","outside release load-test scope; payload not redistributed","excluded; redistribution not approved by this release"
"feature6/split_ids_seed231701.csv","required for reproducibility verification","aggregate","6","231701","split_ids_seed231701.csv","17080724","9b8851f1704f2817790d7dfae8057c302f3b79e6ce4a89b11d4494281eaa43fc","not applicable","see evidence/model_metadata","Python 3.10.5; see evidence/environment/environment_versions.json","pandas.read_csv(path)","outside release load-test scope; payload not redistributed","excluded; redistribution not approved by this release"
"feature6/split_ids_seed257053.csv","required for reproducibility verification","aggregate","6","257053","split_ids_seed257053.csv","17080724","a2d3e6e69a3a074720b41bf05d527a52d024382e1e2742e2033e6da8731c543e","not applicable","see evidence/model_metadata","Python 3.10.5; see evidence/environment/environment_versions.json","pandas.read_csv(path)","outside release load-test scope; payload not redistributed","excluded; redistribution not approved by this release"
"feature6/split_ids_seed282427.csv","required for reproducibility verification","aggregate","6","282427","split_ids_seed282427.csv","17080724","247e8352ad579657bb43bbbe5d62ad9584bcef654f562d8322f76b55cb1decd4","not applicable","see evidence/model_metadata","Python 3.10.5; see evidence/environment/environment_versions.json","pandas.read_csv(path)","outside release load-test scope; payload not redistributed","excluded; redistribution not approved by this release"
"feature6/split_ids_seed307759.csv","required for reproducibility verification","aggregate","6","307759","split_ids_seed307759.csv","17080720","45c4147f9b08e06b0c8b4a9579ae0b1d735e8731ac2715fa83a8e09d27ee7d50","not applicable","see evidence/model_metadata","Python 3.10.5; see evidence/environment/environment_versions.json","pandas.read_csv(path)","outside release load-test scope; payload not redistributed","excluded; redistribution not approved by this release"
"feature6/split_ids_seed333019.csv","required for reproducibility verification","aggregate","6","333019","split_ids_seed333019.csv","17080260","50963742f0c89d68035dc5d42d0c576b93d0fb8bb54925a04a801eb1ed7e740e","not applicable","see evidence/model_metadata","Python 3.10.5; see evidence/environment/environment_versions.json","pandas.read_csv(path)","outside release load-test scope; payload not redistributed","excluded; redistribution not approved by this release"
"feature6/xgboost-seed104729.joblib","required for inference","xgboost","6","104729","xgboost-seed104729.joblib","427124","94f16f0b49ca1ea3a68db6fd86b17719b6db6a92ab23771a7370fd5ad8da8168","StandardScaler embedded in saved Pipeline","Total Fwd Packets | Total Backward Packets | Flow Bytes/s | Flow Packets/s | Flow Duration | Total Length of Fwd Packets","Python 3.10.5; see evidence/environment/environment_versions.json","joblib.load(path)","outside release load-test scope; payload not redistributed","excluded; redistribution not approved by this release"
"feature6/xgboost-seed104729.metadata.json","required for reproducibility verification","xgboost","6","104729","xgboost-seed104729.metadata.json","3947","b75516843b5175006b316db073d08597258be1eac5efe53ae164feec73becbf3","documented in file","Total Fwd Packets | Total Backward Packets | Flow Bytes/s | Flow Packets/s | Flow Duration | Total Length of Fwd Packets","Python 3.10.5; see evidence/environment/environment_versions.json","json.load(path)","outside release load-test scope; payload not redistributed","excluded; redistribution not approved by this release"
"feature6/xgboost-seed130363.joblib","required for inference","xgboost","6","130363","xgboost-seed130363.joblib","432428","a06750b037a1506f7c807c23f60dc82d8183f6e20f866a912c2e8043183c95c3","StandardScaler embedded in saved Pipeline","Total Fwd Packets | Total Backward Packets | Flow Bytes/s | Flow Packets/s | Flow Duration | Total Length of Fwd Packets","Python 3.10.5; see evidence/environment/environment_versions.json","joblib.load(path)","outside release load-test scope; payload not redistributed","excluded; redistribution not approved by this release"
"feature6/xgboost-seed130363.metadata.json","required for reproducibility verification","xgboost","6","130363","xgboost-seed130363.metadata.json","3947","0de153f9f60f15f1bda0ea81597227b2be98a1b35cad940559c8828fce84be2c","documented in file","Total Fwd Packets | Total Backward Packets | Flow Bytes/s | Flow Packets/s | Flow Duration | Total Length of Fwd Packets","Python 3.10.5; see evidence/environment/environment_versions.json","json.load(path)","outside release load-test scope; payload not redistributed","excluded; redistribution not approved by this release"
"feature6/xgboost-seed155921.joblib","required for inference","xgboost","6","155921","xgboost-seed155921.joblib","427124","0ec32bf2471eaeb7c6fd612c30f75d8dea9b2e89e6fdc21fe73499f90cf552f5","StandardScaler embedded in saved Pipeline","Total Fwd Packets | Total Backward Packets | Flow Bytes/s | Flow Packets/s | Flow Duration | Total Length of Fwd Packets","Python 3.10.5; see evidence/environment/environment_versions.json","joblib.load(path)","outside release load-test scope; payload not redistributed","excluded; redistribution not approved by this release"
"feature6/xgboost-seed155921.metadata.json","required for reproducibility verification","xgboost","6","155921","xgboost-seed155921.metadata.json","3947","e167efe8c4e0364ca9d054fb96d032fd04137ecbe1991748b6b0ffe72c58371d","documented in file","Total Fwd Packets | Total Backward Packets | Flow Bytes/s | Flow Packets/s | Flow Duration | Total Length of Fwd Packets","Python 3.10.5; see evidence/environment/environment_versions.json","json.load(path)","outside release load-test scope; payload not redistributed","excluded; redistribution not approved by this release"
"feature6/xgboost-seed181081.joblib","required for inference","xgboost","6","181081","xgboost-seed181081.joblib","427124","3f2396d51ea67b89958a1ed03a2ad8997f4aae868bc320275f6fc034caffe66d","StandardScaler embedded in saved Pipeline","Total Fwd Packets | Total Backward Packets | Flow Bytes/s | Flow Packets/s | Flow Duration | Total Length of Fwd Packets","Python 3.10.5; see evidence/environment/environment_versions.json","joblib.load(path)","outside release load-test scope; payload not redistributed","excluded; redistribution not approved by this release"
"feature6/xgboost-seed181081.metadata.json","required for reproducibility verification","xgboost","6","181081","xgboost-seed181081.metadata.json","3947","82586f09c20868d8a0b72fbaabb39c064a18f527e088f9da3bcfeab7764f4ff6","documented in file","Total Fwd Packets | Total Backward Packets | Flow Bytes/s | Flow Packets/s | Flow Duration | Total Length of Fwd Packets","Python 3.10.5; see evidence/environment/environment_versions.json","json.load(path)","outside release load-test scope; payload not redistributed","excluded; redistribution not approved by this release"
"feature6/xgboost-seed206369.joblib","required for inference","xgboost","6","206369","xgboost-seed206369.joblib","427124","c0ba0bc6b472ccc75d1083ca25650b55a69c782409135a6708e2aeb08e7aa087","StandardScaler embedded in saved Pipeline","Total Fwd Packets | Total Backward Packets | Flow Bytes/s | Flow Packets/s | Flow Duration | Total Length of Fwd Packets","Python 3.10.5; see evidence/environment/environment_versions.json","joblib.load(path)","outside release load-test scope; payload not redistributed","excluded; redistribution not approved by this release"
"feature6/xgboost-seed206369.metadata.json","required for reproducibility verification","xgboost","6","206369","xgboost-seed206369.metadata.json","3947","8d9099aca26ba0132c7a09fc7f2da1e00abca24147750791c586944c7068ca56","documented in file","Total Fwd Packets | Total Backward Packets | Flow Bytes/s | Flow Packets/s | Flow Duration | Total Length of Fwd Packets","Python 3.10.5; see evidence/environment/environment_versions.json","json.load(path)","outside release load-test scope; payload not redistributed","excluded; redistribution not approved by this release"
"feature6/xgboost-seed231701.joblib","required for inference","xgboost","6","231701","xgboost-seed231701.joblib","427124","637c906964175aedc6ed5ad8723b9345b3d7142c7b74760aba444a86d500e1cb","StandardScaler embedded in saved Pipeline","Total Fwd Packets | Total Backward Packets | Flow Bytes/s | Flow Packets/s | Flow Duration | Total Length of Fwd Packets","Python 3.10.5; see evidence/environment/environment_versions.json","joblib.load(path)","outside release load-test scope; payload not redistributed","excluded; redistribution not approved by this release"
"feature6/xgboost-seed231701.metadata.json","required for reproducibility verification","xgboost","6","231701","xgboost-seed231701.metadata.json","3947","7721c01695819c3700f25196601d5adf98c2726d1afb6691f64773d40b68d3a0","documented in file","Total Fwd Packets | Total Backward Packets | Flow Bytes/s | Flow Packets/s | Flow Duration | Total Length of Fwd Packets","Python 3.10.5; see evidence/environment/environment_versions.json","json.load(path)","outside release load-test scope; payload not redistributed","excluded; redistribution not approved by this release"
"feature6/xgboost-seed257053.joblib","required for inference","xgboost","6","257053","xgboost-seed257053.joblib","427124","0553586311348ce46170a991202bb42a4438717175dc1a3d22c1b14b09953438","StandardScaler embedded in saved Pipeline","Total Fwd Packets | Total Backward Packets | Flow Bytes/s | Flow Packets/s | Flow Duration | Total Length of Fwd Packets","Python 3.10.5; see evidence/environment/environment_versions.json","joblib.load(path)","outside release load-test scope; payload not redistributed","excluded; redistribution not approved by this release"
"feature6/xgboost-seed257053.metadata.json","required for reproducibility verification","xgboost","6","257053","xgboost-seed257053.metadata.json","3947","9e123ca0da568c09f0c534450fbbc84ee5543b03fbb27e16345ea02c68e48559","documented in file","Total Fwd Packets | Total Backward Packets | Flow Bytes/s | Flow Packets/s | Flow Duration | Total Length of Fwd Packets","Python 3.10.5; see evidence/environment/environment_versions.json","json.load(path)","outside release load-test scope; payload not redistributed","excluded; redistribution not approved by this release"
"feature6/xgboost-seed282427.joblib","required for inference","xgboost","6","282427","xgboost-seed282427.joblib","427124","5d2cf924922d6df04bd0c4507861b85e14e808f8cfce0053c30c6c90908dcadd","StandardScaler embedded in saved Pipeline","Total Fwd Packets | Total Backward Packets | Flow Bytes/s | Flow Packets/s | Flow Duration | Total Length of Fwd Packets","Python 3.10.5; see evidence/environment/environment_versions.json","joblib.load(path)","outside release load-test scope; payload not redistributed","excluded; redistribution not approved by this release"
"feature6/xgboost-seed282427.metadata.json","required for reproducibility verification","xgboost","6","282427","xgboost-seed282427.metadata.json","3947","ae1e1f598cbccf1da7cffa6cf8d0f492e6c0f00c353493cc1b95e9337a1dba2e","documented in file","Total Fwd Packets | Total Backward Packets | Flow Bytes/s | Flow Packets/s | Flow Duration | Total Length of Fwd Packets","Python 3.10.5; see evidence/environment/environment_versions.json","json.load(path)","outside release load-test scope; payload not redistributed","excluded; redistribution not approved by this release"
"feature6/xgboost-seed307759.joblib","required for inference","xgboost","6","307759","xgboost-seed307759.joblib","432428","52769eb43ca49b2df1b3e5f6743c972d32b224eaef9f70abe4deb9f29d99f219","StandardScaler embedded in saved Pipeline","Total Fwd Packets | Total Backward Packets | Flow Bytes/s | Flow Packets/s | Flow Duration | Total Length of Fwd Packets","Python 3.10.5; see evidence/environment/environment_versions.json","joblib.load(path)","outside release load-test scope; payload not redistributed","excluded; redistribution not approved by this release"
"feature6/xgboost-seed307759.metadata.json","required for reproducibility verification","xgboost","6","307759","xgboost-seed307759.metadata.json","3947","690fbcf9c6bb2a8b7ea09a55d34fdf514e1233e4feaed84901ab0571308468f7","documented in file","Total Fwd Packets | Total Backward Packets | Flow Bytes/s | Flow Packets/s | Flow Duration | Total Length of Fwd Packets","Python 3.10.5; see evidence/environment/environment_versions.json","json.load(path)","outside release load-test scope; payload not redistributed","excluded; redistribution not approved by this release"
"feature6/xgboost-seed333019.joblib","required for inference","xgboost","6","333019","xgboost-seed333019.joblib","431680","572feccea1dbce7e18cc2ed672cef35ab10cc05e97f13d71f336829465ae8ebe","StandardScaler embedded in saved Pipeline","Total Fwd Packets | Total Backward Packets | Flow Bytes/s | Flow Packets/s | Flow Duration | Total Length of Fwd Packets","Python 3.10.5; see evidence/environment/environment_versions.json","joblib.load(path)","outside release load-test scope; payload not redistributed","excluded; redistribution not approved by this release"
"feature6/xgboost-seed333019.metadata.json","required for reproducibility verification","xgboost","6","333019","xgboost-seed333019.metadata.json","3947","a8bf98774dbd22573122c344bd166c736bcc7da32089c2a074de23997d1b1d5a","documented in file","Total Fwd Packets | Total Backward Packets | Flow Bytes/s | Flow Packets/s | Flow Duration | Total Length of Fwd Packets","Python 3.10.5; see evidence/environment/environment_versions.json","json.load(path)","outside release load-test scope; payload not redistributed","excluded; redistribution not approved by this release"
"feature8/hybrid-seed104729.metadata.json","required for reproducibility verification","hybrid","8","104729","hybrid-seed104729.metadata.json","949","c9b7c0be5b58895b164d71716b5b684c00ae3a9665af4ce84f0ccef138a67055","documented in file","Total Fwd Packets | Total Backward Packets | Flow Bytes/s | Flow Packets/s | Flow Duration | Total Length of Fwd Packets | Total Length of Bwd Packets | Fwd Packet Length Mean","Python 3.10.5; see evidence/environment/environment_versions.json","json.load(path)","outside release load-test scope; payload not redistributed","excluded; redistribution not approved by this release"
"feature8/hybrid-seed130363.metadata.json","required for reproducibility verification","hybrid","8","130363","hybrid-seed130363.metadata.json","949","bb98fcea05d623baae66267e57eeb0a803f0a3c2c69a5dfa494fd703ab2f4b3d","documented in file","Total Fwd Packets | Total Backward Packets | Flow Bytes/s | Flow Packets/s | Flow Duration | Total Length of Fwd Packets | Total Length of Bwd Packets | Fwd Packet Length Mean","Python 3.10.5; see evidence/environment/environment_versions.json","json.load(path)","outside release load-test scope; payload not redistributed","excluded; redistribution not approved by this release"
"feature8/hybrid-seed155921.metadata.json","required for reproducibility verification","hybrid","8","155921","hybrid-seed155921.metadata.json","949","f67cd57f0d8b78d40b43264a8b394c6ad23198783389763af501d71206545345","documented in file","Total Fwd Packets | Total Backward Packets | Flow Bytes/s | Flow Packets/s | Flow Duration | Total Length of Fwd Packets | Total Length of Bwd Packets | Fwd Packet Length Mean","Python 3.10.5; see evidence/environment/environment_versions.json","json.load(path)","outside release load-test scope; payload not redistributed","excluded; redistribution not approved by this release"
"feature8/hybrid-seed181081.metadata.json","required for reproducibility verification","hybrid","8","181081","hybrid-seed181081.metadata.json","949","166edd62565858bd4d85801910651e58df3983b298bef1d92df470baba381fa5","documented in file","Total Fwd Packets | Total Backward Packets | Flow Bytes/s | Flow Packets/s | Flow Duration | Total Length of Fwd Packets | Total Length of Bwd Packets | Fwd Packet Length Mean","Python 3.10.5; see evidence/environment/environment_versions.json","json.load(path)","outside release load-test scope; payload not redistributed","excluded; redistribution not approved by this release"
"feature8/hybrid-seed206369.metadata.json","required for reproducibility verification","hybrid","8","206369","hybrid-seed206369.metadata.json","949","be49b9fa3d9a6c9e331ff4e81798d2e5919ec30f7520721c14612e66e1262837","documented in file","Total Fwd Packets | Total Backward Packets | Flow Bytes/s | Flow Packets/s | Flow Duration | Total Length of Fwd Packets | Total Length of Bwd Packets | Fwd Packet Length Mean","Python 3.10.5; see evidence/environment/environment_versions.json","json.load(path)","outside release load-test scope; payload not redistributed","excluded; redistribution not approved by this release"
"feature8/hybrid-seed231701.metadata.json","required for reproducibility verification","hybrid","8","231701","hybrid-seed231701.metadata.json","949","a241b22227aebc60607ccb13e54eae5b7fb31bf4fe9f0dffa25f43a3bcd706d6","documented in file","Total Fwd Packets | Total Backward Packets | Flow Bytes/s | Flow Packets/s | Flow Duration | Total Length of Fwd Packets | Total Length of Bwd Packets | Fwd Packet Length Mean","Python 3.10.5; see evidence/environment/environment_versions.json","json.load(path)","outside release load-test scope; payload not redistributed","excluded; redistribution not approved by this release"
"feature8/hybrid-seed257053.metadata.json","required for reproducibility verification","hybrid","8","257053","hybrid-seed257053.metadata.json","949","2772666841086c016133aef054a698ec393105d6c732f909c398a99c6e4cc81e","documented in file","Total Fwd Packets | Total Backward Packets | Flow Bytes/s | Flow Packets/s | Flow Duration | Total Length of Fwd Packets | Total Length of Bwd Packets | Fwd Packet Length Mean","Python 3.10.5; see evidence/environment/environment_versions.json","json.load(path)","outside release load-test scope; payload not redistributed","excluded; redistribution not approved by this release"
"feature8/hybrid-seed282427.metadata.json","required for reproducibility verification","hybrid","8","282427","hybrid-seed282427.metadata.json","949","fd2e4c18c6e9cb999e9ff99509601cb0ddbb83849744c5e235de8f2131186d79","documented in file","Total Fwd Packets | Total Backward Packets | Flow Bytes/s | Flow Packets/s | Flow Duration | Total Length of Fwd Packets | Total Length of Bwd Packets | Fwd Packet Length Mean","Python 3.10.5; see evidence/environment/environment_versions.json","json.load(path)","outside release load-test scope; payload not redistributed","excluded; redistribution not approved by this release"
"feature8/hybrid-seed307759.metadata.json","required for reproducibility verification","hybrid","8","307759","hybrid-seed307759.metadata.json","949","8dea0af3d06c5857b75a851925a2ae98fbe473284302d0ce7a4f236dabc4bcc7","documented in file","Total Fwd Packets | Total Backward Packets | Flow Bytes/s | Flow Packets/s | Flow Duration | Total Length of Fwd Packets | Total Length of Bwd Packets | Fwd Packet Length Mean","Python 3.10.5; see evidence/environment/environment_versions.json","json.load(path)","outside release load-test scope; payload not redistributed","excluded; redistribution not approved by this release"
"feature8/hybrid-seed333019.metadata.json","required for reproducibility verification","hybrid","8","333019","hybrid-seed333019.metadata.json","949","07f57535203626b2314705dfb69102195899f11f67b9472f5400a58ffe4ffb5d","documented in file","Total Fwd Packets | Total Backward Packets | Flow Bytes/s | Flow Packets/s | Flow Duration | Total Length of Fwd Packets | Total Length of Bwd Packets | Fwd Packet Length Mean","Python 3.10.5; see evidence/environment/environment_versions.json","json.load(path)","outside release load-test scope; payload not redistributed","excluded; redistribution not approved by this release"
"feature8/mlp-seed104729.joblib","required for inference","mlp","8","104729","mlp-seed104729.joblib","39851","77925691875ee1ee5311ea6106b365c72a8a3c1c79a44087c0af78562483df7a","StandardScaler embedded in saved Pipeline","Total Fwd Packets | Total Backward Packets | Flow Bytes/s | Flow Packets/s | Flow Duration | Total Length of Fwd Packets | Total Length of Bwd Packets | Fwd Packet Length Mean","Python 3.10.5; see evidence/environment/environment_versions.json","register __main__.keras_mlp then joblib.load(path)","outside release load-test scope; payload not redistributed","excluded; redistribution not approved by this release"
"feature8/mlp-seed104729.metadata.json","required for reproducibility verification","mlp","8","104729","mlp-seed104729.metadata.json","2673","30436621bd7c8bf3bcd13e25407de7bd0105dadc833200e41e9f2054e617fb5e","documented in file","Total Fwd Packets | Total Backward Packets | Flow Bytes/s | Flow Packets/s | Flow Duration | Total Length of Fwd Packets | Total Length of Bwd Packets | Fwd Packet Length Mean","Python 3.10.5; see evidence/environment/environment_versions.json","json.load(path)","outside release load-test scope; payload not redistributed","excluded; redistribution not approved by this release"
"feature8/mlp-seed130363.joblib","required for inference","mlp","8","130363","mlp-seed130363.joblib","39851","273fd1dfa1332ed542f38d8e15ad10d8e501c9d08d2e15d5403d2b7d80ab6c13","StandardScaler embedded in saved Pipeline","Total Fwd Packets | Total Backward Packets | Flow Bytes/s | Flow Packets/s | Flow Duration | Total Length of Fwd Packets | Total Length of Bwd Packets | Fwd Packet Length Mean","Python 3.10.5; see evidence/environment/environment_versions.json","register __main__.keras_mlp then joblib.load(path)","outside release load-test scope; payload not redistributed","excluded; redistribution not approved by this release"
"feature8/mlp-seed130363.metadata.json","required for reproducibility verification","mlp","8","130363","mlp-seed130363.metadata.json","2673","eedd969cb36bfb9a9ca74ada006bdee4c4f33d59cbd23fa321b9c98e2ac7b370","documented in file","Total Fwd Packets | Total Backward Packets | Flow Bytes/s | Flow Packets/s | Flow Duration | Total Length of Fwd Packets | Total Length of Bwd Packets | Fwd Packet Length Mean","Python 3.10.5; see evidence/environment/environment_versions.json","json.load(path)","outside release load-test scope; payload not redistributed","excluded; redistribution not approved by this release"
"feature8/mlp-seed155921.joblib","required for inference","mlp","8","155921","mlp-seed155921.joblib","39851","36a6bcba819bc3967d40aa7eecdce65b06840509dd3462d968474f9777c8adda","StandardScaler embedded in saved Pipeline","Total Fwd Packets | Total Backward Packets | Flow Bytes/s | Flow Packets/s | Flow Duration | Total Length of Fwd Packets | Total Length of Bwd Packets | Fwd Packet Length Mean","Python 3.10.5; see evidence/environment/environment_versions.json","register __main__.keras_mlp then joblib.load(path)","outside release load-test scope; payload not redistributed","excluded; redistribution not approved by this release"
"feature8/mlp-seed155921.metadata.json","required for reproducibility verification","mlp","8","155921","mlp-seed155921.metadata.json","2673","ca98a034b5a7e2fa9c4bcf402c4a29d4e5bb0dca630a9b98fb35d9e3385acd8f","documented in file","Total Fwd Packets | Total Backward Packets | Flow Bytes/s | Flow Packets/s | Flow Duration | Total Length of Fwd Packets | Total Length of Bwd Packets | Fwd Packet Length Mean","Python 3.10.5; see evidence/environment/environment_versions.json","json.load(path)","outside release load-test scope; payload not redistributed","excluded; redistribution not approved by this release"
"feature8/mlp-seed181081.joblib","required for inference","mlp","8","181081","mlp-seed181081.joblib","39851","96d4e85e27b59d80dcc780d473e41b9ebfd6c02e598111693b7ca3a949397e10","StandardScaler embedded in saved Pipeline","Total Fwd Packets | Total Backward Packets | Flow Bytes/s | Flow Packets/s | Flow Duration | Total Length of Fwd Packets | Total Length of Bwd Packets | Fwd Packet Length Mean","Python 3.10.5; see evidence/environment/environment_versions.json","register __main__.keras_mlp then joblib.load(path)","outside release load-test scope; payload not redistributed","excluded; redistribution not approved by this release"
"feature8/mlp-seed181081.metadata.json","required for reproducibility verification","mlp","8","181081","mlp-seed181081.metadata.json","2673","2075a687b4f49ebb87374a02cc719597d2b3aaba7492699e36ea68a471f4adec","documented in file","Total Fwd Packets | Total Backward Packets | Flow Bytes/s | Flow Packets/s | Flow Duration | Total Length of Fwd Packets | Total Length of Bwd Packets | Fwd Packet Length Mean","Python 3.10.5; see evidence/environment/environment_versions.json","json.load(path)","outside release load-test scope; payload not redistributed","excluded; redistribution not approved by this release"
"feature8/mlp-seed206369.joblib","required for inference","mlp","8","206369","mlp-seed206369.joblib","39851","05b2770dd043fc1a3179c4df8df0f30535f2c70a143564a7238d9c498a8ef8e6","StandardScaler embedded in saved Pipeline","Total Fwd Packets | Total Backward Packets | Flow Bytes/s | Flow Packets/s | Flow Duration | Total Length of Fwd Packets | Total Length of Bwd Packets | Fwd Packet Length Mean","Python 3.10.5; see evidence/environment/environment_versions.json","register __main__.keras_mlp then joblib.load(path)","outside release load-test scope; payload not redistributed","excluded; redistribution not approved by this release"
"feature8/mlp-seed206369.metadata.json","required for reproducibility verification","mlp","8","206369","mlp-seed206369.metadata.json","2673","f613863f774a359616a6e7547dffbac43dea586a382683c2ed0ea4ceb5a45f5a","documented in file","Total Fwd Packets | Total Backward Packets | Flow Bytes/s | Flow Packets/s | Flow Duration | Total Length of Fwd Packets | Total Length of Bwd Packets | Fwd Packet Length Mean","Python 3.10.5; see evidence/environment/environment_versions.json","json.load(path)","outside release load-test scope; payload not redistributed","excluded; redistribution not approved by this release"
"feature8/mlp-seed231701.joblib","required for inference","mlp","8","231701","mlp-seed231701.joblib","39851","a06fc39ead1210cca8f3dce4bf50485876a59814181eb25b3761bbf03ed59793","StandardScaler embedded in saved Pipeline","Total Fwd Packets | Total Backward Packets | Flow Bytes/s | Flow Packets/s | Flow Duration | Total Length of Fwd Packets | Total Length of Bwd Packets | Fwd Packet Length Mean","Python 3.10.5; see evidence/environment/environment_versions.json","register __main__.keras_mlp then joblib.load(path)","outside release load-test scope; payload not redistributed","excluded; redistribution not approved by this release"
"feature8/mlp-seed231701.metadata.json","required for reproducibility verification","mlp","8","231701","mlp-seed231701.metadata.json","2673","77433e9a928e8951c6f28760747fc420a10f8f2c8915a202249fe5c13008b773","documented in file","Total Fwd Packets | Total Backward Packets | Flow Bytes/s | Flow Packets/s | Flow Duration | Total Length of Fwd Packets | Total Length of Bwd Packets | Fwd Packet Length Mean","Python 3.10.5; see evidence/environment/environment_versions.json","json.load(path)","outside release load-test scope; payload not redistributed","excluded; redistribution not approved by this release"
"feature8/mlp-seed257053.joblib","required for inference","mlp","8","257053","mlp-seed257053.joblib","39851","81a3b6a581db5ddcfdcb3497ae628df87f39036604c9f190602a182ce7d24596","StandardScaler embedded in saved Pipeline","Total Fwd Packets | Total Backward Packets | Flow Bytes/s | Flow Packets/s | Flow Duration | Total Length of Fwd Packets | Total Length of Bwd Packets | Fwd Packet Length Mean","Python 3.10.5; see evidence/environment/environment_versions.json","register __main__.keras_mlp then joblib.load(path)","outside release load-test scope; payload not redistributed","excluded; redistribution not approved by this release"
"feature8/mlp-seed257053.metadata.json","required for reproducibility verification","mlp","8","257053","mlp-seed257053.metadata.json","2673","a822035d89b00f603221384ecb1d180d8f2ebf6472519d8ad82d3afbe711088e","documented in file","Total Fwd Packets | Total Backward Packets | Flow Bytes/s | Flow Packets/s | Flow Duration | Total Length of Fwd Packets | Total Length of Bwd Packets | Fwd Packet Length Mean","Python 3.10.5; see evidence/environment/environment_versions.json","json.load(path)","outside release load-test scope; payload not redistributed","excluded; redistribution not approved by this release"
"feature8/mlp-seed282427.joblib","required for inference","mlp","8","282427","mlp-seed282427.joblib","39851","a8ca6bfd98da8ce6a8c725b7d5e6649aba25a1d629f8644e088f12d19f9219b1","StandardScaler embedded in saved Pipeline","Total Fwd Packets | Total Backward Packets | Flow Bytes/s | Flow Packets/s | Flow Duration | Total Length of Fwd Packets | Total Length of Bwd Packets | Fwd Packet Length Mean","Python 3.10.5; see evidence/environment/environment_versions.json","register __main__.keras_mlp then joblib.load(path)","outside release load-test scope; payload not redistributed","excluded; redistribution not approved by this release"
"feature8/mlp-seed282427.metadata.json","required for reproducibility verification","mlp","8","282427","mlp-seed282427.metadata.json","2673","f25968aa680c012781070604b71ed0f3b2347cfb51b3c3b103c43064f7d0d6dc","documented in file","Total Fwd Packets | Total Backward Packets | Flow Bytes/s | Flow Packets/s | Flow Duration | Total Length of Fwd Packets | Total Length of Bwd Packets | Fwd Packet Length Mean","Python 3.10.5; see evidence/environment/environment_versions.json","json.load(path)","outside release load-test scope; payload not redistributed","excluded; redistribution not approved by this release"
"feature8/mlp-seed307759.joblib","required for inference","mlp","8","307759","mlp-seed307759.joblib","39851","cd28ea245a77411056d344a6b00446306a0e363bdd07d2841d520bba8371fe47","StandardScaler embedded in saved Pipeline","Total Fwd Packets | Total Backward Packets | Flow Bytes/s | Flow Packets/s | Flow Duration | Total Length of Fwd Packets | Total Length of Bwd Packets | Fwd Packet Length Mean","Python 3.10.5; see evidence/environment/environment_versions.json","register __main__.keras_mlp then joblib.load(path)","outside release load-test scope; payload not redistributed","excluded; redistribution not approved by this release"
"feature8/mlp-seed307759.metadata.json","required for reproducibility verification","mlp","8","307759","mlp-seed307759.metadata.json","2673","501222b2183429b8445ab98a902a9ee3a02ceecb093221c25f0dd3c7d73aad58","documented in file","Total Fwd Packets | Total Backward Packets | Flow Bytes/s | Flow Packets/s | Flow Duration | Total Length of Fwd Packets | Total Length of Bwd Packets | Fwd Packet Length Mean","Python 3.10.5; see evidence/environment/environment_versions.json","json.load(path)","outside release load-test scope; payload not redistributed","excluded; redistribution not approved by this release"
"feature8/mlp-seed333019.joblib","required for inference","mlp","8","333019","mlp-seed333019.joblib","39851","51a80d09216a60b7713459d5a3b7936876c549f2e7e593f7e20d7eef1b973a53","StandardScaler embedded in saved Pipeline","Total Fwd Packets | Total Backward Packets | Flow Bytes/s | Flow Packets/s | Flow Duration | Total Length of Fwd Packets | Total Length of Bwd Packets | Fwd Packet Length Mean","Python 3.10.5; see evidence/environment/environment_versions.json","register __main__.keras_mlp then joblib.load(path)","outside release load-test scope; payload not redistributed","excluded; redistribution not approved by this release"
"feature8/mlp-seed333019.metadata.json","required for reproducibility verification","mlp","8","333019","mlp-seed333019.metadata.json","2673","e431c5721a348052eb00d8cf946655feefd18d6d636ea9a679fa57bf67db4741","documented in file","Total Fwd Packets | Total Backward Packets | Flow Bytes/s | Flow Packets/s | Flow Duration | Total Length of Fwd Packets | Total Length of Bwd Packets | Fwd Packet Length Mean","Python 3.10.5; see evidence/environment/environment_versions.json","json.load(path)","outside release load-test scope; payload not redistributed","excluded; redistribution not approved by this release"
"feature8/rf-seed104729.joblib","required for inference","rf","8","104729","rf-seed104729.joblib","5206383","69fbe486008166e724db3af6f91e71ffa9c249689f8e2b92961e9da5e2059f87","StandardScaler embedded in saved Pipeline","Total Fwd Packets | Total Backward Packets | Flow Bytes/s | Flow Packets/s | Flow Duration | Total Length of Fwd Packets | Total Length of Bwd Packets | Fwd Packet Length Mean","Python 3.10.5; see evidence/environment/environment_versions.json","joblib.load(path)","outside release load-test scope; payload not redistributed","excluded; redistribution not approved by this release"
"feature8/rf-seed104729.metadata.json","required for reproducibility verification","rf","8","104729","rf-seed104729.metadata.json","1966","a4f1eb3865c136dbfec3f2d5eed4d381b667ddd5aba1ddc0ea7237f31820b404","documented in file","Total Fwd Packets | Total Backward Packets | Flow Bytes/s | Flow Packets/s | Flow Duration | Total Length of Fwd Packets | Total Length of Bwd Packets | Fwd Packet Length Mean","Python 3.10.5; see evidence/environment/environment_versions.json","json.load(path)","outside release load-test scope; payload not redistributed","excluded; redistribution not approved by this release"
"feature8/rf-seed130363.joblib","required for inference","rf","8","130363","rf-seed130363.joblib","5486383","66b30dc6c44a2e7b224d09090d4424ffc4f6a0412709addbfc72258316703561","StandardScaler embedded in saved Pipeline","Total Fwd Packets | Total Backward Packets | Flow Bytes/s | Flow Packets/s | Flow Duration | Total Length of Fwd Packets | Total Length of Bwd Packets | Fwd Packet Length Mean","Python 3.10.5; see evidence/environment/environment_versions.json","joblib.load(path)","outside release load-test scope; payload not redistributed","excluded; redistribution not approved by this release"
"feature8/rf-seed130363.metadata.json","required for reproducibility verification","rf","8","130363","rf-seed130363.metadata.json","1966","e5883e418a94fe52d2eeb8ae99e67c46ff5cdf886be5772f48538474b3ba8801","documented in file","Total Fwd Packets | Total Backward Packets | Flow Bytes/s | Flow Packets/s | Flow Duration | Total Length of Fwd Packets | Total Length of Bwd Packets | Fwd Packet Length Mean","Python 3.10.5; see evidence/environment/environment_versions.json","json.load(path)","outside release load-test scope; payload not redistributed","excluded; redistribution not approved by this release"
"feature8/rf-seed155921.joblib","required for inference","rf","8","155921","rf-seed155921.joblib","5235983","1c5b8182fb9f80a372bc988743440054ce0b8be7f2caefc302957ff96e97c105","StandardScaler embedded in saved Pipeline","Total Fwd Packets | Total Backward Packets | Flow Bytes/s | Flow Packets/s | Flow Duration | Total Length of Fwd Packets | Total Length of Bwd Packets | Fwd Packet Length Mean","Python 3.10.5; see evidence/environment/environment_versions.json","joblib.load(path)","outside release load-test scope; payload not redistributed","excluded; redistribution not approved by this release"
"feature8/rf-seed155921.metadata.json","required for reproducibility verification","rf","8","155921","rf-seed155921.metadata.json","1966","a84029398729df173bb7252cbaa1e6a165fe0cd196e426be5246b13fbe66c311","documented in file","Total Fwd Packets | Total Backward Packets | Flow Bytes/s | Flow Packets/s | Flow Duration | Total Length of Fwd Packets | Total Length of Bwd Packets | Fwd Packet Length Mean","Python 3.10.5; see evidence/environment/environment_versions.json","json.load(path)","outside release load-test scope; payload not redistributed","excluded; redistribution not approved by this release"
"feature8/rf-seed181081.joblib","required for inference","rf","8","181081","rf-seed181081.joblib","5212463","4b5bac9aaf758014edf0c759ac86b73e3cfad05af2e7c66010c94dd49c140e70","StandardScaler embedded in saved Pipeline","Total Fwd Packets | Total Backward Packets | Flow Bytes/s | Flow Packets/s | Flow Duration | Total Length of Fwd Packets | Total Length of Bwd Packets | Fwd Packet Length Mean","Python 3.10.5; see evidence/environment/environment_versions.json","joblib.load(path)","outside release load-test scope; payload not redistributed","excluded; redistribution not approved by this release"
"feature8/rf-seed181081.metadata.json","required for reproducibility verification","rf","8","181081","rf-seed181081.metadata.json","1966","2182577ebf7a080d7c2f9121fbc7b45e9b0cdbd5ef21cfa9145af7ec0323d087","documented in file","Total Fwd Packets | Total Backward Packets | Flow Bytes/s | Flow Packets/s | Flow Duration | Total Length of Fwd Packets | Total Length of Bwd Packets | Fwd Packet Length Mean","Python 3.10.5; see evidence/environment/environment_versions.json","json.load(path)","outside release load-test scope; payload not redistributed","excluded; redistribution not approved by this release"
"feature8/rf-seed206369.joblib","required for inference","rf","8","206369","rf-seed206369.joblib","5277583","bf8eda07f55075b41465b06865d584c6ab5e29b4156fb4384aeb8701be0c1563","StandardScaler embedded in saved Pipeline","Total Fwd Packets | Total Backward Packets | Flow Bytes/s | Flow Packets/s | Flow Duration | Total Length of Fwd Packets | Total Length of Bwd Packets | Fwd Packet Length Mean","Python 3.10.5; see evidence/environment/environment_versions.json","joblib.load(path)","outside release load-test scope; payload not redistributed","excluded; redistribution not approved by this release"
"feature8/rf-seed206369.metadata.json","required for reproducibility verification","rf","8","206369","rf-seed206369.metadata.json","1966","a2065eec81387c8fb3d4839a6d635c4eba1eea7f891112615e4c26e5c258a3a2","documented in file","Total Fwd Packets | Total Backward Packets | Flow Bytes/s | Flow Packets/s | Flow Duration | Total Length of Fwd Packets | Total Length of Bwd Packets | Fwd Packet Length Mean","Python 3.10.5; see evidence/environment/environment_versions.json","json.load(path)","outside release load-test scope; payload not redistributed","excluded; redistribution not approved by this release"
"feature8/rf-seed231701.joblib","required for inference","rf","8","231701","rf-seed231701.joblib","5212943","d31a5c673ec4400ae3a50ff0aad334bb87fe3f5fdf3bd79a972881e3586c02a4","StandardScaler embedded in saved Pipeline","Total Fwd Packets | Total Backward Packets | Flow Bytes/s | Flow Packets/s | Flow Duration | Total Length of Fwd Packets | Total Length of Bwd Packets | Fwd Packet Length Mean","Python 3.10.5; see evidence/environment/environment_versions.json","joblib.load(path)","outside release load-test scope; payload not redistributed","excluded; redistribution not approved by this release"
"feature8/rf-seed231701.metadata.json","required for reproducibility verification","rf","8","231701","rf-seed231701.metadata.json","1966","833c580ceaf75d8b779f9a201ca03cb8b8c00ef320a9489d67ed6de9979d3f17","documented in file","Total Fwd Packets | Total Backward Packets | Flow Bytes/s | Flow Packets/s | Flow Duration | Total Length of Fwd Packets | Total Length of Bwd Packets | Fwd Packet Length Mean","Python 3.10.5; see evidence/environment/environment_versions.json","json.load(path)","outside release load-test scope; payload not redistributed","excluded; redistribution not approved by this release"
"feature8/rf-seed257053.joblib","required for inference","rf","8","257053","rf-seed257053.joblib","5271343","98f424d331e5e3442764d8d6ad59287db15455e38276600b23ab2ad9a32f8726","StandardScaler embedded in saved Pipeline","Total Fwd Packets | Total Backward Packets | Flow Bytes/s | Flow Packets/s | Flow Duration | Total Length of Fwd Packets | Total Length of Bwd Packets | Fwd Packet Length Mean","Python 3.10.5; see evidence/environment/environment_versions.json","joblib.load(path)","outside release load-test scope; payload not redistributed","excluded; redistribution not approved by this release"
"feature8/rf-seed257053.metadata.json","required for reproducibility verification","rf","8","257053","rf-seed257053.metadata.json","1966","455b3d0ba0e002dcf9ac0be9c62d12661c8f54b6140a3477d3c55677a253e780","documented in file","Total Fwd Packets | Total Backward Packets | Flow Bytes/s | Flow Packets/s | Flow Duration | Total Length of Fwd Packets | Total Length of Bwd Packets | Fwd Packet Length Mean","Python 3.10.5; see evidence/environment/environment_versions.json","json.load(path)","outside release load-test scope; payload not redistributed","excluded; redistribution not approved by this release"
"feature8/rf-seed282427.joblib","required for inference","rf","8","282427","rf-seed282427.joblib","5267663","7f6fe1e3c838e80f07bde93106dad4e18a3f45745ff99794b469e9190c01d54e","StandardScaler embedded in saved Pipeline","Total Fwd Packets | Total Backward Packets | Flow Bytes/s | Flow Packets/s | Flow Duration | Total Length of Fwd Packets | Total Length of Bwd Packets | Fwd Packet Length Mean","Python 3.10.5; see evidence/environment/environment_versions.json","joblib.load(path)","outside release load-test scope; payload not redistributed","excluded; redistribution not approved by this release"
"feature8/rf-seed282427.metadata.json","required for reproducibility verification","rf","8","282427","rf-seed282427.metadata.json","1966","fc223f855dfec354d40e34360b784d978d6299c50e38f86920c61c20767937e6","documented in file","Total Fwd Packets | Total Backward Packets | Flow Bytes/s | Flow Packets/s | Flow Duration | Total Length of Fwd Packets | Total Length of Bwd Packets | Fwd Packet Length Mean","Python 3.10.5; see evidence/environment/environment_versions.json","json.load(path)","outside release load-test scope; payload not redistributed","excluded; redistribution not approved by this release"
"feature8/rf-seed307759.joblib","required for inference","rf","8","307759","rf-seed307759.joblib","5474223","b92a8816594152be243bea01b07df10ef9dc4d3307ec533c6e10b4912e3a7989","StandardScaler embedded in saved Pipeline","Total Fwd Packets | Total Backward Packets | Flow Bytes/s | Flow Packets/s | Flow Duration | Total Length of Fwd Packets | Total Length of Bwd Packets | Fwd Packet Length Mean","Python 3.10.5; see evidence/environment/environment_versions.json","joblib.load(path)","outside release load-test scope; payload not redistributed","excluded; redistribution not approved by this release"
"feature8/rf-seed307759.metadata.json","required for reproducibility verification","rf","8","307759","rf-seed307759.metadata.json","1966","e7db2258361942e326fabc10d61234321a1ff9f69b00c84e02ed7b364e485c1a","documented in file","Total Fwd Packets | Total Backward Packets | Flow Bytes/s | Flow Packets/s | Flow Duration | Total Length of Fwd Packets | Total Length of Bwd Packets | Fwd Packet Length Mean","Python 3.10.5; see evidence/environment/environment_versions.json","json.load(path)","outside release load-test scope; payload not redistributed","excluded; redistribution not approved by this release"
"feature8/rf-seed333019.joblib","required for inference","rf","8","333019","rf-seed333019.joblib","5673743","4e45e928df8fb5b28a6806daaa92b0c36c6d93899aca16a096b29b29ad955280","StandardScaler embedded in saved Pipeline","Total Fwd Packets | Total Backward Packets | Flow Bytes/s | Flow Packets/s | Flow Duration | Total Length of Fwd Packets | Total Length of Bwd Packets | Fwd Packet Length Mean","Python 3.10.5; see evidence/environment/environment_versions.json","joblib.load(path)","outside release load-test scope; payload not redistributed","excluded; redistribution not approved by this release"
"feature8/rf-seed333019.metadata.json","required for reproducibility verification","rf","8","333019","rf-seed333019.metadata.json","1966","a35a86e7193dd215ea95a274724a21fdf5066752091a8bc2e16fc506d016e653","documented in file","Total Fwd Packets | Total Backward Packets | Flow Bytes/s | Flow Packets/s | Flow Duration | Total Length of Fwd Packets | Total Length of Bwd Packets | Fwd Packet Length Mean","Python 3.10.5; see evidence/environment/environment_versions.json","json.load(path)","outside release load-test scope; payload not redistributed","excluded; redistribution not approved by this release"
"feature8/split_ids_seed104729.csv","required for reproducibility verification","aggregate","8","104729","split_ids_seed104729.csv","17080724","5ecf559ef32f28b26aff0311ff4e287b4afaa1d1d1ea54dd99d2fee70f663c8c","not applicable","see evidence/model_metadata","Python 3.10.5; see evidence/environment/environment_versions.json","pandas.read_csv(path)","outside release load-test scope; payload not redistributed","excluded; redistribution not approved by this release"
"feature8/split_ids_seed130363.csv","required for reproducibility verification","aggregate","8","130363","split_ids_seed130363.csv","17080720","30400dc78898a2a84f97f266af26225d6c89395b4b2a8da6f4637a0d9b3970a9","not applicable","see evidence/model_metadata","Python 3.10.5; see evidence/environment/environment_versions.json","pandas.read_csv(path)","outside release load-test scope; payload not redistributed","excluded; redistribution not approved by this release"
"feature8/split_ids_seed155921.csv","required for reproducibility verification","aggregate","8","155921","split_ids_seed155921.csv","17080724","5430ecc71871804c9bff3558cbe1c10af279f437ae9ff7f9d0d650762da0e636","not applicable","see evidence/model_metadata","Python 3.10.5; see evidence/environment/environment_versions.json","pandas.read_csv(path)","outside release load-test scope; payload not redistributed","excluded; redistribution not approved by this release"
"feature8/split_ids_seed181081.csv","required for reproducibility verification","aggregate","8","181081","split_ids_seed181081.csv","17080724","512dc78eb19fc98d83fb366e8cd3e5f12db1bbf8b246f5556d149d6c85735ab6","not applicable","see evidence/model_metadata","Python 3.10.5; see evidence/environment/environment_versions.json","pandas.read_csv(path)","outside release load-test scope; payload not redistributed","excluded; redistribution not approved by this release"
"feature8/split_ids_seed206369.csv","required for reproducibility verification","aggregate","8","206369","split_ids_seed206369.csv","17080724","aba53a32cab7c5093bcb6b3cbee597457c46da901192fc93abe8f929ce9105da","not applicable","see evidence/model_metadata","Python 3.10.5; see evidence/environment/environment_versions.json","pandas.read_csv(path)","outside release load-test scope; payload not redistributed","excluded; redistribution not approved by this release"
"feature8/split_ids_seed231701.csv","required for reproducibility verification","aggregate","8","231701","split_ids_seed231701.csv","17080724","9b8851f1704f2817790d7dfae8057c302f3b79e6ce4a89b11d4494281eaa43fc","not applicable","see evidence/model_metadata","Python 3.10.5; see evidence/environment/environment_versions.json","pandas.read_csv(path)","outside release load-test scope; payload not redistributed","excluded; redistribution not approved by this release"
"feature8/split_ids_seed257053.csv","required for reproducibility verification","aggregate","8","257053","split_ids_seed257053.csv","17080724","a2d3e6e69a3a074720b41bf05d527a52d024382e1e2742e2033e6da8731c543e","not applicable","see evidence/model_metadata","Python 3.10.5; see evidence/environment/environment_versions.json","pandas.read_csv(path)","outside release load-test scope; payload not redistributed","excluded; redistribution not approved by this release"
"feature8/split_ids_seed282427.csv","required for reproducibility verification","aggregate","8","282427","split_ids_seed282427.csv","17080724","247e8352ad579657bb43bbbe5d62ad9584bcef654f562d8322f76b55cb1decd4","not applicable","see evidence/model_metadata","Python 3.10.5; see evidence/environment/environment_versions.json","pandas.read_csv(path)","outside release load-test scope; payload not redistributed","excluded; redistribution not approved by this release"
"feature8/split_ids_seed307759.csv","required for reproducibility verification","aggregate","8","307759","split_ids_seed307759.csv","17080720","45c4147f9b08e06b0c8b4a9579ae0b1d735e8731ac2715fa83a8e09d27ee7d50","not applicable","see evidence/model_metadata","Python 3.10.5; see evidence/environment/environment_versions.json","pandas.read_csv(path)","outside release load-test scope; payload not redistributed","excluded; redistribution not approved by this release"
"feature8/split_ids_seed333019.csv","required for reproducibility verification","aggregate","8","333019","split_ids_seed333019.csv","17080260","50963742f0c89d68035dc5d42d0c576b93d0fb8bb54925a04a801eb1ed7e740e","not applicable","see evidence/model_metadata","Python 3.10.5; see evidence/environment/environment_versions.json","pandas.read_csv(path)","outside release load-test scope; payload not redistributed","excluded; redistribution not approved by this release"
"feature8/xgboost-seed104729.joblib","required for inference","xgboost","8","104729","xgboost-seed104729.joblib","401464","c7bda804520817d02357cdb3c259a531652f3e99355fac4e3b52b0bae178f122","StandardScaler embedded in saved Pipeline","Total Fwd Packets | Total Backward Packets | Flow Bytes/s | Flow Packets/s | Flow Duration | Total Length of Fwd Packets | Total Length of Bwd Packets | Fwd Packet Length Mean","Python 3.10.5; see evidence/environment/environment_versions.json","joblib.load(path)","PASS: loaded by clean-candidate Figure 6 utility under pinned Python 3.10.5 stack; artifact hash, feature order, and seed verified","excluded; redistribution not approved by this release"
"feature8/xgboost-seed104729.metadata.json","required for reproducibility verification","xgboost","8","104729","xgboost-seed104729.metadata.json","4014","adfe7b7b22ad24e55c737cc245c0e29dbd951abdca97e7c5c0afcf7948a40ad8","documented in file","Total Fwd Packets | Total Backward Packets | Flow Bytes/s | Flow Packets/s | Flow Duration | Total Length of Fwd Packets | Total Length of Bwd Packets | Fwd Packet Length Mean","Python 3.10.5; see evidence/environment/environment_versions.json","json.load(path)","PASS: parsed and matched to the loaded artifact during Figure 6 validation","excluded; redistribution not approved by this release"
"feature8/xgboost-seed130363.joblib","required for inference","xgboost","8","130363","xgboost-seed130363.joblib","398676","20bb05554d2f55c5488f095f820365a9334b08ba721584a21522705085ccf9e0","StandardScaler embedded in saved Pipeline","Total Fwd Packets | Total Backward Packets | Flow Bytes/s | Flow Packets/s | Flow Duration | Total Length of Fwd Packets | Total Length of Bwd Packets | Fwd Packet Length Mean","Python 3.10.5; see evidence/environment/environment_versions.json","joblib.load(path)","outside release load-test scope; payload not redistributed","excluded; redistribution not approved by this release"
"feature8/xgboost-seed130363.metadata.json","required for reproducibility verification","xgboost","8","130363","xgboost-seed130363.metadata.json","4014","14b5a9c0342294e1289892470d53c1bdd1a8c610d2c380e4ef9ddb49c0aec6e5","documented in file","Total Fwd Packets | Total Backward Packets | Flow Bytes/s | Flow Packets/s | Flow Duration | Total Length of Fwd Packets | Total Length of Bwd Packets | Fwd Packet Length Mean","Python 3.10.5; see evidence/environment/environment_versions.json","json.load(path)","outside release load-test scope; payload not redistributed","excluded; redistribution not approved by this release"
"feature8/xgboost-seed155921.joblib","required for inference","xgboost","8","155921","xgboost-seed155921.joblib","401464","2aeadd8321915b12192851cd3b7e5b45b3faae7bec81069f9b812c1c6310e54f","StandardScaler embedded in saved Pipeline","Total Fwd Packets | Total Backward Packets | Flow Bytes/s | Flow Packets/s | Flow Duration | Total Length of Fwd Packets | Total Length of Bwd Packets | Fwd Packet Length Mean","Python 3.10.5; see evidence/environment/environment_versions.json","joblib.load(path)","outside release load-test scope; payload not redistributed","excluded; redistribution not approved by this release"
"feature8/xgboost-seed155921.metadata.json","required for reproducibility verification","xgboost","8","155921","xgboost-seed155921.metadata.json","4014","fe44b98c234c99b0cb6429b7f1f7986550714296debecb68cdd099e6a8a9424b","documented in file","Total Fwd Packets | Total Backward Packets | Flow Bytes/s | Flow Packets/s | Flow Duration | Total Length of Fwd Packets | Total Length of Bwd Packets | Fwd Packet Length Mean","Python 3.10.5; see evidence/environment/environment_versions.json","json.load(path)","outside release load-test scope; payload not redistributed","excluded; redistribution not approved by this release"
"feature8/xgboost-seed181081.joblib","required for inference","xgboost","8","181081","xgboost-seed181081.joblib","401464","1b2c04c4dbd378f0f8b2bbd17ffb354450ef4836669ea06f90d8f4267102630f","StandardScaler embedded in saved Pipeline","Total Fwd Packets | Total Backward Packets | Flow Bytes/s | Flow Packets/s | Flow Duration | Total Length of Fwd Packets | Total Length of Bwd Packets | Fwd Packet Length Mean","Python 3.10.5; see evidence/environment/environment_versions.json","joblib.load(path)","outside release load-test scope; payload not redistributed","excluded; redistribution not approved by this release"
"feature8/xgboost-seed181081.metadata.json","required for reproducibility verification","xgboost","8","181081","xgboost-seed181081.metadata.json","4014","c4825d920d6279558a7fa036f556c03d0994a5adc3eb533f6ed150f4c45a41ae","documented in file","Total Fwd Packets | Total Backward Packets | Flow Bytes/s | Flow Packets/s | Flow Duration | Total Length of Fwd Packets | Total Length of Bwd Packets | Fwd Packet Length Mean","Python 3.10.5; see evidence/environment/environment_versions.json","json.load(path)","outside release load-test scope; payload not redistributed","excluded; redistribution not approved by this release"
"feature8/xgboost-seed206369.joblib","required for inference","xgboost","8","206369","xgboost-seed206369.joblib","401464","88a9793d79dafe98895681f25133d7c34804147e7cd1c6eb4fe63af5877c039a","StandardScaler embedded in saved Pipeline","Total Fwd Packets | Total Backward Packets | Flow Bytes/s | Flow Packets/s | Flow Duration | Total Length of Fwd Packets | Total Length of Bwd Packets | Fwd Packet Length Mean","Python 3.10.5; see evidence/environment/environment_versions.json","joblib.load(path)","outside release load-test scope; payload not redistributed","excluded; redistribution not approved by this release"
"feature8/xgboost-seed206369.metadata.json","required for reproducibility verification","xgboost","8","206369","xgboost-seed206369.metadata.json","4014","79e98cae404b26fde9746dd68e7dd3bc0909cdbdc2d0fee8da751491622d63e7","documented in file","Total Fwd Packets | Total Backward Packets | Flow Bytes/s | Flow Packets/s | Flow Duration | Total Length of Fwd Packets | Total Length of Bwd Packets | Fwd Packet Length Mean","Python 3.10.5; see evidence/environment/environment_versions.json","json.load(path)","outside release load-test scope; payload not redistributed","excluded; redistribution not approved by this release"
"feature8/xgboost-seed231701.joblib","required for inference","xgboost","8","231701","xgboost-seed231701.joblib","401464","1d11c260a02568ed91e031ebaa58fb0b116cfea99cc643be14fe5d3c7d529255","StandardScaler embedded in saved Pipeline","Total Fwd Packets | Total Backward Packets | Flow Bytes/s | Flow Packets/s | Flow Duration | Total Length of Fwd Packets | Total Length of Bwd Packets | Fwd Packet Length Mean","Python 3.10.5; see evidence/environment/environment_versions.json","joblib.load(path)","outside release load-test scope; payload not redistributed","excluded; redistribution not approved by this release"
"feature8/xgboost-seed231701.metadata.json","required for reproducibility verification","xgboost","8","231701","xgboost-seed231701.metadata.json","4014","1e31c168422dd833f027c1b69a73b8d7ce1dfae323827ff98a1e88e13b43535c","documented in file","Total Fwd Packets | Total Backward Packets | Flow Bytes/s | Flow Packets/s | Flow Duration | Total Length of Fwd Packets | Total Length of Bwd Packets | Fwd Packet Length Mean","Python 3.10.5; see evidence/environment/environment_versions.json","json.load(path)","outside release load-test scope; payload not redistributed","excluded; redistribution not approved by this release"
"feature8/xgboost-seed257053.joblib","required for inference","xgboost","8","257053","xgboost-seed257053.joblib","401464","c8df58ce28673aa2b6b2ece65ab7ce623425970bbd0b333079c67324f2111030","StandardScaler embedded in saved Pipeline","Total Fwd Packets | Total Backward Packets | Flow Bytes/s | Flow Packets/s | Flow Duration | Total Length of Fwd Packets | Total Length of Bwd Packets | Fwd Packet Length Mean","Python 3.10.5; see evidence/environment/environment_versions.json","joblib.load(path)","outside release load-test scope; payload not redistributed","excluded; redistribution not approved by this release"
"feature8/xgboost-seed257053.metadata.json","required for reproducibility verification","xgboost","8","257053","xgboost-seed257053.metadata.json","4014","6f2fc43e2f37db4e72f2c9297e4c67320e79a7370b912400196556355674cd4c","documented in file","Total Fwd Packets | Total Backward Packets | Flow Bytes/s | Flow Packets/s | Flow Duration | Total Length of Fwd Packets | Total Length of Bwd Packets | Fwd Packet Length Mean","Python 3.10.5; see evidence/environment/environment_versions.json","json.load(path)","outside release load-test scope; payload not redistributed","excluded; redistribution not approved by this release"
"feature8/xgboost-seed282427.joblib","required for inference","xgboost","8","282427","xgboost-seed282427.joblib","401464","9145ac388b4aee93e665cabccd4f7dc27f0d556c4c912f70d953aa5577a377d3","StandardScaler embedded in saved Pipeline","Total Fwd Packets | Total Backward Packets | Flow Bytes/s | Flow Packets/s | Flow Duration | Total Length of Fwd Packets | Total Length of Bwd Packets | Fwd Packet Length Mean","Python 3.10.5; see evidence/environment/environment_versions.json","joblib.load(path)","outside release load-test scope; payload not redistributed","excluded; redistribution not approved by this release"
"feature8/xgboost-seed282427.metadata.json","required for reproducibility verification","xgboost","8","282427","xgboost-seed282427.metadata.json","4014","5f2e02faf5475f7a8570426e2701955a518c5bf44f934a02f98af2b2ba26dcd0","documented in file","Total Fwd Packets | Total Backward Packets | Flow Bytes/s | Flow Packets/s | Flow Duration | Total Length of Fwd Packets | Total Length of Bwd Packets | Fwd Packet Length Mean","Python 3.10.5; see evidence/environment/environment_versions.json","json.load(path)","outside release load-test scope; payload not redistributed","excluded; redistribution not approved by this release"
"feature8/xgboost-seed307759.joblib","required for inference","xgboost","8","307759","xgboost-seed307759.joblib","398676","865b927ae8618f32fb85b09f5e8b14712726297fca4c5dd8fff4f0132174f5d5","StandardScaler embedded in saved Pipeline","Total Fwd Packets | Total Backward Packets | Flow Bytes/s | Flow Packets/s | Flow Duration | Total Length of Fwd Packets | Total Length of Bwd Packets | Fwd Packet Length Mean","Python 3.10.5; see evidence/environment/environment_versions.json","joblib.load(path)","outside release load-test scope; payload not redistributed","excluded; redistribution not approved by this release"
"feature8/xgboost-seed307759.metadata.json","required for reproducibility verification","xgboost","8","307759","xgboost-seed307759.metadata.json","4014","16ba751c3fa85079bcaeb3cfd60e6e066176c2f8bf952030b4aabf084fc99f26","documented in file","Total Fwd Packets | Total Backward Packets | Flow Bytes/s | Flow Packets/s | Flow Duration | Total Length of Fwd Packets | Total Length of Bwd Packets | Fwd Packet Length Mean","Python 3.10.5; see evidence/environment/environment_versions.json","json.load(path)","outside release load-test scope; payload not redistributed","excluded; redistribution not approved by this release"
"feature8/xgboost-seed333019.joblib","required for inference","xgboost","8","333019","xgboost-seed333019.joblib","402824","de192c4322a88cc227b9c4fcd9dddc26b0666b69321af79949cb349a37e1d3b9","StandardScaler embedded in saved Pipeline","Total Fwd Packets | Total Backward Packets | Flow Bytes/s | Flow Packets/s | Flow Duration | Total Length of Fwd Packets | Total Length of Bwd Packets | Fwd Packet Length Mean","Python 3.10.5; see evidence/environment/environment_versions.json","joblib.load(path)","outside release load-test scope; payload not redistributed","excluded; redistribution not approved by this release"
"feature8/xgboost-seed333019.metadata.json","required for reproducibility verification","xgboost","8","333019","xgboost-seed333019.metadata.json","4014","8c03ec20672c946e23c5001de0a1b206ba09145752f1ae4c5ea4946f395653a8","documented in file","Total Fwd Packets | Total Backward Packets | Flow Bytes/s | Flow Packets/s | Flow Duration | Total Length of Fwd Packets | Total Length of Bwd Packets | Fwd Packet Length Mean","Python 3.10.5; see evidence/environment/environment_versions.json","json.load(path)","outside release load-test scope; payload not redistributed","excluded; redistribution not approved by this release"
"metrics_mean_std.csv","required for reproducibility verification","aggregate","all","all","metrics_mean_std.csv","4781","86d66b891fdafae93d2d5f99b048b77ef772c8497ebb2fa65f66e9f6747de650","not applicable","see evidence/model_metadata","Python 3.10.5; see evidence/environment/environment_versions.json","pandas.read_csv(path)","outside release load-test scope; payload not redistributed","excluded; redistribution not approved by this release"
"seed_metrics.csv","required for reproducibility verification","aggregate","all","all","seed_metrics.csv","24708","73db825a7195dc2ad91f1f34ed9fab0c1caae590e76a96e2fd5b64a24fb924a8","not applicable","see evidence/model_metadata","Python 3.10.5; see evidence/environment/environment_versions.json","pandas.read_csv(path)","outside release load-test scope; payload not redistributed","excluded; redistribution not approved by this release"
"test_predictions.parquet","excluded; redistribution not approved by this release","aggregate","all","all","test_predictions.parquet","343498250","142d07b117619de2e00740d7e36264e8b70233cce959f69a9495f7a23fe17da3","not applicable","see evidence/model_metadata","Python 3.10.5; see evidence/environment/environment_versions.json","not distributed","outside release load-test scope; payload not redistributed","excluded; redistribution not approved by this release"
"training_metadata.json","excluded; redistribution not approved by this release","aggregate","all","all","training_metadata.json","166919475","30c5f7ddc8b0dba0e9361ecf8eb66180badfc53346581cb0f39a6c774d7756ab","not applicable","see evidence/model_metadata","Python 3.10.5; see evidence/environment/environment_versions.json","not distributed","outside release load-test scope; payload not redistributed","excluded; redistribution not approved by this release"
